cost_scenario,vwap_hours,stop_atr,take_atr,hold_hours,is_baseline,is_immediate_neighbor,threshold,rv_median,trades,expectancy_r,total_r,profit_factor_r,max_drawdown_r,best_5_share
round_trip_0_05pct,12,1.2,1.5,12,False,False,0.006594809855180683,0.03188585280881554,76,0.03452311416174435,2.6237566762925706,1.0713801710404955,-10.462169172011341,2.3532211142605726
round_trip_0_10pct,12,1.2,1.5,12,False,False,0.006594809855180683,0.03188585280881554,76,0.0047625925776092325,0.3619570358983017,1.0095476559805923,-11.218072090026238,16.850289091751563
round_trip_0_12pct,12,1.2,1.5,12,False,False,0.006594809855180683,0.03188585280881554,76,-0.0071416160560447564,-0.5427628202594015,0.9858586088778318,-11.548947592513159,-11.18224607290022
round_trip_0_16pct,12,1.2,1.5,12,False,False,0.006594809855180683,0.03188585280881554,76,-0.030950033323352905,-2.352202532574821,0.9401887701950976,-12.722223623966187,-2.5549504243359165
round_trip_0_05pct,12,1.2,1.5,24,False,False,0.006594809855180683,0.03188585280881554,75,0.020747745642420757,1.5560809231815567,1.0405661501529087,-11.955889535066458,3.9678396652469154
round_trip_0_10pct,12,1.2,1.5,24,False,False,0.006594809855180683,0.03188585280881554,75,-0.009200831943764354,-0.6900623957823266,0.9825779399800021,-12.696136131650976,-8.836129756352282
round_trip_0_12pct,12,1.2,1.5,24,False,False,0.006594809855180683,0.03188585280881554,75,-0.021180262978238332,-1.588519723367875,0.9603942589057749,-12.992234770284782,-3.8191482791529667
round_trip_0_16pct,12,1.2,1.5,24,False,False,0.006594809855180683,0.03188585280881554,75,-0.045139125047186486,-3.3854343785389864,0.9176451134262289,-13.696388069624943,-1.7740967085057318
round_trip_0_05pct,12,1.2,1.5,36,False,False,0.006594809855180683,0.03188585280881554,75,0.05027543770963185,3.770657828222389,1.0981379230142796,-10.32502253810573,1.6374542296362584
round_trip_0_10pct,12,1.2,1.5,36,False,False,0.006594809855180683,0.03188585280881554,75,0.020326860123446738,1.5245145092585053,1.038470357671603,-11.065269134690244,3.999621408705162
round_trip_0_12pct,12,1.2,1.5,36,False,False,0.006594809855180683,0.03188585280881554,75,0.00834742908897276,0.626057181672957,1.0156081962823322,-11.36136777332405,9.690476438093427
round_trip_0_16pct,12,1.2,1.5,36,False,False,0.006594809855180683,0.03188585280881554,75,-0.015611432979975394,-1.1708574734981545,0.971495205251589,-11.953565050591667,-5.12964910228045
round_trip_0_05pct,12,1.2,1.5,48,False,False,0.006594809855180683,0.03188585280881554,75,0.013467035454502044,1.0100276590876534,1.024365460167168,-10.598861231438491,6.11298072263781
round_trip_0_10pct,12,1.2,1.5,48,False,False,0.006594809855180683,0.03188585280881554,75,-0.016481542131683072,-1.2361156598762304,0.9710304492995279,-12.049799949324388,-4.932775359971162
round_trip_0_12pct,12,1.2,1.5,48,False,False,0.006594809855180683,0.03188585280881554,75,-0.028460973166157047,-2.1345729874617785,0.9505381753989774,-12.630175436478744,-2.842157379268156
round_trip_0_16pct,12,1.2,1.5,48,False,False,0.006594809855180683,0.03188585280881554,75,-0.0524198352351052,-3.9314876426328897,0.9109091019771921,-13.790926410787463,-1.5276883800163563
round_trip_0_05pct,12,1.2,2.0,12,False,False,0.006594809855180683,0.03188585280881554,72,0.08249185298267765,5.939413414752791,1.1603759564273275,-11.944796864704944,1.3903794904409903
round_trip_0_10pct,12,1.2,2.0,12,False,False,0.006594809855180683,0.03188585280881554,72,0.05230248905009431,3.7657792116067905,1.0985116403835398,-12.700699782719845,2.172947276422233
round_trip_0_12pct,12,1.2,2.0,12,False,False,0.006594809855180683,0.03188585280881554,72,0.040226743477061025,2.8963255303483937,1.0748151820906375,-13.003060949925803,2.814968938305004
round_trip_0_16pct,12,1.2,2.0,12,False,False,0.006594809855180683,0.03188585280881554,72,0.016075252330994275,1.1574181678315878,1.0291610719328599,-13.60778328433773,6.992736135875372
round_trip_0_05pct,12,1.2,2.0,24,False,False,0.006594809855180683,0.03188585280881554,71,0.051852356356961435,3.681517301344262,1.0952232929184749,-14.557963635156032,2.2431073715467926
round_trip_0_10pct,12,1.2,2.0,24,False,False,0.006594809855180683,0.03188585280881554,71,0.021458301684910513,1.5235394196286465,1.038107765732829,-15.298210231740546,5.369890500696489
round_trip_0_12pct,12,1.2,2.0,24,False,False,0.006594809855180683,0.03188585280881554,71,0.009300679816090198,0.6603482669424041,1.01630212166691,-15.594308870374352,12.342760280951355
round_trip_0_16pct,12,1.2,2.0,24,False,False,0.006594809855180683,0.03188585280881554,71,-0.01501456392155061,-1.0660340384300933,0.9743502266537493,-16.18650614764197,-7.588014150605131
round_trip_0_05pct,12,1.2,2.0,36,False,False,0.006594809855180683,0.03188585280881554,71,0.08795297712076032,6.244661375573982,1.1592259104795182,-11.747331927585131,1.3224157565090269
round_trip_0_10pct,12,1.2,2.0,36,False,False,0.006594809855180683,0.03188585280881554,71,0.0575589224487094,4.086683493858367,1.1009254589011357,-12.487578524169642,2.001926469029375
round_trip_0_12pct,12,1.2,2.0,36,False,False,0.006594809855180683,0.03188585280881554,71,0.04540130057988909,3.223492341172125,1.0786191079252863,-12.78367716280345,2.5284751748000365
round_trip_0_16pct,12,1.2,2.0,36,False,False,0.006594809855180683,0.03188585280881554,71,0.02108605684224828,1.4971100357996279,1.03562854359631,-13.375874440071067,5.4031308155073505
round_trip_0_05pct,12,1.2,2.0,48,False,False,0.006594809855180683,0.03188585280881554,71,0.07890847036546496,5.602501395948012,1.1343705788424967,-10.542346769408507,1.4739913502020656
round_trip_0_10pct,12,1.2,2.0,48,False,False,0.006594809855180683,0.03188585280881554,71,0.04851441569341403,3.4445235142323964,1.0801655536778707,-11.282593365993023,2.3751441449293402
round_trip_0_12pct,12,1.2,2.0,48,False,False,0.006594809855180683,0.03188585280881554,71,0.03635679382459373,2.581332361546155,1.05937248360114,-11.578692004626827,3.1574858325991797
round_trip_0_16pct,12,1.2,2.0,48,False,False,0.006594809855180683,0.03188585280881554,71,0.012041550086952922,0.8549500561736575,1.0192143080392642,-12.170889281894446,9.461466561961636
round_trip_0_05pct,12,1.2,2.5,12,False,False,0.006594809855180683,0.03188585280881554,68,-0.0017568709050053996,-0.11946722154036718,0.9967903371039601,-12.359243472338859,-86.1431838274759
round_trip_0_10pct,12,1.2,2.5,12,False,False,0.006594809855180683,0.03188585280881554,68,-0.03212383939744916,-2.1844210790265426,0.9431880594919889,-13.087786629419632,-4.6554282922424095
round_trip_0_12pct,12,1.2,2.5,12,False,False,0.006594809855180683,0.03188585280881554,68,-0.044270626794426615,-3.01040262202101,0.9227130059383866,-13.379203892251942,-3.3625575038152467
round_trip_0_16pct,12,1.2,2.5,12,False,False,0.006594809855180683,0.03188585280881554,68,-0.0685642015883817,-4.662365708009955,0.8833171857212451,-13.962038417916563,-2.1513861237040826
round_trip_0_05pct,12,1.2,2.5,24,False,False,0.006594809855180683,0.03188585280881554,67,-0.044474152231434444,-2.9797681995061076,0.9249928182781423,-14.561568178322332,-3.4596754267883476
round_trip_0_10pct,12,1.2,2.5,24,False,False,0.006594809855180683,0.03188585280881554,67,-0.07506068262032684,-5.029065735561898,0.8776279177853995,-15.409763214445324,-2.0295611529038715
round_trip_0_12pct,12,1.2,2.5,24,False,False,0.006594809855180683,0.03188585280881554,67,-0.08729529477588374,-5.848784749984211,0.8595920134278079,-15.749041228894516,-1.738122215268684
round_trip_0_16pct,12,1.2,2.5,24,False,False,0.006594809855180683,0.03188585280881554,67,-0.11176451908699772,-7.488222778828847,0.8249347692700691,-16.427597257792915,-1.3466633555206782
round_trip_0_05pct,12,1.2,2.5,36,False,False,0.006594809855180683,0.03188585280881554,67,-0.00801603416654432,-0.5370742891584694,0.9870127802894689,-11.604322248466566,-19.199617029617755
round_trip_0_10pct,12,1.2,2.5,36,False,False,0.006594809855180683,0.03188585280881554,67,-0.03860256455543671,-2.5863718252142593,0.9394395627582397,-12.436806663610707,-3.9524575286539063
round_trip_0_12pct,12,1.2,2.5,36,False,False,0.006594809855180683,0.03188585280881554,67,-0.05083717671099362,-3.4060908396365726,0.9212438570901942,-12.769800429668361,-2.9907853083628373
round_trip_0_16pct,12,1.2,2.5,36,False,False,0.006594809855180683,0.03188585280881554,67,-0.07530640102210759,-5.045528868481209,0.8861854770761024,-13.435787961783678,-2.0048660913746765
round_trip_0_05pct,12,1.2,2.5,48,False,False,0.006594809855180683,0.03188585280881554,67,9.479701101104087e-05,0.006351399737739738,1.0001449112266427,-9.566003756956608,1623.5193963663796
round_trip_0_10pct,12,1.2,2.5,48,False,False,0.006594809855180683,0.03188585280881554,67,-0.030491733377881355,-2.0429461363180508,0.9547848840247335,-10.398488172100748,-5.003815132830784
round_trip_0_12pct,12,1.2,2.5,48,False,False,0.006594809855180683,0.03188585280881554,67,-0.04272634553343826,-2.862665150740363,0.9373926437990358,-10.731481938158403,-3.5585323136726963
round_trip_0_16pct,12,1.2,2.5,48,False,False,0.006594809855180683,0.03188585280881554,67,-0.06719556984455223,-4.502103179584999,0.9038149434754038,-11.39746947027372,-2.246863152168464
round_trip_0_05pct,12,1.2,3.0,12,False,False,0.006594809855180683,0.03188585280881554,67,-0.002781322732641672,-0.18634862308699202,0.9950280819707771,-11.942576805672168,-66.24170363840449
round_trip_0_10pct,12,1.2,3.0,12,False,False,0.006594809855180683,0.03188585280881554,67,-0.03335167470819611,-2.2345622054491394,0.9423435684918098,-12.671119962752945,-5.4599949495810876
round_trip_0_12pct,12,1.2,3.0,12,False,False,0.006594809855180683,0.03188585280881554,67,-0.04557981549841783,-3.0538476383939948,0.922247227273358,-12.962537225585255,-3.9765101424314917
round_trip_0_16pct,12,1.2,3.0,12,False,False,0.006594809855180683,0.03188585280881554,67,-0.07003609707886142,-4.692418504283715,0.8836959614458264,-13.545371751249876,-2.5636186540067913
round_trip_0_05pct,12,1.2,3.0,24,False,False,0.006594809855180683,0.03188585280881554,64,-0.028897331381735766,-1.849429208431089,0.9529884521343013,-13.583360269160494,-6.6745189313977535
round_trip_0_10pct,12,1.2,3.0,24,False,False,0.006594809855180683,0.03188585280881554,64,-0.0594654054568754,-3.8057859492400254,0.9064122198256727,-14.415844684304634,-3.2058288403512094
round_trip_0_12pct,12,1.2,3.0,24,False,False,0.006594809855180683,0.03188585280881554,64,-0.07169263508693119,-4.588328645563596,0.8886509749955406,-14.748838450362287,-2.646640431751929
round_trip_0_16pct,12,1.2,3.0,24,False,False,0.006594809855180683,0.03188585280881554,64,-0.09614709434704292,-6.153414038210747,0.854492564102815,-15.414825982477607,-1.9554648697402115
round_trip_0_05pct,12,1.2,3.0,36,False,False,0.006594809855180683,0.03188585280881554,64,-0.01674375530132405,-1.0716003392847393,0.9737296749934088,-11.234585100292545,-11.532171579382487
round_trip_0_10pct,12,1.2,3.0,36,False,False,0.006594809855180683,0.03188585280881554,64,-0.04731182937646367,-3.027957080093675,0.9281037881333034,-12.067069515436687,-4.040109954911343
round_trip_0_12pct,12,1.2,3.0,36,False,False,0.006594809855180683,0.03188585280881554,64,-0.05953905900651947,-3.810499776417246,0.9106469218657199,-12.400063281494342,-3.1973338100693596
round_trip_0_16pct,12,1.2,3.0,36,False,False,0.006594809855180683,0.03188585280881554,64,-0.0839935182666312,-5.375585169064397,0.8770027714736622,-13.066050813609657,-2.248457297061355
round_trip_0_05pct,12,1.2,3.0,48,False,False,0.006594809855180683,0.03188585280881554,64,-0.038165523782636275,-2.4425935220887216,0.9438291486784268,-10.076109602064768,-5.060096087047738
round_trip_0_10pct,12,1.2,3.0,48,False,False,0.006594809855180683,0.03188585280881554,64,-0.0687335978577759,-4.398950262897658,0.9019225994131755,-10.908594017208912,-2.7830983805051583
round_trip_0_12pct,12,1.2,3.0,48,False,False,0.006594809855180683,0.03188585280881554,64,-0.08096082748783169,-5.181492959221228,0.8858664887344593,-11.241587783266567,-2.353741058854166
round_trip_0_16pct,12,1.2,3.0,48,False,False,0.006594809855180683,0.03188585280881554,64,-0.10541528674794343,-6.746578351868379,0.8548870943629276,-11.90757531538188,-1.7938360508790874
round_trip_0_05pct,12,1.5,1.5,12,False,False,0.006594809855180683,0.03188585280881554,71,0.07523245447163229,5.341504267485893,1.1926272991569506,-6.476584196700427,0.9247252159908718
round_trip_0_10pct,12,1.5,1.5,12,False,False,0.006594809855180683,0.03188585280881554,71,0.051745007469710926,3.673895530349476,1.129104595883107,-7.548519259570733,1.328090174213465
round_trip_0_12pct,12,1.5,1.5,12,False,False,0.006594809855180683,0.03188585280881554,71,0.04235002866894241,3.0068520354949113,1.1045678911029362,-7.977293284718854,1.6147937693549899
round_trip_0_16pct,12,1.5,1.5,12,False,False,0.006594809855180683,0.03188585280881554,71,0.02356007106740529,1.6727650457857757,1.0569831613004912,-8.834841335015103,2.874168550504588
round_trip_0_05pct,12,1.5,1.5,24,False,False,0.006594809855180683,0.03188585280881554,70,0.05906008308883345,4.1342058162183415,1.1390246940232733,-8.147225563391656,1.1947696624318684
round_trip_0_10pct,12,1.5,1.5,24,False,False,0.006594809855180683,0.03188585280881554,70,0.03541603051751761,2.479122136226233,1.0811721540951356,-9.198315710426517,1.9676258075428794
round_trip_0_12pct,12,1.5,1.5,24,False,False,0.006594809855180683,0.03188585280881554,70,0.02595840948899132,1.8170886642293924,1.058875449329034,-9.671145333942508,2.670994536405334
round_trip_0_16pct,12,1.5,1.5,24,False,False,0.006594809855180683,0.03188585280881554,70,0.007043167431938616,0.4930217202357031,1.015648140065852,-10.616804580974499,9.74575803265914
round_trip_0_05pct,12,1.5,1.5,36,False,False,0.006594809855180683,0.03188585280881554,70,0.07037675634444142,4.926372944110899,1.1601185115923338,-7.415148284878709,1.0026491586212036
round_trip_0_10pct,12,1.5,1.5,36,False,False,0.006594809855180683,0.03188585280881554,70,0.046732703773125585,3.2712892641187907,1.1037291799210316,-8.584653846885619,1.4911505224542059
round_trip_0_12pct,12,1.5,1.5,36,False,False,0.006594809855180683,0.03188585280881554,70,0.03727508274459929,2.6092557921219504,1.0819367856663584,-9.052456071688379,1.8600835950904484
round_trip_0_16pct,12,1.5,1.5,36,False,False,0.006594809855180683,0.03188585280881554,70,0.018359840687546584,1.285188848128261,1.0395923062212595,-9.988060521293907,3.7386493022097933
round_trip_0_05pct,12,1.5,1.5,48,False,False,0.006594809855180683,0.03188585280881554,70,0.041347559129114496,2.894329139038015,1.0876655932011083,-9.164785486691914,1.7065867253469198
round_trip_0_10pct,12,1.5,1.5,48,False,False,0.006594809855180683,0.03188585280881554,70,0.017703506557798652,1.2392454590459057,1.0366713156564353,-10.334291048698823,3.9362538387230623
round_trip_0_12pct,12,1.5,1.5,48,False,False,0.006594809855180683,0.03188585280881554,70,0.008245885529272367,0.5772119870490657,1.01692484394994,-10.802093273501585,8.408408008179858
round_trip_0_16pct,12,1.5,1.5,48,False,False,0.006594809855180683,0.03188585280881554,70,-0.01066935652778034,-0.7468549569446238,0.9784933027977372,-11.737697723107113,-6.433471915242028
round_trip_0_05pct,12,1.5,2.0,12,False,False,0.006594809855180683,0.03188585280881554,67,0.11733374579420149,7.8613609682115,1.2816497470564396,-8.250289934216148,0.8403673237257405
round_trip_0_10pct,12,1.5,2.0,12,False,False,0.006594809855180683,0.03188585280881554,67,0.09345385019153445,6.261407962832808,1.2184843957529836,-9.017697862083438,1.0454951640322543
round_trip_0_12pct,12,1.5,2.0,12,False,False,0.006594809855180683,0.03188585280881554,67,0.0839018919504677,5.621426760681335,1.1940044269656456,-9.324661033230353,1.1602842837233467
round_trip_0_16pct,12,1.5,2.0,12,False,False,0.006594809855180683,0.03188585280881554,67,0.06479797546833403,4.34146435637838,1.1465998799058164,-9.93858737552419,1.491389850454268
round_trip_0_05pct,12,1.5,2.0,24,False,True,0.006594809855180683,0.03188585280881554,66,0.0665449496747289,4.391966678532108,1.1418819634159711,-9.830441065699162,1.50420787798552
round_trip_0_10pct,12,1.5,2.0,24,False,True,0.006594809855180683,0.03188585280881554,66,0.04249986623901549,2.8049911717750224,1.088168160719341,-10.584871494944847,2.333337784225068
round_trip_0_12pct,12,1.5,2.0,24,False,True,0.006594809855180683,0.03188585280881554,66,0.032881832864730176,2.1702009690721917,1.0674861617168059,-10.88664366664312,3.004521876808964
round_trip_0_16pct,12,1.5,2.0,24,False,True,0.006594809855180683,0.03188585280881554,66,0.013645766116159426,0.9006205636665221,1.0274203719117991,-11.49018801003967,7.185340148755007
round_trip_0_05pct,12,1.5,2.0,36,False,False,0.006594809855180683,0.03188585280881554,66,0.11446352505729893,7.554592653781729,1.2405873495949242,-7.576050141022208,0.8744920051236387
round_trip_0_10pct,12,1.5,2.0,36,False,False,0.006594809855180683,0.03188585280881554,66,0.0904184416215855,5.967617147024643,1.1851918467916347,-8.066005531240911,1.0967513036226924
round_trip_0_12pct,12,1.5,2.0,36,False,False,0.006594809855180683,0.03188585280881554,66,0.08080040824730018,5.332826944321813,1.1638182524586782,-8.261987687328395,1.2226941464118015
round_trip_0_16pct,12,1.5,2.0,36,False,False,0.006594809855180683,0.03188585280881554,66,0.06156434149872944,4.063246538916143,1.1223427459603228,-8.653951999503358,1.5926341246902564
round_trip_0_05pct,12,1.5,2.0,48,False,False,0.006594809855180683,0.03188585280881554,66,0.11830325432227053,7.8080147852698545,1.2394076086680135,-6.612062014480911,0.8461089098039621
round_trip_0_10pct,12,1.5,2.0,48,False,False,0.006594809855180683,0.03188585280881554,66,0.0942581708865571,6.221039278512769,1.1860511851226907,-7.102017404699616,1.0520737118838905
round_trip_0_12pct,12,1.5,2.0,48,False,False,0.006594809855180683,0.03188585280881554,66,0.0846401375122718,5.586249075809938,1.1654371874217238,-7.297999560787095,1.167226201367334
round_trip_0_16pct,12,1.5,2.0,48,False,False,0.006594809855180683,0.03188585280881554,66,0.06540407076370104,4.316668670404269,1.1253924539140736,-7.68996387296206,1.4991340751435
round_trip_0_05pct,12,1.5,2.5,12,False,False,0.006594809855180683,0.03188585280881554,63,0.07894691424480846,4.973655597422933,1.1839993920014218,-8.04851388698992,1.6547725754891365
round_trip_0_10pct,12,1.5,2.5,12,False,False,0.006594809855180683,0.03188585280881554,63,0.05493090267574766,3.460646868572103,1.1245679840270157,-8.794034006109909,2.3504591106192914
round_trip_0_12pct,12,1.5,2.5,12,False,False,0.006594809855180683,0.03188585280881554,63,0.04532449804812338,2.8554433770317726,1.1016168097530588,-9.092242053757904,2.835162152862577
round_trip_0_16pct,12,1.5,2.5,12,False,False,0.006594809855180683,0.03188585280881554,63,0.026111688792874736,1.6450363939511083,1.0572350227535727,-9.688658149053897,4.874492190172931
round_trip_0_05pct,12,1.5,2.5,24,False,False,0.006594809855180683,0.03188585280881554,61,0.07845103339385129,4.785513037024929,1.1598318834875685,-10.648965273459071,1.723603148143792
round_trip_0_10pct,12,1.5,2.5,24,False,False,0.006594809855180683,0.03188585280881554,61,0.0545276649839814,3.3261875640228653,1.1080595264817719,-11.225279415308554,2.455555608050782
round_trip_0_12pct,12,1.5,2.5,24,False,False,0.006594809855180683,0.03188585280881554,61,0.04495831762003348,2.742457374822042,1.0881082268842885,-11.455805072048346,2.9664504094104056
round_trip_0_16pct,12,1.5,2.5,24,False,False,0.006594809855180683,0.03188585280881554,61,0.025819622892137566,1.5749969964203916,1.0495034724030454,-11.916856385527932,5.124336346549985
round_trip_0_05pct,12,1.5,2.5,36,False,False,0.006594809855180683,0.03188585280881554,61,0.05686877813772725,3.468995466401362,1.1068234232167693,-10.407599656084416,2.3780072976558335
round_trip_0_10pct,12,1.5,2.5,36,False,False,0.006594809855180683,0.03188585280881554,61,0.03294540972785735,2.0096699933992985,1.0603037079307054,-10.97134530115082,4.06933469715606
round_trip_0_12pct,12,1.5,2.5,36,False,False,0.006594809855180683,0.03188585280881554,61,0.023376062363909433,1.4259398041984754,1.0423548669423657,-11.196843559177381,5.715184560885656
round_trip_0_16pct,12,1.5,2.5,36,False,False,0.006594809855180683,0.03188585280881554,61,0.004237367636013513,0.2584794257968243,1.0075253441686107,-11.647840075230501,31.308053893376595
round_trip_0_05pct,12,1.5,2.5,48,False,False,0.006594809855180683,0.03188585280881554,61,0.07657190381487264,4.670886132707231,1.1386538792148553,-8.776944862876451,1.766109534735366
round_trip_0_10pct,12,1.5,2.5,48,False,False,0.006594809855180683,0.03188585280881554,61,0.05264853540500275,3.211560659705168,1.0929833764606343,-9.478997800466407,2.546431688674355
round_trip_0_12pct,12,1.5,2.5,48,False,False,0.006594809855180683,0.03188585280881554,61,0.04307918804105484,2.627830470504345,1.0753396836603912,-9.82510633712458,3.1012309375282308
round_trip_0_16pct,12,1.5,2.5,48,False,False,0.006594809855180683,0.03188585280881554,61,0.023940493313158926,1.4603700921026945,1.0410664736633182,-10.517323410440934,5.541395182589744
round_trip_0_05pct,12,1.5,3.0,12,False,False,0.006594809855180683,0.03188585280881554,62,0.07872542520963165,4.8809763629971625,1.1805707422987093,-7.422031272842238,2.02179342676045
round_trip_0_10pct,12,1.5,3.0,12,False,False,0.006594809855180683,0.03188585280881554,62,0.05452477630531309,3.3805361309294115,1.1216843517276056,-8.127367339443234,2.884402740342949
round_trip_0_12pct,12,1.5,3.0,12,False,False,0.006594809855180683,0.03188585280881554,62,0.04484451674358569,2.780360038102313,1.0989448151237866,-8.425575387091232,3.490219633264003
round_trip_0_16pct,12,1.5,3.0,12,False,False,0.006594809855180683,0.03188585280881554,62,0.025483997620130826,1.5800078524481111,1.0549339513036087,-9.021991482387222,6.082593958586269
round_trip_0_05pct,12,1.5,3.0,24,False,False,0.006594809855180683,0.03188585280881554,58,0.0861909740331952,4.999076493925322,1.168707163748334,-9.866398946129605,1.9754129033957792
round_trip_0_10pct,12,1.5,3.0,24,False,False,0.006594809855180683,0.03188585280881554,58,0.062067765786121915,3.599930415595071,1.118277958119526,-10.43014459119601,2.711802210620419
round_trip_0_12pct,12,1.5,3.0,24,False,False,0.006594809855180683,0.03188585280881554,58,0.05241848248729263,3.0402719842629726,1.0988164058767578,-10.65564284922257,3.196393151473687
round_trip_0_16pct,12,1.5,3.0,24,False,False,0.006594809855180683,0.03188585280881554,58,0.03311991588963399,1.9209551215987717,1.0611219358447312,-11.106639365275694,5.013925522738605
round_trip_0_05pct,12,1.5,3.0,36,False,False,0.006594809855180683,0.03188585280881554,58,0.07723984391668753,4.479910947167877,1.1398927873896099,-10.111809937545207,2.206835150684589
round_trip_0_10pct,12,1.5,3.0,36,False,False,0.006594809855180683,0.03188585280881554,58,0.05311663566961424,3.080764868837626,1.0937756054042713,-10.67555558261161,3.178627382685872
round_trip_0_12pct,12,1.5,3.0,36,False,False,0.006594809855180683,0.03188585280881554,58,0.04346735237078496,2.5211064375055274,1.075973619714148,-10.90105384063817,3.8693626239671226
round_trip_0_16pct,12,1.5,3.0,36,False,False,0.006594809855180683,0.03188585280881554,58,0.02416878577312631,1.401789574841326,1.0414156258729945,-11.352050356691294,6.9054714711145175
round_trip_0_05pct,12,1.5,3.0,48,False,False,0.006594809855180683,0.03188585280881554,58,0.06767333905043454,3.925053664925204,1.1154660581387073,-9.185029538962986,2.519151884993108
round_trip_0_10pct,12,1.5,3.0,48,False,False,0.006594809855180683,0.03188585280881554,58,0.04355013080336125,2.5259075865949527,1.0724676369238835,-9.748775184029393,3.877485120220724
round_trip_0_12pct,12,1.5,3.0,48,False,False,0.006594809855180683,0.03188585280881554,58,0.03390084750453198,1.9662491552628547,1.0558582814155395,-9.974273442055951,4.962094530752342
round_trip_0_16pct,12,1.5,3.0,48,False,False,0.006594809855180683,0.03188585280881554,58,0.014602280906873337,0.8469322925986535,1.023597545379993,-10.425269958109075,11.431615559754752
round_trip_0_05pct,12,1.8,1.5,12,False,False,0.006594809855180683,0.03188585280881554,70,0.06641679294231247,4.649175505961873,1.19993197176475,-4.393516667936311,0.8853583610565254
round_trip_0_10pct,12,1.8,1.5,12,False,False,0.006594809855180683,0.03188585280881554,70,0.04685083213914656,3.279558249740259,1.1376721766232545,-5.239120741859908,1.239817526067305
round_trip_0_12pct,12,1.8,1.5,12,False,False,0.006594809855180683,0.03188585280881554,70,0.039024447817880226,2.7317113472516157,1.1135618751455132,-5.609059583124076,1.4811978387268214
round_trip_0_16pct,12,1.8,1.5,12,False,False,0.006594809855180683,0.03188585280881554,70,0.023371679175347475,1.6360175422743233,1.0666847171535374,-6.381034642777902,2.4489390459597544
round_trip_0_05pct,12,1.8,1.5,24,False,False,0.006594809855180683,0.03188585280881554,69,0.04225329860927453,2.9154776040399426,1.1121634448862567,-7.377097535059596,1.4118394874715539
round_trip_0_10pct,12,1.8,1.5,24,False,False,0.006594809855180683,0.03188585280881554,69,0.022555041962878053,1.5562978954385858,1.0584919699668136,-8.177685562922628,2.6119596113243304
round_trip_0_12pct,12,1.8,1.5,24,False,False,0.006594809855180683,0.03188585280881554,69,0.0146757393043195,1.0126260119980455,1.037710535808206,-8.497920774067843,3.9940987070704606
round_trip_0_16pct,12,1.8,1.5,24,False,False,0.006594809855180683,0.03188585280881554,69,-0.0010828660127976959,-0.07471775488304101,0.9972674635756311,-9.138391196358269,-53.58911900952909
round_trip_0_05pct,12,1.8,1.5,36,False,False,0.006594809855180683,0.03188585280881554,69,0.06792467721834194,4.686802728065594,1.1756616320379156,-5.992223735689951,0.87825040759107
round_trip_0_10pct,12,1.8,1.5,36,False,False,0.006594809855180683,0.03188585280881554,69,0.048226420571945455,3.3276230194642364,1.1220430051284953,-6.7823380162337505,1.2215888705834006
round_trip_0_12pct,12,1.8,1.5,36,False,False,0.006594809855180683,0.03188585280881554,69,0.0403471179133869,2.7839511360236964,1.1012344406914703,-7.098383728451273,1.4528014493257557
round_trip_0_16pct,12,1.8,1.5,36,False,False,0.006594809855180683,0.03188585280881554,69,0.024588512596269704,1.6966073691426096,1.0606621352504335,-7.730475152886312,2.360038469345788
round_trip_0_05pct,12,1.8,1.5,48,False,False,0.006594809855180683,0.03188585280881554,69,0.0474607511005166,3.274791825935645,1.114485486222709,-7.616921403867628,1.2569307073577127
round_trip_0_10pct,12,1.8,1.5,48,False,False,0.006594809855180683,0.03188585280881554,69,0.027762494454120122,1.9156121173342884,1.0656549268224944,-8.40703568441143,2.1220304514106765
round_trip_0_12pct,12,1.8,1.5,48,False,False,0.006594809855180683,0.03188585280881554,69,0.01988319179556157,1.3719402338937483,1.0466551234641874,-8.723081396628949,2.94803530456163
round_trip_0_16pct,12,1.8,1.5,48,False,False,0.006594809855180683,0.03188585280881554,69,0.004124586478444371,0.2845964670126616,1.0095297407835002,-9.35517282106399,14.069249350077031
round_trip_0_05pct,12,1.8,2.0,12,False,False,0.006594809855180683,0.03188585280881554,66,0.10830338036049787,7.14802310379286,1.3032395208899223,-5.661355205487613,0.7701932387189697
round_trip_0_10pct,12,1.8,2.0,12,False,False,0.006594809855180683,0.03188585280881554,66,0.0884058427884245,5.834785624036018,1.2415439911284964,-6.28080512065162,0.9349489091492658
round_trip_0_12pct,12,1.8,2.0,12,False,False,0.006594809855180683,0.03188585280881554,66,0.0804468277595952,5.309490632133284,1.217553508516205,-6.528585086717222,1.023709801690801
round_trip_0_16pct,12,1.8,2.0,12,False,False,0.006594809855180683,0.03188585280881554,66,0.0645287977019365,4.258900648327809,1.17092980311859,-7.024145018848433,1.2669184710366364
round_trip_0_05pct,12,1.8,2.0,24,False,False,0.006594809855180683,0.03188585280881554,65,0.04493613771755027,2.9208489516407674,1.1073130996484601,-8.457320651953435,1.884848944912282
round_trip_0_10pct,12,1.8,2.0,24,False,False,0.006594809855180683,0.03188585280881554,65,0.024898862370286115,1.6184260540685975,1.058053942991738,-9.073698595769166,3.370039607857897
round_trip_0_12pct,12,1.8,2.0,24,False,False,0.006594809855180683,0.03188585280881554,65,0.016883952231380492,1.0974568950397319,1.0389971823073172,-9.391003421706108,4.951155954370727
round_trip_0_16pct,12,1.8,2.0,24,False,False,0.006594809855180683,0.03188585280881554,65,0.0008541319535691581,0.05551857698199528,1.00193647466148,-10.025613073579995,97.13362995906252
round_trip_0_05pct,12,1.8,2.0,36,False,False,0.006594809855180683,0.03188585280881554,65,0.08848515004396808,5.751534752857925,1.2057882366324493,-6.464781717532599,0.9571982612141298
round_trip_0_10pct,12,1.8,2.0,36,False,False,0.006594809855180683,0.03188585280881554,65,0.06844787469670391,4.4491118552857545,1.15566647146642,-6.853021184656118,1.225898579762732
round_trip_0_12pct,12,1.8,2.0,36,False,False,0.006594809855180683,0.03188585280881554,65,0.060432964557798306,3.9281426962568897,1.136203454544818,-7.054757131539157,1.383269565466374
round_trip_0_16pct,12,1.8,2.0,36,False,False,0.006594809855180683,0.03188585280881554,65,0.04440314427998696,2.8862043781991527,1.0983084371986083,-7.616883485855068,1.8684473466801557
round_trip_0_05pct,12,1.8,2.0,48,False,False,0.006594809855180683,0.03188585280881554,65,0.10106275711607957,6.569079212545172,1.2242527288271807,-5.094342882512907,0.8380716515389999
round_trip_0_10pct,12,1.8,2.0,48,False,False,0.006594809855180683,0.03188585280881554,65,0.08102548176881541,5.266656314973002,1.176007169413421,-5.752398070650225,1.035602017373769
round_trip_0_12pct,12,1.8,2.0,48,False,False,0.006594809855180683,0.03188585280881554,65,0.0730105716299098,4.745687155944137,1.1572728179646943,-6.02881487889917,1.14497227945911
round_trip_0_16pct,12,1.8,2.0,48,False,False,0.006594809855180683,0.03188585280881554,65,0.05698075135209846,3.7037488378864,1.1207270986522424,-6.59094123321508,1.4560169029982857
round_trip_0_05pct,12,1.8,2.5,12,False,False,0.006594809855180683,0.03188585280881554,62,0.06208050408202701,3.848991253085675,1.162801976456534,-6.5154609544137365,1.7819103632987456
round_trip_0_10pct,12,1.8,2.5,12,False,False,0.006594809855180683,0.03188585280881554,62,0.04206786027583953,2.608207337102051,1.1076466008306955,-7.196402748617497,2.598882396209707
round_trip_0_12pct,12,1.8,2.5,12,False,False,0.006594809855180683,0.03188585280881554,62,0.03406280275336456,2.111893770708603,1.0862706290190487,-7.468779466298999,3.1944650438416144
round_trip_0_16pct,12,1.8,2.5,12,False,False,0.006594809855180683,0.03188585280881554,62,0.018052687708414557,1.1192666379217027,1.0447831138163777,-8.013532901662005,5.97021655607936
round_trip_0_05pct,12,1.8,2.5,24,False,False,0.006594809855180683,0.03188585280881554,60,0.004789877136476916,0.287392628188615,1.0101739002151338,-12.18401832330912,23.917121639732212
round_trip_0_10pct,12,1.8,2.5,24,False,False,0.006594809855180683,0.03188585280881554,60,-0.015144254020906184,-0.908655241254371,0.9685919413347592,-12.833045085673723,-7.490591733294009
round_trip_0_12pct,12,1.8,2.5,24,False,False,0.006594809855180683,0.03188585280881554,60,-0.023117906483859384,-1.387074389031563,0.9525154781587681,-13.09265579061956,-4.887603641798571
round_trip_0_16pct,12,1.8,2.5,24,False,False,0.006594809855180683,0.03188585280881554,60,-0.039065211409765856,-2.3439126845859515,0.9212711695450093,-13.611877200511241,-2.8694237088904777
round_trip_0_05pct,12,1.8,2.5,36,False,False,0.006594809855180683,0.03188585280881554,60,0.023735126333076617,1.424107579984597,1.0474292314663096,-10.68121181231136,4.827173084029851
round_trip_0_10pct,12,1.8,2.5,36,False,False,0.006594809855180683,0.03188585280881554,60,0.003800995175693515,0.2280597105416109,1.0074294133812247,-11.319764827356728,29.882597465927773
round_trip_0_12pct,12,1.8,2.5,36,False,False,0.006594809855180683,0.03188585280881554,60,-0.00417265728725968,-0.2503594372355808,0.9919148218157552,-11.575186033374875,-27.126030091284964
round_trip_0_16pct,12,1.8,2.5,36,False,False,0.006594809855180683,0.03188585280881554,60,-0.02011996221316615,-1.207197732789969,0.9616786591798595,-12.086028445411168,-5.586276087564495
round_trip_0_05pct,12,1.8,2.5,48,False,False,0.006594809855180683,0.03188585280881554,60,0.032677545166840835,1.96065271001045,1.0625002044233125,-10.161749702094756,3.506186355067387
round_trip_0_10pct,12,1.8,2.5,48,False,False,0.006594809855180683,0.03188585280881554,60,0.012743414009457733,0.764604840567464,1.0238631324093546,-10.862752462073892,8.913122395684923
round_trip_0_12pct,12,1.8,2.5,48,False,False,0.006594809855180683,0.03188585280881554,60,0.004769761546504541,0.28618569279027245,1.0088575978016097,-11.143153566065541,23.730248573489735
round_trip_0_16pct,12,1.8,2.5,48,False,False,0.006594809855180683,0.03188585280881554,60,-0.011177543379401921,-0.6706526027641153,0.9795821357499322,-11.703955774048847,-10.055488936972951
round_trip_0_05pct,12,1.8,3.0,12,False,False,0.006594809855180683,0.03188585280881554,61,0.0618321075037847,3.7717585577308665,1.1595352411942113,-5.830263652293574,2.1803105403477208
round_trip_0_10pct,12,1.8,3.0,12,False,False,0.006594809855180683,0.03188585280881554,61,0.041663088345352046,2.541448389066475,1.104891308439314,-6.431473726834831,3.197267262318482
round_trip_0_12pct,12,1.8,3.0,12,False,False,0.006594809855180683,0.03188585280881554,61,0.03359548068197901,2.0493243216007198,1.0837146738821095,-6.6719577566513335,3.9460433740048244
round_trip_0_16pct,12,1.8,3.0,12,False,False,0.006594809855180683,0.03188585280881554,61,0.01746026535523288,1.0650761866692058,1.042586244464186,-7.180199568328667,7.519451298498686
round_trip_0_05pct,12,1.8,3.0,24,False,False,0.006594809855180683,0.03188585280881554,57,0.008164248694835247,0.4653621756056091,1.0166258188644646,-11.282030507841622,17.68378968902242
round_trip_0_10pct,12,1.8,3.0,24,False,False,0.006594809855180683,0.03188585280881554,57,-0.011939231548728647,-0.6805361982775329,0.9762409510127568,-11.731761854004892,-11.954175844232834
round_trip_0_12pct,12,1.8,3.0,24,False,False,0.006594809855180683,0.03188585280881554,57,-0.019980623646154175,-1.138895547830788,0.9606079430449812,-11.911654392470199,-7.110620290292653
round_trip_0_16pct,12,1.8,3.0,24,False,False,0.006594809855180683,0.03188585280881554,57,-0.036063407841005285,-2.055614246937301,0.9301973345403707,-12.381140794745486,-3.904561181882624
round_trip_0_05pct,12,1.8,3.0,36,False,False,0.006594809855180683,0.03188585280881554,57,0.0229320977776035,1.3071295733233996,1.0440841803801604,-10.278455509135906,6.302885059442599
round_trip_0_10pct,12,1.8,3.0,36,False,False,0.006594809855180683,0.03188585280881554,57,0.00282861753403961,0.16123119944025777,1.005320730369617,-10.728186855299175,50.61367157690664
round_trip_0_12pct,12,1.8,3.0,36,False,False,0.006594809855180683,0.03188585280881554,57,-0.005212774563385916,-0.2971281501129972,0.9902782171161465,-10.908079393764481,-27.35933697468292
round_trip_0_16pct,12,1.8,3.0,36,False,False,0.006594809855180683,0.03188585280881554,57,-0.021295558758237017,-1.21384684921951,0.9609500781128795,-11.283981457739607,-6.645551375088127
round_trip_0_05pct,12,1.8,3.0,48,False,False,0.006594809855180683,0.03188585280881554,57,-0.002007496134546588,-0.11442727966915552,0.9963817618761347,-10.223774477864719,-72.00939006330866
round_trip_0_10pct,12,1.8,3.0,48,False,False,0.006594809855180683,0.03188585280881554,57,-0.022110976378110478,-1.2603256535522973,0.9609867619229477,-10.924777237843854,-6.4759513109893225
round_trip_0_12pct,12,1.8,3.0,48,False,False,0.006594809855180683,0.03188585280881554,57,-0.03015236847553601,-1.7186850031055525,0.9472424643578086,-11.205178341835502,-4.7307069851836685
round_trip_0_16pct,12,1.8,3.0,48,False,False,0.006594809855180683,0.03188585280881554,57,-0.046235152670387115,-2.6354037022120655,0.9204310431173126,-11.76598054981881,-3.061455178575666
round_trip_0_05pct,12,2.0,1.5,12,False,False,0.006594809855180683,0.03188585280881554,67,0.03641048097855295,2.4395022255630474,1.113787674381764,-6.0299043657653995,1.5185752760464326
round_trip_0_10pct,12,2.0,1.5,12,False,False,0.006594809855180683,0.03188585280881554,67,0.018744214091835867,1.255862344153003,1.0572951824350856,-6.866797684252962,2.913892938382501
round_trip_0_12pct,12,2.0,1.5,12,False,False,0.006594809855180683,0.03188585280881554,67,0.011677707337149072,0.7824063915889878,1.0353760950699942,-7.2015550116479865,4.654338830005563
round_trip_0_16pct,12,2.0,1.5,12,False,False,0.006594809855180683,0.03188585280881554,67,-0.0024553061722245835,-0.1645055135390471,0.9926961226671207,-7.8710696664380375,-21.91936572618124
round_trip_0_05pct,12,2.0,1.5,24,False,False,0.006594809855180683,0.03188585280881554,66,0.0425692422899014,2.8095699911334924,1.1210782421699885,-6.970617318154935,1.3185532936681608
round_trip_0_10pct,12,2.0,1.5,24,False,False,0.006594809855180683,0.03188585280881554,66,0.024752175298313632,1.6336435696886997,1.0689111690111501,-7.659567919608676,2.239465566019596
round_trip_0_12pct,12,2.0,1.5,24,False,False,0.006594809855180683,0.03188585280881554,66,0.017625348501678573,1.163273001110786,1.0486576763212845,-7.93514816019017,3.12916694298307
round_trip_0_16pct,12,2.0,1.5,24,False,False,0.006594809855180683,0.03188585280881554,66,0.0033716949084083713,0.2225318639549525,1.0091543627592792,-8.486308641353165,16.193873221797986
round_trip_0_05pct,12,2.0,1.5,36,False,False,0.006594809855180683,0.03188585280881554,66,0.07221690050476628,4.766315433314575,1.2031591443371998,-5.361678068164257,0.7772393198542619
round_trip_0_10pct,12,2.0,1.5,36,False,False,0.006594809855180683,0.03188585280881554,66,0.05439983351317852,3.5903890118697825,1.149993163036482,-6.041202297030689,1.0189671674496157
round_trip_0_12pct,12,2.0,1.5,36,False,False,0.006594809855180683,0.03188585280881554,66,0.04727300671654347,3.120018443291869,1.1293141782358065,-6.3130119885772595,1.166683943348748
round_trip_0_16pct,12,2.0,1.5,36,False,False,0.006594809855180683,0.03188585280881554,66,0.03301935312327327,2.1792773061360355,1.0889201642125819,-6.881467877106049,1.6535999262463523
round_trip_0_05pct,12,2.0,1.5,48,False,False,0.006594809855180683,0.03188585280881554,66,0.0499319033545094,3.2955056213976204,1.1297841280076202,-6.9239059695241645,1.124127278541612
round_trip_0_10pct,12,2.0,1.5,48,False,False,0.006594809855180683,0.03188585280881554,66,0.03211483636292163,2.1195791999528275,1.0819734264489924,-7.603430198390598,1.7260447364026779
round_trip_0_12pct,12,2.0,1.5,48,False,False,0.006594809855180683,0.03188585280881554,66,0.024988009566286575,1.649208631374914,1.0633268910699245,-7.875239889937168,2.2071649101823567
round_trip_0_16pct,12,2.0,1.5,48,False,False,0.006594809855180683,0.03188585280881554,66,0.01073435597301638,0.7084674942190811,1.0268211143091155,-8.418859273030314,5.086546414763994
round_trip_0_05pct,12,2.0,2.0,12,False,False,0.006594809855180683,0.03188585280881554,63,0.04443507984491951,2.799410030229929,1.1264635913111547,-7.100822949745007,1.7699526345793855
round_trip_0_10pct,12,2.0,2.0,12,False,False,0.006594809855180683,0.03188585280881554,63,0.026481928176697353,1.6683614751319333,1.0736668171058623,-7.685643457073817,2.942829765649441
round_trip_0_12pct,12,2.0,2.0,12,False,False,0.006594809855180683,0.03188585280881554,63,0.019300667509408544,1.2159420530927383,1.0531768727820796,-7.9195716600053405,4.023086321793003
round_trip_0_16pct,12,2.0,2.0,12,False,False,0.006594809855180683,0.03188585280881554,63,0.004938146174830836,0.31110320901434263,1.0133439809433171,-8.38742806586839,15.609327603190643
round_trip_0_05pct,12,2.0,2.0,24,False,False,0.006594809855180683,0.03188585280881554,62,0.035480094812162265,2.1997658783540603,1.0901285396018403,-8.397099645579797,2.252432046077916
round_trip_0_10pct,12,2.0,2.0,24,False,False,0.006594809855180683,0.03188585280881554,62,0.01736725990853694,1.0767701143292903,1.0431565052917298,-9.079456880314929,4.558766861019277
round_trip_0_12pct,12,2.0,2.0,24,False,False,0.006594809855180683,0.03188585280881554,62,0.010122125947086866,0.6275718087193857,1.0249356016115136,-9.35239977420898,7.792434504771915
round_trip_0_16pct,12,2.0,2.0,24,False,False,0.006594809855180683,0.03188585280881554,62,-0.004368141975813377,-0.2708248025004294,0.9894218973538046,-9.898285561997085,-17.92099090028091
round_trip_0_05pct,12,2.0,2.0,36,False,False,0.006594809855180683,0.03188585280881554,62,0.05840204479446491,3.6209267772568245,1.1407472227013418,-7.376437358512121,1.368385350787773
round_trip_0_10pct,12,2.0,2.0,36,False,False,0.006594809855180683,0.03188585280881554,62,0.04028920989083959,2.4979310132320545,1.095106908350713,-8.049368220659947,1.9651238917879155
round_trip_0_12pct,12,2.0,2.0,36,False,False,0.006594809855180683,0.03188585280881554,62,0.033044075929389516,2.04873270762215,1.0773534995886955,-8.318540565519072,2.386993773415652
round_trip_0_16pct,12,2.0,2.0,36,False,False,0.006594809855180683,0.03188585280881554,62,0.018553808006489276,1.150336096402335,1.0427204297278723,-8.856885255237332,4.219157197935181
round_trip_0_05pct,12,2.0,2.0,48,False,False,0.006594809855180683,0.03188585280881554,62,0.06704381920927976,4.156716790975345,1.1531785964999526,-6.55308933113613,1.1920040280422388
round_trip_0_10pct,12,2.0,2.0,48,False,False,0.006594809855180683,0.03188585280881554,62,0.048930984305654436,3.033721026950575,1.109630746537892,-7.226020193283955,1.6180604183880611
round_trip_0_12pct,12,2.0,2.0,48,False,False,0.006594809855180683,0.03188585280881554,62,0.04168585034420436,2.5845227213406705,1.0926801352925997,-7.4951925381430815,1.8921529209657353
round_trip_0_16pct,12,2.0,2.0,48,False,False,0.006594809855180683,0.03188585280881554,62,0.02719558242130413,1.686126110120856,1.059548670081347,-8.033537227861341,2.8784613393079423
round_trip_0_05pct,12,2.0,2.5,12,False,False,0.006594809855180683,0.03188585280881554,59,-0.004914074560200029,-0.2899303990518017,0.9869395203578658,-7.9318998948238555,-21.279542962282108
round_trip_0_10pct,12,2.0,2.5,12,False,False,0.006594809855180683,0.03188585280881554,59,-0.02297916519921867,-1.3557707467539015,0.9403092015173468,-8.513168885984252,-4.495119235179486
round_trip_0_12pct,12,2.0,2.5,12,False,False,0.006594809855180683,0.03188585280881554,59,-0.03020520145482609,-1.7821068858347393,0.9222906350396616,-8.745676482448406,-3.4035264291990215
round_trip_0_16pct,12,2.0,2.5,12,False,False,0.006594809855180683,0.03188585280881554,59,-0.044657273966040974,-2.6347791639964173,0.8873226490325202,-9.210691675376722,-2.280455270097837
round_trip_0_05pct,12,2.0,2.5,24,False,False,0.006594809855180683,0.03188585280881554,57,0.01990358928002348,1.1345045889613383,1.0464717988640413,-9.808019621692342,5.452087678267443
round_trip_0_10pct,12,2.0,2.5,24,False,False,0.006594809855180683,0.03188585280881554,57,0.0018787891516088534,0.10709098164170464,1.0042907826417369,-10.360565084197496,57.18574783325085
round_trip_0_12pct,12,2.0,2.5,24,False,False,0.006594809855180683,0.03188585280881554,57,-0.005331130899756944,-0.3038744612861458,0.9879334883462817,-10.581583269199552,-20.072570751576485
round_trip_0_16pct,12,2.0,2.5,24,False,False,0.006594809855180683,0.03188585280881554,57,-0.01975097100248861,-1.1258053471418508,0.9560800341316784,-11.023619639203673,-5.374347478358588
round_trip_0_05pct,12,2.0,2.5,36,False,False,0.006594809855180683,0.03188585280881554,56,0.0052423136289655526,0.29356956322207095,1.010964465803501,-9.68195008398704,21.074979071648308
round_trip_0_10pct,12,2.0,2.5,36,False,False,0.006594809855180683,0.03188585280881554,56,-0.012772929229771995,-0.7152840368672317,0.973827215800778,-10.225069173904885,-8.574936052457081
round_trip_0_12pct,12,2.0,2.5,36,False,False,0.006594809855180683,0.03188585280881554,56,-0.019979026373266952,-1.1188254769029493,0.9593910069997608,-10.442316809872018,-5.462989529162078
round_trip_0_16pct,12,2.0,2.5,36,False,False,0.006594809855180683,0.03188585280881554,56,-0.034391220660256946,-1.925908356974389,0.931205059254151,-10.876812081806289,-3.1514302447999194
round_trip_0_05pct,12,2.0,2.5,48,False,False,0.006594809855180683,0.03188585280881554,56,0.010293931790095301,0.5764601802453369,1.0204530277478194,-9.414434184792096,10.732696919924207
round_trip_0_10pct,12,2.0,2.5,48,False,False,0.006594809855180683,0.03188585280881554,56,-0.007721311068642246,-0.4323934198439658,0.9849546089130228,-10.013758045150329,-14.185032875137685
round_trip_0_12pct,12,2.0,2.5,48,False,False,0.006594809855180683,0.03188585280881554,56,-0.014927408212137196,-0.835934859879683,0.9711359719322211,-10.25348758929362,-7.311732239711006
round_trip_0_16pct,12,2.0,2.5,48,False,False,0.006594809855180683,0.03188585280881554,56,-0.029339602499127173,-1.6430177399511217,0.9441242931862779,-10.732946677580202,-3.694035491705992
round_trip_0_05pct,12,2.0,3.0,12,False,False,0.006594809855180683,0.03188585280881554,58,0.0009708679605016243,0.056310341709094214,1.00253660904113,-7.181899894823852,131.4366814429272
round_trip_0_10pct,12,2.0,3.0,12,False,False,0.006594809855180683,0.03188585280881554,58,-0.017243166093201676,-1.0001036334056972,0.9559682309222852,-7.763168885984248,-7.312362954834154
round_trip_0_12pct,12,2.0,3.0,12,False,False,0.006594809855180683,0.03188585280881554,58,-0.024528779714682945,-1.4226692234516107,0.9379640341542933,-7.995676482448403,-5.115771308201817
round_trip_0_16pct,12,2.0,3.0,12,False,False,0.006594809855180683,0.03188585280881554,58,-0.039100006957645546,-2.2678004035434416,0.9030793575857818,-8.47091385586206,-3.1783703945472626
round_trip_0_05pct,12,2.0,3.0,24,False,False,0.006594809855180683,0.03188585280881554,55,0.04554301355027048,2.5048657452648766,1.1035889246061414,-8.721094876195243,2.9568172156024146
round_trip_0_10pct,12,2.0,3.0,24,False,False,0.006594809855180683,0.03188585280881554,55,0.027348764460543636,1.5041820453299,1.0608987450098402,-9.264213966113088,4.8675786731066735
round_trip_0_12pct,12,2.0,3.0,24,False,False,0.006594809855180683,0.03188585280881554,55,0.020071064824652964,1.103908565355913,1.044308871486694,-9.481461602080223,6.60238414717503
round_trip_0_16pct,12,2.0,3.0,24,False,False,0.006594809855180683,0.03188585280881554,55,0.005515665552871523,0.3033616054079338,1.0119705269637753,-9.915956874014498,23.81199303204809
round_trip_0_05pct,12,2.0,3.0,36,False,False,0.006594809855180683,0.03188585280881554,54,0.026356968213264,1.423276283516256,1.0538365913414154,-8.960107795082633,5.2096191527728575
round_trip_0_10pct,12,2.0,3.0,36,False,False,0.006594809855180683,0.03188585280881554,54,0.008169492422437233,0.44115259081161057,1.0163545294246525,-9.503226885000476,16.644181278351695
round_trip_0_12pct,12,2.0,3.0,36,False,False,0.006594809855180683,0.03188585280881554,54,0.0008945021061065975,0.048303113729756264,1.001776549643759,-9.72047452096761,151.42893153929708
round_trip_0_16pct,12,2.0,3.0,36,False,False,0.006594809855180683,0.03188585280881554,54,-0.01365547852655478,-0.7373958404339581,0.9733013123232719,-10.154969792901884,-9.843043481662507
round_trip_0_05pct,12,2.0,3.0,48,False,False,0.006594809855180683,0.03188585280881554,54,-0.00103934970698232,-0.05612488417704528,0.9980247388949417,-9.47025648298506,-132.1313150621095
round_trip_0_10pct,12,2.0,3.0,48,False,False,0.006594809855180683,0.03188585280881554,54,-0.01922682549780909,-1.0382485768816907,0.9641695316347051,-10.069580343343294,-7.075017462213163
round_trip_0_12pct,12,2.0,3.0,48,False,False,0.006594809855180683,0.03188585280881554,54,-0.02650181581413973,-1.4310980539635454,0.9509928327078351,-10.309309887486585,-5.113231489836173
round_trip_0_16pct,12,2.0,3.0,48,False,False,0.006594809855180683,0.03188585280881554,54,-0.04105179644680109,-2.216797008127259,0.9252396528785223,-10.78876897577317,-3.275605864666657
round_trip_0_05pct,24,1.2,1.5,12,False,False,0.011212620517575989,0.03188585280881554,39,0.1481208705343504,5.7767139508396665,1.3732374731546955,-4.3862055178937025,1.0645801486477093
round_trip_0_10pct,24,1.2,1.5,12,False,False,0.011212620517575989,0.03188585280881554,39,0.11951914319322295,4.661246584535695,1.2906719259779915,-4.706916444444225,1.2985112775039678
round_trip_0_12pct,24,1.2,1.5,12,False,False,0.011212620517575989,0.03188585280881554,39,0.10807845225677205,4.21505963801411,1.2592347212932062,-4.835200815064432,1.4267517610702964
round_trip_0_16pct,24,1.2,1.5,12,False,False,0.011212620517575989,0.03188585280881554,39,0.08519707038387003,3.3226857449709315,1.1988838911444295,-5.1610946340321515,1.7865573893500726
round_trip_0_05pct,24,1.2,1.5,24,False,False,0.011212620517575989,0.03188585280881554,38,0.17669353226445436,6.714354226049266,1.4292400892982906,-4.143963660334171,0.9159145897637163
round_trip_0_10pct,24,1.2,1.5,24,False,False,0.011212620517575989,0.03188585280881554,38,0.14817433027990687,5.630624550636461,1.3484157983167697,-4.280272509013106,1.074957352033405
round_trip_0_12pct,24,1.2,1.5,24,False,False,0.011212620517575989,0.03188585280881554,38,0.13676664948608797,5.197132680471342,1.3175191099869117,-4.33479604848468,1.1571464750458413
round_trip_0_16pct,24,1.2,1.5,24,False,False,0.011212620517575989,0.03188585280881554,38,0.11395128789844992,4.330148940141097,1.2580154659865574,-4.513168205155128,1.3708925148363464
round_trip_0_05pct,24,1.2,1.5,36,False,False,0.011212620517575989,0.03188585280881554,38,0.1506569912852184,5.7249656688382995,1.3309899941925134,-4.143963660334171,1.0742029476183899
round_trip_0_10pct,24,1.2,1.5,36,False,False,0.011212620517575989,0.03188585280881554,38,0.12213778930067094,4.641235993425496,1.260275751534906,-4.365510807260774,1.304109781493621
round_trip_0_12pct,24,1.2,1.5,36,False,False,0.011212620517575989,0.03188585280881554,38,0.11073010850685203,4.207744123260377,1.2331651460647755,-4.46516627595758,1.4292322882250554
round_trip_0_16pct,24,1.2,1.5,36,False,False,0.011212620517575989,0.03188585280881554,38,0.08791474691921398,3.3407603829301316,1.1808299187022224,-4.664477213351194,1.7768915126320561
round_trip_0_05pct,24,1.2,1.5,48,False,False,0.011212620517575989,0.03188585280881554,38,0.13717600852159473,5.2126883238206,1.28934526429124,-4.794854381901342,1.1797703247242601
round_trip_0_10pct,24,1.2,1.5,48,False,False,0.011212620517575989,0.03188585280881554,38,0.10865680653704726,4.128958648407796,1.2228556045214365,-5.043993053643357,1.4659098752612791
round_trip_0_12pct,24,1.2,1.5,48,False,False,0.011212620517575989,0.03188585280881554,38,0.09724912574322835,3.695466778242677,1.1972775324628813,-5.143648522340161,1.627357008581403
round_trip_0_16pct,24,1.2,1.5,48,False,False,0.011212620517575989,0.03188585280881554,38,0.07443376415559032,2.828483037912432,1.1477634941190347,-5.342959459733775,2.0987111078973166
round_trip_0_05pct,24,1.2,2.0,12,False,False,0.011212620517575989,0.03188585280881554,36,0.13863459948253964,4.990845581371428,1.3043829643631832,-4.143963660334171,1.6491814656763815
round_trip_0_10pct,24,1.2,2.0,12,False,False,0.011212620517575989,0.03188585280881554,36,0.11037435346688762,3.9734767248079543,1.234154675737495,-4.280272509013106,2.046423964657048
round_trip_0_12pct,24,1.2,2.0,12,False,False,0.011212620517575989,0.03188585280881554,36,0.09907025506062689,3.566529182182568,1.2073732977309404,-4.33479604848468,2.268777504414974
round_trip_0_16pct,24,1.2,2.0,12,False,False,0.011212620517575989,0.03188585280881554,36,0.07646205824810523,2.7526340969317884,1.155895866322562,-4.443843127427829,2.910720155558906
round_trip_0_05pct,24,1.2,2.0,24,False,True,0.011212620517575989,0.03188585280881554,35,0.13804803302672972,4.83168115593554,1.2896104592714122,-4.143963660334171,1.703508523268217
round_trip_0_10pct,24,1.2,2.0,24,False,True,0.011212620517575989,0.03188585280881554,35,0.10988714257894953,3.8460499902632335,1.2231376711981976,-4.280272509013106,2.1142257675380502
round_trip_0_12pct,24,1.2,2.0,24,False,True,0.011212620517575989,0.03188585280881554,35,0.09862278639983754,3.451797523994314,1.1977273920302318,-4.33479604848468,2.3441876648697293
round_trip_0_16pct,24,1.2,2.0,24,False,True,0.011212620517575989,0.03188585280881554,35,0.07609407404161338,2.663292591456468,1.1487903813800624,-4.443843127427829,3.00836174460143
round_trip_0_05pct,24,1.2,2.0,36,False,False,0.011212620517575989,0.03188585280881554,35,0.08320422806386511,2.912147982235279,1.1585012221752928,-5.640630264515325,2.8263708029469354
round_trip_0_10pct,24,1.2,2.0,36,False,False,0.011212620517575989,0.03188585280881554,35,0.05504333761608493,1.9265168165629725,1.1015481987527793,-6.249525954295014,4.220787445375617
round_trip_0_12pct,24,1.2,2.0,36,False,False,0.011212620517575989,0.03188585280881554,35,0.043778981436972945,1.5322643502940532,1.0797604838951556,-6.493084230206889,5.280851946873589
round_trip_0_16pct,24,1.2,2.0,36,False,False,0.011212620517575989,0.03188585280881554,35,0.021250269078748774,0.743759417756207,1.0377743090622529,-6.98020078203064,10.772498949982108
round_trip_0_05pct,24,1.2,2.0,48,False,False,0.011212620517575989,0.03188585280881554,35,0.05279357080601635,1.8477749782105721,1.0965982994480998,-7.230515289995766,4.454443927377742
round_trip_0_10pct,24,1.2,2.0,48,False,False,0.011212620517575989,0.03188585280881554,35,0.024632680358236164,0.8621438125382657,1.0437083998601246,-7.839410979775454,9.431625993712142
round_trip_0_12pct,24,1.2,2.0,48,False,False,0.011212620517575989,0.03188585280881554,35,0.013368324179124185,0.4678913462693465,1.0234373603766582,-8.08296925568733,17.293889365325633
round_trip_0_16pct,24,1.2,2.0,48,False,False,0.011212620517575989,0.03188585280881554,35,-0.009160388179099994,-0.3206135862684998,0.9843149020444653,-8.57008580751108,-24.990043747267226
round_trip_0_05pct,24,1.2,2.5,12,False,False,0.011212620517575989,0.03188585280881554,36,0.15220605890833105,5.479418120699918,1.3334259000468192,-5.373842735181001,1.8791872236519027
round_trip_0_10pct,24,1.2,2.5,12,False,False,0.011212620517575989,0.03188585280881554,36,0.12413639781010967,4.468910321163948,1.26247064085535,-6.010612267837725,2.27845299664429
round_trip_0_12pct,24,1.2,2.5,12,False,False,0.011212620517575989,0.03188585280881554,36,0.11290853337082117,4.064707201349562,1.2354525965882626,-6.265320080900414,2.493744677263584
round_trip_0_16pct,24,1.2,2.5,12,False,False,0.011212620517575989,0.03188585280881554,36,0.09045280449224402,3.2563009617207848,1.1835830123550313,-6.774735707025799,3.0846723739908977
round_trip_0_05pct,24,1.2,2.5,24,False,False,0.011212620517575989,0.03188585280881554,35,0.1347010683834452,4.714537393420582,1.2827737211739108,-4.4704303511598225,2.1827410574165365
round_trip_0_10pct,24,1.2,2.5,24,False,False,0.011212620517575989,0.03188585280881554,35,0.10673620813645082,3.7357672847757786,1.216934045723059,-5.108976154657513,2.724963038347918
round_trip_0_12pct,24,1.2,2.5,24,False,False,0.011212620517575989,0.03188585280881554,35,0.09555026403765314,3.34425924131786,1.1917572955429747,-5.404551744496608,3.030719933393913
round_trip_0_16pct,24,1.2,2.5,24,False,False,0.011212620517575989,0.03188585280881554,35,0.0731783758400576,2.5612431544020158,1.1432567979689743,-5.995702924174806,3.9226591494299194
round_trip_0_05pct,24,1.2,2.5,36,False,False,0.011212620517575989,0.03188585280881554,35,0.09387552191275655,3.2856432669464795,1.1695055508885905,-6.584144361850939,3.1319937982519477
round_trip_0_10pct,24,1.2,2.5,36,False,False,0.011212620517575989,0.03188585280881554,35,0.06591066166576218,2.306873158301676,1.1153828563987513,-7.323083336448685,4.412825098011788
round_trip_0_12pct,24,1.2,2.5,36,False,False,0.011212620517575989,0.03188585280881554,35,0.0547247175669645,1.9153651148437576,1.0946466401410555,-7.618658926287781,5.291687243622806
round_trip_0_16pct,24,1.2,2.5,36,False,False,0.011212620517575989,0.03188585280881554,35,0.032352829369368966,1.1323490279279138,1.0546378600939736,-8.20981010596598,8.87260345152997
round_trip_0_05pct,24,1.2,2.5,48,False,False,0.011212620517575989,0.03188585280881554,35,0.10661372308282939,3.731480307899029,1.1852853405160564,-6.663819342354123,2.761300409088975
round_trip_0_10pct,24,1.2,2.5,48,False,False,0.011212620517575989,0.03188585280881554,35,0.078648862835835,2.752710199254225,1.1326821341054092,-7.402758316951869,3.7041610998651087
round_trip_0_12pct,24,1.2,2.5,48,False,False,0.011212620517575989,0.03188585280881554,35,0.06746291873703733,2.3612021557963065,1.1124935148315334,-7.698333906790965,4.300173786383543
round_trip_0_16pct,24,1.2,2.5,48,False,False,0.011212620517575989,0.03188585280881554,35,0.045091030539441794,1.5781860688804628,1.0734870104583565,-8.289485086469162,6.3793331876930095
round_trip_0_05pct,24,1.2,3.0,12,False,False,0.011212620517575989,0.03188585280881554,34,0.12849036729719263,4.368672488104549,1.2658363578521679,-5.060314706104717,2.8158193749938336
round_trip_0_10pct,24,1.2,3.0,12,False,False,0.011212620517575989,0.03188585280881554,34,0.0998812994078994,3.39596417986858,1.1994537438781645,-5.593945601171054,3.5759631545001533
round_trip_0_12pct,24,1.2,3.0,12,False,False,0.011212620517575989,0.03188585280881554,34,0.08843767225218219,3.0068808565741945,1.1741768521670812,-5.848653414233744,4.017725814869282
round_trip_0_16pct,24,1.2,3.0,12,False,False,0.011212620517575989,0.03188585280881554,34,0.0655504179407476,2.2287142099854185,1.1256499547054675,-6.358069040359127,5.363982022951551
round_trip_0_05pct,24,1.2,3.0,24,False,False,0.011212620517575989,0.03188585280881554,33,0.09224891722116224,3.044214268298354,1.1841897464243307,-4.143963660334171,4.040908934404116
round_trip_0_10pct,24,1.2,3.0,24,False,False,0.011212620517575989,0.03188585280881554,33,0.06373465608950155,2.103243650953551,1.123283889407137,-4.662659374272838,5.773863991319645
round_trip_0_12pct,24,1.2,3.0,24,False,False,0.011212620517575989,0.03188585280881554,33,0.05232895163683733,1.7268554040156319,1.0999731426004382,-4.906217650184711,6.995850846342802
round_trip_0_16pct,24,1.2,3.0,24,False,False,0.011212620517575989,0.03188585280881554,33,0.029517542731508768,0.9740789101397893,1.0550350481586381,-5.393334202008464,12.272910163862218
round_trip_0_05pct,24,1.2,3.0,36,False,False,0.011212620517575989,0.03188585280881554,33,0.053902668398797704,1.7787880571603243,1.0917672507469807,-5.84772138196396,6.915603343236618
round_trip_0_10pct,24,1.2,3.0,36,False,False,0.011212620517575989,0.03188585280881554,33,0.02538840726713703,0.8378174398155219,1.041905108219202,-6.586660356561704,14.494616851000751
round_trip_0_12pct,24,1.2,3.0,36,False,False,0.011212620517575989,0.03188585280881554,33,0.01398270281447282,0.4614291928776031,1.0228012520591547,-6.882235946400801,26.181314546561232
round_trip_0_16pct,24,1.2,3.0,36,False,False,0.011212620517575989,0.03188585280881554,33,-0.008828706090855731,-0.29134730099823913,0.9859419731212838,-7.473387126078999,-41.03275683590666
round_trip_0_05pct,24,1.2,3.0,48,False,False,0.011212620517575989,0.03188585280881554,33,-0.009421650459867667,-0.310914465175633,0.9845616517312212,-8.049030163003234,-39.56519883389264
round_trip_0_10pct,24,1.2,3.0,48,False,False,0.011212620517575989,0.03188585280881554,33,-0.03793591159152835,-1.2518850825204355,0.9396584557108338,-8.78796913760098,-9.713204883838594
round_trip_0_12pct,24,1.2,3.0,48,False,False,0.011212620517575989,0.03188585280881554,33,-0.04934161604419256,-1.6282733294583545,0.9224250285018735,-9.083544727440076,-7.436747016629001
round_trip_0_16pct,24,1.2,3.0,48,False,False,0.011212620517575989,0.03188585280881554,33,-0.07215302494952111,-2.381049823334197,0.8891445911724042,-9.674695907118274,-5.042959522543461
round_trip_0_05pct,24,1.5,1.5,12,False,False,0.011212620517575989,0.03188585280881554,36,0.2130341978963371,7.669231124268135,1.6809728919195288,-3.0827262160169036,0.6415010732452847
round_trip_0_10pct,24,1.5,1.5,12,False,False,0.011212620517575989,0.03188585280881554,36,0.1910533126171634,6.877919254217883,1.5957818099672991,-3.15181276451659,0.7040130636642349
round_trip_0_12pct,24,1.5,1.5,12,False,False,0.011212620517575989,0.03188585280881554,36,0.18226095850549398,6.561394506197783,1.5628602392389868,-3.179447383916464,0.7332397106587487
round_trip_0_16pct,24,1.5,1.5,12,False,False,0.011212620517575989,0.03188585280881554,36,0.16467625028215502,5.928345010157581,1.498893429558377,-3.2347166227162134,0.801055776611514
round_trip_0_05pct,24,1.5,1.5,24,False,True,0.011212620517575989,0.03188585280881554,35,0.21922009353827565,7.672703273839648,1.6853124130787518,-3.0827262160169036,0.6412107729955424
round_trip_0_10pct,24,1.5,1.5,24,False,True,0.011212620517575989,0.03188585280881554,35,0.19733661590006651,6.906781556502328,1.6013757471277055,-3.15181276451659,0.7010711090520254
round_trip_0_12pct,24,1.5,1.5,24,False,True,0.011212620517575989,0.03188585280881554,35,0.18858322484478293,6.6004128695674025,1.5689722775274715,-3.179447383916464,0.7289051615884278
round_trip_0_16pct,24,1.5,1.5,24,False,True,0.011212620517575989,0.03188585280881554,35,0.1710764427342156,5.987675495697546,1.5060651961235045,-3.2347166227162134,0.7931183010076497
round_trip_0_05pct,24,1.5,1.5,36,False,False,0.011212620517575989,0.03188585280881554,35,0.18517692651631065,6.481192428070873,1.5016722405875935,-3.0827262160169036,0.759091795496733
round_trip_0_10pct,24,1.5,1.5,36,False,False,0.011212620517575989,0.03188585280881554,35,0.16329344887810152,5.715270710733553,1.432253071273416,-3.15181276451659,0.847229335384478
round_trip_0_12pct,24,1.5,1.5,36,False,False,0.011212620517575989,0.03188585280881554,35,0.15454005782281793,5.408902023798627,1.4053678023481648,-3.179447383916464,0.8894734990713674
round_trip_0_16pct,24,1.5,1.5,36,False,False,0.011212620517575989,0.03188585280881554,35,0.1370332757122506,4.796164649928771,1.3530357568965843,-3.2347166227162134,0.9901526245983449
round_trip_0_05pct,24,1.5,1.5,48,False,False,0.011212620517575989,0.03188585280881554,35,0.1677534443444776,5.871370552056716,1.4287439363731302,-3.1898152277598255,0.8379338271301507
round_trip_0_10pct,24,1.5,1.5,48,False,False,0.011212620517575989,0.03188585280881554,35,0.14586996670626845,5.105448834719396,1.3652369504513622,-3.343057887392188,0.9484268988983598
round_trip_0_12pct,24,1.5,1.5,48,False,False,0.011212620517575989,0.03188585280881554,35,0.13711657565098487,4.79908014778447,1.3405511433130493,-3.404354951245133,1.0024994084467278
round_trip_0_16pct,24,1.5,1.5,48,False,False,0.011212620517575989,0.03188585280881554,35,0.11960979354041754,4.186342773914614,1.2923549998947381,-3.5269490789510223,1.134387524529456
round_trip_0_05pct,24,1.5,2.0,12,False,True,0.011212620517575989,0.03188585280881554,32,0.2680713808125442,8.578284186001415,1.8710159702920197,-3.184906504881652,0.7673791965281188
round_trip_0_10pct,24,1.5,2.0,12,False,True,0.011212620517575989,0.03188585280881554,32,0.24591990165403307,7.869436852929058,1.778409745335763,-3.4013604856515522,0.8264392388010251
round_trip_0_12pct,24,1.5,2.0,12,False,True,0.011212620517575989,0.03188585280881554,32,0.23705930999062863,7.585897919700116,1.7426926121390678,-3.487942077959511,0.853153746800852
round_trip_0_16pct,24,1.5,2.0,12,False,True,0.011212620517575989,0.03188585280881554,32,0.21933812666381972,7.018820053242231,1.6734052005908497,-3.6611052625754317,0.9130578709034765
round_trip_0_05pct,24,1.5,2.0,24,True,False,0.011212620517575989,0.03188585280881554,32,0.30626090254430244,9.800348881417678,1.9632551189993699,-3.0827262160169036,0.6718789406737925
round_trip_0_10pct,24,1.5,2.0,24,True,False,0.011212620517575989,0.03188585280881554,32,0.28416637793580524,9.093324093945768,1.870880857159359,-3.15181276451659,0.7153747438138977
round_trip_0_12pct,24,1.5,2.0,24,True,False,0.011212620517575989,0.03188585280881554,32,0.27532856809240647,8.810514178957007,1.8352421192939543,-3.179447383916464,0.7347277140034739
round_trip_0_16pct,24,1.5,2.0,24,True,False,0.011212620517575989,0.03188585280881554,32,0.2576529484056087,8.244894348979479,1.7660892054270243,-3.2347166227162134,0.7774166370303829
round_trip_0_05pct,24,1.5,2.0,36,False,True,0.011212620517575989,0.03188585280881554,32,0.28052603307260343,8.97683305832331,1.7527161584542588,-3.1075881858060805,0.7335157044694308
round_trip_0_10pct,24,1.5,2.0,36,False,True,0.011212620517575989,0.03188585280881554,32,0.2584315084641063,8.269808270851401,1.6762063674848464,-3.260830845438444,0.7866124801286927
round_trip_0_12pct,24,1.5,2.0,36,False,True,0.011212620517575989,0.03188585280881554,32,0.24959369862070746,7.986998355862639,1.6466562767483026,-3.322127909291387,0.8104833197002858
round_trip_0_16pct,24,1.5,2.0,36,False,True,0.011212620517575989,0.03188585280881554,32,0.2319180789339097,7.42137852588511,1.589266785052173,-3.444722036997277,0.863682941800894
round_trip_0_05pct,24,1.5,2.0,48,False,False,0.011212620517575989,0.03188585280881554,32,0.24766670797198587,7.925334655103548,1.6225592900597536,-3.8435011837501465,0.8308353288829626
round_trip_0_10pct,24,1.5,2.0,48,False,False,0.011212620517575989,0.03188585280881554,32,0.22557218336348867,7.218309867631637,1.553871257963602,-3.996743843382508,0.90119910524949
round_trip_0_12pct,24,1.5,2.0,48,False,False,0.011212620517575989,0.03188585280881554,32,0.21673437352008987,6.935499952642876,1.5272798484862034,-4.058040907235452,0.9333615436668725
round_trip_0_16pct,24,1.5,2.0,48,False,False,0.011212620517575989,0.03188585280881554,32,0.19905875383329213,6.369880122665348,1.4755369175753006,-4.180635034941343,1.0062541074591551
round_trip_0_05pct,24,1.5,2.5,12,False,False,0.011212620517575989,0.03188585280881554,32,0.32323452072357417,10.343504663154373,1.9515365622313008,-3.184906504881652,0.7965769322087887
round_trip_0_10pct,24,1.5,2.5,12,False,False,0.011212620517575989,0.03188585280881554,32,0.3012482504489902,9.639944014367686,1.8643304651975527,-3.4013604856515514,0.8453982785819159
round_trip_0_12pct,24,1.5,2.5,12,False,False,0.011212620517575989,0.03188585280881554,32,0.2924537423391566,9.358519754853011,1.830673699901524,-3.4879420779595116,0.866982197282736
round_trip_0_16pct,24,1.5,2.5,12,False,False,0.011212620517575989,0.03188585280881554,32,0.2748647261194894,8.795671235823662,1.7653475907660652,-3.6611052625754334,0.9142935990639066
round_trip_0_05pct,24,1.5,2.5,24,False,True,0.011212620517575989,0.03188585280881554,31,0.29989527596177107,9.296753554814902,1.830369738677557,-3.0827262160169036,0.8862660674268951
round_trip_0_10pct,24,1.5,2.5,24,False,True,0.011212620517575989,0.03188585280881554,31,0.2784492389131851,8.63192640630874,1.7515846779399353,-3.15181276451659,0.9441220524558996
round_trip_0_12pct,24,1.5,2.5,24,False,True,0.011212620517575989,0.03188585280881554,31,0.26987082409375085,8.365995546906277,1.7211699683295605,-3.179447383916464,0.9698391512265112
round_trip_0_16pct,24,1.5,2.5,24,False,True,0.011212620517575989,0.03188585280881554,31,0.2527139944548822,7.834133828101347,1.6621238033064163,-3.2347166227162143,1.0265111736459935
round_trip_0_05pct,24,1.5,2.5,36,False,False,0.011212620517575989,0.03188585280881554,31,0.24559129426112455,7.613330122094861,1.5880089910268633,-3.0827262160169036,1.0822330150837702
round_trip_0_10pct,24,1.5,2.5,36,False,False,0.011212620517575989,0.03188585280881554,31,0.22414525721253864,6.948502973588698,1.5235004975964714,-3.15181276451659,1.1728558088481986
round_trip_0_12pct,24,1.5,2.5,36,False,False,0.011212620517575989,0.03188585280881554,31,0.21556684239310436,6.682572114186235,1.4985744210157161,-3.179447383916464,1.2141537542336558
round_trip_0_16pct,24,1.5,2.5,36,False,False,0.011212620517575989,0.03188585280881554,31,0.19841001275423567,6.150710395381306,1.4501474219030719,-3.2347166227162143,1.3074629422355613
round_trip_0_05pct,24,1.5,2.5,48,False,False,0.011212620517575989,0.03188585280881554,31,0.21790154876722082,6.754948011783846,1.4829825188803698,-3.5101678504168206,1.2197573095291598
round_trip_0_10pct,24,1.5,2.5,48,False,False,0.011212620517575989,0.03188585280881554,31,0.1964555117186349,6.090120863277682,1.4252173152393635,-3.6634105100491823,1.338165901519794
round_trip_0_12pct,24,1.5,2.5,48,False,False,0.011212620517575989,0.03188585280881554,31,0.18787709689920065,5.82419000387522,1.4028641032912468,-3.7247075739021263,1.3930984420113
round_trip_0_16pct,24,1.5,2.5,48,False,False,0.011212620517575989,0.03188585280881554,31,0.17072026726033196,5.29232828507029,1.3593834375625837,-3.8473017016080164,1.5200266945979166
round_trip_0_05pct,24,1.5,3.0,12,False,False,0.011212620517575989,0.03188585280881554,30,0.31252014030558356,9.375604209167507,1.8624958839929528,-3.184906504881651,1.0515797577441532
round_trip_0_10pct,24,1.5,3.0,12,False,False,0.011212620517575989,0.03188585280881554,30,0.29007610511402737,8.70228315342082,1.7802585196622027,-3.4013604856515514,1.1200763264377327
round_trip_0_12pct,24,1.5,3.0,12,False,False,0.011212620517575989,0.03188585280881554,30,0.28109849103740486,8.432954731122146,1.7485194123750951,-3.487942077959511,1.150537617324876
round_trip_0_16pct,24,1.5,3.0,12,False,False,0.011212620517575989,0.03188585280881554,30,0.26314326288415996,7.894297886524798,1.6869153821522533,-3.661105262575433,1.2176956552730316
round_trip_0_05pct,24,1.5,3.0,24,False,False,0.011212620517575989,0.03188585280881554,28,0.24314822638320951,6.808150338729867,1.6144528476947204,-3.0827262160169036,1.448145988624095
round_trip_0_10pct,24,1.5,3.0,24,False,False,0.011212620517575989,0.03188585280881554,28,0.22134324789468857,6.19761094105128,1.5457324628283335,-3.15181276451659,1.5727385017897193
round_trip_0_12pct,24,1.5,3.0,24,False,False,0.011212620517575989,0.03188585280881554,28,0.21262125649928024,5.953395181979847,1.5191721709192492,-3.179447383916464,1.6297308253149085
round_trip_0_16pct,24,1.5,3.0,24,False,False,0.011212620517575989,0.03188585280881554,28,0.19517727370846352,5.464963663836978,1.4675594322124872,-3.2347166227162134,1.7589965513335346
round_trip_0_05pct,24,1.5,3.0,36,False,False,0.011212620517575989,0.03188585280881554,28,0.22557257162397223,6.3160320054712225,1.4878132889643576,-3.0827262160169036,1.5618582151552978
round_trip_0_10pct,24,1.5,3.0,36,False,False,0.011212620517575989,0.03188585280881554,28,0.20376759313545126,5.705492607792635,1.42985204591052,-3.15181276451659,1.7099499836801872
round_trip_0_12pct,24,1.5,3.0,36,False,False,0.011212620517575989,0.03188585280881554,28,0.19504560174004296,5.4612768487212024,1.407455826339299,-3.179447383916464,1.778457944412414
round_trip_0_16pct,24,1.5,3.0,36,False,False,0.011212620517575989,0.03188585280881554,28,0.17760161894922621,4.972845330578334,1.3639438961007677,-3.2347166227162134,1.9356603657824
round_trip_0_05pct,24,1.5,3.0,48,False,False,0.011212620517575989,0.03188585280881554,28,0.17817639754533207,4.988939131269298,1.3567119071764655,-3.176834517083482,1.977323478071621
round_trip_0_10pct,24,1.5,3.0,48,False,False,0.011212620517575989,0.03188585280881554,28,0.15637141905681112,4.378399733590712,1.3057035191186974,-3.330077176715845,2.2282357905182617
round_trip_0_12pct,24,1.5,3.0,48,False,False,0.011212620517575989,0.03188585280881554,28,0.1476494276614028,4.134183974519278,1.2859649700005622,-3.391374240568789,2.3493514701104226
round_trip_0_16pct,24,1.5,3.0,48,False,False,0.011212620517575989,0.03188585280881554,28,0.13020544487058605,3.6457524563764094,1.247570252580691,-3.513968368274679,2.6422916232602196
round_trip_0_05pct,24,1.8,1.5,12,False,False,0.011212620517575989,0.03188585280881554,34,0.2037927865597066,6.928954743030024,1.8633658746595507,-2.0981349428051574,0.5911594308018969
round_trip_0_10pct,24,1.8,1.5,12,False,False,0.011212620517575989,0.03188585280881554,34,0.18521112239291893,6.297178161359244,1.7639822205368767,-2.1557070665548954,0.6392652572414891
round_trip_0_12pct,24,1.8,1.5,12,False,False,0.011212620517575989,0.03188585280881554,34,0.17777845672620388,6.044467528690932,1.725679082630753,-2.1787359160547908,0.6613233189446134
round_trip_0_16pct,24,1.8,1.5,12,False,False,0.011212620517575989,0.03188585280881554,34,0.16291312539277375,5.539046263354307,1.65141944826345,-2.224793615054582,0.711477637155602
round_trip_0_05pct,24,1.8,1.5,24,False,False,0.011212620517575989,0.03188585280881554,33,0.24559151528844725,8.10452000451876,2.019175072759214,-1.711128615675971,0.5054114172903392
round_trip_0_10pct,24,1.8,1.5,24,False,False,0.011212620517575989,0.03188585280881554,33,0.22708793586188153,7.49390188344209,1.9200628640787931,-1.7687007394257095,0.5374996883130886
round_trip_0_12pct,24,1.8,1.5,24,False,False,0.011212620517575989,0.03188585280881554,33,0.21968650409125526,7.2496546350114235,1.881720467428612,-1.7917295889256053,0.5519739400908704
round_trip_0_16pct,24,1.8,1.5,24,False,False,0.011212620517575989,0.03188585280881554,33,0.20488364055000266,6.761160138150088,1.8071553573436365,-1.837787287925396,0.5840597420664505
round_trip_0_05pct,24,1.8,1.5,36,False,False,0.011212620517575989,0.03188585280881554,33,0.27306126791309904,9.011021841132267,2.0848233952815787,-1.644268162001552,0.4545674191182563
round_trip_0_10pct,24,1.8,1.5,36,False,False,0.011212620517575989,0.03188585280881554,33,0.25455768848653326,8.400403720055598,1.98940580396622,-1.6747948165583582,0.47949718380586737
round_trip_0_12pct,24,1.8,1.5,36,False,False,0.011212620517575989,0.03188585280881554,33,0.247156256715907,8.15615647162493,1.9523862642572583,-1.6870054783810797,0.49062575578421486
round_trip_0_16pct,24,1.8,1.5,36,False,False,0.011212620517575989,0.03188585280881554,33,0.2323533931746544,7.667661974763595,1.8802229541502062,-1.7114268020265246,0.5150098503761518
round_trip_0_05pct,24,1.8,1.5,48,False,False,0.011212620517575989,0.03188585280881554,33,0.2545625148916821,8.400562991425508,1.8830297459265528,-2.0385215304111526,0.4876002889476167
round_trip_0_10pct,24,1.8,1.5,48,False,False,0.011212620517575989,0.03188585280881554,33,0.23605893546511633,7.7899448703488385,1.804612302171955,-2.069048184967958,0.5170729695316336
round_trip_0_12pct,24,1.8,1.5,48,False,False,0.011212620517575989,0.03188585280881554,33,0.22865750369449006,7.545697621918172,1.7740033017664483,-2.0812588467906794,0.5303181539585806
round_trip_0_16pct,24,1.8,1.5,48,False,False,0.011212620517575989,0.03188585280881554,33,0.21385464015323746,7.057203125056836,1.714036020253842,-2.1056801704361234,0.5595589890755913
round_trip_0_05pct,24,1.8,2.0,12,False,False,0.011212620517575989,0.03188585280881554,31,0.21155404583696175,6.5581754209458145,1.8518248390425673,-2.349951850192447,0.8353888483470061
round_trip_0_10pct,24,1.8,2.0,12,False,False,0.011212620517575989,0.03188585280881554,31,0.19283570508620776,5.977906857672441,1.7551196494447714,-2.530330167500697,0.90417564277618
round_trip_0_12pct,24,1.8,2.0,12,False,False,0.011212620517575989,0.03188585280881554,31,0.1853483687859062,5.745799432363092,1.7179094734947855,-2.6024814944239965,0.9356449775551237
round_trip_0_16pct,24,1.8,2.0,12,False,False,0.011212620517575989,0.03188585280881554,31,0.170373696185303,5.281584581744393,1.645864711796632,-2.7467841482705975,1.0068814594365916
round_trip_0_05pct,24,1.8,2.0,24,False,True,0.011212620517575989,0.03188585280881554,31,0.29119394349729966,9.02701224841629,2.1351820786361646,-1.711128615675971,0.6072807718987784
round_trip_0_10pct,24,1.8,2.0,24,False,True,0.011212620517575989,0.03188585280881554,31,0.272524595907848,8.448262473143288,2.0372343658120258,-1.7687007394257104,0.6408174975719493
round_trip_0_12pct,24,1.8,2.0,24,False,True,0.011212620517575989,0.03188585280881554,31,0.2650568568720674,8.21676256303409,1.9993424642382183,-1.7917295889256053,0.6555905689630195
round_trip_0_16pct,24,1.8,2.0,24,False,True,0.011212620517575989,0.03188585280881554,31,0.25012137880050606,7.753762742815688,1.925653439580792,-1.837787287925396,0.6877831414690296
round_trip_0_05pct,24,1.8,2.0,36,False,False,0.011212620517575989,0.03188585280881554,31,0.3047025077301805,9.445777739635595,2.1339247874845606,-2.0349736712796984,0.5803578188331855
round_trip_0_10pct,24,1.8,2.0,36,False,False,0.011212620517575989,0.03188585280881554,31,0.2860331601407288,8.867027964362594,2.038850241612803,-2.092545795029437,0.6105534389458599
round_trip_0_12pct,24,1.8,2.0,36,False,False,0.011212620517575989,0.03188585280881554,31,0.27856542110494825,8.635528054253395,2.0013562401922003,-2.1155746445293326,0.623798800709158
round_trip_0_16pct,24,1.8,2.0,36,False,False,0.011212620517575989,0.03188585280881554,31,0.2636299430333869,8.172528234034994,1.928628126436879,-2.1616323435291234,0.6525407003490149
round_trip_0_05pct,24,1.8,2.0,48,False,False,0.011212620517575989,0.03188585280881554,31,0.29851144064659,9.25385466004429,1.967839137159942,-2.494441439307799,0.5923943229654888
round_trip_0_10pct,24,1.8,2.0,48,False,False,0.011212620517575989,0.03188585280881554,31,0.2798420930571384,8.67510488477129,1.888585402024537,-2.6221436556681006,0.6240609754902599
round_trip_0_12pct,24,1.8,2.0,48,False,False,0.011212620517575989,0.03188585280881554,31,0.27237435402135773,8.44360497466209,1.8577922986171318,-2.673224542212222,0.6379777429070379
round_trip_0_16pct,24,1.8,2.0,48,False,False,0.011212620517575989,0.03188585280881554,31,0.2574388759497965,7.9806051544436905,1.7976943423176792,-2.7753863153004605,0.6682334477467377
round_trip_0_05pct,24,1.8,2.5,12,False,False,0.011212620517575989,0.03188585280881554,29,0.26005819342979175,7.541687609463961,1.9795707527924695,-2.349951850192447,0.9092413492599333
round_trip_0_10pct,24,1.8,2.5,12,False,False,0.011212620517575989,0.03188585280881554,29,0.2413021710020777,6.997762959060253,1.8839462437861771,-2.530330167500697,0.9683349433007404
round_trip_0_12pct,24,1.8,2.5,12,False,False,0.011212620517575989,0.03188585280881554,29,0.23379976203099206,6.78019309889877,1.8471518915900442,-2.6024814944239965,0.994627139966858
round_trip_0_16pct,24,1.8,2.5,12,False,False,0.011212620517575989,0.03188585280881554,29,0.2187949440888208,6.345053378575804,1.7759122301766894,-2.7467841482705975,1.0526208396144352
round_trip_0_05pct,24,1.8,2.5,24,False,False,0.011212620517575989,0.03188585280881554,28,0.32519228934817596,9.105384101748927,2.1450376455640066,-1.711128615675971,0.7530944484163854
round_trip_0_10pct,24,1.8,2.5,24,False,False,0.011212620517575989,0.03188585280881554,28,0.3069191917230592,8.593737368245657,2.055095027817113,-1.7687007394257095,0.7885019180632622
round_trip_0_12pct,24,1.8,2.5,24,False,False,0.011212620517575989,0.03188585280881554,28,0.29960995267301255,8.38907867484435,2.0202999650158517,-1.7917295889256053,0.8038742192992765
round_trip_0_16pct,24,1.8,2.5,24,False,False,0.011212620517575989,0.03188585280881554,28,0.28499147457291907,7.979761288041734,1.9526334153251594,-1.837787287925396,0.8369843625226926
round_trip_0_05pct,24,1.8,2.5,36,False,False,0.011212620517575989,0.03188585280881554,28,0.32202030352139677,9.01656849859911,2.0824000733907178,-2.0349736712796984,0.7609648734132017
round_trip_0_10pct,24,1.8,2.5,36,False,False,0.011212620517575989,0.03188585280881554,28,0.30374720589628,8.50492176509584,1.996426318500162,-2.092545795029438,0.7982094533400456
round_trip_0_12pct,24,1.8,2.5,36,False,False,0.011212620517575989,0.03188585280881554,28,0.29643796684623336,8.300263071694534,1.962479673490771,-2.1155746445293326,0.8143929551501093
round_trip_0_16pct,24,1.8,2.5,36,False,False,0.011212620517575989,0.03188585280881554,28,0.28181948874613993,7.890945684891918,1.8966324615018735,-2.1616323435291234,0.8492783598344696
round_trip_0_05pct,24,1.8,2.5,48,False,False,0.011212620517575989,0.03188585280881554,28,0.34299374884290923,9.603824967601458,2.004441717699726,-2.2166636615300277,0.7144332523035904
round_trip_0_10pct,24,1.8,2.5,48,False,False,0.011212620517575989,0.03188585280881554,28,0.3247206512177924,9.092178234098188,1.9313059563818615,-2.344365877890331,0.7466537476528414
round_trip_0_12pct,24,1.8,2.5,48,False,False,0.011212620517575989,0.03188585280881554,28,0.3174114121677457,8.88751954069688,1.90288991949486,-2.3954467644344506,0.7605806930187184
round_trip_0_16pct,24,1.8,2.5,48,False,False,0.011212620517575989,0.03188585280881554,28,0.30279293406765234,8.478202153894266,1.8474312110806905,-2.497608537522691,0.7907126125763917
round_trip_0_05pct,24,1.8,3.0,12,False,False,0.011212620517575989,0.03188585280881554,28,0.28961667404106045,8.109266873149693,2.053292189609918,-2.349951850192447,1.0130298469077044
round_trip_0_10pct,24,1.8,3.0,12,False,False,0.011212620517575989,0.03188585280881554,28,0.2705648560737578,7.575815970065218,1.9569649771694737,-2.5303301675006953,1.0719278820591738
round_trip_0_12pct,24,1.8,3.0,12,False,False,0.011212620517575989,0.03188585280881554,28,0.2629441288868367,7.3624356088314284,1.9199002390867694,-2.6024814944239965,1.0978768973428932
round_trip_0_16pct,24,1.8,3.0,12,False,False,0.011212620517575989,0.03188585280881554,28,0.24770267451299458,6.935674886363848,1.8481370680079203,-2.7467841482705975,1.154564953693508
round_trip_0_05pct,24,1.8,3.0,24,False,False,0.011212620517575989,0.03188585280881554,26,0.3232965793725456,8.405711063686185,2.070047497659086,-1.711128615675971,0.9773033258935301
round_trip_0_10pct,24,1.8,3.0,24,False,False,0.011212620517575989,0.03188585280881554,26,0.3047914695766074,7.924578208991793,1.98589762083135,-1.768700739425709,1.0247521260434675
round_trip_0_12pct,24,1.8,3.0,24,False,False,0.011212620517575989,0.03188585280881554,26,0.29738942565823223,7.732125067114038,1.9532978446205078,-1.7917295889256053,1.045385051709675
round_trip_0_16pct,24,1.8,3.0,24,False,False,0.011212620517575989,0.03188585280881554,26,0.2825853378214817,7.3472187833585245,1.8898273708886741,-1.8377872879253951,1.0898936577396254
round_trip_0_05pct,24,1.8,3.0,36,False,False,0.011212620517575989,0.03188585280881554,26,0.3071577701958933,7.986102025093225,1.958697027523242,-2.0349736712796984,1.029232418999505
round_trip_0_10pct,24,1.8,3.0,36,False,False,0.011212620517575989,0.03188585280881554,26,0.28865266039995513,7.504969170398833,1.8792730853337192,-2.092545795029437,1.0830335058918075
round_trip_0_12pct,24,1.8,3.0,36,False,False,0.011212620517575989,0.03188585280881554,26,0.2812506164815799,7.3125160285210775,1.8479427674441324,-2.1155746445293326,1.1065362766102316
round_trip_0_16pct,24,1.8,3.0,36,False,False,0.011212620517575989,0.03188585280881554,26,0.2664465286448294,6.927609744765564,1.7871705148935635,-2.1616323435291234,1.1574593442076822
round_trip_0_05pct,24,1.8,3.0,48,False,False,0.011212620517575989,0.03188585280881554,26,0.3273725153255574,8.511685398464492,1.8902173801579158,-2.056515406881042,0.9663314673656588
round_trip_0_10pct,24,1.8,3.0,48,False,False,0.011212620517575989,0.03188585280881554,26,0.3088674055296192,8.0305525437701,1.822564321165928,-2.1059098645595498,1.0132747359786045
round_trip_0_12pct,24,1.8,3.0,48,False,False,0.011212620517575989,0.03188585280881554,26,0.301465361611244,7.838099401892343,1.796278523558934,-2.1256676476309524,1.0336657166754066
round_trip_0_16pct,24,1.8,3.0,48,False,False,0.011212620517575989,0.03188585280881554,26,0.28666127377449346,7.453193118136831,1.7449773378687157,-2.2198307597449105,1.0776068407839967
round_trip_0_05pct,24,2.0,1.5,12,False,False,0.011212620517575989,0.03188585280881554,32,0.2009877617852547,6.431608377128151,1.9857812002994073,-2.045628070229369,0.5731855908480644
round_trip_0_10pct,24,2.0,1.5,12,False,False,0.011212620517575989,0.03188585280881554,32,0.18427694799222952,5.8968623357513446,1.8819841129049675,-2.081027125043657,0.6143963160763697
round_trip_0_12pct,24,2.0,1.5,12,False,False,0.011212620517575989,0.03188585280881554,32,0.1775926224750195,5.682963919200624,1.8418561415388657,-2.0951867469693726,0.6330521618198476
round_trip_0_16pct,24,2.0,1.5,12,False,False,0.011212620517575989,0.03188585280881554,32,0.16422397144059936,5.2551670860991795,1.7638613772070955,-2.123505990820803,0.6749198902113198
round_trip_0_05pct,24,2.0,1.5,24,False,False,0.011212620517575989,0.03188585280881554,31,0.23566947572215755,7.305753747386884,2.068213055850402,-2.045628070229369,0.5046029985702907
round_trip_0_10pct,24,2.0,1.5,24,False,False,0.011212620517575989,0.03188585280881554,31,0.2189915647719458,6.78873850793032,1.970470448500104,-2.081027125043657,0.5339980218275187
round_trip_0_12pct,24,2.0,1.5,24,False,False,0.011212620517575989,0.03188585280881554,31,0.21232040039186115,6.581932412147696,1.9325838570869232,-2.0951867469693726,0.5471734081042628
round_trip_0_16pct,24,2.0,1.5,24,False,False,0.011212620517575989,0.03188585280881554,31,0.19897807163169176,6.168320220582444,1.8587865338126857,-2.123505990820803,0.5761745782689808
round_trip_0_05pct,24,2.0,1.5,36,False,False,0.011212620517575989,0.03188585280881554,31,0.24832603137167125,7.698106972521809,2.0754263115930462,-2.045628070229369,0.47888464799286934
round_trip_0_10pct,24,2.0,1.5,36,False,False,0.011212620517575989,0.03188585280881554,31,0.23164812042145952,7.181091733065245,1.9828853489949128,-2.081027125043657,0.5048219781467251
round_trip_0_12pct,24,2.0,1.5,36,False,False,0.011212620517575989,0.03188585280881554,31,0.22497695604137485,6.9742856372826205,1.9469099006464625,-2.0951867469693726,0.5163910079355449
round_trip_0_16pct,24,2.0,1.5,36,False,False,0.011212620517575989,0.03188585280881554,31,0.21163462728120547,6.560673445717369,1.8766658583595515,-2.123505990820803,0.5417171470471664
round_trip_0_05pct,24,2.0,1.5,48,False,False,0.011212620517575989,0.03188585280881554,31,0.23293657853145333,7.221033934475053,1.8836246035779782,-2.0456280702293697,0.5105231856268181
round_trip_0_10pct,24,2.0,1.5,48,False,False,0.011212620517575989,0.03188585280881554,31,0.21625866758124157,6.704018695018489,1.8071365848106864,-2.081027125043657,0.5407462447312125
round_trip_0_12pct,24,2.0,1.5,48,False,False,0.011212620517575989,0.03188585280881554,31,0.20958750320115693,6.497212599235865,1.7772273046586597,-2.0951867469693726,0.5543082260060773
round_trip_0_16pct,24,2.0,1.5,48,False,False,0.011212620517575989,0.03188585280881554,31,0.19624517444098752,6.083600407670613,1.7185437170954994,-2.123505990820803,0.5841983469593034
round_trip_0_05pct,24,2.0,2.0,12,False,False,0.011212620517575989,0.03188585280881554,30,0.1846460321331499,5.539380963994497,1.846878638652543,-2.372263286877934,0.8900522845582115
round_trip_0_10pct,24,2.0,2.0,12,False,False,0.011212620517575989,0.03188585280881554,30,0.16778101772852969,5.033430531855891,1.7490839800464861,-2.518187915894882,0.9664521973941442
round_trip_0_12pct,24,2.0,2.0,12,False,False,0.011212620517575989,0.03188585280881554,30,0.16103501196668163,4.831050359000449,1.7114057092107864,-2.5765577675016615,1.0015266211875555
round_trip_0_16pct,24,2.0,2.0,12,False,False,0.011212620517575989,0.03188585280881554,30,0.14754300044298546,4.426290013289564,1.6383772610089464,-2.69329747071522,1.0812975693536035
round_trip_0_05pct,24,2.0,2.0,24,False,False,0.011212620517575989,0.03188585280881554,29,0.28049680334747235,8.134407297076699,2.189374892282687,-2.045628070229369,0.6065270264147253
round_trip_0_10pct,24,2.0,2.0,24,False,False,0.011212620517575989,0.03188585280881554,29,0.2637087784847817,7.64755457605867,2.093240770827589,-2.081027125043657,0.6371206542856375
round_trip_0_12pct,24,2.0,2.0,24,False,False,0.011212620517575989,0.03188585280881554,29,0.2569935685397055,7.45281348765146,2.0559776541666923,-2.0951867469693726,0.65051256782329
round_trip_0_16pct,24,2.0,2.0,24,False,False,0.011212620517575989,0.03188585280881554,29,0.243563148649553,7.063331310837037,1.9833947649740498,-2.123505990820803,0.679511742617746
round_trip_0_05pct,24,2.0,2.0,36,False,False,0.011212620517575989,0.03188585280881554,29,0.30354333755922164,8.802756789217428,2.22608922709358,-2.0456280702293688,0.560476449330686
round_trip_0_10pct,24,2.0,2.0,36,False,False,0.011212620517575989,0.03188585280881554,29,0.28675531269653104,8.3159040681994,2.1322683760860084,-2.081027125043657,0.5859152456815943
round_trip_0_12pct,24,2.0,2.0,36,False,False,0.011212620517575989,0.03188585280881554,29,0.28004010275145486,8.12116297979219,2.0959093378505353,-2.0951867469693726,0.5969771634215201
round_trip_0_16pct,24,2.0,2.0,36,False,False,0.011212620517575989,0.03188585280881554,29,0.2666096828613023,7.731680802977767,2.0250993503857018,-2.123505990820803,0.6207727258819127
round_trip_0_05pct,24,2.0,2.0,48,False,False,0.011212620517575989,0.03188585280881554,29,0.2668315567746903,7.738115146466018,1.9419180324910859,-2.0456280702293697,0.6375890996912086
round_trip_0_10pct,24,2.0,2.0,48,False,False,0.011212620517575989,0.03188585280881554,29,0.25004353191199963,7.251262425447989,1.8654069427204434,-2.081027125043657,0.6719402345837178
round_trip_0_12pct,24,2.0,2.0,48,False,False,0.011212620517575989,0.03188585280881554,29,0.24332832196692342,7.056521337040779,1.835633328969022,-2.0951867469693726,0.6870451611775781
round_trip_0_16pct,24,2.0,2.0,48,False,False,0.011212620517575989,0.03188585280881554,29,0.2298979020767709,6.667039160226357,1.777450537293776,-2.123505990820803,0.7199022613136128
round_trip_0_05pct,24,2.0,2.5,12,False,False,0.011212620517575989,0.03188585280881554,28,0.22051935477360127,6.174541933660835,1.9439841204405965,-2.372263286877933,0.9992735441554704
round_trip_0_10pct,24,2.0,2.5,12,False,False,0.011212620517575989,0.03188585280881554,28,0.2036178936823189,5.701301023104929,1.848477640607441,-2.518187915894882,1.0691748681460689
round_trip_0_12pct,24,2.0,2.5,12,False,False,0.011212620517575989,0.03188585280881554,28,0.19685730924580594,5.512004658882566,1.811680957997057,-2.5765577675016615,1.100496224560587
round_trip_0_16pct,24,2.0,2.5,12,False,False,0.011212620517575989,0.03188585280881554,28,0.18333614037278004,5.133411930437841,1.7403612140064209,-2.693297470715221,1.1700688533661208
round_trip_0_05pct,24,2.0,2.5,24,False,False,0.011212620517575989,0.03188585280881554,26,0.2925792059391002,7.607059354416605,2.1122685488712563,-2.045628070229369,0.8107632930371488
round_trip_0_10pct,24,2.0,2.5,24,False,False,0.011212620517575989,0.03188585280881554,26,0.2761567493116032,7.180075482101684,2.0264132379292614,-2.081027125043657,0.8486872433393938
round_trip_0_12pct,24,2.0,2.5,24,False,False,0.011212620517575989,0.03188585280881554,26,0.26958776666060447,7.009281933175717,1.993134351939926,-2.0951867469693726,0.8651505412151815
round_trip_0_16pct,24,2.0,2.5,24,False,False,0.011212620517575989,0.03188585280881554,26,0.2564498013586069,6.66769483532378,1.9283121386988828,-2.123505990820803,0.9006073893019433
round_trip_0_05pct,24,2.0,2.5,36,False,False,0.011212620517575989,0.03188585280881554,25,0.28724254805848615,7.181063701462153,2.0002122124083166,-2.0456280702293688,0.8595412904728401
round_trip_0_10pct,24,2.0,2.5,36,False,False,0.011212620517575989,0.03188585280881554,25,0.27090559345510257,6.772639836377564,1.9221421803884573,-2.081027125043657,0.9016677368861837
round_trip_0_12pct,24,2.0,2.5,36,False,False,0.011212620517575989,0.03188585280881554,25,0.26437081161374915,6.609270290343729,1.8918871651251057,-2.0951867469693726,0.9199761238590952
round_trip_0_16pct,24,2.0,2.5,36,False,False,0.011212620517575989,0.03188585280881554,25,0.2513012479310423,6.282531198276057,1.8329648900728435,-2.123505990820803,0.9594494211780429
round_trip_0_05pct,24,2.0,2.5,48,False,False,0.011212620517575989,0.03188585280881554,25,0.26270734609780105,6.567683652445026,1.7994478690020685,-2.0456280702293697,0.9398170020909232
round_trip_0_10pct,24,2.0,2.5,48,False,False,0.011212620517575989,0.03188585280881554,25,0.24637039149441745,6.159259787360436,1.7350811306034417,-2.081027125043657,0.9916718809653503
round_trip_0_12pct,24,2.0,2.5,48,False,False,0.011212620517575989,0.03188585280881554,25,0.23983560965306405,5.9958902413266015,1.7100333837570123,-2.0951867469693726,1.0145487425781108
round_trip_0_16pct,24,2.0,2.5,48,False,False,0.011212620517575989,0.03188585280881554,25,0.2267660459703572,5.66915114925893,1.6610857535208088,-2.123505990820803,1.064257960089768
round_trip_0_05pct,24,2.0,3.0,12,False,False,0.011212620517575989,0.03188585280881554,27,0.2590681937744785,6.994841231910919,2.069394154071632,-2.372263286877933,1.0569841681905747
round_trip_0_10pct,24,2.0,3.0,12,False,False,0.011212620517575989,0.03188585280881554,27,0.2418898775534193,6.531026693942321,1.9719588735208606,-2.518187915894882,1.1190668593767676
round_trip_0_12pct,24,2.0,3.0,12,False,False,0.011212620517575989,0.03188585280881554,27,0.23501855106499564,6.345500878754883,1.9344190636593332,-2.5765577675016615,1.146441125105804
round_trip_0_16pct,24,2.0,3.0,12,False,False,0.011212620517575989,0.03188585280881554,27,0.22127589808814835,5.974449248380005,1.8616589820745397,-2.693297470715221,1.2062900091688442
round_trip_0_05pct,24,2.0,3.0,24,False,False,0.011212620517575989,0.03188585280881554,25,0.3275188223652216,8.187970559130541,2.212618716188065,-2.0456280702293688,0.9029632419588948
round_trip_0_10pct,24,2.0,3.0,24,False,False,0.011212620517575989,0.03188585280881554,25,0.3108165223761171,7.770413059402928,2.126317292136059,-2.081027125043657,0.9405749057383389
round_trip_0_12pct,24,2.0,3.0,24,False,False,0.011212620517575989,0.03188585280881554,25,0.3041356023804754,7.603390059511884,2.09281538813833,-2.0951867469693726,0.9567762681987977
round_trip_0_16pct,24,2.0,3.0,24,False,False,0.011212620517575989,0.03188585280881554,25,0.2907737623891918,7.269344059729795,2.0274782296022833,-2.123505990820803,0.9914124822529031
round_trip_0_05pct,24,2.0,3.0,36,False,False,0.011212620517575989,0.03188585280881554,24,0.3120441323724283,7.489059176938278,2.0431112659113517,-2.0456280702293688,0.9875394729229094
round_trip_0_10pct,24,2.0,3.0,36,False,False,0.011212620517575989,0.03188585280881554,24,0.29541923685170823,7.090061684440998,1.9653613803086918,-2.081027125043657,1.0315129972929014
round_trip_0_12pct,24,2.0,3.0,36,False,False,0.011212620517575989,0.03188585280881554,24,0.2887692786434202,6.930462687442086,1.935230433583399,-2.0951867469693726,1.0505201165042712
round_trip_0_16pct,24,2.0,3.0,36,False,False,0.011212620517575989,0.03188585280881554,24,0.2754693622268442,6.611264693444261,1.8765497846040768,-2.123505990820803,1.0912873989837537
round_trip_0_05pct,24,2.0,3.0,48,False,False,0.011212620517575989,0.03188585280881554,24,0.27380451392399047,6.571308334175772,1.7998890814962754,-2.0456280702293697,1.12545952437183
round_trip_0_10pct,24,2.0,3.0,48,False,False,0.011212620517575989,0.03188585280881554,24,0.25717961840327047,6.172310841678491,1.736638717731585,-2.081027125043657,1.1848869842596048
round_trip_0_12pct,24,2.0,3.0,48,False,False,0.011212620517575989,0.03188585280881554,24,0.25052966019498246,6.012711844679579,1.7120253981982725,-2.0951867469693726,1.2108663541364422
round_trip_0_16pct,24,2.0,3.0,48,False,False,0.011212620517575989,0.03188585280881554,24,0.23722974377840647,5.6935138506817555,1.6639267140815475,-2.123505990820803,1.2681695722467117
round_trip_0_05pct,48,1.2,1.5,12,False,False,0.017587255115610878,0.03188585280881554,26,0.25692254872797693,6.6799862669274,1.681129981280652,-3.7644695620353996,0.9175266416682342
round_trip_0_10pct,48,1.2,1.5,12,False,False,0.017587255115610878,0.03188585280881554,26,0.2257657794865455,5.869910266650183,1.5781386622360278,-4.227952548429471,1.0235472875799754
round_trip_0_12pct,48,1.2,1.5,12,False,False,0.017587255115610878,0.03188585280881554,26,0.213303071789973,5.545879866539297,1.5388806491754785,-4.413345742987099,1.0746278357162
round_trip_0_16pct,48,1.2,1.5,12,False,False,0.017587255115610878,0.03188585280881554,26,0.18837765639682777,4.897819066317522,1.4634484967715933,-4.784132132102356,1.1970652838420177
round_trip_0_05pct,48,1.2,1.5,24,False,False,0.017587255115610878,0.03188585280881554,24,0.21868771761902406,5.248505222856577,1.4985859721634263,-4.675275456798218,1.1675538489841268
round_trip_0_10pct,48,1.2,1.5,24,False,False,0.017587255115610878,0.03188585280881554,24,0.18763082514101462,4.503139803384351,1.4146714771265805,-5.137770669520947,1.334906770426569
round_trip_0_12pct,48,1.2,1.5,24,False,False,0.017587255115610878,0.03188585280881554,24,0.1752080681498109,4.204993635595462,1.3825281647263366,-5.322768754610038,1.4184600652345007
round_trip_0_16pct,48,1.2,1.5,24,False,False,0.017587255115610878,0.03188585280881554,24,0.1503625541674033,3.608701300017679,1.3205215299062536,-5.692764924788224,1.6269850365595941
round_trip_0_05pct,48,1.2,1.5,36,False,False,0.017587255115610878,0.03188585280881554,24,0.2514049282572353,6.033718278173647,1.5811763434011017,-3.8900624014811473,1.01561130166229
round_trip_0_10pct,48,1.2,1.5,36,False,False,0.017587255115610878,0.03188585280881554,24,0.22034803577922588,5.288352858701421,1.4942870560402972,-4.352557614203878,1.1367002112622329
round_trip_0_12pct,48,1.2,1.5,36,False,False,0.017587255115610878,0.03188585280881554,24,0.20792527878802214,4.990206690912531,1.460956344164072,-4.5375556992929695,1.1952642277361627
round_trip_0_16pct,48,1.2,1.5,36,False,False,0.017587255115610878,0.03188585280881554,24,0.18307976480561453,4.393914355334749,1.3965839937140836,-4.9075518694711535,1.3362351975325688
round_trip_0_05pct,48,1.2,1.5,48,False,False,0.017587255115610878,0.03188585280881554,24,0.27274219823520657,6.545812757644958,1.6305020134662132,-3.6951843526942767,0.9361576172802382
round_trip_0_10pct,48,1.2,1.5,48,False,False,0.017587255115610878,0.03188585280881554,24,0.24168530575719716,5.800447338172732,1.5421510468585116,-4.063154906286011,1.0363462438758768
round_trip_0_12pct,48,1.2,1.5,48,False,False,0.017587255115610878,0.03188585280881554,24,0.22926254876599342,5.502301170383842,1.5082596351386857,-4.2103431277227035,1.0840220049680243
round_trip_0_16pct,48,1.2,1.5,48,False,False,0.017587255115610878,0.03188585280881554,24,0.20441703478358586,4.906008834806061,1.4428043925211504,-4.504719570596091,1.1967575302530038
round_trip_0_05pct,48,1.2,2.0,12,False,False,0.017587255115610878,0.03188585280881554,22,0.2037558802261791,4.48262936497594,1.5021784777523202,-5.013075863209062,1.8256734599415556
round_trip_0_10pct,48,1.2,2.0,12,False,False,0.017587255115610878,0.03188585280881554,22,0.17159400808859612,3.7750681779491146,1.4054699508983919,-5.399819420243537,2.1282533752314765
round_trip_0_12pct,48,1.2,2.0,12,False,False,0.017587255115610878,0.03188585280881554,22,0.15872925923356299,3.4920437031383855,1.3689838707982294,-5.588198495718308,2.283618396844641
round_trip_0_16pct,48,1.2,2.0,12,False,False,0.017587255115610878,0.03188585280881554,22,0.13299976152349655,2.925994753516924,1.299452898055026,-5.96495664666785,2.684516961924617
round_trip_0_05pct,48,1.2,2.0,24,False,False,0.017587255115610878,0.03188585280881554,21,0.13329359755940265,2.7991655487474554,1.2695888351998506,-6.177905424076853,2.921185999232633
round_trip_0_10pct,48,1.2,2.0,24,False,False,0.017587255115610878,0.03188585280881554,21,0.10106318783649491,2.1223269445663933,1.1983274820486864,-6.625677789492075,3.786401529435854
round_trip_0_12pct,48,1.2,2.0,24,False,False,0.017587255115610878,0.03188585280881554,21,0.08817102394733188,1.8515915028939696,1.1709950054801521,-6.804786735658164,4.309601490248117
round_trip_0_16pct,48,1.2,2.0,24,False,False,0.017587255115610878,0.03188585280881554,21,0.06238669616900566,1.3101206195491188,1.1182124589592937,-7.163004627990341,6.004714684650171
round_trip_0_05pct,48,1.2,2.0,36,False,False,0.017587255115610878,0.03188585280881554,21,0.24916573202031472,5.232480372426609,1.5022213677956562,-3.602912415021192,1.5627164611308986
round_trip_0_10pct,48,1.2,2.0,36,False,False,0.017587255115610878,0.03188585280881554,21,0.216935322297407,4.555641768245547,1.4231898428168934,-4.014195873328576,1.7639626638079369
round_trip_0_12pct,48,1.2,2.0,36,False,False,0.017587255115610878,0.03188585280881554,21,0.20404315840824397,4.2849063265731235,1.392983008352127,-4.204625501367686,1.862262764232782
round_trip_0_16pct,48,1.2,2.0,36,False,False,0.017587255115610878,0.03188585280881554,21,0.17825883062991776,3.743435443228273,1.3348150106684717,-4.585484757445907,2.101518950220041
round_trip_0_05pct,48,1.2,2.0,48,False,False,0.017587255115610878,0.03188585280881554,21,0.27594009463325425,5.794741987298339,1.556647085083974,-3.04924179910196,1.4110866762417622
round_trip_0_10pct,48,1.2,2.0,48,False,False,0.017587255115610878,0.03188585280881554,21,0.2437096849103465,5.117903383117277,1.475800044943212,-3.451934258456846,1.570170710017284
round_trip_0_12pct,48,1.2,2.0,48,False,False,0.017587255115610878,0.03188585280881554,21,0.2308175210211835,4.847167941444853,1.4449004319030068,-3.6423638864959584,1.6462440741890243
round_trip_0_16pct,48,1.2,2.0,48,False,False,0.017587255115610878,0.03188585280881554,21,0.20503319324285726,4.3056970581000025,1.3854001468797106,-4.02322314257418,1.828136742362219
round_trip_0_05pct,48,1.2,2.5,12,False,False,0.017587255115610878,0.03188585280881554,21,0.1071951031070182,2.251097165247382,1.225653402475778,-5.550838489707191,4.545715352084674
round_trip_0_10pct,48,1.2,2.5,12,False,False,0.017587255115610878,0.03188585280881554,21,0.07495154723514025,1.5739824919379453,1.1513932510565341,-6.053980699075147,6.397904315262384
round_trip_0_12pct,48,1.2,2.5,12,False,False,0.017587255115610878,0.03188585280881554,21,0.06205412488638914,1.3031366226141718,1.1233453162550835,-6.255237582822331,7.677726323839695
round_trip_0_16pct,48,1.2,2.5,12,False,False,0.017587255115610878,0.03188585280881554,21,0.03625928018888678,0.7614448839666224,1.069847457771719,-6.657751350316698,12.968765706240628
round_trip_0_05pct,48,1.2,2.5,24,False,False,0.017587255115610878,0.03188585280881554,19,0.24721083450704776,4.697005855633908,1.5021174364490604,-4.721638488264742,2.182291012397171
round_trip_0_10pct,48,1.2,2.5,24,False,False,0.017587255115610878,0.03188585280881554,19,0.21492705207674315,4.08361398945812,1.423436067033445,-5.1364106293920795,2.476147541693857
round_trip_0_12pct,48,1.2,2.5,24,False,False,0.017587255115610878,0.03188585280881554,19,0.20201353910462136,3.838257242987806,1.3932709193823536,-5.302319485843013,2.6199884310812878
round_trip_0_16pct,48,1.2,2.5,24,False,False,0.017587255115610878,0.03188585280881554,19,0.1761865131603777,3.3475437500471763,1.335038967579203,-5.634137198744882,2.9709267381013738
round_trip_0_05pct,48,1.2,2.5,36,False,False,0.017587255115610878,0.03188585280881554,19,0.39590590468128406,7.522212188944398,1.801089365071035,-2.1582205362535216,1.3626621273714947
round_trip_0_10pct,48,1.2,2.5,36,False,False,0.017587255115610878,0.03188585280881554,19,0.36362212225097945,6.90882032276861,1.711671714339,-2.38222284071444,1.4635828214984288
round_trip_0_12pct,48,1.2,2.5,36,False,False,0.017587255115610878,0.03188585280881554,19,0.3507086092788577,6.663463576298296,1.6775231858228263,-2.476453785316581,1.5091535290913152
round_trip_0_16pct,48,1.2,2.5,36,False,False,0.017587255115610878,0.03188585280881554,19,0.3248815833346141,6.172750083357667,1.6118084235162984,-2.6649156745208664,1.611163112012717
round_trip_0_05pct,48,1.2,2.5,48,False,False,0.017587255115610878,0.03188585280881554,19,0.4371210858511936,8.305300631172678,1.8852955202051462,-2.1582205362535216,1.2341797267944852
round_trip_0_10pct,48,1.2,2.5,48,False,False,0.017587255115610878,0.03188585280881554,19,0.4048373034208889,7.69190876499689,1.7930387906308944,-2.346996310223277,1.3145801712102674
round_trip_0_12pct,48,1.2,2.5,48,False,False,0.017587255115610878,0.03188585280881554,19,0.3919237904487672,7.446552018526576,1.7578074801684729,-2.4225066198111787,1.3504491135122418
round_trip_0_16pct,48,1.2,2.5,48,False,False,0.017587255115610878,0.03188585280881554,19,0.3660967645045235,6.955838525585946,1.6900113038566538,-2.5735272389869825,1.4297783361987295
round_trip_0_05pct,48,1.2,3.0,12,False,False,0.017587255115610878,0.03188585280881554,20,0.09282596844509369,1.856519368901874,1.1861003242429362,-5.134171823040503,5.7906054269352705
round_trip_0_10pct,48,1.2,3.0,12,False,False,0.017587255115610878,0.03188585280881554,20,0.060074678295679494,1.20149356591359,1.1155654640371553,-5.63731403240846,8.816269244709718
round_trip_0_12pct,48,1.2,3.0,12,False,False,0.017587255115610878,0.03188585280881554,20,0.0469741622359139,0.9394832447182779,1.088924565486974,-5.838570916155643,11.207883363668591
round_trip_0_16pct,48,1.2,3.0,12,False,False,0.017587255115610878,0.03188585280881554,20,0.020773130116382512,0.41546260232765025,1.0381104492036761,-6.2410846836500085,25.0406998914534
round_trip_0_05pct,48,1.2,3.0,24,False,False,0.017587255115610878,0.03188585280881554,18,0.005886874849309187,0.10596374728756536,1.0101961502691619,-5.343099862571167,88.9691209554977
round_trip_0_10pct,48,1.2,3.0,24,False,False,0.017587255115610878,0.03188585280881554,18,-0.026963291587059412,-0.4853392485670694,0.9546808109841135,-5.785106318679297,-19.054319815028535
round_trip_0_12pct,48,1.2,3.0,24,False,False,0.017587255115610878,0.03188585280881554,18,-0.04010335816160676,-0.7218604469089217,0.9333836540235575,-5.961908901122548,-12.711504591971723
round_trip_0_16pct,48,1.2,3.0,24,False,False,0.017587255115610878,0.03188585280881554,18,-0.06638349131070165,-1.1949028435926297,0.8922496469648205,-6.315514066009053,-7.558923039981231
round_trip_0_05pct,48,1.2,3.0,36,False,False,0.017587255115610878,0.03188585280881554,18,0.1911948046105626,3.4415064829901265,1.3300221719490053,-3.1310151734841543,3.3067898327349976
round_trip_0_10pct,48,1.2,3.0,36,False,False,0.017587255115610878,0.03188585280881554,18,0.158344638174194,2.850203487135492,1.2645633145610007,-3.283091897556443,3.92222943856563
round_trip_0_12pct,48,1.2,3.0,36,False,False,0.017587255115610878,0.03188585280881554,18,0.14520457159964667,2.61368228879364,1.2395392539613763,-3.343922587185358,4.246375858723313
round_trip_0_16pct,48,1.2,3.0,36,False,False,0.017587255115610878,0.03188585280881554,18,0.11892443845055177,2.140639892109932,1.191343912788048,-3.465583966443189,5.1095600500309795
round_trip_0_05pct,48,1.2,3.0,48,False,False,0.017587255115610878,0.03188585280881554,18,0.23311463655489628,4.196063457988133,1.4027119402192305,-2.7880858981838528,2.9142966030710755
round_trip_0_10pct,48,1.2,3.0,48,False,False,0.017587255115610878,0.03188585280881554,18,0.20026447011852772,3.6047604621334988,1.334870297763303,-2.9401626222561417,3.3365287330822855
round_trip_0_12pct,48,1.2,3.0,48,False,False,0.017587255115610878,0.03188585280881554,18,0.1871244035439804,3.368239263791647,1.3089362766531727,-3.0009933118850567,3.54693098455822
round_trip_0_16pct,48,1.2,3.0,48,False,False,0.017587255115610878,0.03188585280881554,18,0.1608442703948855,2.895196867107939,1.2589898635364465,-3.1226546911428876,4.070867526408622
round_trip_0_05pct,48,1.5,1.5,12,False,False,0.017587255115610878,0.03188585280881554,24,0.26823283345655463,6.437588002957312,1.9536274798275652,-2.0554321537991704,0.7616598468952334
round_trip_0_10pct,48,1.5,1.5,12,False,False,0.017587255115610878,0.03188585280881554,24,0.24387267324404935,5.852944157857184,1.84065294609226,-2.105584271712281,0.8212114204031326
round_trip_0_12pct,48,1.5,1.5,12,False,False,0.017587255115610878,0.03188585280881554,24,0.2341286091590473,5.619086619817135,1.7973641082541056,-2.1256451188775243,0.8485018696245156
round_trip_0_16pct,48,1.5,1.5,12,False,False,0.017587255115610878,0.03188585280881554,24,0.21464048098904306,5.151371543737033,1.7138348825694263,-2.1657668132080126,0.9105162182225272
round_trip_0_05pct,48,1.5,1.5,24,False,False,0.017587255115610878,0.03188585280881554,22,0.23199680979818085,5.103929815559979,1.679187333495639,-2.441874052207523,0.9605010563707627
round_trip_0_10pct,48,1.5,1.5,24,False,False,0.017587255115610878,0.03188585280881554,22,0.20777520159562932,4.571054435103845,1.5924135138390083,-2.7252165985646055,1.052058669973564
round_trip_0_12pct,48,1.5,1.5,24,False,False,0.017587255115610878,0.03188585280881554,22,0.19808655831460872,4.357904282921392,1.5589581739596492,-2.83855361710744,1.09495118009502
round_trip_0_16pct,48,1.5,1.5,24,False,False,0.017587255115610878,0.03188585280881554,22,0.17870927175256746,3.931603978556484,1.494077917719891,-3.065227654193107,1.1946885899118675
round_trip_0_05pct,48,1.5,1.5,36,False,False,0.017587255115610878,0.03188585280881554,22,0.2488735074065813,5.475217162944788,1.7151777222912026,-2.054483891074682,0.8953672217178186
round_trip_0_10pct,48,1.5,1.5,36,False,False,0.017587255115610878,0.03188585280881554,22,0.2246518992040297,4.942341782488653,1.630047056617741,-2.1038457900507184,0.9730240564120985
round_trip_0_12pct,48,1.5,1.5,36,False,False,0.017587255115610878,0.03188585280881554,22,0.21496325592300913,4.729191630306201,1.597130403981641,-2.210383172853783,1.0089869073495266
round_trip_0_16pct,48,1.5,1.5,36,False,False,0.017587255115610878,0.03188585280881554,22,0.19558596936096784,4.302891325941292,1.5331437509643633,-2.437057209939451,1.0916014506143767
round_trip_0_05pct,48,1.5,1.5,48,False,False,0.017587255115610878,0.03188585280881554,22,0.2743978859462401,6.036753490817282,1.8044839888434097,-2.054483891074682,0.8120805308589621
round_trip_0_10pct,48,1.5,1.5,48,False,False,0.017587255115610878,0.03188585280881554,22,0.25017627774368856,5.503878110361148,1.71548251981568,-2.1038457900507184,0.873750717756458
round_trip_0_12pct,48,1.5,1.5,48,False,False,0.017587255115610878,0.03188585280881554,22,0.24048763446266797,5.290727958178695,1.6810923911612972,-2.1235905496411336,0.9018971444089424
round_trip_0_16pct,48,1.5,1.5,48,False,False,0.017587255115610878,0.03188585280881554,22,0.2211103479006267,4.864427653813787,1.614278447713414,-2.163080068821963,0.9655899414088274
round_trip_0_05pct,48,1.5,2.0,12,False,False,0.017587255115610878,0.03188585280881554,20,0.31002719986993815,6.200543997398763,2.0646768687421106,-2.8317011933214458,1.055883801914735
round_trip_0_10pct,48,1.5,2.0,12,False,False,0.017587255115610878,0.03188585280881554,20,0.2848956001449474,5.697912002898948,1.9428254560321327,-2.9769913551290186,1.1280344922647454
round_trip_0_12pct,48,1.5,2.0,12,False,False,0.017587255115610878,0.03188585280881554,20,0.27484296025495125,5.496859205099025,1.8965285421717926,-3.0351074198520474,1.160942617110831
round_trip_0_16pct,48,1.5,2.0,12,False,False,0.017587255115610878,0.03188585280881554,20,0.25473768047495865,5.094753609499173,1.807802983458729,-3.151339549298105,1.234677661492465
round_trip_0_05pct,48,1.5,2.0,24,False,True,0.017587255115610878,0.03188585280881554,19,0.2251601583911722,4.278043009432272,1.5781288721878395,-3.6439780260304406,1.5290885467971074
round_trip_0_10pct,48,1.5,2.0,24,False,True,0.017587255115610878,0.03188585280881554,19,0.19999942532679313,3.7999890812090693,1.5007063764151742,-3.9155422945415186,1.6917905430006652
round_trip_0_12pct,48,1.5,2.0,24,False,True,0.017587255115610878,0.03188585280881554,19,0.18993513210104154,3.6087675099197893,1.4708089728993308,-4.024168001945949,1.7694792195974942
round_trip_0_16pct,48,1.5,2.0,24,False,True,0.017587255115610878,0.03188585280881554,19,0.16980654564953826,3.2263243673412267,1.412753234594775,-4.24141941675481,1.952684273617919
round_trip_0_05pct,48,1.5,2.0,36,False,False,0.017587255115610878,0.03188585280881554,19,0.3242869610613754,6.161452260166133,1.8047146850652964,-2.2664865082006207,1.0616825858928163
round_trip_0_10pct,48,1.5,2.0,36,False,False,0.017587255115610878,0.03188585280881554,19,0.2991262279969963,5.6833983319429295,1.724356012341796,-2.353257201779524,1.1311516834853879
round_trip_0_12pct,48,1.5,2.0,36,False,False,0.017587255115610878,0.03188585280881554,19,0.28906193477124476,5.49217676065365,1.6932887110140507,-2.3879654792110854,1.1626790970947694
round_trip_0_16pct,48,1.5,2.0,36,False,False,0.017587255115610878,0.03188585280881554,19,0.2689333483197414,5.1097336180750865,1.632903728377279,-2.4573820340742074,1.232939586402705
round_trip_0_05pct,48,1.5,2.0,48,False,False,0.017587255115610878,0.03188585280881554,19,0.3555920787998402,6.756249497196964,1.9002533868796598,-2.0554321537991704,0.9682156603515397
round_trip_0_10pct,48,1.5,2.0,48,False,False,0.017587255115610878,0.03188585280881554,19,0.33043134573546107,6.278195568973761,1.8159563430719545,-2.105584271712281,1.0239861948337086
round_trip_0_12pct,48,1.5,2.0,48,False,False,0.017587255115610878,0.03188585280881554,19,0.32036705250970954,6.086973997684481,1.7833885000192151,-2.1256451188775243,1.0490662716139076
round_trip_0_16pct,48,1.5,2.0,48,False,False,0.017587255115610878,0.03188585280881554,19,0.30023846605820625,5.704530855105919,1.7201221010536818,-2.1657668132080117,1.1043840437918921
round_trip_0_05pct,48,1.5,2.5,12,False,False,0.017587255115610878,0.03188585280881554,17,0.22163742621416632,3.7678362456408276,1.669457358683332,-2.8317011933214458,2.022332294578478
round_trip_0_10pct,48,1.5,2.5,12,False,False,0.017587255115610878,0.03188585280881554,17,0.19591006093453134,3.3304710358870326,1.5713891968168803,-3.094983621797061,2.246927394584934
round_trip_0_12pct,48,1.5,2.5,12,False,False,0.017587255115610878,0.03188585280881554,17,0.1856191148226774,3.155524951985516,1.5340256878541247,-3.203351504047297,2.3541979845848866
round_trip_0_16pct,48,1.5,2.5,12,False,False,0.017587255115610878,0.03188585280881554,17,0.16503722259896944,2.8056327841824804,1.4622614413826067,-3.4200872685477712,2.6088725057920215
round_trip_0_05pct,48,1.5,2.5,24,False,False,0.017587255115610878,0.03188585280881554,15,0.5022609658985451,7.533914488478176,2.4620248260294173,-2.2789644773807245,1.0874410253296067
round_trip_0_10pct,48,1.5,2.5,24,False,False,0.017587255115610878,0.03188585280881554,15,0.4765670404079791,7.148505606119686,2.3561121938053446,-2.524128566461492,1.1296416342768496
round_trip_0_12pct,48,1.5,2.5,24,False,False,0.017587255115610878,0.03188585280881554,15,0.4662894702117527,6.9943420531762905,2.3150658640748927,-2.6221942020938007,1.1478240895673142
round_trip_0_16pct,48,1.5,2.5,24,False,False,0.017587255115610878,0.03188585280881554,15,0.44573432981929995,6.686014947289499,2.2351252252272076,-2.8183254733584153,1.1867264938797104
round_trip_0_05pct,48,1.5,2.5,36,False,False,0.017587255115610878,0.03188585280881554,15,0.6658480029190634,9.987720043785952,2.938208176078767,-1.2348062928842491,0.8202760650258236
round_trip_0_10pct,48,1.5,2.5,36,False,False,0.017587255115610878,0.03188585280881554,15,0.6401540774284975,9.602311161427462,2.8216130716295784,-1.2951768070328429,0.8409693687049621
round_trip_0_12pct,48,1.5,2.5,36,False,False,0.017587255115610878,0.03188585280881554,15,0.6298765072322712,9.448147608484067,2.776426760972575,-1.319325012692281,0.8497193981284097
round_trip_0_16pct,48,1.5,2.5,36,False,False,0.017587255115610878,0.03188585280881554,15,0.6093213668398184,9.139820502597276,2.688423215593196,-1.3676214240111566,0.8681211052415585
round_trip_0_05pct,48,1.5,2.5,48,False,False,0.017587255115610878,0.03188585280881554,15,0.7071545332271053,10.607317998406579,3.0584468107484026,-1.0440663385197988,0.7723618446554525
round_trip_0_10pct,48,1.5,2.5,48,False,False,0.017587255115610878,0.03188585280881554,15,0.6814606077365393,10.221909116048089,2.9391543295952385,-1.066995582639911,0.789994262701511
round_trip_0_12pct,48,1.5,2.5,48,False,False,0.017587255115610878,0.03188585280881554,15,0.6711830375403129,10.067745563104694,2.8929226534206984,-1.0761672802879563,0.7974252278216787
round_trip_0_16pct,48,1.5,2.5,48,False,False,0.017587255115610878,0.03188585280881554,15,0.6506278971478601,9.759418457217901,2.8028831845409714,-1.0945106755840461,0.8130065445196689
round_trip_0_05pct,48,1.5,3.0,12,False,False,0.017587255115610878,0.03188585280881554,17,0.3000687987631866,5.101169578974172,1.906359854807064,-2.8317011933214458,1.755117157931567
round_trip_0_10pct,48,1.5,3.0,12,False,False,0.017587255115610878,0.03188585280881554,17,0.2743414334835516,4.663804369220378,1.800141302514026,-2.9769913551290186,1.8904437756709367
round_trip_0_12pct,48,1.5,3.0,12,False,False,0.017587255115610878,0.03188585280881554,17,0.2640504873716977,4.4888582853188606,1.7596725330879572,-3.0351074198520474,1.951958217139966
round_trip_0_16pct,48,1.5,3.0,12,False,False,0.017587255115610878,0.03188585280881554,17,0.24346859514798974,4.138966117515825,1.6819439999786499,-3.151339549298106,2.0905876780960755
round_trip_0_05pct,48,1.5,3.0,24,False,False,0.017587255115610878,0.03188585280881554,15,0.39823381749478953,5.973507262421843,1.96602870018454,-2.976133576825866,1.6438082312042286
round_trip_0_10pct,48,1.5,3.0,24,False,False,0.017587255115610878,0.03188585280881554,15,0.37266246794891106,5.589937019233666,1.8839783499241889,-3.2430851178912707,1.7326630573575434
round_trip_0_12pct,48,1.5,3.0,24,False,False,0.017587255115610878,0.03188585280881554,15,0.3624339281305597,5.436508921958396,1.852166837192875,-3.349865734317431,1.77171568888615
round_trip_0_16pct,48,1.5,3.0,24,False,False,0.017587255115610878,0.03188585280881554,15,0.341976848493857,5.129652727407855,1.7901908259222785,-3.5634269671697547,1.856829345611432
round_trip_0_05pct,48,1.5,3.0,36,False,False,0.017587255115610878,0.03188585280881554,15,0.5890387959762184,8.835581939643276,2.428880113735238,-2.2653087256627362,1.1118995968663383
round_trip_0_10pct,48,1.5,3.0,36,False,False,0.017587255115610878,0.03188585280881554,15,0.5634674464303399,8.452011696455099,2.336579522678878,-2.347466691795966,1.1471515146918738
round_trip_0_12pct,48,1.5,3.0,36,False,False,0.017587255115610878,0.03188585280881554,15,0.5532389066119886,8.298583599179828,2.300793917642698,-2.380329878249257,1.162164737358348
round_trip_0_16pct,48,1.5,3.0,36,False,False,0.017587255115610878,0.03188585280881554,15,0.5327818269752859,7.991727404629287,2.2310754770334813,-2.4460562511558406,1.1939205586354902
round_trip_0_05pct,48,1.5,3.0,48,False,False,0.017587255115610878,0.03188585280881554,15,0.628823648031979,9.432354720479685,2.5253895190897024,-2.054254371261286,1.0415511595888371
round_trip_0_10pct,48,1.5,3.0,48,False,False,0.017587255115610878,0.03188585280881554,15,0.6032522984861005,9.048784477291507,2.430951644630935,-2.0997937617287223,1.0714961820688695
round_trip_0_12pct,48,1.5,3.0,48,False,False,0.017587255115610878,0.03188585280881554,15,0.5930237586677491,8.895356380016237,2.39433739940065,-2.118009517915696,1.0841972841755345
round_trip_0_16pct,48,1.5,3.0,48,False,False,0.017587255115610878,0.03188585280881554,15,0.5725666790310464,8.588500185465696,2.323004580549101,-2.1717128309155997,1.1109608710895293
round_trip_0_05pct,48,1.8,1.5,12,False,False,0.017587255115610878,0.03188585280881554,23,0.2339943086180547,5.381869098215258,1.9597755021682173,-2.0943577803310527,0.7590586786963744
round_trip_0_10pct,48,1.8,1.5,12,False,False,0.017587255115610878,0.03188585280881554,23,0.21355992708910113,4.911878323049326,1.8519019231733052,-2.3311350847428507,0.8150939341803758
round_trip_0_12pct,48,1.8,1.5,12,False,False,0.017587255115610878,0.03188585280881554,23,0.2053861744775197,4.723882012982953,1.8103935708788568,-2.4258460065075687,0.8406300850894043
round_trip_0_16pct,48,1.8,1.5,12,False,False,0.017587255115610878,0.03188585280881554,23,0.18903866925435683,4.347889392850207,1.7300255849904416,-2.615267850037007,0.8983272594059517
round_trip_0_05pct,48,1.8,1.5,24,False,False,0.017587255115610878,0.03188585280881554,21,0.1954200289865463,4.103820608717473,1.6401352287031712,-3.0348950435062783,0.9952642285538454
round_trip_0_10pct,48,1.8,1.5,24,False,False,0.017587255115610878,0.03188585280881554,21,0.17509382003594604,3.6769702207548667,1.5604751385229112,-3.2710138321371804,1.0894122169489724
round_trip_0_12pct,48,1.8,1.5,24,False,False,0.017587255115610878,0.03188585280881554,21,0.16696333645570596,3.506230065569825,1.5296190673635732,-3.365461347589542,1.1334899240953713
round_trip_0_16pct,48,1.8,1.5,24,False,False,0.017587255115610878,0.03188585280881554,21,0.15070236929522574,3.1647497551997406,1.4695504949786526,-3.554356378494263,1.2359134514596914
round_trip_0_05pct,48,1.8,1.5,36,False,False,0.017587255115610878,0.03188585280881554,21,0.21015365388276888,4.413226731538146,1.6760093810015242,-2.511419673294898,0.9254874269364884
round_trip_0_10pct,48,1.8,1.5,36,False,False,0.017587255115610878,0.03188585280881554,21,0.1898274449321686,3.986376343575541,1.5978849078224076,-2.7475384619258003,1.0048565249750119
round_trip_0_12pct,48,1.8,1.5,36,False,False,0.017587255115610878,0.03188585280881554,21,0.18169696135192853,3.8156361883904992,1.567540377743711,-2.8419859773781626,1.0415763596581433
round_trip_0_16pct,48,1.8,1.5,36,False,False,0.017587255115610878,0.03188585280881554,21,0.1654359941914483,3.4741558780204143,1.5083336966279148,-3.0308810082828836,1.1258437819962843
round_trip_0_05pct,48,1.8,1.5,48,False,False,0.017587255115610878,0.03188585280881554,21,0.23243684149675675,4.881173671431892,1.762468859002675,-2.170023353647358,0.83676306708022
round_trip_0_10pct,48,1.8,1.5,48,False,False,0.017587255115610878,0.03188585280881554,21,0.21211063254615647,4.454323283469286,1.6809940365117924,-2.4061421422782603,0.8992917722684941
round_trip_0_12pct,48,1.8,1.5,48,False,False,0.017587255115610878,0.03188585280881554,21,0.2039801489659164,4.283583128284245,1.6493663001015992,-2.5005896577306226,0.9277925353290657
round_trip_0_16pct,48,1.8,1.5,48,False,False,0.017587255115610878,0.03188585280881554,21,0.18771918180543617,3.9421028179141597,1.5876850422999977,-2.6894846886353427,0.992200602982927
round_trip_0_05pct,48,1.8,2.0,12,False,False,0.017587255115610878,0.03188585280881554,19,0.28152163057607077,5.348910980945345,2.145754874585963,-2.8597509944345383,1.0194413562686664
round_trip_0_10pct,48,1.8,2.0,12,False,False,0.017587255115610878,0.03188585280881554,19,0.2604629270485053,4.948795613921601,2.0238888601321934,-2.980826129274183,1.08185249584369
round_trip_0_12pct,48,1.8,2.0,12,False,False,0.017587255115610878,0.03188585280881554,19,0.25203944563747915,4.788749467112104,1.9774390620584832,-3.02925618321004,1.1100750865256541
round_trip_0_16pct,48,1.8,2.0,12,False,False,0.017587255115610878,0.03188585280881554,19,0.23519248281542673,4.468657173493108,1.8881926690932123,-3.1261162910817553,1.1727056618336476
round_trip_0_05pct,48,1.8,2.0,24,False,False,0.017587255115610878,0.03188585280881554,18,0.18963852727629293,3.413493490973273,1.5405311825401948,-4.036648355025367,1.5961003718953273
round_trip_0_10pct,48,1.8,2.0,24,False,False,0.017587255115610878,0.03188585280881554,18,0.16854776921370576,3.033859845846704,1.4700128918035815,-4.2629519121179325,1.7650740058473406
round_trip_0_12pct,48,1.8,2.0,24,False,False,0.017587255115610878,0.03188585280881554,18,0.16011146598867096,2.882006387796077,1.4426533446057752,-4.353473334954958,1.8456895190560068
round_trip_0_16pct,48,1.8,2.0,24,False,False,0.017587255115610878,0.03188585280881554,18,0.14323885953860122,2.5782994716948218,1.3893200885352985,-4.534516180629009,2.035617510740986
round_trip_0_05pct,48,1.8,2.0,36,False,False,0.017587255115610878,0.03188585280881554,18,0.27683339999545314,4.9830011999181565,1.7631939319858554,-2.3887387568338507,1.0933728513840626
round_trip_0_10pct,48,1.8,2.0,36,False,False,0.017587255115610878,0.03188585280881554,18,0.25574264193286594,4.603367554791587,1.6902725310102207,-2.488914567396174,1.1632760338057513
round_trip_0_12pct,48,1.8,2.0,36,False,False,0.017587255115610878,0.03188585280881554,18,0.24730633870783114,4.4515140967409605,1.6619527234150973,-2.5698963786193687,1.1949392652046267
round_trip_0_16pct,48,1.8,2.0,36,False,False,0.017587255115610878,0.03188585280881554,18,0.2304337322577614,4.147807180639705,1.6067026699836344,-2.7509392242934188,1.2653509008359356
round_trip_0_05pct,48,1.8,2.0,48,False,False,0.017587255115610878,0.03188585280881554,18,0.3043703091172509,5.478665564110516,1.8556950831010783,-2.046193461499308,0.9944535154865345
round_trip_0_10pct,48,1.8,2.0,48,False,False,0.017587255115610878,0.03188585280881554,18,0.28327955105466374,5.099031918983947,1.7793869417510244,-2.119800823450019,1.0501968288041414
round_trip_0_12pct,48,1.8,2.0,48,False,False,0.017587255115610878,0.03188585280881554,18,0.2748432478296289,4.94717846093332,1.7497688918057879,-2.2007826346732138,1.0752167171273137
round_trip_0_16pct,48,1.8,2.0,48,False,False,0.017587255115610878,0.03188585280881554,18,0.25797064137955916,4.643471544832065,1.692013462416036,-2.381825480347264,1.1302818380264301
round_trip_0_05pct,48,1.8,2.5,12,False,False,0.017587255115610878,0.03188585280881554,17,0.13567824733533473,2.3065302047006906,1.4175852462115635,-3.1867199301428895,2.7529868980664998
round_trip_0_10pct,48,1.8,2.5,12,False,False,0.017587255115610878,0.03188585280881554,17,0.11423877626897229,1.942059196572529,1.3412746469592836,-3.412486351497549,3.2110790016997135
round_trip_0_12pct,48,1.8,2.5,12,False,False,0.017587255115610878,0.03188585280881554,17,0.10566298784242732,1.7962707933212645,1.3119907564734836,-3.502792920039413,3.4463671948815997
round_trip_0_16pct,48,1.8,2.5,12,False,False,0.017587255115610878,0.03188585280881554,17,0.08851141098933733,1.5046939868187346,1.2554165942380069,-3.6834060571231406,4.053724708657408
round_trip_0_05pct,48,1.8,2.5,24,False,False,0.017587255115610878,0.03188585280881554,15,0.3629952493598984,5.444928740398476,2.0618952462143487,-2.732470397817274,1.2538712758704107
round_trip_0_10pct,48,1.8,2.5,24,False,False,0.017587255115610878,0.03188585280881554,15,0.3415836447844267,5.123754671766401,1.9804160071970447,-2.9367738053845827,1.3133678446185155
round_trip_0_12pct,48,1.8,2.5,24,False,False,0.017587255115610878,0.03188585280881554,15,0.3330190029542381,4.9952850443135715,1.948678256046969,-3.018495168411505,1.3393086727600787
round_trip_0_16pct,48,1.8,2.5,24,False,False,0.017587255115610878,0.03188585280881554,15,0.3158897192938607,4.738345789407911,1.8866072736325368,-3.1819378944653494,1.3954361974033402
round_trip_0_05pct,48,1.8,2.5,36,False,False,0.017587255115610878,0.03188585280881554,15,0.49931778021033046,7.489766703154957,2.460689025794801,-1.3623385774035448,0.9115423773975535
round_trip_0_10pct,48,1.8,2.5,36,False,False,0.017587255115610878,0.03188585280881554,15,0.47790617563485877,7.168592634522882,2.371689984824764,-1.4126473391940406,0.938730232375629
round_trip_0_12pct,48,1.8,2.5,36,False,False,0.017587255115610878,0.03188585280881554,15,0.46934153380467014,7.0401230070700525,2.3370231242972306,-1.4327708439102382,0.9502999558444093
round_trip_0_16pct,48,1.8,2.5,36,False,False,0.017587255115610878,0.03188585280881554,15,0.45221225014429284,6.783183752164392,2.269223547698591,-1.4730178533426335,0.9747722414631204
round_trip_0_05pct,48,1.8,2.5,48,False,False,0.017587255115610878,0.03188585280881554,15,0.5337398888003653,8.006098332005479,2.5613864138209217,-1.1337190605366771,0.8527549205152872
round_trip_0_10pct,48,1.8,2.5,48,False,False,0.017587255115610878,0.03188585280881554,15,0.5123282842248935,7.684924263373403,2.470488585924191,-1.184027822327173,0.8756591996207828
round_trip_0_12pct,48,1.8,2.5,48,False,False,0.017587255115610878,0.03188585280881554,15,0.503763642394705,7.5564546359205735,2.435082110892482,-1.2041513270433706,0.8853660751108097
round_trip_0_16pct,48,1.8,2.5,48,False,False,0.017587255115610878,0.03188585280881554,15,0.48663435873432753,7.299515381014913,2.365836036126248,-1.2443983364757658,0.9058216724291871
round_trip_0_05pct,48,1.8,3.0,12,False,False,0.017587255115610878,0.03188585280881554,17,0.2010377244595183,3.4176413158118115,1.6187461093800346,-2.908942152365103,2.183072433648445
round_trip_0_10pct,48,1.8,3.0,12,False,False,0.017587255115610878,0.03188585280881554,17,0.17959825339315585,3.0531703076836494,1.5365282483151077,-3.1347085737197626,2.4064221372757624
round_trip_0_12pct,48,1.8,3.0,12,False,False,0.017587255115610878,0.03188585280881554,17,0.1710224649666109,2.907381904432385,1.5049774694849956,-3.225015142261626,2.511441594654557
round_trip_0_16pct,48,1.8,3.0,12,False,False,0.017587255115610878,0.03188585280881554,17,0.15387088811352093,2.6158050979298557,1.4440238581109885,-3.405628279345354,2.7565992245190616
round_trip_0_05pct,48,1.8,3.0,24,False,False,0.017587255115610878,0.03188585280881554,15,0.265194847912324,3.97792271868486,1.6465038562001928,-3.4801113140215656,2.057041053320919
round_trip_0_10pct,48,1.8,3.0,24,False,False,0.017587255115610878,0.03188585280881554,15,0.24388538995742526,3.658280849361379,1.5834878796709084,-3.7025709315760684,2.206290733499475
round_trip_0_12pct,48,1.8,3.0,24,False,False,0.017587255115610878,0.03188585280881554,15,0.23536160677546583,3.5304241016319873,1.5589334903636654,-3.7915547785978694,2.273557857952231
round_trip_0_16pct,48,1.8,3.0,24,False,False,0.017587255115610878,0.03188585280881554,15,0.21831404041154684,3.2747106061732025,1.510897657780847,-3.9695224726414713,2.4238502426980677
round_trip_0_05pct,48,1.8,3.0,36,False,False,0.017587255115610878,0.03188585280881554,15,0.42419899664684807,6.362984949702721,2.0341312785198165,-2.387757271385623,1.2866445641506468
round_trip_0_10pct,48,1.8,3.0,36,False,False,0.017587255115610878,0.03188585280881554,15,0.40288953869194927,6.043343080379239,1.9639001447113895,-2.456222243163314,1.3369721982827676
round_trip_0_12pct,48,1.8,3.0,36,False,False,0.017587255115610878,0.03188585280881554,15,0.3943657555099899,5.915486332649849,1.9365343448618892,-2.48360823187439,1.3586261391781649
round_trip_0_16pct,48,1.8,3.0,36,False,False,0.017587255115610878,0.03188585280881554,15,0.3773181891460709,5.659772837191063,1.882998540586043,-2.538380209296543,1.4048690530326684
round_trip_0_05pct,48,1.8,3.0,48,False,False,0.017587255115610878,0.03188585280881554,15,0.45735304002664845,6.860295600399727,2.114955687675593,-2.1591377545187553,1.1933742325666488
round_trip_0_10pct,48,1.8,3.0,48,False,False,0.017587255115610878,0.03188585280881554,15,0.43604358207174976,6.5406537310762465,2.0432201174148554,-2.227602726296446,1.2353171434168062
round_trip_0_12pct,48,1.8,3.0,48,False,False,0.017587255115610878,0.03188585280881554,15,0.4275197988897903,6.412796983346855,2.015268108791444,-2.2549887150075225,1.2532650539787975
round_trip_0_16pct,48,1.8,3.0,48,False,False,0.017587255115610878,0.03188585280881554,15,0.4104722325258713,6.15708348788807,1.960585502362638,-2.309760692429675,1.2913970911399757
round_trip_0_05pct,48,2.0,1.5,12,False,False,0.017587255115610878,0.03188585280881554,23,0.18885574732146668,4.343682188393734,1.7831135499336837,-2.384922002297947,0.8464337035916774
round_trip_0_10pct,48,2.0,1.5,12,False,False,0.017587255115610878,0.03188585280881554,23,0.17046480394540842,3.9206904907443936,1.6891460410437433,-2.5980215762685637,0.9190416872744512
round_trip_0_12pct,48,2.0,1.5,12,False,False,0.017587255115610878,0.03188585280881554,23,0.16310842659498517,3.751493811684659,1.6528641752704476,-2.6832614058568094,0.9526694655718029
round_trip_0_16pct,48,2.0,1.5,12,False,False,0.017587255115610878,0.03188585280881554,23,0.14839567189413858,3.413100453565187,1.5824181156353347,-2.8537410650333035,1.0299271451443857
round_trip_0_05pct,48,2.0,1.5,24,False,False,0.017587255115610878,0.03188585280881554,21,0.14730659751646327,3.0934385478457287,1.4856430244975236,-3.3314055391556465,1.1883046034945939
round_trip_0_10pct,48,2.0,1.5,24,False,False,0.017587255115610878,0.03188585280881554,21,0.129013009460923,2.709273198679383,1.4165288699154606,-3.543912448923459,1.3306751986549132
round_trip_0_12pct,48,2.0,1.5,24,False,False,0.017587255115610878,0.03188585280881554,21,0.12169557423870697,2.5556070590128463,1.3896777236813902,-3.6289152128305835,1.399608282181265
round_trip_0_16pct,48,2.0,1.5,24,False,False,0.017587255115610878,0.03188585280881554,21,0.10706070379427476,2.24827477967977,1.3372769403846514,-3.798920740644834,1.5657432736762766
round_trip_0_05pct,48,2.0,1.5,36,False,False,0.017587255115610878,0.03188585280881554,21,0.16056685992306358,3.3719040583843354,1.5207158723330554,-2.8602777059654043,1.0901695906478606
round_trip_0_10pct,48,2.0,1.5,36,False,False,0.017587255115610878,0.03188585280881554,21,0.14227327186752334,2.98773870921799,1.4526384438273265,-3.072784615733217,1.2066525900475196
round_trip_0_12pct,48,2.0,1.5,36,False,False,0.017587255115610878,0.03188585280881554,21,0.13495583664530728,2.834072569551453,1.426125147538033,-3.1577873796403413,1.2620879381226962
round_trip_0_16pct,48,2.0,1.5,36,False,False,0.017587255115610878,0.03188585280881554,21,0.12032096620087505,2.526740290218376,1.3742786580390154,-3.327792907454592,1.39318675816713
round_trip_0_05pct,48,2.0,1.5,48,False,False,0.017587255115610878,0.03188585280881554,21,0.1806217287756527,3.793056304288706,1.5962405694419837,-2.5530210182826174,0.9691254155326977
round_trip_0_10pct,48,2.0,1.5,48,False,False,0.017587255115610878,0.03188585280881554,21,0.1623281407201124,3.4088909551223603,1.5255101403636337,-2.76552792805043,1.0575764080824683
round_trip_0_12pct,48,2.0,1.5,48,False,False,0.017587255115610878,0.03188585280881554,21,0.15501070549789636,3.2552248154558234,1.497976603582614,-2.8505306919575553,1.0988023895653503
round_trip_0_16pct,48,2.0,1.5,48,False,False,0.017587255115610878,0.03188585280881554,21,0.14037583505346415,2.947892536122747,1.4441560743299755,-3.020536219771806,1.1941483858463946
round_trip_0_05pct,48,2.0,2.0,12,False,False,0.017587255115610878,0.03188585280881554,19,0.23231683593951635,4.414019882850811,1.959232944761255,-2.8737758949910868,1.1118234826138025
round_trip_0_10pct,48,2.0,2.0,12,False,False,0.017587255115610878,0.03188585280881554,19,0.21336400276470738,4.05391605252944,1.8534560968779608,-2.9827435163467655,1.1885989091216531
round_trip_0_12pct,48,2.0,2.0,12,False,False,0.017587255115610878,0.03188585280881554,19,0.2057828694947839,3.909874520400894,1.8129729657239844,-3.0263305648890375,1.2236413997905449
round_trip_0_16pct,48,2.0,2.0,12,False,False,0.017587255115610878,0.03188585280881554,19,0.1906206029549367,3.6217914561437974,1.734932204705928,-3.1135046619735802,1.3022223030907623
round_trip_0_05pct,48,2.0,2.0,24,False,False,0.017587255115610878,0.03188585280881554,18,0.1373413412153304,2.472144141875947,1.3934301815982453,-4.232983519522829,1.983480786700141
round_trip_0_10pct,48,2.0,2.0,24,False,False,0.017587255115610878,0.03188585280881554,18,0.11835965895900194,2.130473861262035,1.3324004308138866,-4.436656720906138,2.262167362759522
round_trip_0_12pct,48,2.0,2.0,24,False,False,0.017587255115610878,0.03188585280881554,18,0.11076698605647059,1.9938057490164707,1.3086540798713167,-4.518126001459461,2.401116602150677
round_trip_0_16pct,48,2.0,2.0,24,False,False,0.017587255115610878,0.03188585280881554,18,0.09558164025140783,1.720469524525341,1.2622541889642689,-4.681064562566107,2.745522852878071
round_trip_0_05pct,48,2.0,2.0,36,False,False,0.017587255115610878,0.03188585280881554,18,0.21581672666257457,3.884701079926342,1.599840130922176,-2.6277642588207986,1.262246516907608
round_trip_0_10pct,48,2.0,2.0,36,False,False,0.017587255115610878,0.03188585280881554,18,0.1968350444062461,3.54303079931243,1.536658449623798,-2.831437460204106,1.3602728029049356
round_trip_0_12pct,48,2.0,2.0,36,False,False,0.017587255115610878,0.03188585280881554,18,0.18924237150371478,3.406362687066866,1.5120548389576458,-2.912906740757429,1.4054170166915458
round_trip_0_16pct,48,2.0,2.0,36,False,False,0.017587255115610878,0.03188585280881554,18,0.174057025698652,3.133026462575736,1.4639475764059586,-3.0758453018640752,1.5076758698620174
round_trip_0_05pct,48,2.0,2.0,48,False,False,0.017587255115610878,0.03188585280881554,18,0.24059994487219255,4.330799007699466,1.6806936715234406,-2.2955618892692593,1.1322276556004331
round_trip_0_10pct,48,2.0,2.0,48,False,False,0.017587255115610878,0.03188585280881554,18,0.2216182626158641,3.9891287270855535,1.6148352483284962,-2.499235090652567,1.2081556565060607
round_trip_0_12pct,48,2.0,2.0,48,False,False,0.017587255115610878,0.03188585280881554,18,0.21402558971333274,3.8524606148399894,1.5892014346302001,-2.580704371205891,1.2426759321005425
round_trip_0_16pct,48,2.0,2.0,48,False,False,0.017587255115610878,0.03188585280881554,18,0.19884024390827,3.5791243903488597,1.5390994837972265,-2.7436429323125364,1.319760891798505
round_trip_0_05pct,48,2.0,2.5,12,False,False,0.017587255115610878,0.03188585280881554,17,0.09269865789591884,1.5758771842306203,1.2880342095225286,-3.368047937128602,3.6264645159972977
round_trip_0_10pct,48,2.0,2.5,12,False,False,0.017587255115610878,0.03188585280881554,17,0.07340313393619258,1.247853276915274,1.2219769471107038,-3.571237716347796,4.497720252359246
round_trip_0_12pct,48,2.0,2.5,12,False,False,0.017587255115610878,0.03188585280881554,17,0.06568492435230217,1.1166437139891368,1.1965332472733474,-3.652513628035473,4.989548404656062
round_trip_0_16pct,48,2.0,2.5,12,False,False,0.017587255115610878,0.03188585280881554,17,0.050248505184521196,0.8542245881368603,1.1472287558951162,-3.8150654514108284,6.426475835793041
round_trip_0_05pct,48,2.0,2.5,24,False,False,0.017587255115610878,0.03188585280881554,15,0.29336239109057527,4.400435866358629,1.8603336400054005,-2.959223358035546,1.3963425348491254
round_trip_0_10pct,48,2.0,2.5,24,False,False,0.017587255115610878,0.03188585280881554,15,0.27409194697265077,4.1113792045897615,1.790119196113542,-3.1430964248461226,1.4730913557887242
round_trip_0_12pct,48,2.0,2.5,24,False,False,0.017587255115610878,0.03188585280881554,15,0.266383769325481,3.995756539882215,1.7626990704267578,-3.216645651570353,1.506900048685044
round_trip_0_16pct,48,2.0,2.5,24,False,False,0.017587255115610878,0.03188585280881554,15,0.2509674140311414,3.7645112104671217,1.7089580047518942,-3.363744105018813,1.5807771512997402
round_trip_0_05pct,48,2.0,2.5,36,False,False,0.017587255115610878,0.03188585280881554,15,0.4160526688559641,6.240790032839461,2.2201431332085724,-1.4261047196631882,0.9845733856994636
round_trip_0_10pct,48,2.0,2.5,36,False,False,0.017587255115610878,0.03188585280881554,15,0.3967822247380396,5.951733371070594,2.1437959265306126,-1.4713826052746342,1.0175921515720168
round_trip_0_12pct,48,2.0,2.5,36,False,False,0.017587255115610878,0.03188585280881554,15,0.38907404709086985,5.836110706363048,2.1139808359750454,-1.5177442392314733,1.0317154741285557
round_trip_0_16pct,48,2.0,2.5,36,False,False,0.017587255115610878,0.03188585280881554,15,0.37365769179653024,5.604865376947954,2.0555458470931014,-1.6305769000589523,1.061729926965454
round_trip_0_05pct,48,2.0,2.5,48,False,False,0.017587255115610878,0.03188585280881554,15,0.44703256658699536,6.705488498804931,2.3109967974524803,-1.2203471544830071,0.9163412588310764
round_trip_0_10pct,48,2.0,2.5,48,False,False,0.017587255115610878,0.03188585280881554,15,0.42776212246907086,6.416431837036063,2.2331010380498673,-1.265625040094453,0.9438948812161533
round_trip_0_12pct,48,2.0,2.5,48,False,False,0.017587255115610878,0.03188585280881554,15,0.4200539448219011,6.300809172328517,2.202681207102024,-1.2837361943390313,0.955624199971907
round_trip_0_16pct,48,2.0,2.5,48,False,False,0.017587255115610878,0.03188585280881554,15,0.4046375895275615,6.069563842913423,2.143060979556013,-1.3199585028281877,0.9804416695058128
round_trip_0_05pct,48,2.0,3.0,12,False,False,0.017587255115610878,0.03188585280881554,17,0.15152218730768408,2.575877184230629,1.4708112764188654,-3.1180479371285945,2.6068256403255905
round_trip_0_10pct,48,2.0,3.0,12,False,False,0.017587255115610878,0.03188585280881554,17,0.1322266633479578,2.2478532769152824,1.399864004200812,-3.3212377163477886,2.941693314000004
round_trip_0_12pct,48,2.0,3.0,12,False,False,0.017587255115610878,0.03188585280881554,17,0.12450845376406738,2.1166437139891454,1.3725367878935217,-3.4025136280354653,3.1047019478392133
round_trip_0_16pct,48,2.0,3.0,12,False,False,0.017587255115610878,0.03188585280881554,17,0.10907203459628641,1.8542245881368689,1.3195824412605028,-3.56506545141082,3.4999286038605657
round_trip_0_05pct,48,2.0,3.0,24,False,False,0.017587255115610878,0.03188585280881554,15,0.198675363121092,2.98013044681638,1.4855468546045736,-3.7321001826194022,2.471192263819453
round_trip_0_10pct,48,2.0,3.0,24,False,False,0.017587255115610878,0.03188585280881554,15,0.17949685096168314,2.692452764425247,1.4312955206683582,-3.9323138384184553,2.6979518900443162
round_trip_0_12pct,48,2.0,3.0,24,False,False,0.017587255115610878,0.03188585280881554,15,0.17182544609791964,2.5773816914687946,1.4101027154007924,-4.012399300738076,2.802829373803627
round_trip_0_16pct,48,2.0,3.0,24,False,False,0.017587255115610878,0.03188585280881554,15,0.15648263637039256,2.3472395455558885,1.368555916966233,-4.172570225377318,3.043433424300611
round_trip_0_05pct,48,2.0,3.0,36,False,False,0.017587255115610878,0.03188585280881554,15,0.3417790969821637,5.1266864547324555,1.835281047948231,-2.4489815442470535,1.4372265717118378
round_trip_0_10pct,48,2.0,3.0,36,False,False,0.017587255115610878,0.03188585280881554,15,0.3226005848227548,4.839008772341321,1.7751455607917492,-2.5106000188469753,1.5027465038708772
round_trip_0_12pct,48,2.0,3.0,36,False,False,0.017587255115610878,0.03188585280881554,15,0.3149291799589913,4.723937699384869,1.7516541629493307,-2.535247408686944,1.5311888898708848
round_trip_0_16pct,48,2.0,3.0,36,False,False,0.017587255115610878,0.03188585280881554,15,0.2995863702314642,4.493795553471964,1.705601157753332,-2.584542188366881,1.5924435480869306
round_trip_0_05pct,48,2.0,3.0,48,False,False,0.017587255115610878,0.03188585280881554,15,0.371617736023984,5.574266040359761,1.9082043188804538,-2.2432239790668724,1.3218260384825662
round_trip_0_10pct,48,2.0,3.0,48,False,False,0.017587255115610878,0.03188585280881554,15,0.3524392238645752,5.286588357968628,1.8468419236673537,-2.304842453666794,1.3755191481620515
round_trip_0_12pct,48,2.0,3.0,48,False,False,0.017587255115610878,0.03188585280881554,15,0.3447678190008117,5.171517285012175,1.8228712450102793,-2.329489843506763,1.398669002364808
round_trip_0_16pct,48,2.0,3.0,48,False,False,0.017587255115610878,0.03188585280881554,15,0.32942500927328466,4.94137513909927,1.775878648139245,-2.3787846231867,1.4482032904007784
round_trip_0_05pct,72,1.2,1.5,12,False,False,0.022220601977888332,0.03187446788586087,27,0.1761069114756462,4.754886609842448,1.4050201826402355,-5.969339068255435,1.2888903473791007
round_trip_0_10pct,72,1.2,1.5,12,False,False,0.022220601977888332,0.03187446788586087,27,0.14556610046951013,3.9302847126767735,1.324291870769515,-6.40636050574902,1.5284019728242404
round_trip_0_12pct,72,1.2,1.5,12,False,False,0.022220601977888332,0.03187446788586087,27,0.13334977606705575,3.600443953810505,1.2933994074701782,-6.581169080746451,1.6549253277594445
round_trip_0_16pct,72,1.2,1.5,12,False,False,0.022220601977888332,0.03187446788586087,27,0.10891712726214682,2.9407624360779643,1.2338532269188767,-6.930786230741319,1.9931184450257378
round_trip_0_05pct,72,1.2,1.5,24,False,False,0.022220601977888332,0.03187446788586087,25,0.1696369895506675,4.2409247387666875,1.3672313707430284,-5.848849613015979,1.4449774929970227
round_trip_0_10pct,72,1.2,1.5,24,False,False,0.022220601977888332,0.03187446788586087,25,0.1392320194382264,3.48080048595566,1.2922214730048027,-6.253587926835944,1.727053441090855
round_trip_0_12pct,72,1.2,1.5,24,False,False,0.022220601977888332,0.03187446788586087,25,0.12707003139325004,3.176750784831251,1.263482694419825,-6.41548325236393,1.8776806633702057
round_trip_0_16pct,72,1.2,1.5,24,False,False,0.022220601977888332,0.03187446788586087,25,0.1027460553032971,2.5686513825824275,1.2080336838299488,-6.739273903419903,2.285913023793521
round_trip_0_05pct,72,1.2,1.5,36,False,False,0.022220601977888332,0.03187446788586087,25,0.20104551176335028,5.026137794083757,1.4407540332449746,-5.063636557698908,1.2192345391376713
round_trip_0_10pct,72,1.2,1.5,36,False,False,0.022220601977888332,0.03187446788586087,25,0.1706405416509092,4.26601354127273,1.3630362515355292,-5.468374871518876,1.4091676922401313
round_trip_0_12pct,72,1.2,1.5,36,False,False,0.022220601977888332,0.03187446788586087,25,0.15847855360593285,3.961963840148321,1.3332208827091068,-5.63027019704686,1.5055471886387686
round_trip_0_16pct,72,1.2,1.5,36,False,False,0.022220601977888332,0.03187446788586087,25,0.13415457751597992,3.3538644378994977,1.2756333276212162,-5.9540608481028325,1.7507307637955156
round_trip_0_05pct,72,1.2,1.5,48,False,False,0.022220601977888332,0.03187446788586087,25,0.22152929094220272,5.538232273555068,1.4856608218123606,-4.551542078227598,1.1064976140985268
round_trip_0_10pct,72,1.2,1.5,48,False,False,0.022220601977888332,0.03187446788586087,25,0.19112432082976163,4.778108020744041,1.4066153115785118,-4.956280392047564,1.2581399229405315
round_trip_0_12pct,72,1.2,1.5,48,False,False,0.022220601977888332,0.03187446788586087,25,0.17896233278478527,4.4740583196196315,1.376290577780706,-5.118175717575549,1.3332243558083259
round_trip_0_16pct,72,1.2,1.5,48,False,False,0.022220601977888332,0.03187446788586087,25,0.15463835669483234,3.8659589173708087,1.317719198426875,-5.441966368631522,1.5188246369218237
round_trip_0_05pct,72,1.2,2.0,12,False,False,0.022220601977888332,0.03187446788586087,25,0.08338947873271448,2.084736968317862,1.1718719106441071,-5.870682951555521,3.9339303901989804
round_trip_0_10pct,72,1.2,2.0,12,False,False,0.022220601977888332,0.03187446788586087,25,0.05243074199827734,1.3107685499569335,1.1041642230645654,-6.377273176495401,6.155996722232644
round_trip_0_12pct,72,1.2,2.0,12,False,False,0.022220601977888332,0.03187446788586087,25,0.040047247304502556,1.0011811826125638,1.0784298745712495,-6.579909266471352,8.006780140417474
round_trip_0_16pct,72,1.2,2.0,12,False,False,0.022220601977888332,0.03187446788586087,25,0.015280257916952816,0.3820064479238204,1.0290973495425646,-6.9851814464232564,20.71213589668124
round_trip_0_05pct,72,1.2,2.0,24,False,False,0.022220601977888332,0.03187446788586087,23,0.15563741955958194,3.5796606498703847,1.3033061685532115,-4.925280060122057,2.290922034254263
round_trip_0_10pct,72,1.2,2.0,24,False,False,0.022220601977888332,0.03187446788586087,23,0.12466799224689909,2.867363821678679,1.2350362148401772,-5.402393215573745,2.8156735411477056
round_trip_0_12pct,72,1.2,2.0,24,False,False,0.022220601977888332,0.03187446788586087,23,0.11228022132182601,2.582445090401998,1.2089579859912394,-5.593238477754419,3.106627618300104
round_trip_0_16pct,72,1.2,2.0,24,False,False,0.022220601977888332,0.03187446788586087,23,0.08750467947167966,2.0126076278486322,1.1587642337978548,-5.9749290021157675,3.936482774101409
round_trip_0_05pct,72,1.2,2.0,36,False,False,0.022220601977888332,0.03187446788586087,23,0.21542223644273886,4.9547114381829935,1.4136383652913096,-3.8148218861045153,1.6551364413965532
round_trip_0_10pct,72,1.2,2.0,36,False,False,0.022220601977888332,0.03187446788586087,23,0.184452809130056,4.242414609991288,1.3432322402651848,-4.2205479735958225,1.9030578544894754
round_trip_0_12pct,72,1.2,2.0,36,False,False,0.022220601977888332,0.03187446788586087,23,0.17206503820498292,3.957495878714607,1.3162728864800162,-4.382838408592344,2.0272150588296065
round_trip_0_16pct,72,1.2,2.0,36,False,False,0.022220601977888332,0.03187446788586087,23,0.14728949635483657,3.387658416161241,1.2642814740695758,-4.707419278585389,2.3386641404739996
round_trip_0_05pct,72,1.2,2.0,48,False,False,0.022220601977888332,0.03187446788586087,23,0.21492761704893915,4.9433351921256,1.3949848214163676,-3.289309864648783,1.6589454567038462
round_trip_0_10pct,72,1.2,2.0,48,False,False,0.022220601977888332,0.03187446788586087,23,0.18395818973625627,4.231038363933894,1.3280618541378229,-3.695035952140088,1.9081747200321453
round_trip_0_12pct,72,1.2,2.0,48,False,False,0.022220601977888332,0.03187446788586087,23,0.1715704188111832,3.9461196326572137,1.3023891950119058,-3.8573263871366104,2.0330593057018103
round_trip_0_16pct,72,1.2,2.0,48,False,False,0.022220601977888332,0.03187446788586087,23,0.14679487696103685,3.3762821701038477,1.252805407081344,-4.181907257129656,2.346544174596508
round_trip_0_05pct,72,1.2,2.5,12,False,False,0.022220601977888332,0.03187446788586087,24,0.13976125057528183,3.354270013806764,1.2766147624773432,-4.634682341144089,3.060378017615892
round_trip_0_10pct,72,1.2,2.5,12,False,False,0.022220601977888332,0.03187446788586087,24,0.10909769151029752,2.6183445962471406,1.2081906296900398,-5.142285142991197,3.8726416432360025
round_trip_0_12pct,72,1.2,2.5,12,False,False,0.022220601977888332,0.03187446788586087,24,0.09683226788430384,2.3239744292232922,1.1821742111150264,-5.345326263730039,4.341588545312559
round_trip_0_16pct,72,1.2,2.5,12,False,False,0.022220601977888332,0.03187446788586087,24,0.07230142063231636,1.7352340951755927,1.1322859155944704,-5.751408505207725,5.756803461147583
round_trip_0_05pct,72,1.2,2.5,24,False,False,0.022220601977888332,0.03187446788586087,23,0.2650902850163487,6.09707655537602,1.5174551380791788,-3.6734096432955434,1.685175404908983
round_trip_0_10pct,72,1.2,2.5,24,False,False,0.022220601977888332,0.03187446788586087,23,0.23449822020547392,5.3934590647259,1.443032319540383,-4.148704518233145,1.8822840219930734
round_trip_0_12pct,72,1.2,2.5,24,False,False,0.022220601977888332,0.03187446788586087,23,0.2222613942811241,5.112012068465854,1.4145852811792778,-4.338822468208187,1.976531787939224
round_trip_0_16pct,72,1.2,2.5,24,False,False,0.022220601977888332,0.03187446788586087,23,0.19778774243242428,4.549118075945758,1.3598033843050819,-4.7190583681582705,2.2000131129284655
round_trip_0_05pct,72,1.2,2.5,36,False,False,0.022220601977888332,0.03187446788586087,23,0.3492838406812757,8.033528335669342,1.6717535468594604,-3.0909336173591884,1.2789702137909724
round_trip_0_10pct,72,1.2,2.5,36,False,False,0.022220601977888332,0.03187446788586087,23,0.31869177587040093,7.329910845019221,1.5942617647131656,-3.1818672347183763,1.385013001584557
round_trip_0_12pct,72,1.2,2.5,36,False,False,0.022220601977888332,0.03187446788586087,23,0.3064549499460511,7.048463848759175,1.5645700446988602,-3.218240681662051,1.4335115523690232
round_trip_0_16pct,72,1.2,2.5,36,False,False,0.022220601977888332,0.03187446788586087,23,0.28198129809735123,6.485569856239079,1.5072792065803329,-3.4515486446278913,1.543136477007156
round_trip_0_05pct,72,1.2,2.5,48,False,False,0.022220601977888332,0.03187446788586087,23,0.273423631046857,6.288743514077711,1.4732898044002312,-3.0909336173591884,1.6338149949932728
round_trip_0_10pct,72,1.2,2.5,48,False,False,0.022220601977888332,0.03187446788586087,23,0.24283156623598223,5.585126023427591,1.4077143876839073,-3.1818672347183763,1.817688943494416
round_trip_0_12pct,72,1.2,2.5,48,False,False,0.022220601977888332,0.03187446788586087,23,0.2305947403116324,5.303679027167545,1.3825737809943683,-3.218240681662051,1.905102910997203
round_trip_0_16pct,72,1.2,2.5,48,False,False,0.022220601977888332,0.03187446788586087,23,0.20612108846293256,4.740785034647449,1.3340412904409606,-3.2909875755494014,2.11106796578994
round_trip_0_05pct,72,1.2,3.0,12,False,False,0.022220601977888332,0.03187446788586087,22,0.061345605348411776,1.349603317665059,1.1112970034069718,-4.993995219756084,7.9964454886614345
round_trip_0_10pct,72,1.2,3.0,12,False,False,0.022220601977888332,0.03187446788586087,22,0.029612608700247123,0.6514773914054367,1.051800472917095,-5.4858874006243425,16.332550196114248
round_trip_0_12pct,72,1.2,3.0,12,False,False,0.022220601977888332,0.03187446788586087,22,0.016919410040981322,0.3722270209015891,1.0291785327049001,-5.682644272971645,28.422413572858215
round_trip_0_16pct,72,1.2,3.0,12,False,False,0.022220601977888332,0.03187446788586087,22,-0.008466987277550412,-0.18627372010610907,0.9857993859825979,-6.076158017666252,-56.144240817709395
round_trip_0_05pct,72,1.2,3.0,24,False,False,0.022220601977888332,0.03187446788586087,19,0.17267623332574264,3.28084843318911,1.2877176908677033,-4.2820623311234005,3.737786856530891
round_trip_0_10pct,72,1.2,3.0,24,False,False,0.022220601977888332,0.03187446788586087,19,0.14080264768310252,2.675250305978948,1.227768738603538,-4.463873779321015,4.521301711321373
round_trip_0_12pct,72,1.2,3.0,24,False,False,0.022220601977888332,0.03187446788586087,19,0.12805321342604659,2.433011055094885,1.2047566935504839,-4.53659835860006,4.943920996726876
round_trip_0_16pct,72,1.2,3.0,24,False,False,0.022220601977888332,0.03187446788586087,19,0.10255434491193453,1.9485325533267561,1.1602884415899877,-4.856729585657478,6.104396730800064
round_trip_0_05pct,72,1.2,3.0,36,False,False,0.022220601977888332,0.03187446788586087,19,0.32219890969958964,6.121779284292203,1.5368563149277215,-3.330140742749282,2.0038926790605616
round_trip_0_10pct,72,1.2,3.0,36,False,False,0.022220601977888332,0.03187446788586087,19,0.29032532405694955,5.516181157082041,1.4696433904704949,-3.5119521909468965,2.194384931086504
round_trip_0_12pct,72,1.2,3.0,36,False,False,0.022220601977888332,0.03187446788586087,19,0.2775758897998936,5.273941906197979,1.4438429921759313,-3.5846767702259417,2.282840483931455
round_trip_0_16pct,72,1.2,3.0,36,False,False,0.022220601977888332,0.03187446788586087,19,0.2520770212857815,4.789463404429849,1.3939865535413511,-3.7301259287840334,2.486594772310107
round_trip_0_05pct,72,1.2,3.0,48,False,False,0.022220601977888332,0.03187446788586087,19,0.26027237375569645,4.945175101358233,1.4055289358876455,-3.097681010854587,2.480678325677166
round_trip_0_10pct,72,1.2,3.0,48,False,False,0.022220601977888332,0.03187446788586087,19,0.22839878811305636,4.339576974148071,1.345158129144317,-3.184468295716859,2.790960357453539
round_trip_0_12pct,72,1.2,3.0,48,False,False,0.022220601977888332,0.03187446788586087,19,0.2156493538560004,4.097337723264007,1.3220150468342204,-3.219183209661768,2.9426054770899177
round_trip_0_16pct,72,1.2,3.0,48,False,False,0.022220601977888332,0.03187446788586087,19,0.19015048534188833,3.6128592214958783,1.27734204290887,-3.2886130375515856,3.3069018025600756
round_trip_0_05pct,72,1.5,1.5,12,False,False,0.022220601977888332,0.03187446788586087,25,0.14671833092581058,3.6679582731452642,1.3850391533975108,-4.568531923701342,1.3366624149849713
round_trip_0_10pct,72,1.5,1.5,12,False,False,0.022220601977888332,0.03187446788586087,25,0.12289130757925007,3.0722826894812516,1.3146358755805714,-4.9112527939959865,1.5641932766624185
round_trip_0_12pct,72,1.5,1.5,12,False,False,0.022220601977888332,0.03187446788586087,25,0.11336049824062595,2.8340124560156488,1.2874277110557006,-5.048341142113842,1.681987212918999
round_trip_0_16pct,72,1.5,1.5,12,False,False,0.022220601977888332,0.03187446788586087,25,0.09429887956337754,2.3574719890844387,1.2345600915827017,-5.322517838349557,1.9890078460061402
round_trip_0_05pct,72,1.5,1.5,24,False,False,0.022220601977888332,0.03187446788586087,23,0.14159260057919684,3.2566298133215277,1.347442330587161,-4.472299322472906,1.5053699433555163
round_trip_0_10pct,72,1.5,1.5,24,False,False,0.022220601977888332,0.03187446788586087,23,0.11792945139904813,2.712377382178107,1.2825857240530583,-4.78935265679178,1.773065502321225
round_trip_0_12pct,72,1.5,1.5,24,False,False,0.022220601977888332,0.03187446788586087,23,0.10846419172698872,2.4946764097207406,1.2574875623432076,-4.91617399051933,1.9128488160727797
round_trip_0_16pct,72,1.5,1.5,24,False,False,0.022220601977888332,0.03187446788586087,23,0.0895336723828697,2.0592744648060033,1.2086662196739353,-5.1698166579744305,2.2810805453593805
round_trip_0_05pct,72,1.5,1.5,36,False,False,0.022220601977888332,0.03187446788586087,23,0.16890435902500797,3.8848002575751837,1.419649380819122,-3.8441288782192498,1.2619523045104297
round_trip_0_10pct,72,1.5,1.5,36,False,False,0.022220601977888332,0.03187446788586087,23,0.14524120984485928,3.3405478264317634,1.3527522354534713,-4.161182212538124,1.4396509241878956
round_trip_0_12pct,72,1.5,1.5,36,False,False,0.022220601977888332,0.03187446788586087,23,0.13577595017279986,3.122846853974397,1.326827319904118,-4.288003546265674,1.528073274149144
round_trip_0_16pct,72,1.5,1.5,36,False,False,0.022220601977888332,0.03187446788586087,23,0.11684543082868086,2.6874449090596597,1.2763383160875132,-4.5416462137207745,1.7478947767036983
round_trip_0_05pct,72,1.5,1.5,48,False,False,0.022220601977888332,0.03187446788586087,23,0.1867163409196623,4.294475841152233,1.4639039353871681,-3.434453294642201,1.1415671711624678
round_trip_0_10pct,72,1.5,1.5,48,False,False,0.022220601977888332,0.03187446788586087,23,0.16305319173951358,3.7502234100088123,1.3960127979199197,-3.7515066289610752,1.282383004911447
round_trip_0_12pct,72,1.5,1.5,48,False,False,0.022220601977888332,0.03187446788586087,23,0.15358793206745416,3.5325224375514455,1.3697026766768137,-3.8783279626886245,1.3508587422099043
round_trip_0_16pct,72,1.5,1.5,48,False,False,0.022220601977888332,0.03187446788586087,23,0.13465741272333515,3.0971204926367086,1.3184634813425147,-4.131970630143726,1.5166897543676952
round_trip_0_05pct,72,1.5,2.0,12,False,False,0.022220601977888332,0.03187446788586087,22,0.06478458127188831,1.4252607879815429,1.1618201391997298,-4.632656338936243,4.591704014212958
round_trip_0_10pct,72,1.5,2.0,12,False,False,0.022220601977888332,0.03187446788586087,22,0.040436811709582916,0.8896098576108241,1.0979710801554639,-4.974081547782746,7.233169052125496
round_trip_0_12pct,72,1.5,2.0,12,False,False,0.022220601977888332,0.03187446788586087,22,0.030697703884660806,0.6753494854625377,1.0734923104382283,-5.110651631321345,9.463834670067452
round_trip_0_16pct,72,1.5,2.0,12,False,False,0.022220601977888332,0.03187446788586087,22,0.011219488234816477,0.24682874116596248,1.026237423448047,-5.383791798398548,25.543178699298092
round_trip_0_05pct,72,1.5,2.0,24,False,False,0.022220601977888332,0.03187446788586087,20,0.1874216210034299,3.748432420068598,1.4386410734521795,-3.87617506282636,1.7476071203593722
round_trip_0_10pct,72,1.5,2.0,24,False,False,0.022220601977888332,0.03187446788586087,20,0.16316279032423836,3.2632558064847674,1.3719738727003932,-4.193859653119182,1.974819014048981
round_trip_0_12pct,72,1.5,2.0,24,False,False,0.022220601977888332,0.03187446788586087,20,0.15345925805256183,3.069185161051237,1.3462641693560882,-4.320933489236309,2.0862237378869093
round_trip_0_16pct,72,1.5,2.0,24,False,False,0.022220601977888332,0.03187446788586087,20,0.13405219350920863,2.6810438701841726,1.2963949447112824,-4.5750811614705675,2.3574245744484696
round_trip_0_05pct,72,1.5,2.0,36,False,False,0.022220601977888332,0.03187446788586087,20,0.2424236525359343,4.8484730507186855,1.5581592497156,-3.0793225912215556,1.3511031450462072
round_trip_0_10pct,72,1.5,2.0,36,False,False,0.022220601977888332,0.03187446788586087,20,0.21816482185674274,4.363296437134855,1.490190604891058,-3.153365146557048,1.4769428818784351
round_trip_0_12pct,72,1.5,2.0,36,False,False,0.022220601977888332,0.03187446788586087,20,0.2084612895850662,4.169225791701324,1.4639123809391263,-3.182982168691243,1.5357784055975752
round_trip_0_16pct,72,1.5,2.0,36,False,False,0.022220601977888332,0.03187446788586087,20,0.18905422504171296,3.7810845008342593,1.4128342414569814,-3.361073382646263,1.6715729847751553
round_trip_0_05pct,72,1.5,2.0,48,False,False,0.022220601977888332,0.03187446788586087,20,0.2710371706089359,5.420743412178718,1.6351431369208016,-3.0793225912215556,1.2084665680320197
round_trip_0_10pct,72,1.5,2.0,48,False,False,0.022220601977888332,0.03187446788586087,20,0.24677833992974435,4.935566798594887,1.5641058194697417,-3.153365146557048,1.3056939308746685
round_trip_0_12pct,72,1.5,2.0,48,False,False,0.022220601977888332,0.03187446788586087,20,0.23707480765806782,4.741496153161356,1.53665751045024,-3.182982168691243,1.350419093915365
round_trip_0_16pct,72,1.5,2.0,48,False,False,0.022220601977888332,0.03187446788586087,20,0.21766774311471457,4.3533548622942915,1.4833310597608038,-3.2422162129596366,1.4518363204178732
round_trip_0_05pct,72,1.5,2.5,12,False,False,0.022220601977888332,0.03187446788586087,22,0.11579386346894233,2.547464996316731,1.259014832495672,-3.6436968876439613,3.2237017522107894
round_trip_0_10pct,72,1.5,2.5,12,False,False,0.022220601977888332,0.03187446788586087,22,0.09194229983352543,2.0227305963375595,1.1996727556421327,-3.9857731950531186,4.01038490766032
round_trip_0_12pct,72,1.5,2.5,12,False,False,0.022220601977888332,0.03187446788586087,22,0.08240167437935873,1.812836836345892,1.1768925728370412,-4.122603718016781,4.452575348966486
round_trip_0_16pct,72,1.5,2.5,12,False,False,0.022220601977888332,0.03187446788586087,22,0.06332042347102523,1.393049316362555,1.1328706505649848,-4.3962647639441075,5.736710985131156
round_trip_0_05pct,72,1.5,2.5,24,False,False,0.022220601977888332,0.03187446788586087,21,0.22578815555281054,4.741551266609021,1.495941672862307,-3.072746893887346,1.733549697175775
round_trip_0_10pct,72,1.5,2.5,24,False,False,0.022220601977888332,0.03187446788586087,21,0.20202401167592035,4.242504245194327,1.4325386625415109,-3.191226621172918,1.9143451573078638
round_trip_0_12pct,72,1.5,2.5,24,False,False,0.022220601977888332,0.03187446788586087,21,0.19251835412516433,4.042885436628451,1.4080650711354,-3.31778219271079,1.9993748548220935
round_trip_0_16pct,72,1.5,2.5,24,False,False,0.022220601977888332,0.03187446788586087,21,0.17350703902365222,3.6436478194966964,1.3605574645641423,-3.5708933357865345,2.1973845805378676
round_trip_0_05pct,72,1.5,2.5,36,False,False,0.022220601977888332,0.03187446788586087,21,0.2995577471830323,6.290712690843678,1.6484143180007966,-3.072746893887346,1.3066428505529308
round_trip_0_10pct,72,1.5,2.5,36,False,False,0.022220601977888332,0.03187446788586087,21,0.2757936033061421,5.791665669428984,1.5828503849305664,-3.145493787774696,1.402293903033002
round_trip_0_12pct,72,1.5,2.5,36,False,False,0.022220601977888332,0.03187446788586087,21,0.26628794575538606,5.592046860863108,1.5574853814891148,-3.1745925453296353,1.445489224972938
round_trip_0_16pct,72,1.5,2.5,36,False,False,0.022220601977888332,0.03187446788586087,21,0.24727663065387395,5.192809243731353,1.5081559652274994,-3.2327900604395157,1.5418427983153304
round_trip_0_05pct,72,1.5,2.5,48,False,False,0.022220601977888332,0.03187446788586087,21,0.26077410437506293,5.476256191876321,1.5377882666639489,-3.072746893887346,1.5009733793256252
round_trip_0_10pct,72,1.5,2.5,48,False,False,0.022220601977888332,0.03187446788586087,21,0.23700996049817272,4.977209170461627,1.4764366404538676,-3.145493787774696,1.6317613301939147
round_trip_0_12pct,72,1.5,2.5,48,False,False,0.022220601977888332,0.03187446788586087,21,0.2275043029474167,4.777590361895751,1.4527549447217918,-3.1745925453296353,1.6919080269816036
round_trip_0_16pct,72,1.5,2.5,48,False,False,0.022220601977888332,0.03187446788586087,21,0.20849298784590456,4.378352744763996,1.406784645040653,-3.2327900604395157,1.8286547480778719
round_trip_0_05pct,72,1.5,3.0,12,False,False,0.022220601977888332,0.03187446788586087,20,0.047186581970168014,0.9437316394033602,1.0959544067747164,-3.931147190533563,9.146633527621633
round_trip_0_10pct,72,1.5,3.0,12,False,False,0.022220601977888332,0.03187446788586087,20,0.02246184162320945,0.449236832464189,1.0443461706845603,-4.260655001159643,18.941407529791142
round_trip_0_12pct,72,1.5,3.0,12,False,False,0.022220601977888332,0.03187446788586087,20,0.012571945484426111,0.2514389096885222,1.0245348476787333,-4.392458125410073,33.64659080966394
round_trip_0_16pct,72,1.5,3.0,12,False,False,0.022220601977888332,0.03187446788586087,20,-0.007207846793140696,-0.14415693586281392,0.9862501451839758,-4.6560643739109375,-58.005051449743135
round_trip_0_05pct,72,1.5,3.0,24,False,False,0.022220601977888332,0.03187446788586087,16,0.21952870039261652,3.5124592062818643,1.426633122861448,-2.511821429976643,2.7925829484814058
round_trip_0_10pct,72,1.5,3.0,24,False,False,0.022220601977888332,0.03187446788586087,16,0.1947323820650949,3.1157181130415186,1.3701343031674555,-2.6159430124764316,3.104722199516266
round_trip_0_12pct,72,1.5,3.0,24,False,False,0.022220601977888332,0.03187446788586087,16,0.18481385473408632,2.957021675745381,1.3482234356255454,-2.657591645476347,3.253030396907204
round_trip_0_16pct,72,1.5,3.0,24,False,False,0.022220601977888332,0.03187446788586087,16,0.16497680007206905,2.639628801153105,1.3055266973805986,-2.7408889114761776,3.6031451832905184
round_trip_0_05pct,72,1.5,3.0,36,False,False,0.022220601977888332,0.03187446788586087,16,0.3615752429477712,5.785203887164339,1.7026870508152594,-2.054254371261286,1.696364288580186
round_trip_0_10pct,72,1.5,3.0,36,False,False,0.022220601977888332,0.03187446788586087,16,0.3367789246202496,5.388462793923994,1.640126882154259,-2.099793761728722,1.797117325838199
round_trip_0_12pct,72,1.5,3.0,36,False,False,0.022220601977888332,0.03187446788586087,16,0.326860397289241,5.229766356627856,1.615865356402837,-2.1180095179156964,1.8416988098312626
round_trip_0_16pct,72,1.5,3.0,36,False,False,0.022220601977888332,0.03187446788586087,16,0.3070233426272237,4.912373482035579,1.5685879944978325,-2.155051576905529,1.9395031273055103
round_trip_0_05pct,72,1.5,3.0,48,False,False,0.022220601977888332,0.03187446788586087,16,0.30274503380107265,4.843920540817162,1.5463436063092117,-2.054254371261286,2.0260062471390756
round_trip_0_10pct,72,1.5,3.0,48,False,False,0.022220601977888332,0.03187446788586087,16,0.27794871547355104,4.447179447576817,1.489798652042566,-2.099793761728722,2.1787449678136683
round_trip_0_12pct,72,1.5,3.0,48,False,False,0.022220601977888332,0.03187446788586087,16,0.2680301881425424,4.288483010280679,1.4679184431772616,-2.1180095179156964,2.2491586693122403
round_trip_0_16pct,72,1.5,3.0,48,False,False,0.022220601977888332,0.03187446788586087,16,0.24819313348052513,3.971090135688402,1.4253591361470879,-2.155051576905529,2.406869703528277
round_trip_0_05pct,72,1.8,1.5,12,False,False,0.022220601977888332,0.03187446788586087,24,0.10724351347382888,2.573844323371893,1.3056678936098034,-5.14044326975111,1.5870407552620047
round_trip_0_10pct,72,1.8,1.5,12,False,False,0.022220601977888332,0.03187446788586087,24,0.08727751803066898,2.0946604327360556,1.2435386890576892,-5.426043994996646,1.911013808518167
round_trip_0_12pct,72,1.8,1.5,12,False,False,0.022220601977888332,0.03187446788586087,24,0.07929111985340506,1.9029868764817215,1.2194112446478407,-5.540284285094861,2.0862869466262928
round_trip_0_16pct,72,1.8,1.5,12,False,False,0.022220601977888332,0.03187446788586087,24,0.06331832349887713,1.519639763973051,1.1723419799898867,-5.768764865291291,2.5694773921786065
round_trip_0_05pct,72,1.8,1.5,24,False,False,0.022220601977888332,0.03187446788586087,22,0.10141230031145922,2.2310706068521027,1.2690351702887797,-5.06024943539409,1.8307226083071377
round_trip_0_10pct,72,1.8,1.5,24,False,False,0.022220601977888332,0.03187446788586087,22,0.08157906105985267,1.7947393433167587,1.2120818867079113,-5.324460547326486,2.2320273925209766
round_trip_0_12pct,72,1.8,1.5,24,False,False,0.022220601977888332,0.03187446788586087,22,0.07364576535921008,1.6202068379026218,1.1899347774813172,-5.430144992099444,2.453070604413021
round_trip_0_16pct,72,1.8,1.5,24,False,False,0.022220601977888332,0.03187446788586087,22,0.05777917395792482,1.271141827074346,1.146680949300796,-5.64151388164536,3.077257363917007
round_trip_0_05pct,72,1.8,1.5,36,False,False,0.022220601977888332,0.03187446788586087,22,0.1252066353210674,2.754545977063483,1.3360728887047064,-4.53677406518271,1.4828111183128518
round_trip_0_10pct,72,1.8,1.5,36,False,False,0.022220601977888332,0.03187446788586087,22,0.10537339606946085,2.3182147135281386,1.2774502078548526,-4.8009851771151055,1.7280139554551623
round_trip_0_12pct,72,1.8,1.5,36,False,False,0.022220601977888332,0.03187446788586087,22,0.09744010036881826,2.1436822081140017,1.2546217145867677,-4.906669621888064,1.8540442944780597
round_trip_0_16pct,72,1.8,1.5,36,False,False,0.022220601977888332,0.03187446788586087,22,0.081573508967533,1.794617197285726,1.2099849938128269,-5.11803851143398,2.179646196338476
round_trip_0_05pct,72,1.8,1.5,48,False,False,0.022220601977888332,0.03187446788586087,22,0.14072464985050107,3.0959422967110233,1.3777255052493098,-4.195377745535169,1.3192982973335166
round_trip_0_10pct,72,1.8,1.5,48,False,False,0.022220601977888332,0.03187446788586087,22,0.12089141059889452,2.6596110331756795,1.3183094428922038,-4.459588857467565,1.5062004656879864
round_trip_0_12pct,72,1.8,1.5,48,False,False,0.022220601977888332,0.03187446788586087,22,0.11295811489825193,2.4850785277615426,1.2951719957493601,-4.565273302240524,1.599338500867393
round_trip_0_16pct,72,1.8,1.5,48,False,False,0.022220601977888332,0.03187446788586087,22,0.09709152349696666,2.1360135169332666,1.249931175191973,-4.77664219178644,1.8312761211190673
round_trip_0_05pct,72,1.8,2.0,12,False,False,0.022220601977888332,0.03187446788586087,21,0.04163298513507648,0.8742926878366061,1.1142394067860288,-4.173971584594883,6.237781096767591
round_trip_0_10pct,72,1.8,2.0,12,False,False,0.022220601977888332,0.03187446788586087,21,0.021325029065698057,0.4478256103796592,1.0569719442671641,-4.4385838941149816,11.973966244511173
round_trip_0_12pct,72,1.8,2.0,12,False,False,0.022220601977888332,0.03187446788586087,21,0.013201846637946697,0.27723877939688063,1.0349018773985041,-4.544428817923023,19.211465440358992
round_trip_0_16pct,72,1.8,2.0,12,False,False,0.022220601977888332,0.03187446788586087,21,-0.0030445182175560664,-0.0639348825686774,0.9921157737102203,-4.756118665539103,-82.17724021719172
round_trip_0_05pct,72,1.8,2.0,24,False,False,0.022220601977888332,0.03187446788586087,20,0.08951801750285851,1.79036035005717,1.2117609077589957,-4.5634792190219615,3.049100882255637
round_trip_0_10pct,72,1.8,2.0,24,False,False,0.022220601977888332,0.03187446788586087,20,0.06930232527019893,1.3860465054039786,1.1603476721730013,-4.828216377599313,3.8745330629398
round_trip_0_12pct,72,1.8,2.0,24,False,False,0.022220601977888332,0.03187446788586087,20,0.061216048377135124,1.2243209675427025,1.1404076727053052,-4.934111241030253,4.35820283835008
round_trip_0_16pct,72,1.8,2.0,24,False,False,0.022220601977888332,0.03187446788586087,20,0.04504349459100744,0.9008698918201488,1.1015492655158086,-5.1459009678921355,5.8465330400234325
round_trip_0_05pct,72,1.8,2.0,36,False,False,0.022220601977888332,0.03187446788586087,20,0.13535304377994548,2.7070608755989096,1.3157983951305285,-3.489840436343601,2.0165742751193516
round_trip_0_10pct,72,1.8,2.0,36,False,False,0.022220601977888332,0.03187446788586087,20,0.11513735154728588,2.3027470309457176,1.26314041151421,-3.706986216280699,2.3321202632294162
round_trip_0_12pct,72,1.8,2.0,36,False,False,0.022220601977888332,0.03187446788586087,20,0.10705107465422208,2.1410214930844416,1.242675180378461,-3.803341468097808,2.4921931578132357
round_trip_0_16pct,72,1.8,2.0,36,False,False,0.022220601977888332,0.03187446788586087,20,0.09087852086809439,1.8175704173618878,1.2027247963501462,-4.0151311949596895,2.89780551937766
round_trip_0_05pct,72,1.8,2.0,48,False,False,0.022220601977888332,0.03187446788586087,20,0.15919764217411347,3.1839528434822695,1.376996947260295,-3.139499088706445,1.7145320899113463
round_trip_0_10pct,72,1.8,2.0,48,False,False,0.022220601977888332,0.03187446788586087,20,0.1389819499414539,2.779638998829078,1.322296809623225,-3.356644868643543,1.9320073629065189
round_trip_0_12pct,72,1.8,2.0,48,False,False,0.022220601977888332,0.03187446788586087,20,0.1308956730483901,2.617913460967802,1.3010469461703877,-3.4530001204606533,2.0382030175373123
round_trip_0_16pct,72,1.8,2.0,48,False,False,0.022220601977888332,0.03187446788586087,20,0.11472311926226239,2.294462385245248,1.2595794432947085,-3.6647898473225338,2.295511846765736
round_trip_0_05pct,72,1.8,2.5,12,False,False,0.022220601977888332,0.03187446788586087,20,0.013287956227189073,0.2657591245437815,1.0306247991034094,-4.369747406369958,25.684676262301235
round_trip_0_10pct,72,1.8,2.5,12,False,False,0.022220601977888332,0.03187446788586087,20,-0.0069790599736960016,-0.13958119947392003,0.9843266757401093,-4.65481099587759,-48.243004865426975
round_trip_0_12pct,72,1.8,2.5,12,False,False,0.022220601977888332,0.03187446788586087,20,-0.015085866454050004,-0.3017173290810001,0.9664637529631956,-4.768836431680643,-22.19616708398509
round_trip_0_16pct,72,1.8,2.5,12,False,False,0.022220601977888332,0.03187446788586087,20,-0.03129947941475808,-0.6259895882951616,0.9318016218711123,-4.996887303286748,-10.580482324953476
round_trip_0_05pct,72,1.8,2.5,24,False,False,0.022220601977888332,0.03187446788586087,18,0.1730040582021852,3.1140730476393337,1.4191642681865657,-2.709122712421546,2.195011980714058
round_trip_0_10pct,72,1.8,2.5,24,False,False,0.022220601977888332,0.03187446788586087,18,0.15278042057096378,2.750047570277348,1.36196120155013,-2.9528714552734625,2.4535911174062233
round_trip_0_12pct,72,1.8,2.5,24,False,False,0.022220601977888332,0.03187446788586087,18,0.14469096551847524,2.604437379332554,1.339783707286283,-3.0503709524142284,2.577262252929747
round_trip_0_16pct,72,1.8,2.5,24,False,False,0.022220601977888332,0.03187446788586087,18,0.12851205541349808,2.3132169974429657,1.2965778181100656,-3.2453699466957606,2.871312924471462
round_trip_0_05pct,72,1.8,2.5,36,False,False,0.022220601977888332,0.03187446788586087,18,0.2447244945093452,4.4050409011682135,1.5837020258428627,-2.0430211125135505,1.55172853141371
round_trip_0_10pct,72,1.8,2.5,36,False,False,0.022220601977888332,0.03187446788586087,18,0.2245008568781238,4.041015423806228,1.5244909202566421,-2.0821977192897876,1.669751679522572
round_trip_0_12pct,72,1.8,2.5,36,False,False,0.022220601977888332,0.03187446788586087,18,0.21641140182563526,3.895405232861435,1.5014805626898775,-2.0978683620002823,1.7231373237496064
round_trip_0_16pct,72,1.8,2.5,36,False,False,0.022220601977888332,0.03187446788586087,18,0.2002324917206581,3.604184850971846,1.4565645658492867,-2.130283883906579,1.842849392165358
round_trip_0_05pct,72,1.8,2.5,48,False,False,0.022220601977888332,0.03187446788586087,18,0.20701817511270834,3.72632715202875,1.4688525942457,-2.0430211125135505,1.834360583360379
round_trip_0_10pct,72,1.8,2.5,48,False,False,0.022220601977888332,0.03187446788586087,18,0.18679453748148692,3.3623016746667647,1.4135878341068038,-2.0821977192897876,2.006807521679567
round_trip_0_12pct,72,1.8,2.5,48,False,False,0.022220601977888332,0.03187446788586087,18,0.17870508242899838,3.216691483721971,1.3921680196641875,-2.0978683620002823,2.0867149311149893
round_trip_0_16pct,72,1.8,2.5,48,False,False,0.022220601977888332,0.03187446788586087,18,0.16252617232402125,2.9254711018323825,1.350448181090955,-2.130283883906579,2.270393256561252
round_trip_0_05pct,72,1.8,3.0,12,False,False,0.022220601977888332,0.03187446788586087,19,0.01597250714688211,0.3034776357907601,1.034971298330487,-4.609289325444627,23.699404525099748
round_trip_0_10pct,72,1.8,3.0,12,False,False,0.022220601977888332,0.03187446788586087,19,-0.004809944258300465,-0.09138894090770884,0.9897380986120402,-4.883879167633027,-77.56983988519875
round_trip_0_12pct,72,1.8,3.0,12,False,False,0.022220601977888332,0.03187446788586087,19,-0.013122924820373472,-0.24933557158709596,0.9722860488349252,-4.993715104508386,-28.266083222915125
round_trip_0_16pct,72,1.8,3.0,12,False,False,0.022220601977888332,0.03187446788586087,19,-0.029748885944519545,-0.5652288329458713,0.9384211967748946,-5.213386978259106,-12.322741901652389
round_trip_0_05pct,72,1.8,3.0,24,False,False,0.022220601977888332,0.03187446788586087,15,0.17405004054596654,2.6107506081894982,1.3638147919962753,-2.8300270558521556,3.130502427093128
round_trip_0_10pct,72,1.8,3.0,24,False,False,0.022220601977888332,0.03187446788586087,15,0.15315636397155885,2.297345459573383,1.3141897973135916,-3.0605378297202286,3.508067629309577
round_trip_0_12pct,72,1.8,3.0,24,False,False,0.022220601977888332,0.03187446788586087,15,0.14479889334179585,2.171983400126938,1.2948525819893009,-3.152742139267457,3.689602825436797
round_trip_0_16pct,72,1.8,3.0,24,False,False,0.022220601977888332,0.03187446788586087,15,0.12808395208226972,1.9212592812340457,1.2570220413941093,-3.337150758361916,4.123744185376266
round_trip_0_05pct,72,1.8,3.0,36,False,False,0.022220601977888332,0.03187446788586087,15,0.3003136339283262,4.504704508924894,1.6277421247277701,-2.045211976051079,1.815237993370251
round_trip_0_10pct,72,1.8,3.0,36,False,False,0.022220601977888332,0.03187446788586087,15,0.27941995735391856,4.191299360308778,1.5732109165421482,-2.083161468107276,1.9248908491574173
round_trip_0_12pct,72,1.8,3.0,36,False,False,0.022220601977888332,0.03187446788586087,15,0.27106248672415556,4.065937300862333,1.5519619124601978,-2.0983412649297546,1.9734851758605048
round_trip_0_16pct,72,1.8,3.0,36,False,False,0.022220601977888332,0.03187446788586087,15,0.2543475454646294,3.8152131819694413,1.510391226192883,-2.1292096474212725,2.080254239978778
round_trip_0_05pct,72,1.8,3.0,48,False,False,0.022220601977888332,0.03187446788586087,15,0.24802011468681642,3.7203017203022464,1.4829288237105789,-2.045211976051079,2.1979697853222553
round_trip_0_10pct,72,1.8,3.0,48,False,False,0.022220601977888332,0.03187446788586087,15,0.22712643811240874,3.406896571686131,1.4332561463242377,-2.083161468107276,2.369439540657981
round_trip_0_12pct,72,1.8,3.0,48,False,False,0.022220601977888332,0.03187446788586087,15,0.21876896748264574,3.281534512239686,1.4139479648424513,-2.0983412649297546,2.4487285387329325
round_trip_0_16pct,72,1.8,3.0,48,False,False,0.022220601977888332,0.03187446788586087,15,0.20205402622311958,3.0308103933467936,1.3762511502920662,-2.1292096474212725,2.626984107809089
round_trip_0_05pct,72,2.0,1.5,12,False,False,0.022220601977888332,0.03187446788586087,24,0.06318582879311277,1.5164598910347065,1.1809973250093133,-5.426398942775997,2.424275298500275
round_trip_0_10pct,72,2.0,1.5,12,False,False,0.022220601977888332,0.03187446788586087,24,0.045216432894268854,1.0851943894624525,1.1270594226954995,-5.68343959549698,3.3198038480352534
round_trip_0_12pct,72,2.0,1.5,12,False,False,0.022220601977888332,0.03187446788586087,24,0.03802867453473134,0.9126881888335522,1.1060545646579762,-5.786255856585372,3.914983294098596
round_trip_0_16pct,72,2.0,1.5,12,False,False,0.022220601977888332,0.03187446788586087,24,0.023653157815656214,0.5676757875757491,1.0649825047724955,-5.991888378762159,6.190526516928507
round_trip_0_05pct,72,2.0,1.5,24,False,False,0.022220601977888332,0.03187446788586087,22,0.05490743391667677,1.207963546166889,1.146179333486495,-5.354224491854684,3.0431582743445085
round_trip_0_10pct,72,2.0,1.5,24,False,False,0.022220601977888332,0.03187446788586087,22,0.03705751859023087,0.8152654089850792,1.096868189310625,-5.59201449259384,4.4222612652418904
round_trip_0_12pct,72,2.0,1.5,24,False,False,0.022220601977888332,0.03187446788586087,22,0.029917552459652552,0.6581861541123561,1.0776410178149367,-5.687130492889503,5.434683741166157
round_trip_0_16pct,72,2.0,1.5,24,False,False,0.022220601977888332,0.03187446788586087,22,0.015637620198495825,0.3440276443669082,1.0400058708349178,-5.877362493480828,10.23309478408688
round_trip_0_05pct,72,2.0,1.5,36,False,False,0.022220601977888332,0.03187446788586087,22,0.07632233542532413,1.679091379357131,1.2053520456532898,-4.883096658664442,2.189293748879666
round_trip_0_10pct,72,2.0,1.5,36,False,False,0.022220601977888332,0.03187446788586087,22,0.058472420098878236,1.2863932421753212,1.1546167372451228,-5.120886659403599,2.802655145287943
round_trip_0_12pct,72,2.0,1.5,36,False,False,0.022220601977888332,0.03187446788586087,22,0.051332453968299926,1.1293139873025984,1.1348084071584073,-5.216002659699261,3.16743937526087
round_trip_0_16pct,72,2.0,1.5,36,False,False,0.022220601977888332,0.03187446788586087,22,0.037052521707143196,0.8151554775571503,1.095993631774921,-5.406234660290586,4.318768124705247
round_trip_0_05pct,72,2.0,1.5,48,False,False,0.022220601977888332,0.03187446788586087,22,0.09028854850181443,1.9863480670399176,1.2429293866676137,-4.575839970981656,1.8506445681004755
round_trip_0_10pct,72,2.0,1.5,48,False,False,0.022220601977888332,0.03187446788586087,22,0.07243863317536854,1.593649929858108,1.1915471446731971,-4.813629971720812,2.2623015076888975
round_trip_0_12pct,72,2.0,1.5,48,False,False,0.022220601977888332,0.03187446788586087,22,0.06529866704479023,1.436570674985385,1.1714862355754796,-4.908745972016474,2.489980933553092
round_trip_0_16pct,72,2.0,1.5,48,False,False,0.022220601977888332,0.03187446788586087,22,0.0510187347836335,1.122412165239937,1.1321765271241528,-5.098977972607799,3.136519366217077
round_trip_0_05pct,72,2.0,2.0,12,False,False,0.022220601977888332,0.03187446788586087,21,0.004136353288235363,0.08686341905294262,1.0114477048242125,-4.456574426135397,56.50573986864158
round_trip_0_10pct,72,2.0,2.0,12,False,False,0.022220601977888332,0.03187446788586087,21,-0.014140807174205247,-0.2969569506583102,0.961803294998346,-4.694725504703488,-16.25159423682017
round_trip_0_12pct,72,2.0,2.0,12,False,False,0.022220601977888332,0.03187446788586087,21,-0.02145167135918144,-0.4504850985428102,0.942606341019592,-4.789985936130724,-10.64085565028717
round_trip_0_16pct,72,2.0,2.0,12,False,False,0.022220601977888332,0.03187446788586087,21,-0.03607339972913392,-0.7575413943118123,0.9052871175070116,-4.980506798985195,-6.242025872512771
round_trip_0_05pct,72,2.0,2.0,24,False,False,0.022220601977888332,0.03187446788586087,20,0.04056621575257269,0.8113243150514537,1.0964809263722122,-4.907131297119765,6.055642977138877
round_trip_0_10pct,72,2.0,2.0,24,False,False,0.022220601977888332,0.03187446788586087,20,0.022372092743179046,0.4474418548635809,1.0521517897871404,-5.145394739839381,10.80197272165674
round_trip_0_12pct,72,2.0,2.0,24,False,False,0.022220601977888332,0.03187446788586087,20,0.015094443539421631,0.30188887078843263,1.0349093969770624,-5.240700116927227,15.907360849953259
round_trip_0_16pct,72,2.0,2.0,24,False,False,0.022220601977888332,0.03187446788586087,20,0.000539145131906734,0.010782902638134681,1.0012275431057673,-5.431310871102921,439.60974031199856
round_trip_0_05pct,72,2.0,2.0,36,False,False,0.022220601977888332,0.03187446788586087,20,0.08181773940195096,1.6363547880390192,1.1921753307066794,-3.8894385014805635,3.0024603628355635
round_trip_0_10pct,72,2.0,2.0,36,False,False,0.022220601977888332,0.03187446788586087,20,0.06362361639255731,1.2724723278511463,1.146667167015493,-4.12770194420018,3.798318128399637
round_trip_0_12pct,72,2.0,2.0,36,False,False,0.022220601977888332,0.03187446788586087,20,0.056345967188799896,1.126919343775998,1.1289333734201525,-4.223007321288027,4.261400987337274
round_trip_0_16pct,72,2.0,2.0,36,False,False,0.022220601977888332,0.03187446788586087,20,0.04179066878128499,0.8358133756256998,1.0942384516043064,-4.41361807546372,5.6714443281208915
round_trip_0_05pct,72,2.0,2.0,48,False,False,0.022220601977888332,0.03187446788586087,20,0.10327787795670215,2.065557559134043,1.2458701470030185,-3.574131288607124,2.3785783014844144
round_trip_0_10pct,72,2.0,2.0,48,False,False,0.022220601977888332,0.03187446788586087,20,0.08508375494730851,1.7016750989461702,1.1987468605904628,-3.81239473132674,2.84029231770335
round_trip_0_12pct,72,2.0,2.0,48,False,False,0.022220601977888332,0.03187446788586087,20,0.0778061057435511,1.556122114871022,1.1803900983275963,-3.9077001084145873,3.086040072513552
round_trip_0_16pct,72,2.0,2.0,48,False,False,0.022220601977888332,0.03187446788586087,20,0.0632508073360362,1.2650161467207242,1.1444867866459967,-4.09831086259028,3.747200413882507
round_trip_0_05pct,72,2.0,2.5,12,False,False,0.022220601977888332,0.03187446788586087,20,-0.02804083939552985,-0.560816787910597,0.9348653568205919,-4.732772665732963,-10.95427865628196
round_trip_0_10pct,72,2.0,2.5,12,False,False,0.022220601977888332,0.03187446788586087,20,-0.04628115397632642,-0.9256230795265284,0.8949955987833802,-4.989329896289832,-6.547411112424103
round_trip_0_12pct,72,2.0,2.5,12,False,False,0.022220601977888332,0.03187446788586087,20,-0.05357727980864498,-1.0715455961728997,0.8795620720701863,-5.091952788512579,-5.6248389663499685
round_trip_0_16pct,72,2.0,2.5,12,False,False,0.022220601977888332,0.03187446788586087,20,-0.06816953147328225,-1.363390629465645,0.8495329230481606,-5.297198572958074,-4.372147254262671
round_trip_0_05pct,72,2.0,2.5,24,False,False,0.022220601977888332,0.03187446788586087,18,0.11681476349307747,2.1026657428753945,1.2846703377727546,-3.138210441179397,2.9257550347187706
round_trip_0_10pct,72,2.0,2.5,24,False,False,0.022220601977888332,0.03187446788586087,18,0.09861348962497819,1.7750428132496074,1.2354834126779766,-3.3575843097461218,3.42118117741164
round_trip_0_12pct,72,2.0,2.5,24,False,False,0.022220601977888332,0.03187446788586087,18,0.09133298007773855,1.643993641399294,1.2163580122490543,-3.4453338571728107,3.6746409359247005
round_trip_0_16pct,72,2.0,2.5,24,False,False,0.022220601977888332,0.03187446788586087,18,0.07677196098325913,1.3818952976986643,1.1790083133228588,-3.6208329520261895,4.325778433166116
round_trip_0_05pct,72,2.0,2.5,36,False,False,0.022220601977888332,0.03187446788586087,18,0.18136315616952148,3.2645368110513866,1.4357331068756278,-2.07193553676887,1.884458727107162
round_trip_0_10pct,72,2.0,2.5,36,False,False,0.022220601977888332,0.03187446788586087,18,0.1631618823014222,2.9369138814255997,1.3847059275579645,-2.2484771645593664,2.067729360467869
round_trip_0_12pct,72,2.0,2.5,36,False,False,0.022220601977888332,0.03187446788586087,18,0.15588137275418257,2.805864709575286,1.3648230990750192,-2.319093815675565,2.1530212459887905
round_trip_0_16pct,72,2.0,2.5,36,False,False,0.022220601977888332,0.03187446788586087,18,0.14132035365970314,2.5437663658746565,1.325926394574391,-2.460327117907961,2.349969303734832
round_trip_0_05pct,72,2.0,2.5,48,False,False,0.022220601977888332,0.03187446788586087,18,0.1474274687125483,2.6536944368258695,1.3379218547249951,-2.038719001262198,2.3182340808261057
round_trip_0_10pct,72,2.0,2.5,48,False,False,0.022220601977888332,0.03187446788586087,18,0.12922619484444903,2.3260715072000826,1.2901555712012374,-2.0739779473608113,2.6107293103380074
round_trip_0_12pct,72,2.0,2.5,48,False,False,0.022220601977888332,0.03187446788586087,18,0.1219456852972094,2.195022335349769,1.2715906965025683,-2.0880815258002565,2.752175335893852
round_trip_0_16pct,72,2.0,2.5,48,False,False,0.022220601977888332,0.03187446788586087,18,0.10738466620272996,1.9329239916491394,1.2353487666175298,-2.1450199050345216,3.092606280176807
round_trip_0_05pct,72,2.0,3.0,12,False,False,0.022220601977888332,0.03187446788586087,19,-0.02773000672570083,-0.5268701277883158,0.938808005546275,-4.948360392900165,-12.28578920692617
round_trip_0_10pct,72,2.0,3.0,12,False,False,0.022220601977888332,0.03187446788586087,19,-0.046434212990365174,-0.8822500468169383,0.8999159161667248,-5.195491250869725,-7.23164933247526
round_trip_0_12pct,72,2.0,3.0,12,False,False,0.022220601977888332,0.03187446788586087,19,-0.05391589549623083,-1.0244020144283859,0.8848608436024272,-5.294343594057548,-6.191871868547556
round_trip_0_16pct,72,2.0,3.0,12,False,False,0.022220601977888332,0.03187446788586087,19,-0.0688792605079623,-1.3087059496512836,0.8555680561551992,-5.492048280433195,-4.7899622700256606
round_trip_0_05pct,72,2.0,3.0,24,False,False,0.022220601977888332,0.03187446788586087,15,0.10997836982470349,1.6496755473705524,1.230451863448912,-3.247024350266937,4.4588555705085176
round_trip_0_10pct,72,2.0,3.0,24,False,False,0.022220601977888332,0.03187446788586087,15,0.09117406090773655,1.3676109136160484,1.1878387644695765,-3.4544840467482025,5.303642171796816
round_trip_0_12pct,72,2.0,3.0,24,False,False,0.022220601977888332,0.03187446788586087,15,0.08365233734094983,1.2547850601142474,1.1711918003657458,-3.5374679253407084,5.747901142736328
round_trip_0_16pct,72,2.0,3.0,24,False,False,0.022220601977888332,0.03187446788586087,15,0.06860889020737633,1.029133353110645,1.1385558911669946,-3.70343568252572,6.928648837468541
round_trip_0_05pct,72,2.0,3.0,36,False,False,0.022220601977888332,0.03187446788586087,15,0.2236156038688272,3.354234058032408,1.4685706170219088,-2.080724326022181,2.19406265896456
round_trip_0_10pct,72,2.0,3.0,36,False,False,0.022220601977888332,0.03187446788586087,15,0.20481129495186026,3.072169424277904,1.4219566421649532,-2.2453517817272184,2.363481111713295
round_trip_0_12pct,72,2.0,3.0,36,False,False,0.022220601977888332,0.03187446788586087,15,0.19728957138507355,2.9593435707761033,1.4037467211602195,-2.3112027640092334,2.440291273247858
round_trip_0_16pct,72,2.0,3.0,36,False,False,0.022220601977888332,0.03187446788586087,15,0.18224612425150005,2.733691863772501,1.3680466785145953,-2.4429047285732626,2.6129324058257533
round_trip_0_05pct,72,2.0,3.0,48,False,False,0.022220601977888332,0.03187446788586087,15,0.17655143655146838,2.648271548272026,1.3469384278222498,-2.040690778445965,2.7789445160780493
round_trip_0_10pct,72,2.0,3.0,48,False,False,0.022220601977888332,0.03187446788586087,15,0.15774712763450144,2.3662069145175217,1.3042522281391833,-2.074845321296542,3.070395855291511
round_trip_0_12pct,72,2.0,3.0,48,False,False,0.022220601977888332,0.03187446788586087,15,0.1502254040677147,2.2533810610157206,1.2876166834347045,-2.088507138436773,3.209412120736769
round_trip_0_16pct,72,2.0,3.0,48,False,False,0.022220601977888332,0.03187446788586087,15,0.1351819569341412,2.027729354012118,1.25506809734763,-2.116288682679148,3.533855072530233
