breadth,config_id,family,lookback_days,rebalance,timeframe,volatility_target,weighting,observations,compounded_net_return,annualized_return,sharpe,sortino,calmar,max_drawdown,turnover,cost_drag,funding_return,active_days,hard_violation_count,stress_compounded_net_return,stress_sharpe,positive_outer_fold_share,median_outer_sharpe,median_outer_calmar
top2,f48bdca64b00d0903b54,A,14,7d,1h,0.2,inverse_vol,2192,0.7923983924001681,0.10204810377456064,1.4649844809096682,2.4226083898243647,1.79611959797775,-0.05681587344710037,23.434562729204803,0.01640419391044336,-0.01387138296361706,299,0,0.779838570379741,1.4475698269640995,0.8,2.1033706470658635,3.2735501780521763
top2,7f5e9b6efdf85a7d858a,A,14,7d,2h,0.2,inverse_vol,2192,0.7923983924001681,0.10204810377456064,1.4649844809096682,2.4226083898243647,1.79611959797775,-0.05681587344710037,23.434562729204803,0.01640419391044336,-0.01387138296361706,299,0,0.779838570379741,1.4475698269640995,0.8,2.1033706470658635,3.2735501780521763
top2,b138c44dd703671d3e41,A,14,7d,4h,0.2,inverse_vol,2192,0.7923983924001681,0.10204810377456064,1.4649844809096682,2.4226083898243647,1.79611959797775,-0.05681587344710037,23.434562729204803,0.01640419391044336,-0.01387138296361706,299,0,0.779838570379741,1.4475698269640995,0.8,2.1033706470658635,3.2735501780521763
top2,1fd15c3268ffc9ad36bf,A,14,7d,1d,0.2,inverse_vol,2192,0.7923983924001681,0.10204810377456064,1.4649844809096682,2.4226083898243647,1.79611959797775,-0.05681587344710037,23.434562729204803,0.01640419391044336,-0.01387138296361706,299,0,0.779838570379741,1.4475698269640995,0.8,2.1033706470658635,3.2735501780521763
top2,da103c2f7ded4f5b9fbd,A,14,7d,1h,0.1,inverse_vol,2192,0.3434536272522781,0.050390893979989304,1.4649844809096682,2.4226083898243647,1.758328744566386,-0.02865840312041079,11.717281364602401,0.00820209695522168,-0.00693569148180853,299,0,0.33873892487730095,1.4475698269640995,0.8,2.1033706470658635,3.1644473633716075
top2,7831effb77957c3453b0,A,14,7d,2h,0.1,inverse_vol,2192,0.3434536272522781,0.050390893979989304,1.4649844809096682,2.4226083898243647,1.758328744566386,-0.02865840312041079,11.717281364602401,0.00820209695522168,-0.00693569148180853,299,0,0.33873892487730095,1.4475698269640995,0.8,2.1033706470658635,3.1644473633716075
top2,8ecc31ddba40790a2a00,A,14,7d,4h,0.1,inverse_vol,2192,0.3434536272522781,0.050390893979989304,1.4649844809096682,2.4226083898243647,1.758328744566386,-0.02865840312041079,11.717281364602401,0.00820209695522168,-0.00693569148180853,299,0,0.33873892487730095,1.4475698269640995,0.8,2.1033706470658635,3.1644473633716075
top2,e61bb1c09e4cc1888600,A,14,7d,1d,0.1,inverse_vol,2192,0.3434536272522781,0.050390893979989304,1.4649844809096682,2.4226083898243647,1.758328744566386,-0.02865840312041079,11.717281364602401,0.00820209695522168,-0.00693569148180853,299,0,0.33873892487730095,1.4475698269640995,0.8,2.1033706470658635,3.1644473633716075
top2,06d112f3e4b5a6dfe87d,A,14,7d,1h,0.15,inverse_vol,2192,0.5531168541756917,0.0760644390002363,1.4649844809096682,2.4226083898243647,1.7772068858393648,-0.04279999115821087,17.5759220469036,0.012303145432832521,-0.010403537222712797,299,0,0.5449478299315635,1.4475698269641,0.8,2.103370647065863,3.2185997992224857
top2,bad40dd6cd50415f1289,A,14,7d,2h,0.15,inverse_vol,2192,0.5531168541756917,0.0760644390002363,1.4649844809096682,2.4226083898243647,1.7772068858393648,-0.04279999115821087,17.5759220469036,0.012303145432832521,-0.010403537222712797,299,0,0.5449478299315635,1.4475698269641,0.8,2.103370647065863,3.2185997992224857
top2,9549eb42cd84738d686f,A,14,7d,4h,0.15,inverse_vol,2192,0.5531168541756917,0.0760644390002363,1.4649844809096682,2.4226083898243647,1.7772068858393648,-0.04279999115821087,17.5759220469036,0.012303145432832521,-0.010403537222712797,299,0,0.5449478299315635,1.4475698269641,0.8,2.103370647065863,3.2185997992224857
top2,4b776c53731b4df6fff1,A,14,7d,1d,0.15,inverse_vol,2192,0.5531168541756917,0.0760644390002363,1.4649844809096682,2.4226083898243647,1.7772068858393648,-0.04279999115821087,17.5759220469036,0.012303145432832521,-0.010403537222712797,299,0,0.5449478299315635,1.4475698269641,0.8,2.103370647065863,3.2185997992224857
top2,83b06d8e6c2f857921a7,A,14,7d,1h,0.2,equal,2192,0.7294285468572712,0.09550473705235962,1.4372309899995115,2.3563770730232703,1.7626408815689099,-0.05418275387289995,22.331709953637695,0.015632196967546384,-0.013658656537848618,299,0,0.7178792217747516,1.419905767082198,0.8,1.9813893842853445,2.954495012386812
top2,e48d0ac8b9db6cf82e96,A,14,7d,2h,0.2,equal,2192,0.7294285468572712,0.09550473705235962,1.4372309899995115,2.3563770730232703,1.7626408815689099,-0.05418275387289995,22.331709953637695,0.015632196967546384,-0.013658656537848618,299,0,0.7178792217747516,1.419905767082198,0.8,1.9813893842853445,2.954495012386812
top2,ca0a0289e90aeb89660c,A,14,7d,4h,0.2,equal,2192,0.7294285468572712,0.09550473705235962,1.4372309899995115,2.3563770730232703,1.7626408815689099,-0.05418275387289995,22.331709953637695,0.015632196967546384,-0.013658656537848618,299,0,0.7178792217747516,1.419905767082198,0.8,1.9813893842853445,2.954495012386812
top2,203e6ef3a33f3a3419fd,A,14,7d,1d,0.2,equal,2192,0.7294285468572712,0.09550473705235962,1.4372309899995115,2.3563770730232703,1.7626408815689099,-0.05418275387289995,22.331709953637695,0.015632196967546384,-0.013658656537848618,299,0,0.7178792217747516,1.419905767082198,0.8,1.9813893842853445,2.954495012386812
top2,681ac6493c397526ab62,A,14,7d,1h,0.1,equal,2192,0.3192523484838121,0.04721619037741953,1.4372309899995115,2.3563770730232703,1.7288565057266219,-0.02731064736779587,11.165854976818848,0.007816098483773192,-0.006829328268924309,299,0,0.3148402548977127,1.419905767082198,0.8,1.9813893842853445,2.8699179305730635
top2,1ac15e127e667259b1dc,A,14,7d,2h,0.1,equal,2192,0.3192523484838121,0.04721619037741953,1.4372309899995115,2.3563770730232703,1.7288565057266219,-0.02731064736779587,11.165854976818848,0.007816098483773192,-0.006829328268924309,299,0,0.3148402548977127,1.419905767082198,0.8,1.9813893842853445,2.8699179305730635
top2,7f8334294fcadf1eb3f6,A,14,7d,4h,0.1,equal,2192,0.3192523484838121,0.04721619037741953,1.4372309899995115,2.3563770730232703,1.7288565057266219,-0.02731064736779587,11.165854976818848,0.007816098483773192,-0.006829328268924309,299,0,0.3148402548977127,1.419905767082198,0.8,1.9813893842853445,2.8699179305730635
top2,7e8302b71b2d511b168a,A,14,7d,1d,0.1,equal,2192,0.3192523484838121,0.04721619037741953,1.4372309899995115,2.3563770730232703,1.7288565057266219,-0.02731064736779587,11.165854976818848,0.007816098483773192,-0.006829328268924309,299,0,0.3148402548977127,1.419905767082198,0.8,1.9813893842853445,2.8699179305730635
top2,a72eb98298cdb2835202,A,14,7d,1h,0.15,equal,2192,0.5116758035775955,0.07122940882257511,1.4372309899995117,2.3563770730232703,1.7457416590705666,-0.040801803893766087,16.74878246522827,0.01172414772565979,-0.010243992403386469,299,0,0.5040984091728713,1.419905767082198,0.8,1.9813893842853443,2.911962583091888
top2,c766b9e5343005c6338a,A,14,7d,2h,0.15,equal,2192,0.5116758035775955,0.07122940882257511,1.4372309899995117,2.3563770730232703,1.7457416590705666,-0.040801803893766087,16.74878246522827,0.01172414772565979,-0.010243992403386469,299,0,0.5040984091728713,1.419905767082198,0.8,1.9813893842853443,2.911962583091888
top2,1130702987bac883f6a8,A,14,7d,4h,0.15,equal,2192,0.5116758035775955,0.07122940882257511,1.4372309899995117,2.3563770730232703,1.7457416590705666,-0.040801803893766087,16.74878246522827,0.01172414772565979,-0.010243992403386469,299,0,0.5040984091728713,1.419905767082198,0.8,1.9813893842853443,2.911962583091888
top2,daab31cdd91eda26776f,A,14,7d,1d,0.15,equal,2192,0.5116758035775955,0.07122940882257511,1.4372309899995117,2.3563770730232703,1.7457416590705666,-0.040801803893766087,16.74878246522827,0.01172414772565979,-0.010243992403386469,299,0,0.5040984091728713,1.419905767082198,0.8,1.9813893842853443,2.911962583091888
top20pct,110cdcdd5875d6052d93,A,30,7d,1h,0.15,inverse_vol,2192,0.8081155172598367,0.10365138589600464,1.567825878075106,2.432375380394183,1.669740944750851,-0.06207632760150761,16.403624388277983,0.011482537071794589,-0.025657917119491926,293,0,0.799237058016949,1.5549036236535072,0.8,1.8416176459734142,3.197369327780705
top20pct,b9979132e3cbb583cb01,A,30,7d,2h,0.15,inverse_vol,2192,0.8081155172598367,0.10365138589600464,1.567825878075106,2.432375380394183,1.669740944750851,-0.06207632760150761,16.403624388277983,0.011482537071794589,-0.025657917119491926,293,0,0.799237058016949,1.5549036236535072,0.8,1.8416176459734142,3.197369327780705
top20pct,930080ad856588ae1423,A,30,7d,4h,0.15,inverse_vol,2192,0.8081155172598367,0.10365138589600464,1.567825878075106,2.432375380394183,1.669740944750851,-0.06207632760150761,16.403624388277983,0.011482537071794589,-0.025657917119491926,293,0,0.799237058016949,1.5549036236535072,0.8,1.8416176459734142,3.197369327780705
top20pct,ca422eccadd9b1c341a0,A,30,7d,1d,0.15,inverse_vol,2192,0.8081155172598367,0.10365138589600464,1.567825878075106,2.432375380394183,1.669740944750851,-0.06207632760150761,16.403624388277983,0.011482537071794589,-0.025657917119491926,293,0,0.799237058016949,1.5549036236535072,0.8,1.8416176459734142,3.197369327780705
top20pct,8202d49666589812443e,A,30,7d,1h,0.2,inverse_vol,2192,1.190647753490187,0.13948943142528836,1.5678258780751055,2.432375380394182,1.6993894304675077,-0.08208208720405796,21.87149918437065,0.015310049429059454,-0.03421055615932258,293,0,1.176315658153145,1.554903623653507,0.8,1.841617645973413,3.2637702212016673
top20pct,227b85ded7a565252de2,A,30,7d,2h,0.2,inverse_vol,2192,1.190647753490187,0.13948943142528836,1.5678258780751055,2.432375380394182,1.6993894304675077,-0.08208208720405796,21.87149918437065,0.015310049429059454,-0.03421055615932258,293,0,1.176315658153145,1.554903623653507,0.8,1.841617645973413,3.2637702212016673
top20pct,d2f9fe5be21787e8eee7,A,30,7d,4h,0.2,inverse_vol,2192,1.190647753490187,0.13948943142528836,1.5678258780751055,2.432375380394182,1.6993894304675077,-0.08208208720405796,21.87149918437065,0.015310049429059454,-0.03421055615932258,293,0,1.176315658153145,1.554903623653507,0.8,1.841617645973413,3.2637702212016673
top20pct,94f7e66fd43e7af329fb,A,30,7d,1d,0.2,inverse_vol,2192,1.190647753490187,0.13948943142528836,1.5678258780751055,2.432375380394182,1.6993894304675077,-0.08208208720405796,21.87149918437065,0.015310049429059454,-0.03421055615932258,293,0,1.176315658153145,1.554903623653507,0.8,1.841617645973413,3.2637702212016673
top20pct,5fe1ddd49adebe06788a,A,30,7d,1h,0.1,inverse_vol,2192,0.4882761573519152,0.06845030585049128,1.5678258780751055,2.432375380394182,1.6403243177376383,-0.04172973911945599,10.935749592185324,0.007655024714529727,-0.01710527807966129,293,0,0.4834006649739755,1.554903623653507,0.8,1.841617645973413,3.131906155226573
top20pct,9ca025dc59b4f98cb17b,A,30,7d,2h,0.1,inverse_vol,2192,0.4882761573519152,0.06845030585049128,1.5678258780751055,2.432375380394182,1.6403243177376383,-0.04172973911945599,10.935749592185324,0.007655024714529727,-0.01710527807966129,293,0,0.4834006649739755,1.554903623653507,0.8,1.841617645973413,3.131906155226573
top20pct,3d7f079bf757b6469920,A,30,7d,4h,0.1,inverse_vol,2192,0.4882761573519152,0.06845030585049128,1.5678258780751055,2.432375380394182,1.6403243177376383,-0.04172973911945599,10.935749592185324,0.007655024714529727,-0.01710527807966129,293,0,0.4834006649739755,1.554903623653507,0.8,1.841617645973413,3.131906155226573
top20pct,1bb9046e8ab9063d5554,A,30,7d,1d,0.1,inverse_vol,2192,0.4882761573519152,0.06845030585049128,1.5678258780751055,2.432375380394182,1.6403243177376383,-0.04172973911945599,10.935749592185324,0.007655024714529727,-0.01710527807966129,293,0,0.4834006649739755,1.554903623653507,0.8,1.841617645973413,3.131906155226573
top20pct,3fb3e34a76a6d4173aaa,A,30,7d,1h,0.2,equal,2192,1.1148598786970751,0.13282841695231018,1.5562171590865095,2.4088176379016493,1.6656578090254028,-0.079745321177361,20.453128436590745,0.01431718990561352,-0.034520806835379766,293,0,1.1019168767212646,1.5436226366029695,0.8,1.8195983621093181,3.1104665010001185
top20pct,0ca097cd39143b9ea29e,A,30,7d,2h,0.2,equal,2192,1.1148598786970751,0.13282841695231018,1.5562171590865095,2.4088176379016493,1.6656578090254028,-0.079745321177361,20.453128436590745,0.01431718990561352,-0.034520806835379766,293,0,1.1019168767212646,1.5436226366029695,0.8,1.8195983621093181,3.1104665010001185
top20pct,286b06724309df93ed0c,A,30,7d,4h,0.2,equal,2192,1.1148598786970751,0.13282841695231018,1.5562171590865095,2.4088176379016493,1.6656578090254028,-0.079745321177361,20.453128436590745,0.01431718990561352,-0.034520806835379766,293,0,1.1019168767212646,1.5436226366029695,0.8,1.8195983621093181,3.1104665010001185
top20pct,43f1cdc69d144af825b5,A,30,7d,1d,0.2,equal,2192,1.1148598786970751,0.13282841695231018,1.5562171590865095,2.4088176379016493,1.6656578090254028,-0.079745321177361,20.453128436590745,0.01431718990561352,-0.034520806835379766,293,0,1.1019168767212646,1.5436226366029695,0.8,1.8195983621093181,3.1104665010001185
top20pct,be062fb8c25983c1708c,A,30,7d,1h,0.1,equal,2192,0.4616937691895713,0.06524865995126139,1.5562171590865095,2.4088176379016493,1.6100807280232394,-0.040525085988309284,10.226564218295373,0.00715859495280676,-0.017260403417689883,293,0,0.4572151889864262,1.5436226366029695,0.8,1.8195983621093181,2.9915884568080116
top20pct,af43c4beea1df5c91252,A,30,7d,2h,0.1,equal,2192,0.4616937691895713,0.06524865995126139,1.5562171590865095,2.4088176379016493,1.6100807280232394,-0.040525085988309284,10.226564218295373,0.00715859495280676,-0.017260403417689883,293,0,0.4572151889864262,1.5436226366029695,0.8,1.8195983621093181,2.9915884568080116
top20pct,1e061180d6e859c726f5,A,30,7d,4h,0.1,equal,2192,0.4616937691895713,0.06524865995126139,1.5562171590865095,2.4088176379016493,1.6100807280232394,-0.040525085988309284,10.226564218295373,0.00715859495280676,-0.017260403417689883,293,0,0.4572151889864262,1.5436226366029695,0.8,1.8195983621093181,2.9915884568080116
top20pct,8902acf618c227776fbc,A,30,7d,1d,0.1,equal,2192,0.4616937691895713,0.06524865995126139,1.5562171590865095,2.4088176379016493,1.6100807280232394,-0.040525085988309284,10.226564218295373,0.00715859495280676,-0.017260403417689883,293,0,0.4572151889864262,1.5436226366029695,0.8,1.8195983621093181,2.9915884568080116
top20pct,dd8fc102647778842da5,A,30,7d,1h,0.15,equal,2192,0.7604424407858483,0.09875185277874832,1.5562171590865095,2.408817637901649,1.6377666373811306,-0.06029665675487039,15.339846327443055,0.01073789242921014,-0.025890605126534814,293,0,0.7523567715708539,1.5436226366029695,0.8,1.8195983621093177,3.050660144344388
top20pct,9318f259a88de0a6bc92,A,30,7d,2h,0.15,equal,2192,0.7604424407858483,0.09875185277874832,1.5562171590865095,2.408817637901649,1.6377666373811306,-0.06029665675487039,15.339846327443055,0.01073789242921014,-0.025890605126534814,293,0,0.7523567715708539,1.5436226366029695,0.8,1.8195983621093177,3.050660144344388
top20pct,6ba4559d3a50c489fc86,A,30,7d,4h,0.15,equal,2192,0.7604424407858483,0.09875185277874832,1.5562171590865095,2.408817637901649,1.6377666373811306,-0.06029665675487039,15.339846327443055,0.01073789242921014,-0.025890605126534814,293,0,0.7523567715708539,1.5436226366029695,0.8,1.8195983621093177,3.050660144344388
top20pct,3752d11122a1e8bc57e8,A,30,7d,1d,0.15,equal,2192,0.7604424407858483,0.09875185277874832,1.5562171590865095,2.408817637901649,1.6377666373811306,-0.06029665675487039,15.339846327443055,0.01073789242921014,-0.025890605126534814,293,0,0.7523567715708539,1.5436226366029695,0.8,1.8195983621093177,3.050660144344388
top2,5a6bf54358723b0e583d,A,14,7d,1h,0.2,capped_rank,2192,2.4273392325206453,0.227660168786471,1.2830847179370994,2.0073748085002068,1.3126152273869247,-0.17344013998655428,59.1720376502904,0.04142042635520328,-0.025794080003050508,298,0,2.367016240556327,1.265723313634404,0.8,1.8173430083108857,2.9503272815066994
top2,22b37e0a7998f1e82322,A,14,7d,2h,0.2,capped_rank,2192,2.4273392325206453,0.227660168786471,1.2830847179370994,2.0073748085002068,1.3126152273869247,-0.17344013998655428,59.1720376502904,0.04142042635520328,-0.025794080003050508,298,0,2.367016240556327,1.265723313634404,0.8,1.8173430083108857,2.9503272815066994
top2,89d2a6cd5ecb2c90d8b0,A,14,7d,4h,0.2,capped_rank,2192,2.4273392325206453,0.227660168786471,1.2830847179370994,2.0073748085002068,1.3126152273869247,-0.17344013998655428,59.1720376502904,0.04142042635520328,-0.025794080003050508,298,0,2.367016240556327,1.265723313634404,0.8,1.8173430083108857,2.9503272815066994
top2,3527cc70a9d1b0b58ecb,A,14,7d,1d,0.2,capped_rank,2192,2.4273392325206453,0.227660168786471,1.2830847179370994,2.0073748085002068,1.3126152273869247,-0.17344013998655428,59.1720376502904,0.04142042635520328,-0.025794080003050508,298,0,2.367016240556327,1.265723313634404,0.8,1.8173430083108857,2.9503272815066994
top2,caff365e278c2deb37fd,A,14,7d,1h,0.1,capped_rank,2192,0.9000933556350592,0.11280763602456312,1.2406084226132161,1.8981396301262974,1.2449016565114728,-0.09061570079413217,31.452073254756733,0.022016451278329713,-0.007989949899569408,298,0,0.8822451519475707,1.2229115633922107,0.8,1.7924334495508032,2.6929651004097157
top2,d4ddf83c4a79e5ed8104,A,14,7d,2h,0.1,capped_rank,2192,0.9000933556350592,0.11280763602456312,1.2406084226132161,1.8981396301262974,1.2449016565114728,-0.09061570079413217,31.452073254756733,0.022016451278329713,-0.007989949899569408,298,0,0.8822451519475707,1.2229115633922107,0.8,1.7924334495508032,2.6929651004097157
top2,971dc03f8a8c566ec0b0,A,14,7d,4h,0.1,capped_rank,2192,0.9000933556350592,0.11280763602456312,1.2406084226132161,1.8981396301262974,1.2449016565114728,-0.09061570079413217,31.452073254756733,0.022016451278329713,-0.007989949899569408,298,0,0.8822451519475707,1.2229115633922107,0.8,1.7924334495508032,2.6929651004097157
top2,5aec6aad1fffbb2280be,A,14,7d,1d,0.1,capped_rank,2192,0.9000933556350592,0.11280763602456312,1.2406084226132161,1.8981396301262974,1.2449016565114728,-0.09061570079413217,31.452073254756733,0.022016451278329713,-0.007989949899569408,298,0,0.8822451519475707,1.2229115633922107,0.8,1.7924334495508032,2.6929651004097157
top2,d3fdb9d8fdf009d69ebd,A,14,7d,1h,0.15,capped_rank,2192,1.5640195378248944,0.16974546764977871,1.2608639967875075,1.9525779361857691,1.2702669407756721,-0.13362976095884682,45.83683754465643,0.03208578628125951,-0.015953761711830952,298,0,1.5289918072921154,1.2432915440526906,0.8,1.792433449550803,2.778351431212875
top2,e931c3df9620eb382466,A,14,7d,2h,0.15,capped_rank,2192,1.5640195378248944,0.16974546764977871,1.2608639967875075,1.9525779361857691,1.2702669407756721,-0.13362976095884682,45.83683754465643,0.03208578628125951,-0.015953761711830952,298,0,1.5289918072921154,1.2432915440526906,0.8,1.792433449550803,2.778351431212875
top2,9e0fda95bf00edee47aa,A,14,7d,4h,0.15,capped_rank,2192,1.5640195378248944,0.16974546764977871,1.2608639967875075,1.9525779361857691,1.2702669407756721,-0.13362976095884682,45.83683754465643,0.03208578628125951,-0.015953761711830952,298,0,1.5289918072921154,1.2432915440526906,0.8,1.792433449550803,2.778351431212875
top2,0824c66accceb1c09cf9,A,14,7d,1d,0.15,capped_rank,2192,1.5640195378248944,0.16974546764977871,1.2608639967875075,1.9525779361857691,1.2702669407756721,-0.13362976095884682,45.83683754465643,0.03208578628125951,-0.015953761711830952,298,0,1.5289918072921154,1.2432915440526906,0.8,1.792433449550803,2.778351431212875
top2,0ea9123536f076635114,A,60,7d,1h,0.2,capped_rank,2192,1.3897657131346706,0.15611672825477418,0.9749717730793087,1.3924926637020993,0.7416315550128392,-0.21050443066985125,27.8929744530325,0.019525082117122748,-0.039674690801480866,277,0,1.3698440251654151,0.9663484831001018,0.8,1.7480397333809365,3.08119412781944
top2,e1bec3aa585a0dafdd1a,A,60,7d,2h,0.2,capped_rank,2192,1.3897657131346706,0.15611672825477418,0.9749717730793087,1.3924926637020993,0.7416315550128392,-0.21050443066985125,27.8929744530325,0.019525082117122748,-0.039674690801480866,277,0,1.3698440251654151,0.9663484831001018,0.8,1.7480397333809365,3.08119412781944
top2,7bf63ce1c58baba085f6,A,60,7d,4h,0.2,capped_rank,2192,1.3897657131346706,0.15611672825477418,0.9749717730793087,1.3924926637020993,0.7416315550128392,-0.21050443066985125,27.8929744530325,0.019525082117122748,-0.039674690801480866,277,0,1.3698440251654151,0.9663484831001018,0.8,1.7480397333809365,3.08119412781944
top2,d12d6bdd4c8bda88f0b1,A,60,7d,1d,0.2,capped_rank,2192,1.3897657131346706,0.15611672825477418,0.9749717730793087,1.3924926637020993,0.7416315550128392,-0.21050443066985125,27.8929744530325,0.019525082117122748,-0.039674690801480866,277,0,1.3698440251654151,0.9663484831001018,0.8,1.7480397333809365,3.08119412781944
top2,3cb3fa2e940c01cdac1f,A,60,7d,1h,0.1,capped_rank,2192,0.5600595210698567,0.07686391456490838,0.943376721061302,1.3378203551904544,0.6974081155700406,-0.11021367954986028,14.473169340099945,0.010131218538069961,-0.01869754505121851,279,0,0.553299300732556,0.9345303536957297,0.8,1.7480397333809365,2.8493285959409778
top2,359a4478450783d0633c,A,60,7d,2h,0.1,capped_rank,2192,0.5600595210698567,0.07686391456490838,0.943376721061302,1.3378203551904544,0.6974081155700406,-0.11021367954986028,14.473169340099945,0.010131218538069961,-0.01869754505121851,279,0,0.553299300732556,0.9345303536957297,0.8,1.7480397333809365,2.8493285959409778
top2,2cf621ad355c2d555133,A,60,7d,4h,0.1,capped_rank,2192,0.5600595210698567,0.07686391456490838,0.943376721061302,1.3378203551904544,0.6974081155700406,-0.11021367954986028,14.473169340099945,0.010131218538069961,-0.01869754505121851,279,0,0.553299300732556,0.9345303536957297,0.8,1.7480397333809365,2.8493285959409778
top2,e2a6a6d511780cd345a2,A,60,7d,1d,0.1,capped_rank,2192,0.5600595210698567,0.07686391456490838,0.943376721061302,1.3378203551904544,0.6974081155700406,-0.11021367954986028,14.473169340099945,0.010131218538069961,-0.01869754505121851,279,0,0.553299300732556,0.9345303536957297,0.8,1.7480397333809365,2.8493285959409778
top2,ba2fe3e81ae119446b04,A,60,7d,1h,0.2,equal,2192,0.4710714196479302,0.06638362579372181,1.0631470683361581,1.6112760680924358,0.8064776000528727,-0.08231304352330393,10.822523023188714,0.0075757661162321,-0.018562945435730033,280,0,0.46630176954550473,1.0544053314506847,0.8,1.7480397333809365,2.936507161312677
top2,98b7db565be6f5c8c746,A,60,7d,2h,0.2,equal,2192,0.4710714196479302,0.06638362579372181,1.0631470683361581,1.6112760680924358,0.8064776000528727,-0.08231304352330393,10.822523023188714,0.0075757661162321,-0.018562945435730033,280,0,0.46630176954550473,1.0544053314506847,0.8,1.7480397333809365,2.936507161312677
top2,a0038d2ae1f85e640cd3,A,60,7d,4h,0.2,equal,2192,0.4710714196479302,0.06638362579372181,1.0631470683361581,1.6112760680924358,0.8064776000528727,-0.08231304352330393,10.822523023188714,0.0075757661162321,-0.018562945435730033,280,0,0.46630176954550473,1.0544053314506847,0.8,1.7480397333809365,2.936507161312677
top2,ac7aa412ea6dbf219b50,A,60,7d,1d,0.2,equal,2192,0.4710714196479302,0.06638362579372181,1.0631470683361581,1.6112760680924358,0.8064776000528727,-0.08231304352330393,10.822523023188714,0.0075757661162321,-0.018562945435730033,280,0,0.46630176954550473,1.0544053314506847,0.8,1.7480397333809365,2.936507161312677
top2,a59df6e71fbad4e7e84d,A,60,7d,1h,0.15,equal,2192,0.33866891302939806,0.04976704121255637,1.0631470683361581,1.6112760680924363,0.7991819729925673,-0.06227247722593365,8.116892267391535,0.005681824587174074,-0.013922209076797525,280,0,0.33541253024642104,1.0544053314506847,0.8,1.7480397333809365,2.8931932696081364
top2,cbe61e370bb8cd523582,A,60,7d,2h,0.15,equal,2192,0.33866891302939806,0.04976704121255637,1.0631470683361581,1.6112760680924363,0.7991819729925673,-0.06227247722593365,8.116892267391535,0.005681824587174074,-0.013922209076797525,280,0,0.33541253024642104,1.0544053314506847,0.8,1.7480397333809365,2.8931932696081364
top2,e57a0dbce4bf039ed67a,A,60,7d,4h,0.15,equal,2192,0.33866891302939806,0.04976704121255637,1.0631470683361581,1.6112760680924363,0.7991819729925673,-0.06227247722593365,8.116892267391535,0.005681824587174074,-0.013922209076797525,280,0,0.33541253024642104,1.0544053314506847,0.8,1.7480397333809365,2.8931932696081364
top2,b61499f979cb8012edc3,A,60,7d,1d,0.15,equal,2192,0.33866891302939806,0.04976704121255637,1.0631470683361581,1.6112760680924363,0.7991819729925673,-0.06227247722593365,8.116892267391535,0.005681824587174074,-0.013922209076797525,280,0,0.33541253024642104,1.0544053314506847,0.8,1.7480397333809365,2.8931932696081364
top2,cd0cf4cf8a42e2ebfa87,A,60,7d,1h,0.1,equal,2192,0.21641383456633534,0.03315929433708176,1.0631470683361581,1.6112760680924358,0.7918364640842619,-0.04187644272662994,5.411261511594357,0.00378788305811605,-0.009281472717865016,280,0,0.2144404974704004,1.0544053314506847,0.8,1.7480397333809365,2.850352474926315
top2,ccee5d4724d9b74e8935,A,60,7d,2h,0.1,equal,2192,0.21641383456633534,0.03315929433708176,1.0631470683361581,1.6112760680924358,0.7918364640842619,-0.04187644272662994,5.411261511594357,0.00378788305811605,-0.009281472717865016,280,0,0.2144404974704004,1.0544053314506847,0.8,1.7480397333809365,2.850352474926315
top2,b5ba2712fbcce03dcffd,A,60,7d,4h,0.1,equal,2192,0.21641383456633534,0.03315929433708176,1.0631470683361581,1.6112760680924358,0.7918364640842619,-0.04187644272662994,5.411261511594357,0.00378788305811605,-0.009281472717865016,280,0,0.2144404974704004,1.0544053314506847,0.8,1.7480397333809365,2.850352474926315
top2,6ef73c039aa6acbe1355,A,60,7d,1d,0.1,equal,2192,0.21641383456633534,0.03315929433708176,1.0631470683361581,1.6112760680924358,0.7918364640842619,-0.04187644272662994,5.411261511594357,0.00378788305811605,-0.009281472717865016,280,0,0.2144404974704004,1.0544053314506847,0.8,1.7480397333809365,2.850352474926315
top2,f9bd5de210dcd5a36d6b,A,60,7d,1h,0.15,capped_rank,2192,0.9430546364754617,0.11695831644262578,0.9654669188145069,1.3773905681426861,0.7239266588341666,-0.16156100209236524,21.344755969723877,0.014941329178806716,-0.02780377006513716,278,0,0.9306488037494263,0.9567123051410885,0.8,1.748039733380936,3.022012767318619
top2,168b2365e62bf0c5c761,A,60,7d,2h,0.15,capped_rank,2192,0.9430546364754617,0.11695831644262578,0.9654669188145069,1.3773905681426861,0.7239266588341666,-0.16156100209236524,21.344755969723877,0.014941329178806716,-0.02780377006513716,278,0,0.9306488037494263,0.9567123051410885,0.8,1.748039733380936,3.022012767318619
top2,cbfcd1d34db308b97e7a,A,60,7d,4h,0.15,capped_rank,2192,0.9430546364754617,0.11695831644262578,0.9654669188145069,1.3773905681426861,0.7239266588341666,-0.16156100209236524,21.344755969723877,0.014941329178806716,-0.02780377006513716,278,0,0.9306488037494263,0.9567123051410885,0.8,1.748039733380936,3.022012767318619
top2,d7d9aa896420adaa3e7d,A,60,7d,1d,0.15,capped_rank,2192,0.9430546364754617,0.11695831644262578,0.9654669188145069,1.3773905681426861,0.7239266588341666,-0.16156100209236524,21.344755969723877,0.014941329178806716,-0.02780377006513716,278,0,0.9306488037494263,0.9567123051410885,0.8,1.748039733380936,3.022012767318619
top2,09e838d40040c245815b,A,14,6h,5m,0.2,inverse_vol,2192,0.8435603840724046,0.10722486406929765,1.4345677229500156,2.3963667241586766,1.2524128978214084,-0.0856146277763643,69.60043199127298,0.048720302393891086,-0.007437403386545652,1991,0,0.8054742832205988,1.3868124954086074,0.8,1.747683366262559,1.811384325294456
top2,8b5650d6a8aa42bb0331,A,14,1d,5m,0.2,inverse_vol,2192,0.8435603840724046,0.10722486406929765,1.4345677229500156,2.3963667241586766,1.2524128978214084,-0.0856146277763643,69.60043199127298,0.048720302393891086,-0.007437403386545652,1991,0,0.8054742832205988,1.3868124954086074,0.8,1.747683366262559,1.811384325294456
top2,4cb5398f46190cfe2696,A,14,12h,15m,0.2,inverse_vol,2192,0.8435603840724046,0.10722486406929765,1.4345677229500156,2.3963667241586766,1.2524128978214084,-0.0856146277763643,69.60043199127298,0.048720302393891086,-0.007437403386545652,1991,0,0.8054742832205988,1.3868124954086074,0.8,1.747683366262559,1.811384325294456
top2,99eac6f08c46fa6ef2cb,A,14,1d,15m,0.2,inverse_vol,2192,0.8435603840724046,0.10722486406929765,1.4345677229500156,2.3963667241586766,1.2524128978214084,-0.0856146277763643,69.60043199127298,0.048720302393891086,-0.007437403386545652,1991,0,0.8054742832205988,1.3868124954086074,0.8,1.747683366262559,1.811384325294456
top2,672d45c1a4e4020f66e5,A,14,1d,30m,0.2,inverse_vol,2192,0.8435603840724046,0.10722486406929765,1.4345677229500156,2.3963667241586766,1.2524128978214084,-0.0856146277763643,69.60043199127298,0.048720302393891086,-0.007437403386545652,1991,0,0.8054742832205988,1.3868124954086074,0.8,1.747683366262559,1.811384325294456
top2,2af499649c73904075a4,A,14,1d,1h,0.2,inverse_vol,2192,0.8435603840724046,0.10722486406929765,1.4345677229500156,2.3963667241586766,1.2524128978214084,-0.0856146277763643,69.60043199127298,0.048720302393891086,-0.007437403386545652,1991,0,0.8054742832205988,1.3868124954086074,0.8,1.747683366262559,1.811384325294456
top2,99385f0e1cf0195ff6cc,A,14,1d,2h,0.2,inverse_vol,2192,0.8435603840724046,0.10722486406929765,1.4345677229500156,2.3963667241586766,1.2524128978214084,-0.0856146277763643,69.60043199127298,0.048720302393891086,-0.007437403386545652,1991,0,0.8054742832205988,1.3868124954086074,0.8,1.747683366262559,1.811384325294456
top2,1d87acca8aed3a3ed067,A,14,1d,4h,0.2,inverse_vol,2192,0.8435603840724046,0.10722486406929765,1.4345677229500156,2.3963667241586766,1.2524128978214084,-0.0856146277763643,69.60043199127298,0.048720302393891086,-0.007437403386545652,1991,0,0.8054742832205988,1.3868124954086074,0.8,1.747683366262559,1.811384325294456
top2,4c97a9ce00c36b057cca,A,14,6h,5m,0.1,inverse_vol,2192,0.36320278065734346,0.052946442283372974,1.4345677229500156,2.3963667241586766,1.2328115634425945,-0.042947717115437656,34.80021599563649,0.024360151196945543,-0.003718701693272826,1991,0,0.3490465532282878,1.3868124954086074,0.8,1.747683366262559,1.7448654265244845
top2,a385cc40d658783dd3bb,A,14,1d,5m,0.1,inverse_vol,2192,0.36320278065734346,0.052946442283372974,1.4345677229500156,2.3963667241586766,1.2328115634425945,-0.042947717115437656,34.80021599563649,0.024360151196945543,-0.003718701693272826,1991,0,0.3490465532282878,1.3868124954086074,0.8,1.747683366262559,1.7448654265244845
top2,c037ea7cdb66bb7cae4b,A,14,12h,15m,0.1,inverse_vol,2192,0.36320278065734346,0.052946442283372974,1.4345677229500156,2.3963667241586766,1.2328115634425945,-0.042947717115437656,34.80021599563649,0.024360151196945543,-0.003718701693272826,1991,0,0.3490465532282878,1.3868124954086074,0.8,1.747683366262559,1.7448654265244845
top2,b6edffee854687e970f0,A,14,1d,15m,0.1,inverse_vol,2192,0.36320278065734346,0.052946442283372974,1.4345677229500156,2.3963667241586766,1.2328115634425945,-0.042947717115437656,34.80021599563649,0.024360151196945543,-0.003718701693272826,1991,0,0.3490465532282878,1.3868124954086074,0.8,1.747683366262559,1.7448654265244845
top2,a458a1682570df996e5d,A,14,1d,30m,0.1,inverse_vol,2192,0.36320278065734346,0.052946442283372974,1.4345677229500156,2.3963667241586766,1.2328115634425945,-0.042947717115437656,34.80021599563649,0.024360151196945543,-0.003718701693272826,1991,0,0.3490465532282878,1.3868124954086074,0.8,1.747683366262559,1.7448654265244845
top2,df95999fdb073ec3b48d,A,14,1d,1h,0.1,inverse_vol,2192,0.36320278065734346,0.052946442283372974,1.4345677229500156,2.3963667241586766,1.2328115634425945,-0.042947717115437656,34.80021599563649,0.024360151196945543,-0.003718701693272826,1991,0,0.3490465532282878,1.3868124954086074,0.8,1.747683366262559,1.7448654265244845
top2,cf8619065f68d05b348d,A,14,1d,2h,0.1,inverse_vol,2192,0.36320278065734346,0.052946442283372974,1.4345677229500156,2.3963667241586766,1.2328115634425945,-0.042947717115437656,34.80021599563649,0.024360151196945543,-0.003718701693272826,1991,0,0.3490465532282878,1.3868124954086074,0.8,1.747683366262559,1.7448654265244845
top2,150ecbf3a6757a14f676,A,14,1d,4h,0.1,inverse_vol,2192,0.36320278065734346,0.052946442283372974,1.4345677229500156,2.3963667241586766,1.2328115634425945,-0.042947717115437656,34.80021599563649,0.024360151196945543,-0.003718701693272826,1991,0,0.3490465532282878,1.3868124954086074,0.8,1.747683366262559,1.7448654265244845
top2,bc387e9042fe7c437444,A,14,6h,5m,0.15,inverse_vol,2192,0.5868680812941633,0.07992345784112453,1.4345677229500158,2.396366724158677,1.2425019565681283,-0.06432461326811778,52.20032399345473,0.03654022679541831,-0.005578052539909239,1991,0,0.5622153994046319,1.3868124954086074,0.8,1.7476833662625584,1.777913392377882
top2,605e0b2b5557b1147fc4,A,14,1d,5m,0.15,inverse_vol,2192,0.5868680812941633,0.07992345784112453,1.4345677229500158,2.396366724158677,1.2425019565681283,-0.06432461326811778,52.20032399345473,0.03654022679541831,-0.005578052539909239,1991,0,0.5622153994046319,1.3868124954086074,0.8,1.7476833662625584,1.777913392377882
top2,02a1441a6e283fcd81ed,A,14,12h,15m,0.15,inverse_vol,2192,0.5868680812941633,0.07992345784112453,1.4345677229500158,2.396366724158677,1.2425019565681283,-0.06432461326811778,52.20032399345473,0.03654022679541831,-0.005578052539909239,1991,0,0.5622153994046319,1.3868124954086074,0.8,1.7476833662625584,1.777913392377882
top2,33156921aced234ea46d,A,14,1d,15m,0.15,inverse_vol,2192,0.5868680812941633,0.07992345784112453,1.4345677229500158,2.396366724158677,1.2425019565681283,-0.06432461326811778,52.20032399345473,0.03654022679541831,-0.005578052539909239,1991,0,0.5622153994046319,1.3868124954086074,0.8,1.7476833662625584,1.777913392377882
top2,f6f44aeeb0c135113a73,A,14,1d,30m,0.15,inverse_vol,2192,0.5868680812941633,0.07992345784112453,1.4345677229500158,2.396366724158677,1.2425019565681283,-0.06432461326811778,52.20032399345473,0.03654022679541831,-0.005578052539909239,1991,0,0.5622153994046319,1.3868124954086074,0.8,1.7476833662625584,1.777913392377882
top2,b4af4cb47dae323caaa4,A,14,1d,1h,0.15,inverse_vol,2192,0.5868680812941633,0.07992345784112453,1.4345677229500158,2.396366724158677,1.2425019565681283,-0.06432461326811778,52.20032399345473,0.03654022679541831,-0.005578052539909239,1991,0,0.5622153994046319,1.3868124954086074,0.8,1.7476833662625584,1.777913392377882
top2,25fb4a5d80bb65c2d853,A,14,1d,2h,0.15,inverse_vol,2192,0.5868680812941633,0.07992345784112453,1.4345677229500158,2.396366724158677,1.2425019565681283,-0.06432461326811778,52.20032399345473,0.03654022679541831,-0.005578052539909239,1991,0,0.5622153994046319,1.3868124954086074,0.8,1.7476833662625584,1.777913392377882
top2,3ddb71232e49f442427b,A,14,1d,4h,0.15,inverse_vol,2192,0.5868680812941633,0.07992345784112453,1.4345677229500158,2.396366724158677,1.2425019565681283,-0.06432461326811778,52.20032399345473,0.03654022679541831,-0.005578052539909239,1991,0,0.5622153994046319,1.3868124954086074,0.8,1.7476833662625584,1.777913392377882
top2,b059e5122adc766dede1,A,60,7d,1h,0.15,inverse_vol,2192,0.35039774508594546,0.05129301354069127,1.0537634513153453,1.6087333038450353,0.7867930473364801,-0.06519250991646763,8.490838477907516,0.005943586934535262,-0.014953513365132322,280,0,0.3469616876601018,1.0449749806505981,0.8,1.7376163256434534,2.712264270321068
top2,72e0e63d50f06a074848,A,60,7d,2h,0.15,inverse_vol,2192,0.35039774508594546,0.05129301354069127,1.0537634513153453,1.6087333038450353,0.7867930473364801,-0.06519250991646763,8.490838477907516,0.005943586934535262,-0.014953513365132322,280,0,0.3469616876601018,1.0449749806505981,0.8,1.7376163256434534,2.712264270321068
top2,62edbaaea9d81e4fde45,A,60,7d,4h,0.15,inverse_vol,2192,0.35039774508594546,0.05129301354069127,1.0537634513153453,1.6087333038450353,0.7867930473364801,-0.06519250991646763,8.490838477907516,0.005943586934535262,-0.014953513365132322,280,0,0.3469616876601018,1.0449749806505981,0.8,1.7376163256434534,2.712264270321068
top2,a0dc334c3861d714c14c,A,60,7d,1d,0.15,inverse_vol,2192,0.35039774508594546,0.05129301354069127,1.0537634513153453,1.6087333038450353,0.7867930473364801,-0.06519250991646763,8.490838477907516,0.005943586934535262,-0.014953513365132322,280,0,0.3469616876601018,1.0449749806505981,0.8,1.7376163256434534,2.712264270321068
top2,e6bde24ccf391c7511c8,A,60,7d,1h,0.2,inverse_vol,2192,0.4879275169145685,0.06840862435641415,1.0537634513153455,1.608733303845035,0.7942371631387406,-0.08613123073474749,11.321117970543357,0.00792478257938035,-0.019938017820176436,280,0,0.48288133325562144,1.0449749806505981,0.8,1.7376163256434527,2.7526352406237637
top2,2c027721e46da3e16571,A,60,7d,2h,0.2,inverse_vol,2192,0.4879275169145685,0.06840862435641415,1.0537634513153455,1.608733303845035,0.7942371631387406,-0.08613123073474749,11.321117970543357,0.00792478257938035,-0.019938017820176436,280,0,0.48288133325562144,1.0449749806505981,0.8,1.7376163256434527,2.7526352406237637
top2,50bdf0ff0231464536cf,A,60,7d,4h,0.2,inverse_vol,2192,0.4879275169145685,0.06840862435641415,1.0537634513153455,1.608733303845035,0.7942371631387406,-0.08613123073474749,11.321117970543357,0.00792478257938035,-0.019938017820176436,280,0,0.48288133325562144,1.0449749806505981,0.8,1.7376163256434527,2.7526352406237637
top2,0a86e6ed47d4945e2149,A,60,7d,1d,0.2,inverse_vol,2192,0.4879275169145685,0.06840862435641415,1.0537634513153455,1.608733303845035,0.7942371631387406,-0.08613123073474749,11.321117970543357,0.00792478257938035,-0.019938017820176436,280,0,0.48288133325562144,1.0449749806505981,0.8,1.7376163256434527,2.7526352406237637
top2,7ff71705179a11a592df,A,60,7d,1h,0.1,inverse_vol,2192,0.22365448863471693,0.034180801211835865,1.0537634513153455,1.608733303845035,0.7792932780666016,-0.043861280693498594,5.6605589852716784,0.003962391289690175,-0.009969008910088218,280,0,0.2215780304186754,1.0449749806505981,0.8,1.7376163256434527,2.672270186909066
top2,b0d7c06277486fc3daed,A,60,7d,2h,0.1,inverse_vol,2192,0.22365448863471693,0.034180801211835865,1.0537634513153455,1.608733303845035,0.7792932780666016,-0.043861280693498594,5.6605589852716784,0.003962391289690175,-0.009969008910088218,280,0,0.2215780304186754,1.0449749806505981,0.8,1.7376163256434527,2.672270186909066
top2,db5c7712cd85e23de0e0,A,60,7d,4h,0.1,inverse_vol,2192,0.22365448863471693,0.034180801211835865,1.0537634513153455,1.608733303845035,0.7792932780666016,-0.043861280693498594,5.6605589852716784,0.003962391289690175,-0.009969008910088218,280,0,0.2215780304186754,1.0449749806505981,0.8,1.7376163256434527,2.672270186909066
top2,42ce6344aa7837eb81c6,A,60,7d,1d,0.1,inverse_vol,2192,0.22365448863471693,0.034180801211835865,1.0537634513153455,1.608733303845035,0.7792932780666016,-0.043861280693498594,5.6605589852716784,0.003962391289690175,-0.009969008910088218,280,0,0.2215780304186754,1.0449749806505981,0.8,1.7376163256434527,2.672270186909066
top2,8ff64fc083c02945972d,A,30,6h,5m,0.2,inverse_vol,2192,0.768831366487774,0.09962196576023308,1.4864095660344359,2.4103373023532457,0.7897737264611749,-0.12613988338991733,45.229157580280685,0.03166041030619647,0.0012439894335510987,2002,0,0.7449909239156878,1.4515792180924145,0.8,1.7174007800526736,1.7808254850512346
top2,275628fe9671fe112723,A,30,1d,5m,0.2,inverse_vol,2192,0.768831366487774,0.09962196576023308,1.4864095660344359,2.4103373023532457,0.7897737264611749,-0.12613988338991733,45.229157580280685,0.03166041030619647,0.0012439894335510987,2002,0,0.7449909239156878,1.4515792180924145,0.8,1.7174007800526736,1.7808254850512346
top2,5f9562c0eeb02e02684e,A,30,12h,15m,0.2,inverse_vol,2192,0.768831366487774,0.09962196576023308,1.4864095660344359,2.4103373023532457,0.7897737264611749,-0.12613988338991733,45.229157580280685,0.03166041030619647,0.0012439894335510987,2002,0,0.7449909239156878,1.4515792180924145,0.8,1.7174007800526736,1.7808254850512346
top2,ff5cd8ee2ee41e62b10e,A,30,1d,15m,0.2,inverse_vol,2192,0.768831366487774,0.09962196576023308,1.4864095660344359,2.4103373023532457,0.7897737264611749,-0.12613988338991733,45.229157580280685,0.03166041030619647,0.0012439894335510987,2002,0,0.7449909239156878,1.4515792180924145,0.8,1.7174007800526736,1.7808254850512346
top2,a291601b67e18614007c,A,30,1d,30m,0.2,inverse_vol,2192,0.768831366487774,0.09962196576023308,1.4864095660344359,2.4103373023532457,0.7897737264611749,-0.12613988338991733,45.229157580280685,0.03166041030619647,0.0012439894335510987,2002,0,0.7449909239156878,1.4515792180924145,0.8,1.7174007800526736,1.7808254850512346
top2,94c89b5cbd5f24fcd1d6,A,30,1d,1h,0.2,inverse_vol,2192,0.768831366487774,0.09962196576023308,1.4864095660344359,2.4103373023532457,0.7897737264611749,-0.12613988338991733,45.229157580280685,0.03166041030619647,0.0012439894335510987,2002,0,0.7449909239156878,1.4515792180924145,0.8,1.7174007800526736,1.7808254850512346
top2,07d2b4678d638856d99f,A,30,1d,2h,0.2,inverse_vol,2192,0.768831366487774,0.09962196576023308,1.4864095660344359,2.4103373023532457,0.7897737264611749,-0.12613988338991733,45.229157580280685,0.03166041030619647,0.0012439894335510987,2002,0,0.7449909239156878,1.4515792180924145,0.8,1.7174007800526736,1.7808254850512346
top2,0e46db4ee65b251e3ffc,A,30,1d,4h,0.2,inverse_vol,2192,0.768831366487774,0.09962196576023308,1.4864095660344359,2.4103373023532457,0.7897737264611749,-0.12613988338991733,45.229157580280685,0.03166041030619647,0.0012439894335510987,2002,0,0.7449909239156878,1.4515792180924145,0.8,1.7174007800526736,1.7808254850512346
top2,4998f0c10780d4f5ad7e,A,30,6h,5m,0.15,inverse_vol,2192,0.5369191855860953,0.07418756763721834,1.4851123758999327,2.408486747854902,0.7761087270371491,-0.09558914241363414,34.02186818521051,0.023815307729647357,0.000900283758837982,2002,0,0.5213114065195936,1.4501742440261431,0.8,1.709622345903909,1.7313577232416981
top2,55a74b5aa10de5599798,A,30,1d,5m,0.15,inverse_vol,2192,0.5369191855860953,0.07418756763721834,1.4851123758999327,2.408486747854902,0.7761087270371491,-0.09558914241363414,34.02186818521051,0.023815307729647357,0.000900283758837982,2002,0,0.5213114065195936,1.4501742440261431,0.8,1.709622345903909,1.7313577232416981
top2,d7438b46dfaad15ceb6a,A,30,12h,15m,0.15,inverse_vol,2192,0.5369191855860953,0.07418756763721834,1.4851123758999327,2.408486747854902,0.7761087270371491,-0.09558914241363414,34.02186818521051,0.023815307729647357,0.000900283758837982,2002,0,0.5213114065195936,1.4501742440261431,0.8,1.709622345903909,1.7313577232416981
top2,dbe3f3cf10b032eb59d4,A,30,1d,15m,0.15,inverse_vol,2192,0.5369191855860953,0.07418756763721834,1.4851123758999327,2.408486747854902,0.7761087270371491,-0.09558914241363414,34.02186818521051,0.023815307729647357,0.000900283758837982,2002,0,0.5213114065195936,1.4501742440261431,0.8,1.709622345903909,1.7313577232416981
top2,ac416471c58231aee39b,A,30,1d,30m,0.15,inverse_vol,2192,0.5369191855860953,0.07418756763721834,1.4851123758999327,2.408486747854902,0.7761087270371491,-0.09558914241363414,34.02186818521051,0.023815307729647357,0.000900283758837982,2002,0,0.5213114065195936,1.4501742440261431,0.8,1.709622345903909,1.7313577232416981
top2,4da9539bc201bc152afc,A,30,1d,1h,0.15,inverse_vol,2192,0.5369191855860953,0.07418756763721834,1.4851123758999327,2.408486747854902,0.7761087270371491,-0.09558914241363414,34.02186818521051,0.023815307729647357,0.000900283758837982,2002,0,0.5213114065195936,1.4501742440261431,0.8,1.709622345903909,1.7313577232416981
top2,a001438e69d3221b9da3,A,30,1d,2h,0.15,inverse_vol,2192,0.5369191855860953,0.07418756763721834,1.4851123758999327,2.408486747854902,0.7761087270371491,-0.09558914241363414,34.02186818521051,0.023815307729647357,0.000900283758837982,2002,0,0.5213114065195936,1.4501742440261431,0.8,1.709622345903909,1.7313577232416981
top2,847d49506b02610a8cd3,A,30,1d,4h,0.15,inverse_vol,2192,0.5369191855860953,0.07418756763721834,1.4851123758999327,2.408486747854902,0.7761087270371491,-0.09558914241363414,34.02186818521051,0.023815307729647357,0.000900283758837982,2002,0,0.5213114065195936,1.4501742440261431,0.8,1.709622345903909,1.7313577232416981
top2,6bf210004a68b5697b5c,A,30,6h,5m,0.1,inverse_vol,2192,0.33327418168262835,0.04906141866406277,1.4824880995763488,2.4045045490109342,0.7620768109470487,-0.06437857438949379,22.814578790140345,0.015970205153098237,0.0005565780841248757,2002,0,0.3241794833132272,1.4473324344304486,0.8,1.6938727140342642,1.664003733662622
top2,c883bb1779b8b550c432,A,30,1d,5m,0.1,inverse_vol,2192,0.33327418168262835,0.04906141866406277,1.4824880995763488,2.4045045490109342,0.7620768109470487,-0.06437857438949379,22.814578790140345,0.015970205153098237,0.0005565780841248757,2002,0,0.3241794833132272,1.4473324344304486,0.8,1.6938727140342642,1.664003733662622
top2,d4f4c44afcd4d093774a,A,30,12h,15m,0.1,inverse_vol,2192,0.33327418168262835,0.04906141866406277,1.4824880995763488,2.4045045490109342,0.7620768109470487,-0.06437857438949379,22.814578790140345,0.015970205153098237,0.0005565780841248757,2002,0,0.3241794833132272,1.4473324344304486,0.8,1.6938727140342642,1.664003733662622
top2,cb6f62b33568ee133d17,A,30,1d,15m,0.1,inverse_vol,2192,0.33327418168262835,0.04906141866406277,1.4824880995763488,2.4045045490109342,0.7620768109470487,-0.06437857438949379,22.814578790140345,0.015970205153098237,0.0005565780841248757,2002,0,0.3241794833132272,1.4473324344304486,0.8,1.6938727140342642,1.664003733662622
top2,0731c2bc715a000e138b,A,30,1d,30m,0.1,inverse_vol,2192,0.33327418168262835,0.04906141866406277,1.4824880995763488,2.4045045490109342,0.7620768109470487,-0.06437857438949379,22.814578790140345,0.015970205153098237,0.0005565780841248757,2002,0,0.3241794833132272,1.4473324344304486,0.8,1.6938727140342642,1.664003733662622
top2,e10a42a4c20c238ee637,A,30,1d,1h,0.1,inverse_vol,2192,0.33327418168262835,0.04906141866406277,1.4824880995763488,2.4045045490109342,0.7620768109470487,-0.06437857438949379,22.814578790140345,0.015970205153098237,0.0005565780841248757,2002,0,0.3241794833132272,1.4473324344304486,0.8,1.6938727140342642,1.664003733662622
top2,8d8b0ff5d9bff2bc6037,A,30,1d,2h,0.1,inverse_vol,2192,0.33327418168262835,0.04906141866406277,1.4824880995763488,2.4045045490109342,0.7620768109470487,-0.06437857438949379,22.814578790140345,0.015970205153098237,0.0005565780841248757,2002,0,0.3241794833132272,1.4473324344304486,0.8,1.6938727140342642,1.664003733662622
top2,ee76ca7aaf48238e795d,A,30,1d,4h,0.1,inverse_vol,2192,0.33327418168262835,0.04906141866406277,1.4824880995763488,2.4045045490109342,0.7620768109470487,-0.06437857438949379,22.814578790140345,0.015970205153098237,0.0005565780841248757,2002,0,0.3241794833132272,1.4473324344304486,0.8,1.6938727140342642,1.664003733662622
top2,cb65c5ba0e72ba2f99ff,A,30,6h,5m,0.15,capped_rank,2192,1.617622023514282,0.17378243342869149,1.3777266760079696,2.1497624413018146,0.7952817353659396,-0.21851681699784986,85.88419852859124,0.060118938970013865,0.006214067305357885,1988,0,1.5510348369958473,1.3422833118805853,0.8,1.6804592318709968,1.7279613758308277
top2,cb143af537de4ded0ca5,A,30,1d,5m,0.15,capped_rank,2192,1.617622023514282,0.17378243342869149,1.3777266760079696,2.1497624413018146,0.7952817353659396,-0.21851681699784986,85.88419852859124,0.060118938970013865,0.006214067305357885,1988,0,1.5510348369958473,1.3422833118805853,0.8,1.6804592318709968,1.7279613758308277
top2,879bd6309ebc96baa90f,A,30,12h,15m,0.15,capped_rank,2192,1.617622023514282,0.17378243342869149,1.3777266760079696,2.1497624413018146,0.7952817353659396,-0.21851681699784986,85.88419852859124,0.060118938970013865,0.006214067305357885,1988,0,1.5510348369958473,1.3422833118805853,0.8,1.6804592318709968,1.7279613758308277
top2,83979549529d9dd9e708,A,30,1d,15m,0.15,capped_rank,2192,1.617622023514282,0.17378243342869149,1.3777266760079696,2.1497624413018146,0.7952817353659396,-0.21851681699784986,85.88419852859124,0.060118938970013865,0.006214067305357885,1988,0,1.5510348369958473,1.3422833118805853,0.8,1.6804592318709968,1.7279613758308277
top2,a83d0b1e21d1a4a01926,A,30,1d,30m,0.15,capped_rank,2192,1.617622023514282,0.17378243342869149,1.3777266760079696,2.1497624413018146,0.7952817353659396,-0.21851681699784986,85.88419852859124,0.060118938970013865,0.006214067305357885,1988,0,1.5510348369958473,1.3422833118805853,0.8,1.6804592318709968,1.7279613758308277
top2,8424c1a65a1a64805e9b,A,30,1d,1h,0.15,capped_rank,2192,1.617622023514282,0.17378243342869149,1.3777266760079696,2.1497624413018146,0.7952817353659396,-0.21851681699784986,85.88419852859124,0.060118938970013865,0.006214067305357885,1988,0,1.5510348369958473,1.3422833118805853,0.8,1.6804592318709968,1.7279613758308277
top2,e129ad84ed54c165afe5,A,30,1d,2h,0.15,capped_rank,2192,1.617622023514282,0.17378243342869149,1.3777266760079696,2.1497624413018146,0.7952817353659396,-0.21851681699784986,85.88419852859124,0.060118938970013865,0.006214067305357885,1988,0,1.5510348369958473,1.3422833118805853,0.8,1.6804592318709968,1.7279613758308277
top2,b5f3f2fc5b85fceebff3,A,30,1d,4h,0.15,capped_rank,2192,1.617622023514282,0.17378243342869149,1.3777266760079696,2.1497624413018146,0.7952817353659396,-0.21851681699784986,85.88419852859124,0.060118938970013865,0.006214067305357885,1988,0,1.5510348369958473,1.3422833118805853,0.8,1.6804592318709968,1.7279613758308277
top2,97c9fb462f3b60f71291,A,30,6h,5m,0.1,capped_rank,2192,0.9249236665837572,0.11521602611118165,1.3807757898079527,2.1470295839377167,0.7882590699253328,-0.14616517653529237,58.45053986994159,0.04091537790895912,0.004301842293342309,1998,0,0.891462694420545,1.3447061675623315,0.8,1.67745691017458,1.6547387329118879
top2,9b26da58c873a872a7a0,A,30,1d,5m,0.1,capped_rank,2192,0.9249236665837572,0.11521602611118165,1.3807757898079527,2.1470295839377167,0.7882590699253328,-0.14616517653529237,58.45053986994159,0.04091537790895912,0.004301842293342309,1998,0,0.891462694420545,1.3447061675623315,0.8,1.67745691017458,1.6547387329118879
top2,3e06d0b09f91504a9924,A,30,12h,15m,0.1,capped_rank,2192,0.9249236665837572,0.11521602611118165,1.3807757898079527,2.1470295839377167,0.7882590699253328,-0.14616517653529237,58.45053986994159,0.04091537790895912,0.004301842293342309,1998,0,0.891462694420545,1.3447061675623315,0.8,1.67745691017458,1.6547387329118879
top2,04626f042fbff87b7cdb,A,30,1d,15m,0.1,capped_rank,2192,0.9249236665837572,0.11521602611118165,1.3807757898079527,2.1470295839377167,0.7882590699253328,-0.14616517653529237,58.45053986994159,0.04091537790895912,0.004301842293342309,1998,0,0.891462694420545,1.3447061675623315,0.8,1.67745691017458,1.6547387329118879
top2,7d8c7e80b3c9e2c7e6e2,A,30,1d,30m,0.1,capped_rank,2192,0.9249236665837572,0.11521602611118165,1.3807757898079527,2.1470295839377167,0.7882590699253328,-0.14616517653529237,58.45053986994159,0.04091537790895912,0.004301842293342309,1998,0,0.891462694420545,1.3447061675623315,0.8,1.67745691017458,1.6547387329118879
top2,dbc3888b058a55b4c57d,A,30,1d,1h,0.1,capped_rank,2192,0.9249236665837572,0.11521602611118165,1.3807757898079527,2.1470295839377167,0.7882590699253328,-0.14616517653529237,58.45053986994159,0.04091537790895912,0.004301842293342309,1998,0,0.891462694420545,1.3447061675623315,0.8,1.67745691017458,1.6547387329118879
top2,9235973cec7f199528b1,A,30,1d,2h,0.1,capped_rank,2192,0.9249236665837572,0.11521602611118165,1.3807757898079527,2.1470295839377167,0.7882590699253328,-0.14616517653529237,58.45053986994159,0.04091537790895912,0.004301842293342309,1998,0,0.891462694420545,1.3447061675623315,0.8,1.67745691017458,1.6547387329118879
top2,e0cd6f8bac1fcfa0a3d2,A,30,1d,4h,0.1,capped_rank,2192,0.9249236665837572,0.11521602611118165,1.3807757898079527,2.1470295839377167,0.7882590699253328,-0.14616517653529237,58.45053986994159,0.04091537790895912,0.004301842293342309,1998,0,0.891462694420545,1.3447061675623315,0.8,1.67745691017458,1.6547387329118879
top8,69c5bf12d56dbb675041,A,30,7d,1h,0.15,inverse_vol,2192,1.2127024223061493,0.1413917174527557,1.3754022066965585,1.8720531966651741,0.8581631309591962,-0.16476088560774882,27.67636739748498,0.019373457178239486,-0.06695119630637206,293,0,1.1944054216854902,1.361470102106678,0.8,1.6711303931194295,2.0546825715334536
top8,44a33d4eaaf4b7366f6c,A,30,7d,2h,0.15,inverse_vol,2192,1.2127024223061493,0.1413917174527557,1.3754022066965585,1.8720531966651741,0.8581631309591962,-0.16476088560774882,27.67636739748498,0.019373457178239486,-0.06695119630637206,293,0,1.1944054216854902,1.361470102106678,0.8,1.6711303931194295,2.0546825715334536
top8,c0c86b38aa089e1274bc,A,30,7d,4h,0.15,inverse_vol,2192,1.2127024223061493,0.1413917174527557,1.3754022066965585,1.8720531966651741,0.8581631309591962,-0.16476088560774882,27.67636739748498,0.019373457178239486,-0.06695119630637206,293,0,1.1944054216854902,1.361470102106678,0.8,1.6711303931194295,2.0546825715334536
top8,fc7eaea06bad22fe67e4,A,30,7d,1d,0.15,inverse_vol,2192,1.2127024223061493,0.1413917174527557,1.3754022066965585,1.8720531966651741,0.8581631309591962,-0.16476088560774882,27.67636739748498,0.019373457178239486,-0.06695119630637206,293,0,1.1944054216854902,1.361470102106678,0.8,1.6711303931194295,2.0546825715334536
top8,92b0523cb1acd1173314,A,30,7d,1h,0.2,inverse_vol,2192,1.8451284803145218,0.1901853295111715,1.3754022066965588,1.8720531966651746,0.8807285542239972,-0.21594091459739517,36.901823196646646,0.025831276237652648,-0.08926826174182942,293,0,1.813801923566034,1.3614701021066786,0.8,1.671130393119429,2.1139624498219263
top8,c8fc69b20ef44360b46c,A,30,7d,2h,0.2,inverse_vol,2192,1.8451284803145218,0.1901853295111715,1.3754022066965588,1.8720531966651746,0.8807285542239972,-0.21594091459739517,36.901823196646646,0.025831276237652648,-0.08926826174182942,293,0,1.813801923566034,1.3614701021066786,0.8,1.671130393119429,2.1139624498219263
top8,efc8ec2ab89e3356ccae,A,30,7d,4h,0.2,inverse_vol,2192,1.8451284803145218,0.1901853295111715,1.3754022066965588,1.8720531966651746,0.8807285542239972,-0.21594091459739517,36.901823196646646,0.025831276237652648,-0.08926826174182942,293,0,1.813801923566034,1.3614701021066786,0.8,1.671130393119429,2.1139624498219263
top8,076c4faf4f22b477c408,A,30,7d,1d,0.2,inverse_vol,2192,1.8451284803145218,0.1901853295111715,1.3754022066965588,1.8720531966651746,0.8807285542239972,-0.21594091459739517,36.901823196646646,0.025831276237652648,-0.08926826174182942,293,0,1.813801923566034,1.3614701021066786,0.8,1.671130393119429,2.1139624498219263
top8,2b818b6446b31f9c9dd8,A,30,7d,1h,0.1,inverse_vol,2192,0.7094130167241195,0.09338327359374676,1.3754022066965588,1.8720531966651746,0.8361926768395,-0.11167674171304764,18.450911598323323,0.012915638118826324,-0.04463413087091471,293,0,0.6999767407935253,1.3614701021066786,0.8,1.671130393119429,1.9962130730542542
top8,7d6f1ab98311bb366d11,A,30,7d,2h,0.1,inverse_vol,2192,0.7094130167241195,0.09338327359374676,1.3754022066965588,1.8720531966651746,0.8361926768395,-0.11167674171304764,18.450911598323323,0.012915638118826324,-0.04463413087091471,293,0,0.6999767407935253,1.3614701021066786,0.8,1.671130393119429,1.9962130730542542
top8,2799e0ba589f32441050,A,30,7d,4h,0.1,inverse_vol,2192,0.7094130167241195,0.09338327359374676,1.3754022066965588,1.8720531966651746,0.8361926768395,-0.11167674171304764,18.450911598323323,0.012915638118826324,-0.04463413087091471,293,0,0.6999767407935253,1.3614701021066786,0.8,1.671130393119429,1.9962130730542542
top8,c50f0696328e541eff49,A,30,7d,1d,0.1,inverse_vol,2192,0.7094130167241195,0.09338327359374676,1.3754022066965588,1.8720531966651746,0.8361926768395,-0.11167674171304764,18.450911598323323,0.012915638118826324,-0.04463413087091471,293,0,0.6999767407935253,1.3614701021066786,0.8,1.671130393119429,1.9962130730542542
top2,abc0a1dd26498fa56b2d,A,30,6h,5m,0.2,capped_rank,2192,2.535636197621174,0.23403607989615138,1.3832160452108224,2.1656743827231772,0.8404781150654838,-0.27845588802501664,112.24820382907306,0.07857374268035114,0.006978344455581688,1970,0,2.4185454236229798,1.3483063991524875,0.8,1.650489646741024,1.7428063804242924
top2,51325ffa20deee2187fe,A,30,1d,5m,0.2,capped_rank,2192,2.535636197621174,0.23403607989615138,1.3832160452108224,2.1656743827231772,0.8404781150654838,-0.27845588802501664,112.24820382907306,0.07857374268035114,0.006978344455581688,1970,0,2.4185454236229798,1.3483063991524875,0.8,1.650489646741024,1.7428063804242924
top2,8b3322384b93c9c89a28,A,30,12h,15m,0.2,capped_rank,2192,2.535636197621174,0.23403607989615138,1.3832160452108224,2.1656743827231772,0.8404781150654838,-0.27845588802501664,112.24820382907306,0.07857374268035114,0.006978344455581688,1970,0,2.4185454236229798,1.3483063991524875,0.8,1.650489646741024,1.7428063804242924
top2,3e6b2a40be171fa42fc5,A,30,1d,15m,0.2,capped_rank,2192,2.535636197621174,0.23403607989615138,1.3832160452108224,2.1656743827231772,0.8404781150654838,-0.27845588802501664,112.24820382907306,0.07857374268035114,0.006978344455581688,1970,0,2.4185454236229798,1.3483063991524875,0.8,1.650489646741024,1.7428063804242924
top2,d7daccd04129f1afecf9,A,30,1d,30m,0.2,capped_rank,2192,2.535636197621174,0.23403607989615138,1.3832160452108224,2.1656743827231772,0.8404781150654838,-0.27845588802501664,112.24820382907306,0.07857374268035114,0.006978344455581688,1970,0,2.4185454236229798,1.3483063991524875,0.8,1.650489646741024,1.7428063804242924
top2,ad3fba5a3eb5a16fb91a,A,30,1d,1h,0.2,capped_rank,2192,2.535636197621174,0.23403607989615138,1.3832160452108224,2.1656743827231772,0.8404781150654838,-0.27845588802501664,112.24820382907306,0.07857374268035114,0.006978344455581688,1970,0,2.4185454236229798,1.3483063991524875,0.8,1.650489646741024,1.7428063804242924
top2,8fba1f037acefff41324,A,30,1d,2h,0.2,capped_rank,2192,2.535636197621174,0.23403607989615138,1.3832160452108224,2.1656743827231772,0.8404781150654838,-0.27845588802501664,112.24820382907306,0.07857374268035114,0.006978344455581688,1970,0,2.4185454236229798,1.3483063991524875,0.8,1.650489646741024,1.7428063804242924
top2,0c9e4568d339a23035f8,A,30,1d,4h,0.2,capped_rank,2192,2.535636197621174,0.23403607989615138,1.3832160452108224,2.1656743827231772,0.8404781150654838,-0.27845588802501664,112.24820382907306,0.07857374268035114,0.006978344455581688,1970,0,2.4185454236229798,1.3483063991524875,0.8,1.650489646741024,1.7428063804242924
top2,257c6a66d0601d3dbd5f,A,14,6h,5m,0.15,equal,2192,0.5272133951757896,0.07305501552525318,1.3904928039790685,2.3227532949835323,1.212932547494452,-0.06023007270780434,49.555568846465576,0.0346888981925259,-0.007102996673899812,1991,0,0.5046805161448638,1.3425631181161013,0.8,1.6402268948557204,1.650386161906176
top2,712b4447bdf8d2ee63f0,A,14,1d,5m,0.15,equal,2192,0.5272133951757896,0.07305501552525318,1.3904928039790685,2.3227532949835323,1.212932547494452,-0.06023007270780434,49.555568846465576,0.0346888981925259,-0.007102996673899812,1991,0,0.5046805161448638,1.3425631181161013,0.8,1.6402268948557204,1.650386161906176
top2,d0bcb0ec41133f9b1ced,A,14,12h,15m,0.15,equal,2192,0.5272133951757896,0.07305501552525318,1.3904928039790685,2.3227532949835323,1.212932547494452,-0.06023007270780434,49.555568846465576,0.0346888981925259,-0.007102996673899812,1991,0,0.5046805161448638,1.3425631181161013,0.8,1.6402268948557204,1.650386161906176
top2,a836733898e183e4b367,A,14,1d,15m,0.15,equal,2192,0.5272133951757896,0.07305501552525318,1.3904928039790685,2.3227532949835323,1.212932547494452,-0.06023007270780434,49.555568846465576,0.0346888981925259,-0.007102996673899812,1991,0,0.5046805161448638,1.3425631181161013,0.8,1.6402268948557204,1.650386161906176
top2,8d58e478d6cac5492da7,A,14,1d,30m,0.15,equal,2192,0.5272133951757896,0.07305501552525318,1.3904928039790685,2.3227532949835323,1.212932547494452,-0.06023007270780434,49.555568846465576,0.0346888981925259,-0.007102996673899812,1991,0,0.5046805161448638,1.3425631181161013,0.8,1.6402268948557204,1.650386161906176
top2,62a38207dd6e983bf0bf,A,14,1d,1h,0.15,equal,2192,0.5272133951757896,0.07305501552525318,1.3904928039790685,2.3227532949835323,1.212932547494452,-0.06023007270780434,49.555568846465576,0.0346888981925259,-0.007102996673899812,1991,0,0.5046805161448638,1.3425631181161013,0.8,1.6402268948557204,1.650386161906176
top2,c8856859912413943521,A,14,1d,2h,0.15,equal,2192,0.5272133951757896,0.07305501552525318,1.3904928039790685,2.3227532949835323,1.212932547494452,-0.06023007270780434,49.555568846465576,0.0346888981925259,-0.007102996673899812,1991,0,0.5046805161448638,1.3425631181161013,0.8,1.6402268948557204,1.650386161906176
top2,150f6c665e066a3157bf,A,14,1d,4h,0.15,equal,2192,0.5272133951757896,0.07305501552525318,1.3904928039790685,2.3227532949835323,1.212932547494452,-0.06023007270780434,49.555568846465576,0.0346888981925259,-0.007102996673899812,1991,0,0.5046805161448638,1.3425631181161013,0.8,1.6402268948557204,1.650386161906176
top2,27e0564d8a6d4f72053f,A,14,6h,5m,0.2,equal,2192,0.7524763863751318,0.09792239582758144,1.3904928039790692,2.322753294983533,1.228139244527215,-0.07973232372789918,66.07409179528744,0.046251864256701206,-0.00947066223186642,1991,0,0.7180879368816824,1.3425631181161013,0.8,1.6402268948557202,1.6751781074300574
top2,905f8afd3afe73d0975e,A,14,1d,5m,0.2,equal,2192,0.7524763863751318,0.09792239582758144,1.3904928039790692,2.322753294983533,1.228139244527215,-0.07973232372789918,66.07409179528744,0.046251864256701206,-0.00947066223186642,1991,0,0.7180879368816824,1.3425631181161013,0.8,1.6402268948557202,1.6751781074300574
top2,74c4f7617a8beb712a3e,A,14,12h,15m,0.2,equal,2192,0.7524763863751318,0.09792239582758144,1.3904928039790692,2.322753294983533,1.228139244527215,-0.07973232372789918,66.07409179528744,0.046251864256701206,-0.00947066223186642,1991,0,0.7180879368816824,1.3425631181161013,0.8,1.6402268948557202,1.6751781074300574
top2,770a5a65014761fe93f0,A,14,1d,15m,0.2,equal,2192,0.7524763863751318,0.09792239582758144,1.3904928039790692,2.322753294983533,1.228139244527215,-0.07973232372789918,66.07409179528744,0.046251864256701206,-0.00947066223186642,1991,0,0.7180879368816824,1.3425631181161013,0.8,1.6402268948557202,1.6751781074300574
top2,44124bb21d3cb8400c1c,A,14,1d,30m,0.2,equal,2192,0.7524763863751318,0.09792239582758144,1.3904928039790692,2.322753294983533,1.228139244527215,-0.07973232372789918,66.07409179528744,0.046251864256701206,-0.00947066223186642,1991,0,0.7180879368816824,1.3425631181161013,0.8,1.6402268948557202,1.6751781074300574
top2,45552a58f8297bce6c8b,A,14,1d,1h,0.2,equal,2192,0.7524763863751318,0.09792239582758144,1.3904928039790692,2.322753294983533,1.228139244527215,-0.07973232372789918,66.07409179528744,0.046251864256701206,-0.00947066223186642,1991,0,0.7180879368816824,1.3425631181161013,0.8,1.6402268948557202,1.6751781074300574
top2,1dead7c04929447f3fc2,A,14,1d,2h,0.2,equal,2192,0.7524763863751318,0.09792239582758144,1.3904928039790692,2.322753294983533,1.228139244527215,-0.07973232372789918,66.07409179528744,0.046251864256701206,-0.00947066223186642,1991,0,0.7180879368816824,1.3425631181161013,0.8,1.6402268948557202,1.6751781074300574
top2,4062e0dcb7a2fc6dbe06,A,14,1d,4h,0.2,equal,2192,0.7524763863751318,0.09792239582758144,1.3904928039790692,2.322753294983533,1.228139244527215,-0.07973232372789918,66.07409179528744,0.046251864256701206,-0.00947066223186642,1991,0,0.7180879368816824,1.3425631181161013,0.8,1.6402268948557202,1.6751781074300574
top2,956a867208bbbffa33ad,A,14,6h,5m,0.1,equal,2192,0.32854018168124854,0.0484402556830239,1.3904928039790692,2.322753294983533,1.1977907870223055,-0.04044133266665528,33.03704589764372,0.023125932128350603,-0.00473533111593321,1991,0,0.3154393915750162,1.3425631181161013,0.8,1.6402268948557202,1.6258020096406558
top2,74d4c5882d88574ad620,A,14,1d,5m,0.1,equal,2192,0.32854018168124854,0.0484402556830239,1.3904928039790692,2.322753294983533,1.1977907870223055,-0.04044133266665528,33.03704589764372,0.023125932128350603,-0.00473533111593321,1991,0,0.3154393915750162,1.3425631181161013,0.8,1.6402268948557202,1.6258020096406558
top2,1609b854535814529b0d,A,14,12h,15m,0.1,equal,2192,0.32854018168124854,0.0484402556830239,1.3904928039790692,2.322753294983533,1.1977907870223055,-0.04044133266665528,33.03704589764372,0.023125932128350603,-0.00473533111593321,1991,0,0.3154393915750162,1.3425631181161013,0.8,1.6402268948557202,1.6258020096406558
top2,76f091cb89073e0f5ec1,A,14,1d,15m,0.1,equal,2192,0.32854018168124854,0.0484402556830239,1.3904928039790692,2.322753294983533,1.1977907870223055,-0.04044133266665528,33.03704589764372,0.023125932128350603,-0.00473533111593321,1991,0,0.3154393915750162,1.3425631181161013,0.8,1.6402268948557202,1.6258020096406558
top2,88b16b040ca441749eab,A,14,1d,30m,0.1,equal,2192,0.32854018168124854,0.0484402556830239,1.3904928039790692,2.322753294983533,1.1977907870223055,-0.04044133266665528,33.03704589764372,0.023125932128350603,-0.00473533111593321,1991,0,0.3154393915750162,1.3425631181161013,0.8,1.6402268948557202,1.6258020096406558
top2,cdf88aa40690f50b2e39,A,14,1d,1h,0.1,equal,2192,0.32854018168124854,0.0484402556830239,1.3904928039790692,2.322753294983533,1.1977907870223055,-0.04044133266665528,33.03704589764372,0.023125932128350603,-0.00473533111593321,1991,0,0.3154393915750162,1.3425631181161013,0.8,1.6402268948557202,1.6258020096406558
top2,1988d1289d0da1a96fc1,A,14,1d,2h,0.1,equal,2192,0.32854018168124854,0.0484402556830239,1.3904928039790692,2.322753294983533,1.1977907870223055,-0.04044133266665528,33.03704589764372,0.023125932128350603,-0.00473533111593321,1991,0,0.3154393915750162,1.3425631181161013,0.8,1.6402268948557202,1.6258020096406558
top2,ed279cb053d0d82c5214,A,14,1d,4h,0.1,equal,2192,0.32854018168124854,0.0484402556830239,1.3904928039790692,2.322753294983533,1.1977907870223055,-0.04044133266665528,33.03704589764372,0.023125932128350603,-0.00473533111593321,1991,0,0.3154393915750162,1.3425631181161013,0.8,1.6402268948557202,1.6258020096406558
top20pct,a42e7e91e74d163b5bff,A,30,7d,1h,0.1,capped_rank,2192,0.8354570316958243,0.10641298293477597,1.3628651232990892,2.0667261776833894,1.1585977218232517,-0.09184635955206,20.679059102893685,0.014475341372025581,-0.011128967368347238,293,0,0.8241045727514906,1.3492489715246911,0.8,1.6284968913073223,2.329638528450149
top20pct,4fd6d156ed60ae170d9d,A,30,7d,2h,0.1,capped_rank,2192,0.8354570316958243,0.10641298293477597,1.3628651232990892,2.0667261776833894,1.1585977218232517,-0.09184635955206,20.679059102893685,0.014475341372025581,-0.011128967368347238,293,0,0.8241045727514906,1.3492489715246911,0.8,1.6284968913073223,2.329638528450149
top20pct,ab1a81bf911f7681e53b,A,30,7d,4h,0.1,capped_rank,2192,0.8354570316958243,0.10641298293477597,1.3628651232990892,2.0667261776833894,1.1585977218232517,-0.09184635955206,20.679059102893685,0.014475341372025581,-0.011128967368347238,293,0,0.8241045727514906,1.3492489715246911,0.8,1.6284968913073223,2.329638528450149
top20pct,7d1e1353e5d5b1e21b73,A,30,7d,1d,0.1,capped_rank,2192,0.8354570316958243,0.10641298293477597,1.3628651232990892,2.0667261776833894,1.1585977218232517,-0.09184635955206,20.679059102893685,0.014475341372025581,-0.011128967368347238,293,0,0.8241045727514906,1.3492489715246911,0.8,1.6284968913073223,2.329638528450149
top20pct,b42cbef78b6eb97c2a9f,A,60,7d,1h,0.15,capped_rank,2192,1.1774138465108996,0.13834028813661758,1.1420123634661394,1.6269478862518683,0.9219657309339715,-0.15004927351960884,24.079281272502534,0.016855496890751775,-0.030613875103273677,278,0,1.1617367231908813,1.1319079889968053,0.8,1.6179367371903206,2.2923543124804056
top20pct,2677ddf072fbe88be084,A,60,7d,2h,0.15,capped_rank,2192,1.1774138465108996,0.13834028813661758,1.1420123634661394,1.6269478862518683,0.9219657309339715,-0.15004927351960884,24.079281272502534,0.016855496890751775,-0.030613875103273677,278,0,1.1617367231908813,1.1319079889968053,0.8,1.6179367371903206,2.2923543124804056
top20pct,74d8bbc6d499df6b5bfd,A,60,7d,4h,0.15,capped_rank,2192,1.1774138465108996,0.13834028813661758,1.1420123634661394,1.6269478862518683,0.9219657309339715,-0.15004927351960884,24.079281272502534,0.016855496890751775,-0.030613875103273677,278,0,1.1617367231908813,1.1319079889968053,0.8,1.6179367371903206,2.2923543124804056
top20pct,3dcf3e1874435af239f0,A,60,7d,1d,0.15,capped_rank,2192,1.1774138465108996,0.13834028813661758,1.1420123634661394,1.6269478862518683,0.9219657309339715,-0.15004927351960884,24.079281272502534,0.016855496890751775,-0.030613875103273677,278,0,1.1617367231908813,1.1319079889968053,0.8,1.6179367371903206,2.2923543124804056
top20pct,2d3f1be6a0598152d05d,A,60,7d,1h,0.2,capped_rank,2192,1.783839261864681,0.18587726495314527,1.1527272800502533,1.6443671103070066,0.9465346232138813,-0.19637661464724254,31.53900819007071,0.022077305733049495,-0.04342149751899621,277,0,1.7576125305952854,1.1427489949315044,0.8,1.6123654001776266,2.3106196745596685
top20pct,2da25ddb133c23e5c7d7,A,60,7d,2h,0.2,capped_rank,2192,1.783839261864681,0.18587726495314527,1.1527272800502533,1.6443671103070066,0.9465346232138813,-0.19637661464724254,31.53900819007071,0.022077305733049495,-0.04342149751899621,277,0,1.7576125305952854,1.1427489949315044,0.8,1.6123654001776266,2.3106196745596685
top20pct,d4150f340031accb7d30,A,60,7d,4h,0.2,capped_rank,2192,1.783839261864681,0.18587726495314527,1.1527272800502533,1.6443671103070066,0.9465346232138813,-0.19637661464724254,31.53900819007071,0.022077305733049495,-0.04342149751899621,277,0,1.7576125305952854,1.1427489949315044,0.8,1.6123654001776266,2.3106196745596685
top20pct,3d7fd6503d2f00bd79e1,A,60,7d,1d,0.2,capped_rank,2192,1.783839261864681,0.18587726495314527,1.1527272800502533,1.6443671103070066,0.9465346232138813,-0.19637661464724254,31.53900819007071,0.022077305733049495,-0.04342149751899621,277,0,1.7576125305952854,1.1427489949315044,0.8,1.6123654001776266,2.3106196745596685
top8,fc13fc38b96abce50f50,A,30,7d,1h,0.15,equal,2192,1.0523501709340817,0.12718299124678212,1.3331624490669325,1.8314795799786479,0.8358889570219767,-0.15215297460071397,24.072052469861422,0.016850436728902993,-0.059149377839826094,293,0,1.0375808383897414,1.320166428256526,0.8,1.605797342758379,1.976771829994042
top8,22cfc4110f1aea87da98,A,30,7d,2h,0.15,equal,2192,1.0523501709340817,0.12718299124678212,1.3331624490669325,1.8314795799786479,0.8358889570219767,-0.15215297460071397,24.072052469861422,0.016850436728902993,-0.059149377839826094,293,0,1.0375808383897414,1.320166428256526,0.8,1.605797342758379,1.976771829994042
top8,f99780d595532a990683,A,30,7d,4h,0.15,equal,2192,1.0523501709340817,0.12718299124678212,1.3331624490669325,1.8314795799786479,0.8358889570219767,-0.15215297460071397,24.072052469861422,0.016850436728902993,-0.059149377839826094,293,0,1.0375808383897414,1.320166428256526,0.8,1.605797342758379,1.976771829994042
top8,8dcb21729ad98ab9fc5f,A,30,7d,1d,0.15,equal,2192,1.0523501709340817,0.12718299124678212,1.3331624490669325,1.8314795799786479,0.8358889570219767,-0.15215297460071397,24.072052469861422,0.016850436728902993,-0.059149377839826094,293,0,1.0375808383897414,1.320166428256526,0.8,1.605797342758379,1.976771829994042
top8,00a2862f4da63dd7d361,A,30,7d,1h,0.2,equal,2192,1.5780810893284452,0.1708112418577965,1.333162449066932,1.831479579978648,0.8550631646767123,-0.19976447228010097,32.096069959815225,0.02246724897187066,-0.07886583711976812,293,0,1.5533728405978513,1.3201664282565264,0.8,1.6057973427583785,2.0262968909269445
top8,52c09ce683763d8f92ae,A,30,7d,2h,0.2,equal,2192,1.5780810893284452,0.1708112418577965,1.333162449066932,1.831479579978648,0.8550631646767123,-0.19976447228010097,32.096069959815225,0.02246724897187066,-0.07886583711976812,293,0,1.5533728405978513,1.3201664282565264,0.8,1.6057973427583785,2.0262968909269445
top8,a6e424b46beb756cef0f,A,30,7d,4h,0.2,equal,2192,1.5780810893284452,0.1708112418577965,1.333162449066932,1.831479579978648,0.8550631646767123,-0.19976447228010097,32.096069959815225,0.02246724897187066,-0.07886583711976812,293,0,1.5533728405978513,1.3201664282565264,0.8,1.6057973427583785,2.0262968909269445
top8,c3815a44b9d251a7120b,A,30,7d,1d,0.2,equal,2192,1.5780810893284452,0.1708112418577965,1.333162449066932,1.831479579978648,0.8550631646767123,-0.19976447228010097,32.096069959815225,0.02246724897187066,-0.07886583711976812,293,0,1.5533728405978513,1.3201664282565264,0.8,1.6057973427583785,2.0262968909269445
top8,395483af815575c5dd3d,A,30,7d,1h,0.1,equal,2192,0.6243800309120149,0.08413300990562345,1.333162449066932,1.831479579978648,0.8171607309859635,-0.10295772510276024,16.048034979907612,0.01123362448593533,-0.03943291855988406,293,0,0.6165779343423059,1.3201664282565264,0.8,1.6057973427583785,1.9277682603151103
top8,42ee55ccaba6328b2a69,A,30,7d,2h,0.1,equal,2192,0.6243800309120149,0.08413300990562345,1.333162449066932,1.831479579978648,0.8171607309859635,-0.10295772510276024,16.048034979907612,0.01123362448593533,-0.03943291855988406,293,0,0.6165779343423059,1.3201664282565264,0.8,1.6057973427583785,1.9277682603151103
top8,21382dca170d0cc8ced3,A,30,7d,4h,0.1,equal,2192,0.6243800309120149,0.08413300990562345,1.333162449066932,1.831479579978648,0.8171607309859635,-0.10295772510276024,16.048034979907612,0.01123362448593533,-0.03943291855988406,293,0,0.6165779343423059,1.3201664282565264,0.8,1.6057973427583785,1.9277682603151103
top8,c92cbc627a40d4719977,A,30,7d,1d,0.1,equal,2192,0.6243800309120149,0.08413300990562345,1.333162449066932,1.831479579978648,0.8171607309859635,-0.10295772510276024,16.048034979907612,0.01123362448593533,-0.03943291855988406,293,0,0.6165779343423059,1.3201664282565264,0.8,1.6057973427583785,1.9277682603151103
top2,7e1ad2b988e0d60d14f1,A,30,6h,5m,0.2,equal,2192,0.6967310716885793,0.09202836384354218,1.4697890492648682,2.4189295821932597,0.7759478224019082,-0.1186012270240967,42.16143829118374,0.02951300680382862,-0.0013342418293976043,2002,0,0.6754039634567772,1.4351260433747368,0.8,1.601735975885328,1.5479201806880203
top2,1bcd558504771548a2af,A,30,1d,5m,0.2,equal,2192,0.6967310716885793,0.09202836384354218,1.4697890492648682,2.4189295821932597,0.7759478224019082,-0.1186012270240967,42.16143829118374,0.02951300680382862,-0.0013342418293976043,2002,0,0.6754039634567772,1.4351260433747368,0.8,1.601735975885328,1.5479201806880203
top2,b006b320e8662a0f91f3,A,30,12h,15m,0.2,equal,2192,0.6967310716885793,0.09202836384354218,1.4697890492648682,2.4189295821932597,0.7759478224019082,-0.1186012270240967,42.16143829118374,0.02951300680382862,-0.0013342418293976043,2002,0,0.6754039634567772,1.4351260433747368,0.8,1.601735975885328,1.5479201806880203
top2,d2f004c1e3388aa23802,A,30,1d,15m,0.2,equal,2192,0.6967310716885793,0.09202836384354218,1.4697890492648682,2.4189295821932597,0.7759478224019082,-0.1186012270240967,42.16143829118374,0.02951300680382862,-0.0013342418293976043,2002,0,0.6754039634567772,1.4351260433747368,0.8,1.601735975885328,1.5479201806880203
top2,6810755bf76265a8e750,A,30,1d,30m,0.2,equal,2192,0.6967310716885793,0.09202836384354218,1.4697890492648682,2.4189295821932597,0.7759478224019082,-0.1186012270240967,42.16143829118374,0.02951300680382862,-0.0013342418293976043,2002,0,0.6754039634567772,1.4351260433747368,0.8,1.601735975885328,1.5479201806880203
top2,a2425dd13c2793763387,A,30,1d,1h,0.2,equal,2192,0.6967310716885793,0.09202836384354218,1.4697890492648682,2.4189295821932597,0.7759478224019082,-0.1186012270240967,42.16143829118374,0.02951300680382862,-0.0013342418293976043,2002,0,0.6754039634567772,1.4351260433747368,0.8,1.601735975885328,1.5479201806880203
top2,b56d93136ff87abc782b,A,30,1d,2h,0.2,equal,2192,0.6967310716885793,0.09202836384354218,1.4697890492648682,2.4189295821932597,0.7759478224019082,-0.1186012270240967,42.16143829118374,0.02951300680382862,-0.0013342418293976043,2002,0,0.6754039634567772,1.4351260433747368,0.8,1.601735975885328,1.5479201806880203
top2,2a95e4e229f17148123a,A,30,1d,4h,0.2,equal,2192,0.6967310716885793,0.09202836384354218,1.4697890492648682,2.4189295821932597,0.7759478224019082,-0.1186012270240967,42.16143829118374,0.02951300680382862,-0.0013342418293976043,2002,0,0.6754039634567772,1.4351260433747368,0.8,1.601735975885328,1.5479201806880203
top2,55a48b928a55c4d3ffe2,A,30,6h,5m,0.15,equal,2192,0.4896679599400997,0.06861662090583653,1.4694659619321249,2.418447224710356,0.763683894967552,-0.08984950626561528,31.72107871838781,0.02220475510287146,-0.0010156813720481987,2002,0,0.47555836121535866,1.4346880042992138,0.8,1.5997411298377813,1.5214215091368046
top2,00344ae04645304ab066,A,30,1d,5m,0.15,equal,2192,0.4896679599400997,0.06861662090583653,1.4694659619321249,2.418447224710356,0.763683894967552,-0.08984950626561528,31.72107871838781,0.02220475510287146,-0.0010156813720481987,2002,0,0.47555836121535866,1.4346880042992138,0.8,1.5997411298377813,1.5214215091368046
top2,ef046c40773eee3eb901,A,30,12h,15m,0.15,equal,2192,0.4896679599400997,0.06861662090583653,1.4694659619321249,2.418447224710356,0.763683894967552,-0.08984950626561528,31.72107871838781,0.02220475510287146,-0.0010156813720481987,2002,0,0.47555836121535866,1.4346880042992138,0.8,1.5997411298377813,1.5214215091368046
top2,efe7a75c01ce64cc3b00,A,30,1d,15m,0.15,equal,2192,0.4896679599400997,0.06861662090583653,1.4694659619321249,2.418447224710356,0.763683894967552,-0.08984950626561528,31.72107871838781,0.02220475510287146,-0.0010156813720481987,2002,0,0.47555836121535866,1.4346880042992138,0.8,1.5997411298377813,1.5214215091368046
top2,f376cc8b0c3a6193165a,A,30,1d,30m,0.15,equal,2192,0.4896679599400997,0.06861662090583653,1.4694659619321249,2.418447224710356,0.763683894967552,-0.08984950626561528,31.72107871838781,0.02220475510287146,-0.0010156813720481987,2002,0,0.47555836121535866,1.4346880042992138,0.8,1.5997411298377813,1.5214215091368046
top2,0f593f2a14283a87a6a3,A,30,1d,1h,0.15,equal,2192,0.4896679599400997,0.06861662090583653,1.4694659619321249,2.418447224710356,0.763683894967552,-0.08984950626561528,31.72107871838781,0.02220475510287146,-0.0010156813720481987,2002,0,0.47555836121535866,1.4346880042992138,0.8,1.5997411298377813,1.5214215091368046
top2,28fcb6cf998413a971e1,A,30,1d,2h,0.15,equal,2192,0.4896679599400997,0.06861662090583653,1.4694659619321249,2.418447224710356,0.763683894967552,-0.08984950626561528,31.72107871838781,0.02220475510287146,-0.0010156813720481987,2002,0,0.47555836121535866,1.4346880042992138,0.8,1.5997411298377813,1.5214215091368046
top2,91fb334cbe6b73327ed1,A,30,1d,4h,0.15,equal,2192,0.4896679599400997,0.06861662090583653,1.4694659619321249,2.418447224710356,0.763683894967552,-0.08984950626561528,31.72107871838781,0.02220475510287146,-0.0010156813720481987,2002,0,0.47555836121535866,1.4346880042992138,0.8,1.5997411298377813,1.5214215091368046
top2,18fdb58f413ecd4a098f,A,30,6h,5m,0.1,equal,2192,0.3060372458188205,0.045462101177607295,1.4688185098327688,2.4174698797828467,0.7514765240239896,-0.06049703447044208,21.280719145591874,0.014896503401914311,-0.0006971209146988027,2002,0,0.29772546523837407,1.4338096799028452,0.8,1.5957434037379732,1.490895959708647
top2,451f2e624fe785bed5c5,A,30,1d,5m,0.1,equal,2192,0.3060372458188205,0.045462101177607295,1.4688185098327688,2.4174698797828467,0.7514765240239896,-0.06049703447044208,21.280719145591874,0.014896503401914311,-0.0006971209146988027,2002,0,0.29772546523837407,1.4338096799028452,0.8,1.5957434037379732,1.490895959708647
top2,2ef465a84ffb423b0dfb,A,30,12h,15m,0.1,equal,2192,0.3060372458188205,0.045462101177607295,1.4688185098327688,2.4174698797828467,0.7514765240239896,-0.06049703447044208,21.280719145591874,0.014896503401914311,-0.0006971209146988027,2002,0,0.29772546523837407,1.4338096799028452,0.8,1.5957434037379732,1.490895959708647
top2,c37d046231db1839e9cd,A,30,1d,15m,0.1,equal,2192,0.3060372458188205,0.045462101177607295,1.4688185098327688,2.4174698797828467,0.7514765240239896,-0.06049703447044208,21.280719145591874,0.014896503401914311,-0.0006971209146988027,2002,0,0.29772546523837407,1.4338096799028452,0.8,1.5957434037379732,1.490895959708647
top2,d0ec90989c1fbdd3049f,A,30,1d,30m,0.1,equal,2192,0.3060372458188205,0.045462101177607295,1.4688185098327688,2.4174698797828467,0.7514765240239896,-0.06049703447044208,21.280719145591874,0.014896503401914311,-0.0006971209146988027,2002,0,0.29772546523837407,1.4338096799028452,0.8,1.5957434037379732,1.490895959708647
top2,8a3ebdbaf0e6cc38acf6,A,30,1d,1h,0.1,equal,2192,0.3060372458188205,0.045462101177607295,1.4688185098327688,2.4174698797828467,0.7514765240239896,-0.06049703447044208,21.280719145591874,0.014896503401914311,-0.0006971209146988027,2002,0,0.29772546523837407,1.4338096799028452,0.8,1.5957434037379732,1.490895959708647
top2,1f398ecbc118e0a111ab,A,30,1d,2h,0.1,equal,2192,0.3060372458188205,0.045462101177607295,1.4688185098327688,2.4174698797828467,0.7514765240239896,-0.06049703447044208,21.280719145591874,0.014896503401914311,-0.0006971209146988027,2002,0,0.29772546523837407,1.4338096799028452,0.8,1.5957434037379732,1.490895959708647
top2,b40c5cb83c06332e245f,A,30,1d,4h,0.1,equal,2192,0.3060372458188205,0.045462101177607295,1.4688185098327688,2.4174698797828467,0.7514765240239896,-0.06049703447044208,21.280719145591874,0.014896503401914311,-0.0006971209146988027,2002,0,0.29772546523837407,1.4338096799028452,0.8,1.5957434037379732,1.490895959708647
top20pct,1cde96f324ed6dad057f,A,30,6h,5m,0.15,capped_rank,2192,1.7062365215488424,0.18030761588256072,1.4573836195679741,2.1936482942224234,0.8989597670800109,-0.2005736212959046,97.52093988244388,0.06826465791771072,-0.0024427029517394144,1988,0,1.6282163738244333,1.4161442490605785,0.8,1.5936986213235973,1.5114764558183122
top20pct,0c876b13ded5629992b9,A,30,1d,5m,0.15,capped_rank,2192,1.7062365215488424,0.18030761588256072,1.4573836195679741,2.1936482942224234,0.8989597670800109,-0.2005736212959046,97.52093988244388,0.06826465791771072,-0.0024427029517394144,1988,0,1.6282163738244333,1.4161442490605785,0.8,1.5936986213235973,1.5114764558183122
top20pct,cc08917c882974639e2f,A,30,12h,15m,0.15,capped_rank,2192,1.7062365215488424,0.18030761588256072,1.4573836195679741,2.1936482942224234,0.8989597670800109,-0.2005736212959046,97.52093988244388,0.06826465791771072,-0.0024427029517394144,1988,0,1.6282163738244333,1.4161442490605785,0.8,1.5936986213235973,1.5114764558183122
top20pct,7f24ecc9ce86a82ee92d,A,30,1d,15m,0.15,capped_rank,2192,1.7062365215488424,0.18030761588256072,1.4573836195679741,2.1936482942224234,0.8989597670800109,-0.2005736212959046,97.52093988244388,0.06826465791771072,-0.0024427029517394144,1988,0,1.6282163738244333,1.4161442490605785,0.8,1.5936986213235973,1.5114764558183122
top20pct,2812946c6dd4ff3f8b44,A,30,1d,30m,0.15,capped_rank,2192,1.7062365215488424,0.18030761588256072,1.4573836195679741,2.1936482942224234,0.8989597670800109,-0.2005736212959046,97.52093988244388,0.06826465791771072,-0.0024427029517394144,1988,0,1.6282163738244333,1.4161442490605785,0.8,1.5936986213235973,1.5114764558183122
top20pct,c4013473f11a7cab8c93,A,30,1d,1h,0.15,capped_rank,2192,1.7062365215488424,0.18030761588256072,1.4573836195679741,2.1936482942224234,0.8989597670800109,-0.2005736212959046,97.52093988244388,0.06826465791771072,-0.0024427029517394144,1988,0,1.6282163738244333,1.4161442490605785,0.8,1.5936986213235973,1.5114764558183122
top20pct,8c13919bab91910252c5,A,30,1d,2h,0.15,capped_rank,2192,1.7062365215488424,0.18030761588256072,1.4573836195679741,2.1936482942224234,0.8989597670800109,-0.2005736212959046,97.52093988244388,0.06826465791771072,-0.0024427029517394144,1988,0,1.6282163738244333,1.4161442490605785,0.8,1.5936986213235973,1.5114764558183122
top20pct,5b45884ea4ac16053b84,A,30,1d,4h,0.15,capped_rank,2192,1.7062365215488424,0.18030761588256072,1.4573836195679741,2.1936482942224234,0.8989597670800109,-0.2005736212959046,97.52093988244388,0.06826465791771072,-0.0024427029517394144,1988,0,1.6282163738244333,1.4161442490605785,0.8,1.5936986213235973,1.5114764558183122
top20pct,98b48c821bd2b5c3afc8,A,30,6h,5m,0.1,capped_rank,2192,0.9671794994859699,0.11925569800058788,1.46013182581411,2.1904799066638745,0.8956613243015367,-0.13314820542640604,66.20836743917668,0.04634585720742368,-0.001469337878055893,1998,0,0.9284945560836504,1.4182715101133039,0.8,1.5905928569667551,1.450345029368231
top20pct,2f88e05db25b19e9d935,A,30,1d,5m,0.1,capped_rank,2192,0.9671794994859699,0.11925569800058788,1.46013182581411,2.1904799066638745,0.8956613243015367,-0.13314820542640604,66.20836743917668,0.04634585720742368,-0.001469337878055893,1998,0,0.9284945560836504,1.4182715101133039,0.8,1.5905928569667551,1.450345029368231
top20pct,f5d73ab890a561108048,A,30,12h,15m,0.1,capped_rank,2192,0.9671794994859699,0.11925569800058788,1.46013182581411,2.1904799066638745,0.8956613243015367,-0.13314820542640604,66.20836743917668,0.04634585720742368,-0.001469337878055893,1998,0,0.9284945560836504,1.4182715101133039,0.8,1.5905928569667551,1.450345029368231
top20pct,e35a7a23f690b1a943ec,A,30,1d,15m,0.1,capped_rank,2192,0.9671794994859699,0.11925569800058788,1.46013182581411,2.1904799066638745,0.8956613243015367,-0.13314820542640604,66.20836743917668,0.04634585720742368,-0.001469337878055893,1998,0,0.9284945560836504,1.4182715101133039,0.8,1.5905928569667551,1.450345029368231
top20pct,bb078bb3e28d5833b4e0,A,30,1d,30m,0.1,capped_rank,2192,0.9671794994859699,0.11925569800058788,1.46013182581411,2.1904799066638745,0.8956613243015367,-0.13314820542640604,66.20836743917668,0.04634585720742368,-0.001469337878055893,1998,0,0.9284945560836504,1.4182715101133039,0.8,1.5905928569667551,1.450345029368231
top20pct,8634697c9e5993df5c6d,A,30,1d,1h,0.1,capped_rank,2192,0.9671794994859699,0.11925569800058788,1.46013182581411,2.1904799066638745,0.8956613243015367,-0.13314820542640604,66.20836743917668,0.04634585720742368,-0.001469337878055893,1998,0,0.9284945560836504,1.4182715101133039,0.8,1.5905928569667551,1.450345029368231
top20pct,275eb79b899e827caa4e,A,30,1d,2h,0.1,capped_rank,2192,0.9671794994859699,0.11925569800058788,1.46013182581411,2.1904799066638745,0.8956613243015367,-0.13314820542640604,66.20836743917668,0.04634585720742368,-0.001469337878055893,1998,0,0.9284945560836504,1.4182715101133039,0.8,1.5905928569667551,1.450345029368231
top20pct,389df5871983733d482c,A,30,1d,4h,0.1,capped_rank,2192,0.9671794994859699,0.11925569800058788,1.46013182581411,2.1904799066638745,0.8956613243015367,-0.13314820542640604,66.20836743917668,0.04634585720742368,-0.001469337878055893,1998,0,0.9284945560836504,1.4182715101133039,0.8,1.5905928569667551,1.450345029368231
top20pct,8f54a9c4051ffbde6c0f,A,30,7d,1h,0.2,capped_rank,2192,2.2171656543169496,0.214791469076536,1.3573459840371933,2.061166835878321,1.2175941199931442,-0.17640646053526066,40.301628848742666,0.02821114019411986,-0.02247444434211398,291,0,2.1784991858074014,1.3440206673925514,0.8,1.5833588155657314,2.349510520243089
top20pct,bcc763020c76d2138f4a,A,30,7d,2h,0.2,capped_rank,2192,2.2171656543169496,0.214791469076536,1.3573459840371933,2.061166835878321,1.2175941199931442,-0.17640646053526066,40.301628848742666,0.02821114019411986,-0.02247444434211398,291,0,2.1784991858074014,1.3440206673925514,0.8,1.5833588155657314,2.349510520243089
top20pct,e9e9199a147402a37721,A,30,7d,4h,0.2,capped_rank,2192,2.2171656543169496,0.214791469076536,1.3573459840371933,2.061166835878321,1.2175941199931442,-0.17640646053526066,40.301628848742666,0.02821114019411986,-0.02247444434211398,291,0,2.1784991858074014,1.3440206673925514,0.8,1.5833588155657314,2.349510520243089
top20pct,42388ffbb3c588e8a645,A,30,7d,1d,0.2,capped_rank,2192,2.2171656543169496,0.214791469076536,1.3573459840371933,2.061166835878321,1.2175941199931442,-0.17640646053526066,40.301628848742666,0.02821114019411986,-0.02247444434211398,291,0,2.1784991858074014,1.3440206673925514,0.8,1.5833588155657314,2.349510520243089
top20pct,e9ff939b416ac7c7ec48,A,30,7d,1h,0.15,capped_rank,2192,1.4394767222003648,0.16008697548849415,1.3555602717563608,2.0529114991125237,1.1857609450879474,-0.1350077991281966,30.767094054623776,0.02153696583823664,-0.01669705124053239,293,0,1.4170606456595083,1.3420426637456704,0.8,1.577370421085339,2.30518945787112
top20pct,4f95be4368ccf9331893,A,30,7d,2h,0.15,capped_rank,2192,1.4394767222003648,0.16008697548849415,1.3555602717563608,2.0529114991125237,1.1857609450879474,-0.1350077991281966,30.767094054623776,0.02153696583823664,-0.01669705124053239,293,0,1.4170606456595083,1.3420426637456704,0.8,1.577370421085339,2.30518945787112
top20pct,8ea3a6049ccbb916bd81,A,30,7d,4h,0.15,capped_rank,2192,1.4394767222003648,0.16008697548849415,1.3555602717563608,2.0529114991125237,1.1857609450879474,-0.1350077991281966,30.767094054623776,0.02153696583823664,-0.01669705124053239,293,0,1.4170606456595083,1.3420426637456704,0.8,1.577370421085339,2.30518945787112
top20pct,3d6f2f215267dbb3365f,A,30,7d,1d,0.15,capped_rank,2192,1.4394767222003648,0.16008697548849415,1.3555602717563608,2.0529114991125237,1.1857609450879474,-0.1350077991281966,30.767094054623776,0.02153696583823664,-0.01669705124053239,293,0,1.4170606456595083,1.3420426637456704,0.8,1.577370421085339,2.30518945787112
top2,e413586ad4d998584f0c,A,14,6h,5m,0.2,capped_rank,2192,2.5739203756442266,0.2362511152171849,1.2624241081762482,2.022381791421263,1.0842959377519557,-0.21788434964258796,180.01450601196916,0.1260101542083784,-0.01870848360699224,1955,0,2.386103305955541,1.2126850117441075,0.8,1.567185038293168,1.8904758321490174
top2,a8992ac0ae8010b6e2d0,A,14,1d,5m,0.2,capped_rank,2192,2.5739203756442266,0.2362511152171849,1.2624241081762482,2.022381791421263,1.0842959377519557,-0.21788434964258796,180.01450601196916,0.1260101542083784,-0.01870848360699224,1955,0,2.386103305955541,1.2126850117441075,0.8,1.567185038293168,1.8904758321490174
top2,83ff2804f048d7ba42a8,A,14,12h,15m,0.2,capped_rank,2192,2.5739203756442266,0.2362511152171849,1.2624241081762482,2.022381791421263,1.0842959377519557,-0.21788434964258796,180.01450601196916,0.1260101542083784,-0.01870848360699224,1955,0,2.386103305955541,1.2126850117441075,0.8,1.567185038293168,1.8904758321490174
top2,47b3fb7dba6a173fd73d,A,14,1d,15m,0.2,capped_rank,2192,2.5739203756442266,0.2362511152171849,1.2624241081762482,2.022381791421263,1.0842959377519557,-0.21788434964258796,180.01450601196916,0.1260101542083784,-0.01870848360699224,1955,0,2.386103305955541,1.2126850117441075,0.8,1.567185038293168,1.8904758321490174
top2,edcbd5f61925e0550d0a,A,14,1d,30m,0.2,capped_rank,2192,2.5739203756442266,0.2362511152171849,1.2624241081762482,2.022381791421263,1.0842959377519557,-0.21788434964258796,180.01450601196916,0.1260101542083784,-0.01870848360699224,1955,0,2.386103305955541,1.2126850117441075,0.8,1.567185038293168,1.8904758321490174
top2,c477207d08c13a2fc906,A,14,1d,1h,0.2,capped_rank,2192,2.5739203756442266,0.2362511152171849,1.2624241081762482,2.022381791421263,1.0842959377519557,-0.21788434964258796,180.01450601196916,0.1260101542083784,-0.01870848360699224,1955,0,2.386103305955541,1.2126850117441075,0.8,1.567185038293168,1.8904758321490174
top2,205c9fc80d6cc1af9d62,A,14,1d,2h,0.2,capped_rank,2192,2.5739203756442266,0.2362511152171849,1.2624241081762482,2.022381791421263,1.0842959377519557,-0.21788434964258796,180.01450601196916,0.1260101542083784,-0.01870848360699224,1955,0,2.386103305955541,1.2126850117441075,0.8,1.567185038293168,1.8904758321490174
top2,09df316060ea02772e45,A,14,1d,4h,0.2,capped_rank,2192,2.5739203756442266,0.2362511152171849,1.2624241081762482,2.022381791421263,1.0842959377519557,-0.21788434964258796,180.01450601196916,0.1260101542083784,-0.01870848360699224,1955,0,2.386103305955541,1.2126850117441075,0.8,1.567185038293168,1.8904758321490174
top20pct,608b33315a222206e62d,A,30,6h,5m,0.2,capped_rank,2192,2.6996374760025232,0.24338835630768751,1.463604263368925,2.209991891542099,0.9497031199651943,-0.2562783581427083,127.76385896754326,0.08943470127728027,-0.004564015887214716,1970,0,2.5605333431259236,1.4228793972365104,0.8,1.5623312903122974,1.5168707256997696
top20pct,a3cf06e4d582f74e845e,A,30,1d,5m,0.2,capped_rank,2192,2.6996374760025232,0.24338835630768751,1.463604263368925,2.209991891542099,0.9497031199651943,-0.2562783581427083,127.76385896754326,0.08943470127728027,-0.004564015887214716,1970,0,2.5605333431259236,1.4228793972365104,0.8,1.5623312903122974,1.5168707256997696
top20pct,4317f385ebe166179035,A,30,12h,15m,0.2,capped_rank,2192,2.6996374760025232,0.24338835630768751,1.463604263368925,2.209991891542099,0.9497031199651943,-0.2562783581427083,127.76385896754326,0.08943470127728027,-0.004564015887214716,1970,0,2.5605333431259236,1.4228793972365104,0.8,1.5623312903122974,1.5168707256997696
top20pct,9d08e29f92949258e21e,A,30,1d,15m,0.2,capped_rank,2192,2.6996374760025232,0.24338835630768751,1.463604263368925,2.209991891542099,0.9497031199651943,-0.2562783581427083,127.76385896754326,0.08943470127728027,-0.004564015887214716,1970,0,2.5605333431259236,1.4228793972365104,0.8,1.5623312903122974,1.5168707256997696
top20pct,c37753741487a770a36a,A,30,1d,30m,0.2,capped_rank,2192,2.6996374760025232,0.24338835630768751,1.463604263368925,2.209991891542099,0.9497031199651943,-0.2562783581427083,127.76385896754326,0.08943470127728027,-0.004564015887214716,1970,0,2.5605333431259236,1.4228793972365104,0.8,1.5623312903122974,1.5168707256997696
top20pct,31393bdeac4cde8d11cc,A,30,1d,1h,0.2,capped_rank,2192,2.6996374760025232,0.24338835630768751,1.463604263368925,2.209991891542099,0.9497031199651943,-0.2562783581427083,127.76385896754326,0.08943470127728027,-0.004564015887214716,1970,0,2.5605333431259236,1.4228793972365104,0.8,1.5623312903122974,1.5168707256997696
top20pct,1929f51af27c89339777,A,30,1d,2h,0.2,capped_rank,2192,2.6996374760025232,0.24338835630768751,1.463604263368925,2.209991891542099,0.9497031199651943,-0.2562783581427083,127.76385896754326,0.08943470127728027,-0.004564015887214716,1970,0,2.5605333431259236,1.4228793972365104,0.8,1.5623312903122974,1.5168707256997696
top20pct,2d66c6641e5d0ff2a23c,A,30,1d,4h,0.2,capped_rank,2192,2.6996374760025232,0.24338835630768751,1.463604263368925,2.209991891542099,0.9497031199651943,-0.2562783581427083,127.76385896754326,0.08943470127728027,-0.004564015887214716,1970,0,2.5605333431259236,1.4228793972365104,0.8,1.5623312903122974,1.5168707256997696
top2,b45754bcb58d99e3222e,A,14,6h,5m,0.1,capped_rank,2192,0.9179625208615472,0.11454346151882522,1.2200027735853085,1.9099298970742264,1.0095021495339935,-0.11346529729699018,94.95669872490862,0.06646968910743603,-0.008392609424501166,1986,0,0.864105288045528,1.1685920355318582,0.8,1.552181733467991,1.7829074694896097
top2,c5f43881ab5cedf999ab,A,14,1d,5m,0.1,capped_rank,2192,0.9179625208615472,0.11454346151882522,1.2200027735853085,1.9099298970742264,1.0095021495339935,-0.11346529729699018,94.95669872490862,0.06646968910743603,-0.008392609424501166,1986,0,0.864105288045528,1.1685920355318582,0.8,1.552181733467991,1.7829074694896097
top2,10ba4601f186b333f55d,A,14,12h,15m,0.1,capped_rank,2192,0.9179625208615472,0.11454346151882522,1.2200027735853085,1.9099298970742264,1.0095021495339935,-0.11346529729699018,94.95669872490862,0.06646968910743603,-0.008392609424501166,1986,0,0.864105288045528,1.1685920355318582,0.8,1.552181733467991,1.7829074694896097
top2,d19b3edc13cc01a83df1,A,14,1d,15m,0.1,capped_rank,2192,0.9179625208615472,0.11454346151882522,1.2200027735853085,1.9099298970742264,1.0095021495339935,-0.11346529729699018,94.95669872490862,0.06646968910743603,-0.008392609424501166,1986,0,0.864105288045528,1.1685920355318582,0.8,1.552181733467991,1.7829074694896097
top2,bfbc158676d245607b7a,A,14,1d,30m,0.1,capped_rank,2192,0.9179625208615472,0.11454346151882522,1.2200027735853085,1.9099298970742264,1.0095021495339935,-0.11346529729699018,94.95669872490862,0.06646968910743603,-0.008392609424501166,1986,0,0.864105288045528,1.1685920355318582,0.8,1.552181733467991,1.7829074694896097
top2,6fdf8365c4f5e89fd268,A,14,1d,1h,0.1,capped_rank,2192,0.9179625208615472,0.11454346151882522,1.2200027735853085,1.9099298970742264,1.0095021495339935,-0.11346529729699018,94.95669872490862,0.06646968910743603,-0.008392609424501166,1986,0,0.864105288045528,1.1685920355318582,0.8,1.552181733467991,1.7829074694896097
top2,7a404cb4b4d9cc8b7f66,A,14,1d,2h,0.1,capped_rank,2192,0.9179625208615472,0.11454346151882522,1.2200027735853085,1.9099298970742264,1.0095021495339935,-0.11346529729699018,94.95669872490862,0.06646968910743603,-0.008392609424501166,1986,0,0.864105288045528,1.1685920355318582,0.8,1.552181733467991,1.7829074694896097
top2,8d98c52ca9b67f03574a,A,14,1d,4h,0.1,capped_rank,2192,0.9179625208615472,0.11454346151882522,1.2200027735853085,1.9099298970742264,1.0095021495339935,-0.11346529729699018,94.95669872490862,0.06646968910743603,-0.008392609424501166,1986,0,0.864105288045528,1.1685920355318582,0.8,1.552181733467991,1.7829074694896097
top2,f496b0cb41afcfa92e5b,A,14,6h,5m,0.15,capped_rank,2192,1.621033551033726,0.17403702622156314,1.2379760417628167,1.961096421442295,1.0048002787110388,-0.17320559110992528,139.2904958099064,0.09750334706693448,-0.012971915992158255,1974,0,1.5137956814350169,1.1872177563380577,0.8,1.5507576183756664,1.8399784290176475
top2,9248880c390f94ff165a,A,14,1d,5m,0.15,capped_rank,2192,1.621033551033726,0.17403702622156314,1.2379760417628167,1.961096421442295,1.0048002787110388,-0.17320559110992528,139.2904958099064,0.09750334706693448,-0.012971915992158255,1974,0,1.5137956814350169,1.1872177563380577,0.8,1.5507576183756664,1.8399784290176475
top2,3b4327b5b7cc84b78bcc,A,14,12h,15m,0.15,capped_rank,2192,1.621033551033726,0.17403702622156314,1.2379760417628167,1.961096421442295,1.0048002787110388,-0.17320559110992528,139.2904958099064,0.09750334706693448,-0.012971915992158255,1974,0,1.5137956814350169,1.1872177563380577,0.8,1.5507576183756664,1.8399784290176475
top2,10cb47353bd96508a3cd,A,14,1d,15m,0.15,capped_rank,2192,1.621033551033726,0.17403702622156314,1.2379760417628167,1.961096421442295,1.0048002787110388,-0.17320559110992528,139.2904958099064,0.09750334706693448,-0.012971915992158255,1974,0,1.5137956814350169,1.1872177563380577,0.8,1.5507576183756664,1.8399784290176475
top2,af140af514120139afd8,A,14,1d,30m,0.15,capped_rank,2192,1.621033551033726,0.17403702622156314,1.2379760417628167,1.961096421442295,1.0048002787110388,-0.17320559110992528,139.2904958099064,0.09750334706693448,-0.012971915992158255,1974,0,1.5137956814350169,1.1872177563380577,0.8,1.5507576183756664,1.8399784290176475
top2,ecdbc490a869612a233a,A,14,1d,1h,0.15,capped_rank,2192,1.621033551033726,0.17403702622156314,1.2379760417628167,1.961096421442295,1.0048002787110388,-0.17320559110992528,139.2904958099064,0.09750334706693448,-0.012971915992158255,1974,0,1.5137956814350169,1.1872177563380577,0.8,1.5507576183756664,1.8399784290176475
top2,4a5fc396931e8c65c7d8,A,14,1d,2h,0.15,capped_rank,2192,1.621033551033726,0.17403702622156314,1.2379760417628167,1.961096421442295,1.0048002787110388,-0.17320559110992528,139.2904958099064,0.09750334706693448,-0.012971915992158255,1974,0,1.5137956814350169,1.1872177563380577,0.8,1.5507576183756664,1.8399784290176475
top2,0e7a4f96bfadfd6f0d73,A,14,1d,4h,0.15,capped_rank,2192,1.621033551033726,0.17403702622156314,1.2379760417628167,1.961096421442295,1.0048002787110388,-0.17320559110992528,139.2904958099064,0.09750334706693448,-0.012971915992158255,1974,0,1.5137956814350169,1.1872177563380577,0.8,1.5507576183756664,1.8399784290176475
top4,502026d1cce6d5d5a951,A,30,7d,1h,0.15,inverse_vol,2192,0.9981952240919303,0.12217503307834598,1.5070153209433275,2.292028675245036,1.2038988550485186,-0.10148280527554965,19.87067383678235,0.013909471685747644,-0.03705440009523811,293,0,0.9863206032776879,1.4943371177351326,0.8,1.5284284406334052,1.7878567714700397
top4,ab3771d07a6b732a5b9b,A,30,7d,2h,0.15,inverse_vol,2192,0.9981952240919303,0.12217503307834598,1.5070153209433275,2.292028675245036,1.2038988550485186,-0.10148280527554965,19.87067383678235,0.013909471685747644,-0.03705440009523811,293,0,0.9863206032776879,1.4943371177351326,0.8,1.5284284406334052,1.7878567714700397
top4,12bc0a8364d59bd2d8a4,A,30,7d,4h,0.15,inverse_vol,2192,0.9981952240919303,0.12217503307834598,1.5070153209433275,2.292028675245036,1.2038988550485186,-0.10148280527554965,19.87067383678235,0.013909471685747644,-0.03705440009523811,293,0,0.9863206032776879,1.4943371177351326,0.8,1.5284284406334052,1.7878567714700397
top4,b98dc3186d25c6533220,A,30,7d,1d,0.15,inverse_vol,2192,0.9981952240919303,0.12217503307834598,1.5070153209433275,2.292028675245036,1.2038988550485186,-0.10148280527554965,19.87067383678235,0.013909471685747644,-0.03705440009523811,293,0,0.9863206032776879,1.4943371177351326,0.8,1.5284284406334052,1.7878567714700397
top4,49df3cbdfe9ec1bdddc9,A,30,7d,1h,0.2,inverse_vol,2192,1.4961381648456022,0.16453092181689266,1.5070153209433272,2.2920286752450356,1.2228311103823317,-0.13454917888493223,26.49423178237647,0.018545962247663528,-0.04940586679365083,293,0,1.47638016894193,1.4943371177351323,0.8,1.5284284406334048,1.820726853380718
top4,c7ae28b00b21af2f6eaa,A,30,7d,2h,0.2,inverse_vol,2192,1.4961381648456022,0.16453092181689266,1.5070153209433272,2.2920286752450356,1.2228311103823317,-0.13454917888493223,26.49423178237647,0.018545962247663528,-0.04940586679365083,293,0,1.47638016894193,1.4943371177351323,0.8,1.5284284406334048,1.820726853380718
top4,8173edc486129bb036f7,A,30,7d,4h,0.2,inverse_vol,2192,1.4961381648456022,0.16453092181689266,1.5070153209433272,2.2920286752450356,1.2228311103823317,-0.13454917888493223,26.49423178237647,0.018545962247663528,-0.04940586679365083,293,0,1.47638016894193,1.4943371177351323,0.8,1.5284284406334048,1.820726853380718
top4,284b68a452f89006288d,A,30,7d,1d,0.2,inverse_vol,2192,1.4961381648456022,0.16453092181689266,1.5070153209433272,2.2920286752450356,1.2228311103823317,-0.13454917888493223,26.49423178237647,0.018545962247663528,-0.04940586679365083,293,0,1.47638016894193,1.4943371177351323,0.8,1.5284284406334048,1.820726853380718
top4,470e74bd0321a8523bb5,A,30,7d,1h,0.1,inverse_vol,2192,0.5930097217812604,0.08061830528580272,1.5070153209433272,2.2920286752450356,1.185483693790003,-0.06800456700341884,13.247115891188235,0.009272981123831764,-0.024702933396825416,293,0,0.5866920438671572,1.4943371177351323,0.8,1.5284284406334048,1.7551633411963832
top4,e648ddec2f63a91d7982,A,30,7d,2h,0.1,inverse_vol,2192,0.5930097217812604,0.08061830528580272,1.5070153209433272,2.2920286752450356,1.185483693790003,-0.06800456700341884,13.247115891188235,0.009272981123831764,-0.024702933396825416,293,0,0.5866920438671572,1.4943371177351323,0.8,1.5284284406334048,1.7551633411963832
top4,0270089dcb78f68100d0,A,30,7d,4h,0.1,inverse_vol,2192,0.5930097217812604,0.08061830528580272,1.5070153209433272,2.2920286752450356,1.185483693790003,-0.06800456700341884,13.247115891188235,0.009272981123831764,-0.024702933396825416,293,0,0.5866920438671572,1.4943371177351323,0.8,1.5284284406334048,1.7551633411963832
top4,b76dcb026f936d371648,A,30,7d,1d,0.1,inverse_vol,2192,0.5930097217812604,0.08061830528580272,1.5070153209433272,2.2920286752450356,1.185483693790003,-0.06800456700341884,13.247115891188235,0.009272981123831764,-0.024702933396825416,293,0,0.5866920438671572,1.4943371177351323,0.8,1.5284284406334048,1.7551633411963832
top20pct,83a624641a4ee84e1f33,A,60,7d,1h,0.1,capped_rank,2192,0.6824313365062196,0.09049045086819119,1.1181314189083669,1.5825978345720773,0.8881491332638362,-0.10188654976856215,16.29618620861905,0.011407330346033336,-0.02057094840997619,279,0,0.674224662434503,1.107943978969082,0.8,1.5244086032188857,2.165667785898759
top20pct,976c49042e82f766f454,A,60,7d,2h,0.1,capped_rank,2192,0.6824313365062196,0.09049045086819119,1.1181314189083669,1.5825978345720773,0.8881491332638362,-0.10188654976856215,16.29618620861905,0.011407330346033336,-0.02057094840997619,279,0,0.674224662434503,1.107943978969082,0.8,1.5244086032188857,2.165667785898759
top20pct,1b19b6ae087012489aab,A,60,7d,4h,0.1,capped_rank,2192,0.6824313365062196,0.09049045086819119,1.1181314189083669,1.5825978345720773,0.8881491332638362,-0.10188654976856215,16.29618620861905,0.011407330346033336,-0.02057094840997619,279,0,0.674224662434503,1.107943978969082,0.8,1.5244086032188857,2.165667785898759
top20pct,3dbb256a57c70cf0d42a,A,60,7d,1d,0.1,capped_rank,2192,0.6824313365062196,0.09049045086819119,1.1181314189083669,1.5825978345720773,0.8881491332638362,-0.10188654976856215,16.29618620861905,0.011407330346033336,-0.02057094840997619,279,0,0.674224662434503,1.107943978969082,0.8,1.5244086032188857,2.165667785898759
top2,9046ef9d20c2e3192a48,A,14,3d,30m,0.2,inverse_vol,2192,0.7796403516676813,0.10073803447741203,1.4089253784940596,2.44840292211448,1.1206891760411057,-0.08988936150278037,38.03097148754033,0.02662168004127823,-0.008727517673649206,678,0,0.7594565978011065,1.3817380935355983,0.8,1.5157996366835869,1.7938382029717512
top2,9a11ec9a715dc3b597f7,A,14,3d,1h,0.2,inverse_vol,2192,0.7796403516676813,0.10073803447741203,1.4089253784940596,2.44840292211448,1.1206891760411057,-0.08988936150278037,38.03097148754033,0.02662168004127823,-0.008727517673649206,678,0,0.7594565978011065,1.3817380935355983,0.8,1.5157996366835869,1.7938382029717512
top2,c925ed103b54ac4a35eb,A,14,3d,2h,0.2,inverse_vol,2192,0.7796403516676813,0.10073803447741203,1.4089253784940596,2.44840292211448,1.1206891760411057,-0.08988936150278037,38.03097148754033,0.02662168004127823,-0.008727517673649206,678,0,0.7594565978011065,1.3817380935355983,0.8,1.5157996366835869,1.7938382029717512
top2,3d1e009291f346bfd272,A,14,3d,4h,0.2,inverse_vol,2192,0.7796403516676813,0.10073803447741203,1.4089253784940596,2.44840292211448,1.1206891760411057,-0.08988936150278037,38.03097148754033,0.02662168004127823,-0.008727517673649206,678,0,0.7594565978011065,1.3817380935355983,0.8,1.5157996366835869,1.7938382029717512
top2,fd81d3c88c7f672d0ecd,A,14,3d,1d,0.2,inverse_vol,2192,0.7796403516676813,0.10073803447741203,1.4089253784940596,2.44840292211448,1.1206891760411057,-0.08988936150278037,38.03097148754033,0.02662168004127823,-0.008727517673649206,678,0,0.7594565978011065,1.3817380935355983,0.8,1.5157996366835869,1.7938382029717512
top2,150f5e0d195915f2edfc,A,14,3d,30m,0.1,inverse_vol,2192,0.33892683288453984,0.0498007173270838,1.4089253784940596,2.44840292211448,1.0903742899270328,-0.0456730480415275,19.015485743770164,0.013310840020639115,-0.004363758836824603,678,0,0.33131151021784944,1.3817380935355983,0.8,1.5157996366835869,1.7498632789821575
top2,c19d3035b6405c706aef,A,14,3d,1h,0.1,inverse_vol,2192,0.33892683288453984,0.0498007173270838,1.4089253784940596,2.44840292211448,1.0903742899270328,-0.0456730480415275,19.015485743770164,0.013310840020639115,-0.004363758836824603,678,0,0.33131151021784944,1.3817380935355983,0.8,1.5157996366835869,1.7498632789821575
top2,3e3fb1fe2401b608635e,A,14,3d,2h,0.1,inverse_vol,2192,0.33892683288453984,0.0498007173270838,1.4089253784940596,2.44840292211448,1.0903742899270328,-0.0456730480415275,19.015485743770164,0.013310840020639115,-0.004363758836824603,678,0,0.33131151021784944,1.3817380935355983,0.8,1.5157996366835869,1.7498632789821575
top2,75bcd11828868c741101,A,14,3d,4h,0.1,inverse_vol,2192,0.33892683288453984,0.0498007173270838,1.4089253784940596,2.44840292211448,1.0903742899270328,-0.0456730480415275,19.015485743770164,0.013310840020639115,-0.004363758836824603,678,0,0.33131151021784944,1.3817380935355983,0.8,1.5157996366835869,1.7498632789821575
top2,ce2b57502f883c5fb22f,A,14,3d,1d,0.1,inverse_vol,2192,0.33892683288453984,0.0498007173270838,1.4089253784940596,2.44840292211448,1.0903742899270328,-0.0456730480415275,19.015485743770164,0.013310840020639115,-0.004363758836824603,678,0,0.33131151021784944,1.3817380935355983,0.8,1.5157996366835869,1.7498632789821575
top2,ae8e4212f00630635beb,A,14,3d,30m,0.15,inverse_vol,2192,0.5450449940585649,0.07513117889718335,1.4089253784940599,2.44840292211448,1.1054762480713716,-0.06796272559293626,28.523228615655242,0.019966260030958673,-0.0065456382552369005,678,0,0.5318831331993892,1.3817380935355978,0.8,1.5157996366835857,1.7718074809253828
top2,c06bf26e50c282e34426,A,14,3d,1h,0.15,inverse_vol,2192,0.5450449940585649,0.07513117889718335,1.4089253784940599,2.44840292211448,1.1054762480713716,-0.06796272559293626,28.523228615655242,0.019966260030958673,-0.0065456382552369005,678,0,0.5318831331993892,1.3817380935355978,0.8,1.5157996366835857,1.7718074809253828
top2,f8c19bf0a4c9d5ad0911,A,14,3d,2h,0.15,inverse_vol,2192,0.5450449940585649,0.07513117889718335,1.4089253784940599,2.44840292211448,1.1054762480713716,-0.06796272559293626,28.523228615655242,0.019966260030958673,-0.0065456382552369005,678,0,0.5318831331993892,1.3817380935355978,0.8,1.5157996366835857,1.7718074809253828
top2,826e2887d9f4d9c6984b,A,14,3d,4h,0.15,inverse_vol,2192,0.5450449940585649,0.07513117889718335,1.4089253784940599,2.44840292211448,1.1054762480713716,-0.06796272559293626,28.523228615655242,0.019966260030958673,-0.0065456382552369005,678,0,0.5318831331993892,1.3817380935355978,0.8,1.5157996366835857,1.7718074809253828
top2,adf0639eb3f85e225693,A,14,3d,1d,0.15,inverse_vol,2192,0.5450449940585649,0.07513117889718335,1.4089253784940599,2.44840292211448,1.1054762480713716,-0.06796272559293626,28.523228615655242,0.019966260030958673,-0.0065456382552369005,678,0,0.5318831331993892,1.3817380935355978,0.8,1.5157996366835857,1.7718074809253828
top8,5435d21a9742c2cbb237,A,30,7d,1h,0.1,capped_rank,2192,0.7292105248144296,0.09548173920572856,1.2759931800525934,1.7820573442229253,1.025072333034717,-0.09314634307127945,20.145522126248952,0.014101865488374266,-0.022085135648827976,293,0,0.718790777552937,1.2622530022833276,0.8,1.4999828305323886,2.014274482384836
top8,315d89e740d19dd59cac,A,30,7d,2h,0.1,capped_rank,2192,0.7292105248144296,0.09548173920572856,1.2759931800525934,1.7820573442229253,1.025072333034717,-0.09314634307127945,20.145522126248952,0.014101865488374266,-0.022085135648827976,293,0,0.718790777552937,1.2622530022833276,0.8,1.4999828305323886,2.014274482384836
top8,5e899cdf4752f25e8c57,A,30,7d,4h,0.1,capped_rank,2192,0.7292105248144296,0.09548173920572856,1.2759931800525934,1.7820573442229253,1.025072333034717,-0.09314634307127945,20.145522126248952,0.014101865488374266,-0.022085135648827976,293,0,0.718790777552937,1.2622530022833276,0.8,1.4999828305323886,2.014274482384836
top8,9377099c874a14c5561d,A,30,7d,1d,0.1,capped_rank,2192,0.7292105248144296,0.09548173920572856,1.2759931800525934,1.7820573442229253,1.025072333034717,-0.09314634307127945,20.145522126248952,0.014101865488374266,-0.022085135648827976,293,0,0.718790777552937,1.2622530022833276,0.8,1.4999828305323886,2.014274482384836
top20pct,9f888acfe72548125b55,A,7,6h,5m,0.15,inverse_vol,2192,0.6495537661871629,0.08691277044518797,1.0773488541276632,1.6717751850684122,0.7260336202167599,-0.11970901625635444,114.49867224552747,0.08014907057186921,-0.03270973941002919,2015,0,0.5938579405427702,1.0060419314238511,0.6,1.492585172629709,1.629008433019099
top20pct,582e3f5b5ef128f46be2,A,7,1d,5m,0.15,inverse_vol,2192,0.6495537661871629,0.08691277044518797,1.0773488541276632,1.6717751850684122,0.7260336202167599,-0.11970901625635444,114.49867224552747,0.08014907057186921,-0.03270973941002919,2015,0,0.5938579405427702,1.0060419314238511,0.6,1.492585172629709,1.629008433019099
top20pct,ed166ec0d9ed81f525cb,A,7,12h,15m,0.15,inverse_vol,2192,0.6495537661871629,0.08691277044518797,1.0773488541276632,1.6717751850684122,0.7260336202167599,-0.11970901625635444,114.49867224552747,0.08014907057186921,-0.03270973941002919,2015,0,0.5938579405427702,1.0060419314238511,0.6,1.492585172629709,1.629008433019099
top20pct,725bc0d01bb8f985407f,A,7,1d,15m,0.15,inverse_vol,2192,0.6495537661871629,0.08691277044518797,1.0773488541276632,1.6717751850684122,0.7260336202167599,-0.11970901625635444,114.49867224552747,0.08014907057186921,-0.03270973941002919,2015,0,0.5938579405427702,1.0060419314238511,0.6,1.492585172629709,1.629008433019099
top20pct,801be8d1fc01188d03e0,A,7,1d,30m,0.15,inverse_vol,2192,0.6495537661871629,0.08691277044518797,1.0773488541276632,1.6717751850684122,0.7260336202167599,-0.11970901625635444,114.49867224552747,0.08014907057186921,-0.03270973941002919,2015,0,0.5938579405427702,1.0060419314238511,0.6,1.492585172629709,1.629008433019099
top20pct,c55f3044a773ebb480d4,A,7,1d,1h,0.15,inverse_vol,2192,0.6495537661871629,0.08691277044518797,1.0773488541276632,1.6717751850684122,0.7260336202167599,-0.11970901625635444,114.49867224552747,0.08014907057186921,-0.03270973941002919,2015,0,0.5938579405427702,1.0060419314238511,0.6,1.492585172629709,1.629008433019099
top20pct,ab96b059ec37f0e76482,A,7,1d,2h,0.15,inverse_vol,2192,0.6495537661871629,0.08691277044518797,1.0773488541276632,1.6717751850684122,0.7260336202167599,-0.11970901625635444,114.49867224552747,0.08014907057186921,-0.03270973941002919,2015,0,0.5938579405427702,1.0060419314238511,0.6,1.492585172629709,1.629008433019099
top20pct,b4fde88d26369a59de43,A,7,1d,4h,0.15,inverse_vol,2192,0.6495537661871629,0.08691277044518797,1.0773488541276632,1.6717751850684122,0.7260336202167599,-0.11970901625635444,114.49867224552747,0.08014907057186921,-0.03270973941002919,2015,0,0.5938579405427702,1.0060419314238511,0.6,1.492585172629709,1.629008433019099
top20pct,c8dbe7fea952c1679185,A,7,6h,5m,0.2,inverse_vol,2192,0.9324019520027045,0.11593630021415402,1.0773488541276632,1.671775185068412,0.7398479362292091,-0.1567028770872131,152.66489632736995,0.10686542742915897,-0.043612985880038924,2015,0,0.8459015802247694,1.0060419314238507,0.6,1.4925851726297077,1.6663949409889167
top20pct,a3a16a66dde3123940cb,A,7,1d,5m,0.2,inverse_vol,2192,0.9324019520027045,0.11593630021415402,1.0773488541276632,1.671775185068412,0.7398479362292091,-0.1567028770872131,152.66489632736995,0.10686542742915897,-0.043612985880038924,2015,0,0.8459015802247694,1.0060419314238507,0.6,1.4925851726297077,1.6663949409889167
top20pct,0482495b2d0e49f8f69d,A,7,12h,15m,0.2,inverse_vol,2192,0.9324019520027045,0.11593630021415402,1.0773488541276632,1.671775185068412,0.7398479362292091,-0.1567028770872131,152.66489632736995,0.10686542742915897,-0.043612985880038924,2015,0,0.8459015802247694,1.0060419314238507,0.6,1.4925851726297077,1.6663949409889167
top20pct,66ff39449af19edb1b51,A,7,1d,15m,0.2,inverse_vol,2192,0.9324019520027045,0.11593630021415402,1.0773488541276632,1.671775185068412,0.7398479362292091,-0.1567028770872131,152.66489632736995,0.10686542742915897,-0.043612985880038924,2015,0,0.8459015802247694,1.0060419314238507,0.6,1.4925851726297077,1.6663949409889167
top20pct,15437dc40d321be15cf3,A,7,1d,30m,0.2,inverse_vol,2192,0.9324019520027045,0.11593630021415402,1.0773488541276632,1.671775185068412,0.7398479362292091,-0.1567028770872131,152.66489632736995,0.10686542742915897,-0.043612985880038924,2015,0,0.8459015802247694,1.0060419314238507,0.6,1.4925851726297077,1.6663949409889167
top20pct,04d38dbd56f7d969b8d7,A,7,1d,1h,0.2,inverse_vol,2192,0.9324019520027045,0.11593630021415402,1.0773488541276632,1.671775185068412,0.7398479362292091,-0.1567028770872131,152.66489632736995,0.10686542742915897,-0.043612985880038924,2015,0,0.8459015802247694,1.0060419314238507,0.6,1.4925851726297077,1.6663949409889167
top20pct,063acf6b93fc97ad93ec,A,7,1d,2h,0.2,inverse_vol,2192,0.9324019520027045,0.11593630021415402,1.0773488541276632,1.671775185068412,0.7398479362292091,-0.1567028770872131,152.66489632736995,0.10686542742915897,-0.043612985880038924,2015,0,0.8459015802247694,1.0060419314238507,0.6,1.4925851726297077,1.6663949409889167
top20pct,b9cda666f0d278d3e58e,A,7,1d,4h,0.2,inverse_vol,2192,0.9324019520027045,0.11593630021415402,1.0773488541276632,1.671775185068412,0.7398479362292091,-0.1567028770872131,152.66489632736995,0.10686542742915897,-0.043612985880038924,2015,0,0.8459015802247694,1.0060419314238507,0.6,1.4925851726297077,1.6663949409889167
top20pct,b1d45bf61ca0b6fd5952,A,7,6h,5m,0.1,inverse_vol,2192,0.40209460095059013,0.057890131901217945,1.0773488541276632,1.671775185068412,0.7121309236002408,-0.08129141704526643,76.33244816368497,0.053432713714579486,-0.021806492940019462,2015,0,0.37035337804638546,1.0060419314238507,0.6,1.4925851726297077,1.5918690622855383
top20pct,f043d5c7f722ef861406,A,7,1d,5m,0.1,inverse_vol,2192,0.40209460095059013,0.057890131901217945,1.0773488541276632,1.671775185068412,0.7121309236002408,-0.08129141704526643,76.33244816368497,0.053432713714579486,-0.021806492940019462,2015,0,0.37035337804638546,1.0060419314238507,0.6,1.4925851726297077,1.5918690622855383
top20pct,0a9044ea057f2f5d4f69,A,7,12h,15m,0.1,inverse_vol,2192,0.40209460095059013,0.057890131901217945,1.0773488541276632,1.671775185068412,0.7121309236002408,-0.08129141704526643,76.33244816368497,0.053432713714579486,-0.021806492940019462,2015,0,0.37035337804638546,1.0060419314238507,0.6,1.4925851726297077,1.5918690622855383
top20pct,31cbedf0c13df992bd73,A,7,1d,15m,0.1,inverse_vol,2192,0.40209460095059013,0.057890131901217945,1.0773488541276632,1.671775185068412,0.7121309236002408,-0.08129141704526643,76.33244816368497,0.053432713714579486,-0.021806492940019462,2015,0,0.37035337804638546,1.0060419314238507,0.6,1.4925851726297077,1.5918690622855383
top20pct,33469c6eae6d00f5eabb,A,7,1d,30m,0.1,inverse_vol,2192,0.40209460095059013,0.057890131901217945,1.0773488541276632,1.671775185068412,0.7121309236002408,-0.08129141704526643,76.33244816368497,0.053432713714579486,-0.021806492940019462,2015,0,0.37035337804638546,1.0060419314238507,0.6,1.4925851726297077,1.5918690622855383
top20pct,bafc3fec4d3469e9793c,A,7,1d,1h,0.1,inverse_vol,2192,0.40209460095059013,0.057890131901217945,1.0773488541276632,1.671775185068412,0.7121309236002408,-0.08129141704526643,76.33244816368497,0.053432713714579486,-0.021806492940019462,2015,0,0.37035337804638546,1.0060419314238507,0.6,1.4925851726297077,1.5918690622855383
top20pct,dc298a0373795963eed9,A,7,1d,2h,0.1,inverse_vol,2192,0.40209460095059013,0.057890131901217945,1.0773488541276632,1.671775185068412,0.7121309236002408,-0.08129141704526643,76.33244816368497,0.053432713714579486,-0.021806492940019462,2015,0,0.37035337804638546,1.0060419314238507,0.6,1.4925851726297077,1.5918690622855383
top20pct,c2be980bb96463cf3fe0,A,7,1d,4h,0.1,inverse_vol,2192,0.40209460095059013,0.057890131901217945,1.0773488541276632,1.671775185068412,0.7121309236002408,-0.08129141704526643,76.33244816368497,0.053432713714579486,-0.021806492940019462,2015,0,0.37035337804638546,1.0060419314238507,0.6,1.4925851726297077,1.5918690622855383
top20pct,5460fb6d12810234bdb7,A,7,6h,5m,0.2,equal,2192,0.897882674437223,0.11259194391298522,1.0762644308756282,1.661416584995645,0.7053458883676335,-0.15962656870879943,145.35738486967193,0.10175016940877035,-0.04300909837879322,2015,0,0.8169024397484927,1.0064057344032844,0.6,1.4811716877427337,1.7918836388581831
top20pct,6fa05413d5d0c4a3b227,A,7,1d,5m,0.2,equal,2192,0.897882674437223,0.11259194391298522,1.0762644308756282,1.661416584995645,0.7053458883676335,-0.15962656870879943,145.35738486967193,0.10175016940877035,-0.04300909837879322,2015,0,0.8169024397484927,1.0064057344032844,0.6,1.4811716877427337,1.7918836388581831
top20pct,43e31892835a0ff23cb6,A,7,12h,15m,0.2,equal,2192,0.897882674437223,0.11259194391298522,1.0762644308756282,1.661416584995645,0.7053458883676335,-0.15962656870879943,145.35738486967193,0.10175016940877035,-0.04300909837879322,2015,0,0.8169024397484927,1.0064057344032844,0.6,1.4811716877427337,1.7918836388581831
top20pct,dc7d8bcfac2adbd6561e,A,7,1d,15m,0.2,equal,2192,0.897882674437223,0.11259194391298522,1.0762644308756282,1.661416584995645,0.7053458883676335,-0.15962656870879943,145.35738486967193,0.10175016940877035,-0.04300909837879322,2015,0,0.8169024397484927,1.0064057344032844,0.6,1.4811716877427337,1.7918836388581831
top20pct,b635a4aa23cc7358ecba,A,7,1d,30m,0.2,equal,2192,0.897882674437223,0.11259194391298522,1.0762644308756282,1.661416584995645,0.7053458883676335,-0.15962656870879943,145.35738486967193,0.10175016940877035,-0.04300909837879322,2015,0,0.8169024397484927,1.0064057344032844,0.6,1.4811716877427337,1.7918836388581831
top20pct,c1c0cc75232a3a230e18,A,7,1d,1h,0.2,equal,2192,0.897882674437223,0.11259194391298522,1.0762644308756282,1.661416584995645,0.7053458883676335,-0.15962656870879943,145.35738486967193,0.10175016940877035,-0.04300909837879322,2015,0,0.8169024397484927,1.0064057344032844,0.6,1.4811716877427337,1.7918836388581831
top20pct,90032ba00a7308d4f7f7,A,7,1d,2h,0.2,equal,2192,0.897882674437223,0.11259194391298522,1.0762644308756282,1.661416584995645,0.7053458883676335,-0.15962656870879943,145.35738486967193,0.10175016940877035,-0.04300909837879322,2015,0,0.8169024397484927,1.0064057344032844,0.6,1.4811716877427337,1.7918836388581831
top20pct,f6b561685a9c3ef7f89f,A,7,1d,4h,0.2,equal,2192,0.897882674437223,0.11259194391298522,1.0762644308756282,1.661416584995645,0.7053458883676335,-0.15962656870879943,145.35738486967193,0.10175016940877035,-0.04300909837879322,2015,0,0.8169024397484927,1.0064057344032844,0.6,1.4811716877427337,1.7918836388581831
top20pct,4d137e8b51967bd8d9d2,A,7,6h,5m,0.1,equal,2192,0.3888677184471441,0.05622178264441824,1.0762644308756282,1.661416584995645,0.67825203244024,-0.08289216980617287,72.67869243483597,0.050875084704385176,-0.02150454918939661,2015,0,0.35891391567197606,1.0064057344032844,0.6,1.4811716877427337,1.7112005966368131
top20pct,cc3830cf8211a8626f33,A,7,1d,5m,0.1,equal,2192,0.3888677184471441,0.05622178264441824,1.0762644308756282,1.661416584995645,0.67825203244024,-0.08289216980617287,72.67869243483597,0.050875084704385176,-0.02150454918939661,2015,0,0.35891391567197606,1.0064057344032844,0.6,1.4811716877427337,1.7112005966368131
top20pct,9cec2e5200c3f41b6a25,A,7,12h,15m,0.1,equal,2192,0.3888677184471441,0.05622178264441824,1.0762644308756282,1.661416584995645,0.67825203244024,-0.08289216980617287,72.67869243483597,0.050875084704385176,-0.02150454918939661,2015,0,0.35891391567197606,1.0064057344032844,0.6,1.4811716877427337,1.7112005966368131
top20pct,df6629de4755dae342e3,A,7,1d,15m,0.1,equal,2192,0.3888677184471441,0.05622178264441824,1.0762644308756282,1.661416584995645,0.67825203244024,-0.08289216980617287,72.67869243483597,0.050875084704385176,-0.02150454918939661,2015,0,0.35891391567197606,1.0064057344032844,0.6,1.4811716877427337,1.7112005966368131
top20pct,dad347a99c953f70fb1c,A,7,1d,30m,0.1,equal,2192,0.3888677184471441,0.05622178264441824,1.0762644308756282,1.661416584995645,0.67825203244024,-0.08289216980617287,72.67869243483597,0.050875084704385176,-0.02150454918939661,2015,0,0.35891391567197606,1.0064057344032844,0.6,1.4811716877427337,1.7112005966368131
top20pct,b538ba07a46ee4623291,A,7,1d,1h,0.1,equal,2192,0.3888677184471441,0.05622178264441824,1.0762644308756282,1.661416584995645,0.67825203244024,-0.08289216980617287,72.67869243483597,0.050875084704385176,-0.02150454918939661,2015,0,0.35891391567197606,1.0064057344032844,0.6,1.4811716877427337,1.7112005966368131
top20pct,ecba1a11cee914b407cd,A,7,1d,2h,0.1,equal,2192,0.3888677184471441,0.05622178264441824,1.0762644308756282,1.661416584995645,0.67825203244024,-0.08289216980617287,72.67869243483597,0.050875084704385176,-0.02150454918939661,2015,0,0.35891391567197606,1.0064057344032844,0.6,1.4811716877427337,1.7112005966368131
top20pct,f9f32802cbd3453f7f0f,A,7,1d,4h,0.1,equal,2192,0.3888677184471441,0.05622178264441824,1.0762644308756282,1.661416584995645,0.67825203244024,-0.08289216980617287,72.67869243483597,0.050875084704385176,-0.02150454918939661,2015,0,0.35891391567197606,1.0064057344032844,0.6,1.4811716877427337,1.7112005966368131
top20pct,a483651e0eb3cd1dbf39,A,7,6h,5m,0.15,equal,2192,0.6268366802864649,0.08440585544794055,1.0762644308756282,1.661416584995645,0.6918294606076275,-0.12200384669049458,109.01803865225394,0.07631262705657776,-0.03225682378409491,2015,0,0.5744926233763432,1.0064057344032846,0.6,1.4811716877427328,1.7513800779761137
top20pct,2161b512d31773ebb16a,A,7,1d,5m,0.15,equal,2192,0.6268366802864649,0.08440585544794055,1.0762644308756282,1.661416584995645,0.6918294606076275,-0.12200384669049458,109.01803865225394,0.07631262705657776,-0.03225682378409491,2015,0,0.5744926233763432,1.0064057344032846,0.6,1.4811716877427328,1.7513800779761137
top20pct,f14b119d6cc6d7e3405a,A,7,12h,15m,0.15,equal,2192,0.6268366802864649,0.08440585544794055,1.0762644308756282,1.661416584995645,0.6918294606076275,-0.12200384669049458,109.01803865225394,0.07631262705657776,-0.03225682378409491,2015,0,0.5744926233763432,1.0064057344032846,0.6,1.4811716877427328,1.7513800779761137
top20pct,ec252f10105a8d63224f,A,7,1d,15m,0.15,equal,2192,0.6268366802864649,0.08440585544794055,1.0762644308756282,1.661416584995645,0.6918294606076275,-0.12200384669049458,109.01803865225394,0.07631262705657776,-0.03225682378409491,2015,0,0.5744926233763432,1.0064057344032846,0.6,1.4811716877427328,1.7513800779761137
top20pct,78ac26d3695c55e050ba,A,7,1d,30m,0.15,equal,2192,0.6268366802864649,0.08440585544794055,1.0762644308756282,1.661416584995645,0.6918294606076275,-0.12200384669049458,109.01803865225394,0.07631262705657776,-0.03225682378409491,2015,0,0.5744926233763432,1.0064057344032846,0.6,1.4811716877427328,1.7513800779761137
top20pct,94fda336860734efdd77,A,7,1d,1h,0.15,equal,2192,0.6268366802864649,0.08440585544794055,1.0762644308756282,1.661416584995645,0.6918294606076275,-0.12200384669049458,109.01803865225394,0.07631262705657776,-0.03225682378409491,2015,0,0.5744926233763432,1.0064057344032846,0.6,1.4811716877427328,1.7513800779761137
top20pct,2ec2a1ac74296d37b821,A,7,1d,2h,0.15,equal,2192,0.6268366802864649,0.08440585544794055,1.0762644308756282,1.661416584995645,0.6918294606076275,-0.12200384669049458,109.01803865225394,0.07631262705657776,-0.03225682378409491,2015,0,0.5744926233763432,1.0064057344032846,0.6,1.4811716877427328,1.7513800779761137
top20pct,5d617f068b8d352ef13a,A,7,1d,4h,0.15,equal,2192,0.6268366802864649,0.08440585544794055,1.0762644308756282,1.661416584995645,0.6918294606076275,-0.12200384669049458,109.01803865225394,0.07631262705657776,-0.03225682378409491,2015,0,0.5744926233763432,1.0064057344032846,0.6,1.4811716877427328,1.7513800779761137
top2,9c8f295482dfd25792dc,A,90,3d,30m,0.15,inverse_vol,2192,0.47904985179932646,0.06734450791952273,1.3374786167688024,2.0597762982490218,0.9328849249254281,-0.07218951246843874,11.979009603346508,0.008385306722342556,-0.017862440542911154,648,0,0.4737476138110386,1.3255841721856356,0.8,1.476032993778109,2.5968753766593866
top2,33d76343589fc7f013d8,A,90,3d,1h,0.15,inverse_vol,2192,0.47904985179932646,0.06734450791952273,1.3374786167688024,2.0597762982490218,0.9328849249254281,-0.07218951246843874,11.979009603346508,0.008385306722342556,-0.017862440542911154,648,0,0.4737476138110386,1.3255841721856356,0.8,1.476032993778109,2.5968753766593866
top2,cd94c7c5e6541837d068,A,90,3d,2h,0.15,inverse_vol,2192,0.47904985179932646,0.06734450791952273,1.3374786167688024,2.0597762982490218,0.9328849249254281,-0.07218951246843874,11.979009603346508,0.008385306722342556,-0.017862440542911154,648,0,0.4737476138110386,1.3255841721856356,0.8,1.476032993778109,2.5968753766593866
top2,4617242a9969202a8cd6,A,90,3d,4h,0.15,inverse_vol,2192,0.47904985179932646,0.06734450791952273,1.3374786167688024,2.0597762982490218,0.9328849249254281,-0.07218951246843874,11.979009603346508,0.008385306722342556,-0.017862440542911154,648,0,0.4737476138110386,1.3255841721856356,0.8,1.476032993778109,2.5968753766593866
top2,6be2c80a0c1232c89a9e,A,90,3d,1d,0.15,inverse_vol,2192,0.47904985179932646,0.06734450791952273,1.3374786167688024,2.0597762982490218,0.9328849249254281,-0.07218951246843874,11.979009603346508,0.008385306722342556,-0.017862440542911154,648,0,0.4737476138110386,1.3255841721856356,0.8,1.476032993778109,2.5968753766593866
top2,32f6f7316ab8b92b73f5,A,90,3d,30m,0.2,inverse_vol,2192,0.6796320186878584,0.09018811450651842,1.3374786167688026,2.0597762982490218,0.9405332662830143,-0.09589040360362977,15.972012804462011,0.011180408963123407,-0.02381658739054821,648,0,0.6716101335471862,1.325584172185636,0.8,1.4760329937781087,2.618752051892451
top2,286440412a0a0a44ee47,A,90,3d,1h,0.2,inverse_vol,2192,0.6796320186878584,0.09018811450651842,1.3374786167688026,2.0597762982490218,0.9405332662830143,-0.09589040360362977,15.972012804462011,0.011180408963123407,-0.02381658739054821,648,0,0.6716101335471862,1.325584172185636,0.8,1.4760329937781087,2.618752051892451
top2,343e6cc2cb244c950292,A,90,3d,2h,0.2,inverse_vol,2192,0.6796320186878584,0.09018811450651842,1.3374786167688026,2.0597762982490218,0.9405332662830143,-0.09589040360362977,15.972012804462011,0.011180408963123407,-0.02381658739054821,648,0,0.6716101335471862,1.325584172185636,0.8,1.4760329937781087,2.618752051892451
top2,09a12fedcf07b7b590c1,A,90,3d,4h,0.2,inverse_vol,2192,0.6796320186878584,0.09018811450651842,1.3374786167688026,2.0597762982490218,0.9405332662830143,-0.09589040360362977,15.972012804462011,0.011180408963123407,-0.02381658739054821,648,0,0.6716101335471862,1.325584172185636,0.8,1.4760329937781087,2.618752051892451
top2,7498b58ddd4ea1a20738,A,90,3d,1d,0.2,inverse_vol,2192,0.6796320186878584,0.09018811450651842,1.3374786167688026,2.0597762982490218,0.9405332662830143,-0.09589040360362977,15.972012804462011,0.011180408963123407,-0.02381658739054821,648,0,0.6716101335471862,1.325584172185636,0.8,1.4760329937781087,2.618752051892451
top2,66fc8fc92b057c3536ce,A,90,3d,30m,0.1,inverse_vol,2192,0.3002820344358714,0.044693563267451664,1.3374786167688026,2.0597762982490218,0.9254089704390971,-0.04829601256863225,7.9860064022310056,0.005590204481561703,-0.011908293695274104,648,0,0.29717191724229464,1.325584172185636,0.8,1.4760329937781087,2.57503598567337
top2,f489cdebc2b8424cac15,A,90,3d,1h,0.1,inverse_vol,2192,0.3002820344358714,0.044693563267451664,1.3374786167688026,2.0597762982490218,0.9254089704390971,-0.04829601256863225,7.9860064022310056,0.005590204481561703,-0.011908293695274104,648,0,0.29717191724229464,1.325584172185636,0.8,1.4760329937781087,2.57503598567337
top2,8702e9266ce35e7e00d6,A,90,3d,2h,0.1,inverse_vol,2192,0.3002820344358714,0.044693563267451664,1.3374786167688026,2.0597762982490218,0.9254089704390971,-0.04829601256863225,7.9860064022310056,0.005590204481561703,-0.011908293695274104,648,0,0.29717191724229464,1.325584172185636,0.8,1.4760329937781087,2.57503598567337
top2,f1942de2532e5845b278,A,90,3d,4h,0.1,inverse_vol,2192,0.3002820344358714,0.044693563267451664,1.3374786167688026,2.0597762982490218,0.9254089704390971,-0.04829601256863225,7.9860064022310056,0.005590204481561703,-0.011908293695274104,648,0,0.29717191724229464,1.325584172185636,0.8,1.4760329937781087,2.57503598567337
top2,cbc8f535da722dc6d6f5,A,90,3d,1d,0.1,inverse_vol,2192,0.3002820344358714,0.044693563267451664,1.3374786167688026,2.0597762982490218,0.9254089704390971,-0.04829601256863225,7.9860064022310056,0.005590204481561703,-0.011908293695274104,648,0,0.29717191724229464,1.325584172185636,0.8,1.4760329937781087,2.57503598567337
top2,9ee5b756994296766e91,A,90,3d,30m,0.2,equal,2192,0.6432344618997685,0.08621831526013368,1.3451573146178308,2.0838344432002893,0.9512651887026079,-0.09063541511250228,15.160524940038933,0.010612367458027253,-0.02170756011216954,648,0,0.6357839649547641,1.333286911216995,0.8,1.4613463273258607,2.4831493880269546
top2,40e951f99da9370576b8,A,90,3d,1h,0.2,equal,2192,0.6432344618997685,0.08621831526013368,1.3451573146178308,2.0838344432002893,0.9512651887026079,-0.09063541511250228,15.160524940038933,0.010612367458027253,-0.02170756011216954,648,0,0.6357839649547641,1.333286911216995,0.8,1.4613463273258607,2.4831493880269546
top2,852f72617b3e3fa658d5,A,90,3d,2h,0.2,equal,2192,0.6432344618997685,0.08621831526013368,1.3451573146178308,2.0838344432002893,0.9512651887026079,-0.09063541511250228,15.160524940038933,0.010612367458027253,-0.02170756011216954,648,0,0.6357839649547641,1.333286911216995,0.8,1.4613463273258607,2.4831493880269546
top2,120fcef93076385d3277,A,90,3d,4h,0.2,equal,2192,0.6432344618997685,0.08621831526013368,1.3451573146178308,2.0838344432002893,0.9512651887026079,-0.09063541511250228,15.160524940038933,0.010612367458027253,-0.02170756011216954,648,0,0.6357839649547641,1.333286911216995,0.8,1.4613463273258607,2.4831493880269546
top2,4535ea51af428caf44a7,A,90,3d,1d,0.2,equal,2192,0.6432344618997685,0.08621831526013368,1.3451573146178308,2.0838344432002893,0.9512651887026079,-0.09063541511250228,15.160524940038933,0.010612367458027253,-0.02170756011216954,648,0,0.6357839649547641,1.333286911216995,0.8,1.4613463273258607,2.4831493880269546
top2,af09086c47c6010878bc,A,90,3d,30m,0.1,equal,2192,0.285710985329229,0.0427350258001431,1.3451573146178308,2.0838344432002893,0.9363902357892607,-0.04563805149476252,7.580262470019466,0.005306183729013626,-0.01085378005608477,648,0,0.2827917320893152,1.333286911216995,0.8,1.4613463273258607,2.4451783770136375
top2,02ea51aa9194795391f9,A,90,3d,1h,0.1,equal,2192,0.285710985329229,0.0427350258001431,1.3451573146178308,2.0838344432002893,0.9363902357892607,-0.04563805149476252,7.580262470019466,0.005306183729013626,-0.01085378005608477,648,0,0.2827917320893152,1.333286911216995,0.8,1.4613463273258607,2.4451783770136375
top2,80622a3c1a63210ace50,A,90,3d,2h,0.1,equal,2192,0.285710985329229,0.0427350258001431,1.3451573146178308,2.0838344432002893,0.9363902357892607,-0.04563805149476252,7.580262470019466,0.005306183729013626,-0.01085378005608477,648,0,0.2827917320893152,1.333286911216995,0.8,1.4613463273258607,2.4451783770136375
top2,2ad7638bc33a9b43dd27,A,90,3d,4h,0.1,equal,2192,0.285710985329229,0.0427350258001431,1.3451573146178308,2.0838344432002893,0.9363902357892607,-0.04563805149476252,7.580262470019466,0.005306183729013626,-0.01085378005608477,648,0,0.2827917320893152,1.333286911216995,0.8,1.4613463273258607,2.4451783770136375
top2,2ca11b6269843ab2649b,A,90,3d,1d,0.1,equal,2192,0.285710985329229,0.0427350258001431,1.3451573146178308,2.0838344432002893,0.9363902357892607,-0.04563805149476252,7.580262470019466,0.005306183729013626,-0.01085378005608477,648,0,0.2827917320893152,1.333286911216995,0.8,1.4613463273258607,2.4451783770136375
top2,8947664ddd9bd8f7694a,A,90,3d,30m,0.15,equal,2192,0.4546021452383604,0.06438633206692268,1.3451573146178308,2.083834443200289,0.9438105444902826,-0.0682195515220646,11.3703937050292,0.00795927559352044,-0.016280670084127154,648,0,0.44965189672275985,1.3332869112169952,0.8,1.4613463273258605,2.4641537036863586
top2,e77d8b63d835b4375dbe,A,90,3d,1h,0.15,equal,2192,0.4546021452383604,0.06438633206692268,1.3451573146178308,2.083834443200289,0.9438105444902826,-0.0682195515220646,11.3703937050292,0.00795927559352044,-0.016280670084127154,648,0,0.44965189672275985,1.3332869112169952,0.8,1.4613463273258605,2.4641537036863586
top2,a90b28f614de601911f9,A,90,3d,2h,0.15,equal,2192,0.4546021452383604,0.06438633206692268,1.3451573146178308,2.083834443200289,0.9438105444902826,-0.0682195515220646,11.3703937050292,0.00795927559352044,-0.016280670084127154,648,0,0.44965189672275985,1.3332869112169952,0.8,1.4613463273258605,2.4641537036863586
top2,ae1d8c1d1f01b735a0ef,A,90,3d,4h,0.15,equal,2192,0.4546021452383604,0.06438633206692268,1.3451573146178308,2.083834443200289,0.9438105444902826,-0.0682195515220646,11.3703937050292,0.00795927559352044,-0.016280670084127154,648,0,0.44965189672275985,1.3332869112169952,0.8,1.4613463273258605,2.4641537036863586
top2,520ec369157fd7cfb367,A,90,3d,1d,0.15,equal,2192,0.4546021452383604,0.06438633206692268,1.3451573146178308,2.083834443200289,0.9438105444902826,-0.0682195515220646,11.3703937050292,0.00795927559352044,-0.016280670084127154,648,0,0.44965189672275985,1.3332869112169952,0.8,1.4613463273258605,2.4641537036863586
top8,563751f75c5a001b6a9f,A,30,7d,1h,0.2,capped_rank,2192,1.862171634998214,0.19136955236814335,1.27005649195856,1.7745618842294988,1.0701070660013041,-0.1788321546957341,39.23455489545319,0.027464188426817235,-0.04438678090307545,291,0,1.8286811857997174,1.2566163763439089,0.8,1.4512923872558197,1.9993567984851837
top8,7ccde226a65bb2dab054,A,30,7d,2h,0.2,capped_rank,2192,1.862171634998214,0.19136955236814335,1.27005649195856,1.7745618842294988,1.0701070660013041,-0.1788321546957341,39.23455489545319,0.027464188426817235,-0.04438678090307545,291,0,1.8286811857997174,1.2566163763439089,0.8,1.4512923872558197,1.9993567984851837
top8,3ee793fc8e369efecd66,A,30,7d,4h,0.2,capped_rank,2192,1.862171634998214,0.19136955236814335,1.27005649195856,1.7745618842294988,1.0701070660013041,-0.1788321546957341,39.23455489545319,0.027464188426817235,-0.04438678090307545,291,0,1.8286811857997174,1.2566163763439089,0.8,1.4512923872558197,1.9993567984851837
top8,fc482a52b6524e9bde3e,A,30,7d,1d,0.2,capped_rank,2192,1.862171634998214,0.19136955236814335,1.27005649195856,1.7745618842294988,1.0701070660013041,-0.1788321546957341,39.23455489545319,0.027464188426817235,-0.04438678090307545,291,0,1.8286811857997174,1.2566163763439089,0.8,1.4512923872558197,1.9993567984851837
top8,61f38f9c9a348c7d40fd,A,30,7d,1h,0.15,capped_rank,2192,1.2327343839302358,0.14310589151419206,1.2683735715228386,1.7688806201521146,1.0453935478016454,-0.1368918832674345,29.96678858965667,0.02097675201275967,-0.03313130366125349,293,0,1.2127507269412208,1.2547351715653796,0.8,1.4463064516953028,1.9741464341810964
top8,7f5ab07a3eae79c47db5,A,30,7d,2h,0.15,capped_rank,2192,1.2327343839302358,0.14310589151419206,1.2683735715228386,1.7688806201521146,1.0453935478016454,-0.1368918832674345,29.96678858965667,0.02097675201275967,-0.03313130366125349,293,0,1.2127507269412208,1.2547351715653796,0.8,1.4463064516953028,1.9741464341810964
top8,8f4eee10362e30d18be7,A,30,7d,4h,0.15,capped_rank,2192,1.2327343839302358,0.14310589151419206,1.2683735715228386,1.7688806201521146,1.0453935478016454,-0.1368918832674345,29.96678858965667,0.02097675201275967,-0.03313130366125349,293,0,1.2127507269412208,1.2547351715653796,0.8,1.4463064516953028,1.9741464341810964
top8,d7b4822da125568493d2,A,30,7d,1d,0.15,capped_rank,2192,1.2327343839302358,0.14310589151419206,1.2683735715228386,1.7688806201521146,1.0453935478016454,-0.1368918832674345,29.96678858965667,0.02097675201275967,-0.03313130366125349,293,0,1.2127507269412208,1.2547351715653796,0.8,1.4463064516953028,1.9741464341810964
top4,6951a11a35c81ec18758,A,30,7d,1h,0.1,capped_rank,2192,0.7818904205436861,0.10096965185527629,1.3289803605164787,1.9196253367020972,1.0827891454674297,-0.0932495973735391,20.081193069576777,0.014056835148703742,-0.01815704524010815,293,0,0.7711884133944618,1.3154617672492954,0.8,1.4459706341207976,1.9044668231847157
top4,8f4c410fa4580b60f819,A,30,7d,2h,0.1,capped_rank,2192,0.7818904205436861,0.10096965185527629,1.3289803605164787,1.9196253367020972,1.0827891454674297,-0.0932495973735391,20.081193069576777,0.014056835148703742,-0.01815704524010815,293,0,0.7711884133944618,1.3154617672492954,0.8,1.4459706341207976,1.9044668231847157
top4,899c89c268d71f74fd83,A,30,7d,4h,0.1,capped_rank,2192,0.7818904205436861,0.10096965185527629,1.3289803605164787,1.9196253367020972,1.0827891454674297,-0.0932495973735391,20.081193069576777,0.014056835148703742,-0.01815704524010815,293,0,0.7711884133944618,1.3154617672492954,0.8,1.4459706341207976,1.9044668231847157
top4,309a0e9c64a6316b2c76,A,30,7d,1d,0.1,capped_rank,2192,0.7818904205436861,0.10096965185527629,1.3289803605164787,1.9196253367020972,1.0827891454674297,-0.0932495973735391,20.081193069576777,0.014056835148703742,-0.01815704524010815,293,0,0.7711884133944618,1.3154617672492954,0.8,1.4459706341207976,1.9044668231847157
top2,df061e1a03e97bba95f1,A,90,3d,30m,0.2,capped_rank,2192,2.2623556467683974,0.21761631583013163,1.3106817651183411,2.0419771928310477,0.8933841787241028,-0.24358648945509975,39.1967962859335,0.027437757400153452,-0.054221882756017775,634,0,2.224288531641387,1.2985803344153413,0.8,1.4456703676164764,2.0477938794984376
top2,0829918564d6ac2df72a,A,90,3d,1h,0.2,capped_rank,2192,2.2623556467683974,0.21761631583013163,1.3106817651183411,2.0419771928310477,0.8933841787241028,-0.24358648945509975,39.1967962859335,0.027437757400153452,-0.054221882756017775,634,0,2.224288531641387,1.2985803344153413,0.8,1.4456703676164764,2.0477938794984376
top2,17447578693cafe484e0,A,90,3d,2h,0.2,capped_rank,2192,2.2623556467683974,0.21761631583013163,1.3106817651183411,2.0419771928310477,0.8933841787241028,-0.24358648945509975,39.1967962859335,0.027437757400153452,-0.054221882756017775,634,0,2.224288531641387,1.2985803344153413,0.8,1.4456703676164764,2.0477938794984376
top2,386d0f1ba66def9217ec,A,90,3d,4h,0.2,capped_rank,2192,2.2623556467683974,0.21761631583013163,1.3106817651183411,2.0419771928310477,0.8933841787241028,-0.24358648945509975,39.1967962859335,0.027437757400153452,-0.054221882756017775,634,0,2.224288531641387,1.2985803344153413,0.8,1.4456703676164764,2.0477938794984376
top2,500c32912902f3d6b317,A,90,3d,1d,0.2,capped_rank,2192,2.2623556467683974,0.21761631583013163,1.3106817651183411,2.0419771928310477,0.8933841787241028,-0.24358648945509975,39.1967962859335,0.027437757400153452,-0.054221882756017775,634,0,2.224288531641387,1.2985803344153413,0.8,1.4456703676164764,2.0477938794984376
top2,f1c2b186fbfbf303753a,A,90,3d,30m,0.15,capped_rank,2192,1.4547567640884647,0.16129378834606256,1.2985683933299355,2.0075837610440903,0.8484897634813061,-0.1900951493914118,30.46759880961142,0.021327319166727993,-0.041040782742557604,641,0,1.4324532799340899,1.2861067038326432,0.8,1.4456703676164764,2.008349487232673
top2,6859982360b97058aa2b,A,90,3d,1h,0.15,capped_rank,2192,1.4547567640884647,0.16129378834606256,1.2985683933299355,2.0075837610440903,0.8484897634813061,-0.1900951493914118,30.46759880961142,0.021327319166727993,-0.041040782742557604,641,0,1.4324532799340899,1.2861067038326432,0.8,1.4456703676164764,2.008349487232673
top2,d82c22d7cb0e2765c085,A,90,3d,2h,0.15,capped_rank,2192,1.4547567640884647,0.16129378834606256,1.2985683933299355,2.0075837610440903,0.8484897634813061,-0.1900951493914118,30.46759880961142,0.021327319166727993,-0.041040782742557604,641,0,1.4324532799340899,1.2861067038326432,0.8,1.4456703676164764,2.008349487232673
top2,102ca34c636b8e22634e,A,90,3d,4h,0.15,capped_rank,2192,1.4547567640884647,0.16129378834606256,1.2985683933299355,2.0075837610440903,0.8484897634813061,-0.1900951493914118,30.46759880961142,0.021327319166727993,-0.041040782742557604,641,0,1.4324532799340899,1.2861067038326432,0.8,1.4456703676164764,2.008349487232673
top2,8af8e561971bcb58dd6f,A,90,3d,1d,0.15,capped_rank,2192,1.4547567640884647,0.16129378834606256,1.2985683933299355,2.0075837610440903,0.8484897634813061,-0.1900951493914118,30.46759880961142,0.021327319166727993,-0.041040782742557604,641,0,1.4324532799340899,1.2861067038326432,0.8,1.4456703676164764,2.008349487232673
top2,4c0e1a3518b29f2c5457,A,90,3d,30m,0.1,capped_rank,2192,0.851661273754085,0.10803353085443024,1.3090276222689483,2.0178725603129193,0.8668057310050568,-0.12463407542214322,20.948261312361875,0.014663782918653313,-0.027632650487764115,646,0,0.8400720617539166,1.2962312959408127,0.8,1.4456703676164764,1.968692047042511
top2,0b6a3c4c2fd32f8df212,A,90,3d,1h,0.1,capped_rank,2192,0.851661273754085,0.10803353085443024,1.3090276222689483,2.0178725603129193,0.8668057310050568,-0.12463407542214322,20.948261312361875,0.014663782918653313,-0.027632650487764115,646,0,0.8400720617539166,1.2962312959408127,0.8,1.4456703676164764,1.968692047042511
top2,738a082cb8e002ebabd3,A,90,3d,2h,0.1,capped_rank,2192,0.851661273754085,0.10803353085443024,1.3090276222689483,2.0178725603129193,0.8668057310050568,-0.12463407542214322,20.948261312361875,0.014663782918653313,-0.027632650487764115,646,0,0.8400720617539166,1.2962312959408127,0.8,1.4456703676164764,1.968692047042511
top2,088041d3a51f2dad7e4d,A,90,3d,4h,0.1,capped_rank,2192,0.851661273754085,0.10803353085443024,1.3090276222689483,2.0178725603129193,0.8668057310050568,-0.12463407542214322,20.948261312361875,0.014663782918653313,-0.027632650487764115,646,0,0.8400720617539166,1.2962312959408127,0.8,1.4456703676164764,1.968692047042511
top2,d0a8a60197700e3dcde9,A,90,3d,1d,0.1,capped_rank,2192,0.851661273754085,0.10803353085443024,1.3090276222689483,2.0178725603129193,0.8668057310050568,-0.12463407542214322,20.948261312361875,0.014663782918653313,-0.027632650487764115,646,0,0.8400720617539166,1.2962312959408127,0.8,1.4456703676164764,1.968692047042511
top20pct,e715fdd298f667b24f81,A,60,3d,30m,0.2,capped_rank,2192,1.4747092256697387,0.16286023689680218,1.0284262214964008,1.4618405320848704,0.5263000109011723,-0.3094437270064655,54.29510082087557,0.03800657057461289,-0.02642196869910053,636,0,1.434744442583487,1.011382007089551,0.8,1.4356955837708179,2.6487438430965464
top20pct,91c9201cf119b5f61db0,A,60,3d,1h,0.2,capped_rank,2192,1.4747092256697387,0.16286023689680218,1.0284262214964008,1.4618405320848704,0.5263000109011723,-0.3094437270064655,54.29510082087557,0.03800657057461289,-0.02642196869910053,636,0,1.434744442583487,1.011382007089551,0.8,1.4356955837708179,2.6487438430965464
top20pct,fd0627cf1457baaae485,A,60,3d,2h,0.2,capped_rank,2192,1.4747092256697387,0.16286023689680218,1.0284262214964008,1.4618405320848704,0.5263000109011723,-0.3094437270064655,54.29510082087557,0.03800657057461289,-0.02642196869910053,636,0,1.434744442583487,1.011382007089551,0.8,1.4356955837708179,2.6487438430965464
top20pct,e119f26b2ad2dbb0210d,A,60,3d,4h,0.2,capped_rank,2192,1.4747092256697387,0.16286023689680218,1.0284262214964008,1.4618405320848704,0.5263000109011723,-0.3094437270064655,54.29510082087557,0.03800657057461289,-0.02642196869910053,636,0,1.434744442583487,1.011382007089551,0.8,1.4356955837708179,2.6487438430965464
top20pct,0d91995f2de324acf95a,A,60,3d,1d,0.2,capped_rank,2192,1.4747092256697387,0.16286023689680218,1.0284262214964008,1.4618405320848704,0.5263000109011723,-0.3094437270064655,54.29510082087557,0.03800657057461289,-0.02642196869910053,636,0,1.434744442583487,1.011382007089551,0.8,1.4356955837708179,2.6487438430965464
top4,b1ad8bfdea1323c3b2ee,A,60,7d,1h,0.15,capped_rank,2192,1.109297815080223,0.13233177053407785,1.1117728085711398,1.5335625143162837,0.7956900727655889,-0.16631069692013478,24.056388980750306,0.016839472286525214,-0.03920896212643422,279,0,1.0941280028465608,1.101552908055738,0.8,1.4326291983677417,2.204264934086189
top4,64ba41980aba89c90205,A,60,7d,2h,0.15,capped_rank,2192,1.109297815080223,0.13233177053407785,1.1117728085711398,1.5335625143162837,0.7956900727655889,-0.16631069692013478,24.056388980750306,0.016839472286525214,-0.03920896212643422,279,0,1.0941280028465608,1.101552908055738,0.8,1.4326291983677417,2.204264934086189
top4,8ae814af2d22ecf257f4,A,60,7d,4h,0.15,capped_rank,2192,1.109297815080223,0.13233177053407785,1.1117728085711398,1.5335625143162837,0.7956900727655889,-0.16631069692013478,24.056388980750306,0.016839472286525214,-0.03920896212643422,279,0,1.0941280028465608,1.101552908055738,0.8,1.4326291983677417,2.204264934086189
top4,dd99aa443ed96e0270b6,A,60,7d,1d,0.15,capped_rank,2192,1.109297815080223,0.13233177053407785,1.1117728085711398,1.5335625143162837,0.7956900727655889,-0.16631069692013478,24.056388980750306,0.016839472286525214,-0.03920896212643422,279,0,1.0941280028465608,1.101552908055738,0.8,1.4326291983677417,2.204264934086189
top4,cb1631290e3febaf34b1,A,60,7d,1h,0.2,capped_rank,2192,1.6683975842195062,0.17754343991928923,1.1219411241586663,1.5493041336659459,0.815743487004869,-0.2176461629760208,31.523457663589816,0.022066420364512868,-0.054885924066167734,278,0,1.6432764262129522,1.1118444533007101,0.8,1.4326291983677408,2.2459764570374197
top4,feb5d7b4d83e0be09684,A,60,7d,2h,0.2,capped_rank,2192,1.6683975842195062,0.17754343991928923,1.1219411241586663,1.5493041336659459,0.815743487004869,-0.2176461629760208,31.523457663589816,0.022066420364512868,-0.054885924066167734,278,0,1.6432764262129522,1.1118444533007101,0.8,1.4326291983677408,2.2459764570374197
top4,5f28bad5aa2dcae69f92,A,60,7d,4h,0.2,capped_rank,2192,1.6683975842195062,0.17754343991928923,1.1219411241586663,1.5493041336659459,0.815743487004869,-0.2176461629760208,31.523457663589816,0.022066420364512868,-0.054885924066167734,278,0,1.6432764262129522,1.1118444533007101,0.8,1.4326291983677408,2.2459764570374197
top4,6ecec62ff664952db5dd,A,60,7d,1d,0.2,capped_rank,2192,1.6683975842195062,0.17754343991928923,1.1219411241586663,1.5493041336659459,0.815743487004869,-0.2176461629760208,31.523457663589816,0.022066420364512868,-0.054885924066167734,278,0,1.6432764262129522,1.1118444533007101,0.8,1.4326291983677408,2.2459764570374197
top4,0f384833dfa98f5b6dcf,A,60,7d,1h,0.1,capped_rank,2192,0.6467010726885041,0.086599550897146,1.0876531652454189,1.4911140678037282,0.767011606234158,-0.11290513754065457,16.28092468078423,0.011396647276548964,-0.026301006425416558,280,0,0.6386770284416949,1.0773493849165041,0.8,1.4326291983677408,2.162170417245791
top4,7701a8edfa72f02b4f1e,A,60,7d,2h,0.1,capped_rank,2192,0.6467010726885041,0.086599550897146,1.0876531652454189,1.4911140678037282,0.767011606234158,-0.11290513754065457,16.28092468078423,0.011396647276548964,-0.026301006425416558,280,0,0.6386770284416949,1.0773493849165041,0.8,1.4326291983677408,2.162170417245791
top4,d899e257c539e5885931,A,60,7d,4h,0.1,capped_rank,2192,0.6467010726885041,0.086599550897146,1.0876531652454189,1.4911140678037282,0.767011606234158,-0.11290513754065457,16.28092468078423,0.011396647276548964,-0.026301006425416558,280,0,0.6386770284416949,1.0773493849165041,0.8,1.4326291983677408,2.162170417245791
top4,b3e761937233f51a759d,A,60,7d,1d,0.1,capped_rank,2192,0.6467010726885041,0.086599550897146,1.0876531652454189,1.4911140678037282,0.767011606234158,-0.11290513754065457,16.28092468078423,0.011396647276548964,-0.026301006425416558,280,0,0.6386770284416949,1.0773493849165041,0.8,1.4326291983677408,2.162170417245791
top4,7f38733ec1e2f4c94a6f,A,60,7d,1h,0.15,inverse_vol,2192,0.8415903102248017,0.10702775492348415,1.2179997182212723,1.7642774216199197,0.819977073766964,-0.1305253016792287,17.027832672506175,0.011919482870754323,-0.04324754015732088,281,0,0.8322033003978337,1.2080870957089442,0.8,1.4249306661467456,2.0754678955251262
top4,d954d0b31ed167bdc8a2,A,60,7d,2h,0.15,inverse_vol,2192,0.8415903102248017,0.10702775492348415,1.2179997182212723,1.7642774216199197,0.819977073766964,-0.1305253016792287,17.027832672506175,0.011919482870754323,-0.04324754015732088,281,0,0.8322033003978337,1.2080870957089442,0.8,1.4249306661467456,2.0754678955251262
top4,d5ef38bc00bba29a6be8,A,60,7d,4h,0.15,inverse_vol,2192,0.8415903102248017,0.10702775492348415,1.2179997182212723,1.7642774216199197,0.819977073766964,-0.1305253016792287,17.027832672506175,0.011919482870754323,-0.04324754015732088,281,0,0.8322033003978337,1.2080870957089442,0.8,1.4249306661467456,2.0754678955251262
top4,14405752a2e118aa5a5a,A,60,7d,1d,0.15,inverse_vol,2192,0.8415903102248017,0.10702775492348415,1.2179997182212723,1.7642774216199197,0.819977073766964,-0.1305253016792287,17.027832672506175,0.011919482870754323,-0.04324754015732088,281,0,0.8322033003978337,1.2080870957089442,0.8,1.4249306661467456,2.0754678955251262
top4,43e5f5062bed11af8b1e,A,60,7d,1h,0.2,inverse_vol,2192,1.2349276809653666,0.1432927967411124,1.2179997182212714,1.764277421619919,0.8335753944910844,-0.17190142330028313,22.703776896674903,0.015892643827672432,-0.057663386876427844,281,0,1.2197491937334681,1.2080870957089442,0.8,1.4249306661467454,2.1163597806235948
top4,3b20c9705037349bc097,A,60,7d,2h,0.2,inverse_vol,2192,1.2349276809653666,0.1432927967411124,1.2179997182212714,1.764277421619919,0.8335753944910844,-0.17190142330028313,22.703776896674903,0.015892643827672432,-0.057663386876427844,281,0,1.2197491937334681,1.2080870957089442,0.8,1.4249306661467454,2.1163597806235948
top4,558955ae837eced600e1,A,60,7d,4h,0.2,inverse_vol,2192,1.2349276809653666,0.1432927967411124,1.2179997182212714,1.764277421619919,0.8335753944910844,-0.17190142330028313,22.703776896674903,0.015892643827672432,-0.057663386876427844,281,0,1.2197491937334681,1.2080870957089442,0.8,1.4249306661467454,2.1163597806235948
top4,a9151556e0e54436d517,A,60,7d,1d,0.2,inverse_vol,2192,1.2349276809653666,0.1432927967411124,1.2179997182212714,1.764277421619919,0.8335753944910844,-0.17190142330028313,22.703776896674903,0.015892643827672432,-0.057663386876427844,281,0,1.2197491937334681,1.2080870957089442,0.8,1.4249306661467454,2.1163597806235948
top4,594d43cd92db75922b29,A,60,7d,1h,0.1,inverse_vol,2192,0.5099529589790837,0.07102601928349861,1.2179997182212714,1.764277421619919,0.8065915694873428,-0.08805698196007883,11.351888448337451,0.007946321913836216,-0.028831693438213922,281,0,0.5048182231726164,1.2080870957089442,0.8,1.4249306661467454,2.0346540071178922
top4,2c810be00d136bbf7fd3,A,60,7d,2h,0.1,inverse_vol,2192,0.5099529589790837,0.07102601928349861,1.2179997182212714,1.764277421619919,0.8065915694873428,-0.08805698196007883,11.351888448337451,0.007946321913836216,-0.028831693438213922,281,0,0.5048182231726164,1.2080870957089442,0.8,1.4249306661467454,2.0346540071178922
top4,6a86d9704d3d8754a789,A,60,7d,4h,0.1,inverse_vol,2192,0.5099529589790837,0.07102601928349861,1.2179997182212714,1.764277421619919,0.8065915694873428,-0.08805698196007883,11.351888448337451,0.007946321913836216,-0.028831693438213922,281,0,0.5048182231726164,1.2080870957089442,0.8,1.4249306661467454,2.0346540071178922
top4,a87dcbe6ebb78dcbcdd7,A,60,7d,1d,0.1,inverse_vol,2192,0.5099529589790837,0.07102601928349861,1.2179997182212714,1.764277421619919,0.8065915694873428,-0.08805698196007883,11.351888448337451,0.007946321913836216,-0.028831693438213922,281,0,0.5048182231726164,1.2080870957089442,0.8,1.4249306661467454,2.0346540071178922
top20pct,7c3471d4f9c8ef77e8b1,A,60,3d,30m,0.15,capped_rank,2192,0.9879678035527213,0.12121658323426066,1.0146680100009868,1.4379591190834178,0.49887080293365377,-0.24298191540061242,41.717183615283176,0.02920202853069822,-0.016466662103903056,644,0,0.963251164737214,0.9972874016758477,0.8,1.4217664373149355,2.483955665573272
top20pct,c364f27cc4b0026bae97,A,60,3d,1h,0.15,capped_rank,2192,0.9879678035527213,0.12121658323426066,1.0146680100009868,1.4379591190834178,0.49887080293365377,-0.24298191540061242,41.717183615283176,0.02920202853069822,-0.016466662103903056,644,0,0.963251164737214,0.9972874016758477,0.8,1.4217664373149355,2.483955665573272
top20pct,b9f9b28d84f38e61f73a,A,60,3d,2h,0.15,capped_rank,2192,0.9879678035527213,0.12121658323426066,1.0146680100009868,1.4379591190834178,0.49887080293365377,-0.24298191540061242,41.717183615283176,0.02920202853069822,-0.016466662103903056,644,0,0.963251164737214,0.9972874016758477,0.8,1.4217664373149355,2.483955665573272
top20pct,3dfcc09699d6f9fca80d,A,60,3d,4h,0.15,capped_rank,2192,0.9879678035527213,0.12121658323426066,1.0146680100009868,1.4379591190834178,0.49887080293365377,-0.24298191540061242,41.717183615283176,0.02920202853069822,-0.016466662103903056,644,0,0.963251164737214,0.9972874016758477,0.8,1.4217664373149355,2.483955665573272
top20pct,a731445b4449cc42a32e,A,60,3d,1d,0.15,capped_rank,2192,0.9879678035527213,0.12121658323426066,1.0146680100009868,1.4379591190834178,0.49887080293365377,-0.24298191540061242,41.717183615283176,0.02920202853069822,-0.016466662103903056,644,0,0.963251164737214,0.9972874016758477,0.8,1.4217664373149355,2.483955665573272
top20pct,22b433c0a6e670f11c81,A,60,3d,30m,0.1,capped_rank,2192,0.5903054334308226,0.0803126255406914,1.0028764677454793,1.4145393907883974,0.4741022812690879,-0.1693993653135537,28.3198264637758,0.01982387852464306,-0.011117031125802595,644,0,0.5768549866561739,0.9852609381092802,0.8,1.4217664373149352,2.444563164269218
top20pct,eb47469057347ddf46ef,A,60,3d,1h,0.1,capped_rank,2192,0.5903054334308226,0.0803126255406914,1.0028764677454793,1.4145393907883974,0.4741022812690879,-0.1693993653135537,28.3198264637758,0.01982387852464306,-0.011117031125802595,644,0,0.5768549866561739,0.9852609381092802,0.8,1.4217664373149352,2.444563164269218
top20pct,c13bfd54aae798c65579,A,60,3d,2h,0.1,capped_rank,2192,0.5903054334308226,0.0803126255406914,1.0028764677454793,1.4145393907883974,0.4741022812690879,-0.1693993653135537,28.3198264637758,0.01982387852464306,-0.011117031125802595,644,0,0.5768549866561739,0.9852609381092802,0.8,1.4217664373149352,2.444563164269218
top20pct,863a00ba9fc36e383d73,A,60,3d,4h,0.1,capped_rank,2192,0.5903054334308226,0.0803126255406914,1.0028764677454793,1.4145393907883974,0.4741022812690879,-0.1693993653135537,28.3198264637758,0.01982387852464306,-0.011117031125802595,644,0,0.5768549866561739,0.9852609381092802,0.8,1.4217664373149352,2.444563164269218
top20pct,08a308e92ad8f9e234c1,A,60,3d,1d,0.1,capped_rank,2192,0.5903054334308226,0.0803126255406914,1.0028764677454793,1.4145393907883974,0.4741022812690879,-0.1693993653135537,28.3198264637758,0.01982387852464306,-0.011117031125802595,644,0,0.5768549866561739,0.9852609381092802,0.8,1.4217664373149352,2.444563164269218
top4,03ed602160b912936bc9,A,30,7d,1h,0.15,equal,2192,0.9292346437309149,0.1156315237448331,1.4864322081193202,2.2490165002647498,1.1622863130500258,-0.09948626465487442,18.920152925299462,0.013244107047709622,-0.03389168135139478,293,0,0.9183159853727461,1.4738672440388263,0.8,1.4150804243385329,1.5665342227589487
top4,8d3d520bd4fce71efdd7,A,30,7d,2h,0.15,equal,2192,0.9292346437309149,0.1156315237448331,1.4864322081193202,2.2490165002647498,1.1622863130500258,-0.09948626465487442,18.920152925299462,0.013244107047709622,-0.03389168135139478,293,0,0.9183159853727461,1.4738672440388263,0.8,1.4150804243385329,1.5665342227589487
top4,f9a34fd3ada250b67408,A,30,7d,4h,0.15,equal,2192,0.9292346437309149,0.1156315237448331,1.4864322081193202,2.2490165002647498,1.1622863130500258,-0.09948626465487442,18.920152925299462,0.013244107047709622,-0.03389168135139478,293,0,0.9183159853727461,1.4738672440388263,0.8,1.4150804243385329,1.5665342227589487
top4,64ace84f3ff4c22f74ab,A,30,7d,1d,0.15,equal,2192,0.9292346437309149,0.1156315237448331,1.4864322081193202,2.2490165002647498,1.1622863130500258,-0.09948626465487442,18.920152925299462,0.013244107047709622,-0.03389168135139478,293,0,0.9183159853727461,1.4738672440388263,0.8,1.4150804243385329,1.5665342227589487
top4,f308931d2b0afedbf056,A,30,7d,1h,0.2,equal,2192,1.3834142406389125,0.15560451048522084,1.4864322081193204,2.2490165002647498,1.18009512097086,-0.1318576000527869,25.22687056706595,0.017658809396946164,-0.04518890846852639,293,0,1.3654459812369661,1.473867244038826,0.8,1.4150804243385322,1.5920993118721634
top4,7e92d123249875e6962f,A,30,7d,2h,0.2,equal,2192,1.3834142406389125,0.15560451048522084,1.4864322081193204,2.2490165002647498,1.18009512097086,-0.1318576000527869,25.22687056706595,0.017658809396946164,-0.04518890846852639,293,0,1.3654459812369661,1.473867244038826,0.8,1.4150804243385322,1.5920993118721634
top4,e3cde774a36c1174979d,A,30,7d,4h,0.2,equal,2192,1.3834142406389125,0.15560451048522084,1.4864322081193204,2.2490165002647498,1.18009512097086,-0.1318576000527869,25.22687056706595,0.017658809396946164,-0.04518890846852639,293,0,1.3654459812369661,1.473867244038826,0.8,1.4150804243385322,1.5920993118721634
top4,247262777c86676d1f6c,A,30,7d,1d,0.2,equal,2192,1.3834142406389125,0.15560451048522084,1.4864322081193204,2.2490165002647498,1.18009512097086,-0.1318576000527869,25.22687056706595,0.017658809396946164,-0.04518890846852639,293,0,1.3654459812369661,1.473867244038826,0.8,1.4150804243385322,1.5920993118721634
top4,6fd4542d151b02e36451,A,30,7d,1h,0.1,equal,2192,0.5556629078290993,0.07635797238989572,1.4864322081193204,2.2490165002647498,1.144926599013745,-0.06669246085790259,12.613435283532976,0.008829404698473082,-0.022594454234263196,293,0,0.5497876493554283,1.473867244038826,0.8,1.4150804243385322,1.540990715019114
top4,488947295f65677ccb3c,A,30,7d,2h,0.1,equal,2192,0.5556629078290993,0.07635797238989572,1.4864322081193204,2.2490165002647498,1.144926599013745,-0.06669246085790259,12.613435283532976,0.008829404698473082,-0.022594454234263196,293,0,0.5497876493554283,1.473867244038826,0.8,1.4150804243385322,1.540990715019114
top4,70171b80c689fc5c9a7d,A,30,7d,4h,0.1,equal,2192,0.5556629078290993,0.07635797238989572,1.4864322081193204,2.2490165002647498,1.144926599013745,-0.06669246085790259,12.613435283532976,0.008829404698473082,-0.022594454234263196,293,0,0.5497876493554283,1.473867244038826,0.8,1.4150804243385322,1.540990715019114
top4,d195ea539638d431a847,A,30,7d,1d,0.1,equal,2192,0.5556629078290993,0.07635797238989572,1.4864322081193204,2.2490165002647498,1.144926599013745,-0.06669246085790259,12.613435283532976,0.008829404698473082,-0.022594454234263196,293,0,0.5497876493554283,1.473867244038826,0.8,1.4150804243385322,1.540990715019114
top20pct,73940caa7d1387a463fa,A,90,6h,5m,0.1,capped_rank,2192,0.7191428841295697,0.09441712192676799,1.1986211337899042,1.8087315775237154,0.7917803615583782,-0.11924660740629722,42.93142044100956,0.03005199430870669,-0.028117253960663627,1928,0,0.6971510636812461,1.171107452538735,0.8,1.411818614637065,1.5922585135928533
top20pct,6c41cdf45b14f3f8fd9c,A,90,1d,5m,0.1,capped_rank,2192,0.7191428841295697,0.09441712192676799,1.1986211337899042,1.8087315775237154,0.7917803615583782,-0.11924660740629722,42.93142044100956,0.03005199430870669,-0.028117253960663627,1928,0,0.6971510636812461,1.171107452538735,0.8,1.411818614637065,1.5922585135928533
top20pct,5e014b1070d7f8a044a1,A,90,12h,15m,0.1,capped_rank,2192,0.7191428841295697,0.09441712192676799,1.1986211337899042,1.8087315775237154,0.7917803615583782,-0.11924660740629722,42.93142044100956,0.03005199430870669,-0.028117253960663627,1928,0,0.6971510636812461,1.171107452538735,0.8,1.411818614637065,1.5922585135928533
top20pct,ba963a718820a963e13b,A,90,1d,15m,0.1,capped_rank,2192,0.7191428841295697,0.09441712192676799,1.1986211337899042,1.8087315775237154,0.7917803615583782,-0.11924660740629722,42.93142044100956,0.03005199430870669,-0.028117253960663627,1928,0,0.6971510636812461,1.171107452538735,0.8,1.411818614637065,1.5922585135928533
top20pct,74dc84492ceced2feba6,A,90,1d,30m,0.1,capped_rank,2192,0.7191428841295697,0.09441712192676799,1.1986211337899042,1.8087315775237154,0.7917803615583782,-0.11924660740629722,42.93142044100956,0.03005199430870669,-0.028117253960663627,1928,0,0.6971510636812461,1.171107452538735,0.8,1.411818614637065,1.5922585135928533
top20pct,f0569e2ab6974876955c,A,90,1d,1h,0.1,capped_rank,2192,0.7191428841295697,0.09441712192676799,1.1986211337899042,1.8087315775237154,0.7917803615583782,-0.11924660740629722,42.93142044100956,0.03005199430870669,-0.028117253960663627,1928,0,0.6971510636812461,1.171107452538735,0.8,1.411818614637065,1.5922585135928533
top20pct,e89124293c875029472b,A,90,1d,2h,0.1,capped_rank,2192,0.7191428841295697,0.09441712192676799,1.1986211337899042,1.8087315775237154,0.7917803615583782,-0.11924660740629722,42.93142044100956,0.03005199430870669,-0.028117253960663627,1928,0,0.6971510636812461,1.171107452538735,0.8,1.411818614637065,1.5922585135928533
top20pct,e1c034df00ff983733b0,A,90,1d,4h,0.1,capped_rank,2192,0.7191428841295697,0.09441712192676799,1.1986211337899042,1.8087315775237154,0.7917803615583782,-0.11924660740629722,42.93142044100956,0.03005199430870669,-0.028117253960663627,1928,0,0.6971510636812461,1.171107452538735,0.8,1.411818614637065,1.5922585135928533
top4,7750d2d2f27c8d4b1f0e,A,14,7d,1h,0.2,inverse_vol,2192,1.1379175223539173,0.1348757340759923,1.182738391155633,1.710094422172782,0.6492637062749433,-0.20773644479501607,40.689547348830814,0.02848268314418157,-0.05409455398313851,301,0,1.111961830017874,1.1644569223487307,0.8,1.409177464075039,1.6035136099200051
top4,2cf706e126234321b4e3,A,14,7d,2h,0.2,inverse_vol,2192,1.1379175223539173,0.1348757340759923,1.182738391155633,1.710094422172782,0.6492637062749433,-0.20773644479501607,40.689547348830814,0.02848268314418157,-0.05409455398313851,301,0,1.111961830017874,1.1644569223487307,0.8,1.409177464075039,1.6035136099200051
top4,142ca2bde92411b3899f,A,14,7d,4h,0.2,inverse_vol,2192,1.1379175223539173,0.1348757340759923,1.182738391155633,1.710094422172782,0.6492637062749433,-0.20773644479501607,40.689547348830814,0.02848268314418157,-0.05409455398313851,301,0,1.111961830017874,1.1644569223487307,0.8,1.409177464075039,1.6035136099200051
top4,aa2057efd2226bdbba58,A,14,7d,1d,0.2,inverse_vol,2192,1.1379175223539173,0.1348757340759923,1.182738391155633,1.710094422172782,0.6492637062749433,-0.20773644479501607,40.689547348830814,0.02848268314418157,-0.05409455398313851,301,0,1.111961830017874,1.1644569223487307,0.8,1.409177464075039,1.6035136099200051
top4,333a2dd4b6d629a799e7,A,14,7d,1h,0.15,inverse_vol,2192,0.7806460774661945,0.1008415919339456,1.1827383911556335,1.7100944221727825,0.6361663037493719,-0.15851451316993015,30.517160511623107,0.021362012358136173,-0.040570915487353885,301,0,0.7644105039902036,1.1644569223487307,0.8,1.409177464075039,1.5733341399879004
top4,4a933bb419998305e632,A,14,7d,2h,0.15,inverse_vol,2192,0.7806460774661945,0.1008415919339456,1.1827383911556335,1.7100944221727825,0.6361663037493719,-0.15851451316993015,30.517160511623107,0.021362012358136173,-0.040570915487353885,301,0,0.7644105039902036,1.1644569223487307,0.8,1.409177464075039,1.5733341399879004
top4,92cf3b8f79ba224249e8,A,14,7d,4h,0.15,inverse_vol,2192,0.7806460774661945,0.1008415919339456,1.1827383911556335,1.7100944221727825,0.6361663037493719,-0.15851451316993015,30.517160511623107,0.021362012358136173,-0.040570915487353885,301,0,0.7644105039902036,1.1644569223487307,0.8,1.409177464075039,1.5733341399879004
top4,b2f657b1cc17b44d283e,A,14,7d,1d,0.15,inverse_vol,2192,0.7806460774661945,0.1008415919339456,1.1827383911556335,1.7100944221727825,0.6361663037493719,-0.15851451316993015,30.517160511623107,0.021362012358136173,-0.040570915487353885,301,0,0.7644105039902036,1.1644569223487307,0.8,1.409177464075039,1.5733341399879004
top4,5efebcf5dabeb64d2f71,A,14,7d,1h,0.1,inverse_vol,2192,0.47608084924565786,0.06698744208296215,1.182738391155633,1.710094422172782,0.6233609826548537,-0.1074617179241264,20.344773674415407,0.014241341572090786,-0.027047276991569256,301,0,0.4670962575641773,1.1644569223487307,0.8,1.409177464075039,1.5431831588119997
top4,80bbd26d878faecf5692,A,14,7d,2h,0.1,inverse_vol,2192,0.47608084924565786,0.06698744208296215,1.182738391155633,1.710094422172782,0.6233609826548537,-0.1074617179241264,20.344773674415407,0.014241341572090786,-0.027047276991569256,301,0,0.4670962575641773,1.1644569223487307,0.8,1.409177464075039,1.5431831588119997
top4,6cd5615e325adee243fd,A,14,7d,4h,0.1,inverse_vol,2192,0.47608084924565786,0.06698744208296215,1.182738391155633,1.710094422172782,0.6233609826548537,-0.1074617179241264,20.344773674415407,0.014241341572090786,-0.027047276991569256,301,0,0.4670962575641773,1.1644569223487307,0.8,1.409177464075039,1.5431831588119997
top4,9c9aca7f363b41848d11,A,14,7d,1d,0.1,inverse_vol,2192,0.47608084924565786,0.06698744208296215,1.182738391155633,1.710094422172782,0.6233609826548537,-0.1074617179241264,20.344773674415407,0.014241341572090786,-0.027047276991569256,301,0,0.4670962575641773,1.1644569223487307,0.8,1.409177464075039,1.5431831588119997
top4,cd6b361cdda5d3154c6d,A,30,7d,1h,0.2,capped_rank,2192,2.036945822959928,0.20318611318960267,1.323326782623639,1.9130604983579618,1.1376980081633334,-0.17859406602778571,39.105896782108836,0.02737412774747619,-0.03653060008563579,291,0,2.0015326121531194,1.3101067864736307,0.8,1.3957985686382102,1.8801684158021759
top4,02f41e8ba62d8339d642,A,30,7d,2h,0.2,capped_rank,2192,2.036945822959928,0.20318611318960267,1.323326782623639,1.9130604983579618,1.1376980081633334,-0.17859406602778571,39.105896782108836,0.02737412774747619,-0.03653060008563579,291,0,2.0015326121531194,1.3101067864736307,0.8,1.3957985686382102,1.8801684158021759
top4,9fbf2950ad202fc61283,A,30,7d,4h,0.2,capped_rank,2192,2.036945822959928,0.20318611318960267,1.323326782623639,1.9130604983579618,1.1376980081633334,-0.17859406602778571,39.105896782108836,0.02737412774747619,-0.03653060008563579,291,0,2.0015326121531194,1.3101067864736307,0.8,1.3957985686382102,1.8801684158021759
top4,de70b44f4a2773126077,A,30,7d,1d,0.2,capped_rank,2192,2.036945822959928,0.20318611318960267,1.323326782623639,1.9130604983579618,1.1376980081633334,-0.17859406602778571,39.105896782108836,0.02737412774747619,-0.03653060008563579,291,0,2.0015326121531194,1.3101067864736307,0.8,1.3957985686382102,1.8801684158021759
top2,b87daf2083b049910ec2,A,60,3d,30m,0.2,capped_rank,2192,1.4618237476166525,0.1618498200900873,0.9959493864304485,1.4645293400160124,0.5524450499510841,-0.29296998878787706,44.64651266042929,0.031252558862300495,-0.022197703960643845,634,0,1.4290894881610487,0.9823823928954362,0.8,1.3947848098211968,2.36873143919513
top2,66cb9e1e36ae137186ec,A,60,3d,1h,0.2,capped_rank,2192,1.4618237476166525,0.1618498200900873,0.9959493864304485,1.4645293400160124,0.5524450499510841,-0.29296998878787706,44.64651266042929,0.031252558862300495,-0.022197703960643845,634,0,1.4290894881610487,0.9823823928954362,0.8,1.3947848098211968,2.36873143919513
top2,ba6a0d79e283361eb43c,A,60,3d,2h,0.2,capped_rank,2192,1.4618237476166525,0.1618498200900873,0.9959493864304485,1.4645293400160124,0.5524450499510841,-0.29296998878787706,44.64651266042929,0.031252558862300495,-0.022197703960643845,634,0,1.4290894881610487,0.9823823928954362,0.8,1.3947848098211968,2.36873143919513
top2,d94ad7b115eec0e56f33,A,60,3d,4h,0.2,capped_rank,2192,1.4618237476166525,0.1618498200900873,0.9959493864304485,1.4645293400160124,0.5524450499510841,-0.29296998878787706,44.64651266042929,0.031252558862300495,-0.022197703960643845,634,0,1.4290894881610487,0.9823823928954362,0.8,1.3947848098211968,2.36873143919513
top2,08aa1d69284c3d06f684,A,60,3d,1d,0.2,capped_rank,2192,1.4618237476166525,0.1618498200900873,0.9959493864304485,1.4645293400160124,0.5524450499510841,-0.29296998878787706,44.64651266042929,0.031252558862300495,-0.022197703960643845,634,0,1.4290894881610487,0.9823823928954362,0.8,1.3947848098211968,2.36873143919513
top2,8b5dc959e1fc4993df41,A,60,3d,30m,0.15,inverse_vol,2192,0.350636932425199,0.05132401774009421,1.0362684696573317,1.541353738436737,0.6016280941357353,-0.08530854566195645,13.151599823279236,0.009206119876295465,-0.012157965587372163,644,0,0.34531995686918626,1.0230296222829842,0.8,1.3946318857781215,2.4867787689690926
top2,95b021805c4a7dd636a1,A,60,3d,1h,0.15,inverse_vol,2192,0.350636932425199,0.05132401774009421,1.0362684696573317,1.541353738436737,0.6016280941357353,-0.08530854566195645,13.151599823279236,0.009206119876295465,-0.012157965587372163,644,0,0.34531995686918626,1.0230296222829842,0.8,1.3946318857781215,2.4867787689690926
top2,fa22de84735a5dca4ce8,A,60,3d,2h,0.15,inverse_vol,2192,0.350636932425199,0.05132401774009421,1.0362684696573317,1.541353738436737,0.6016280941357353,-0.08530854566195645,13.151599823279236,0.009206119876295465,-0.012157965587372163,644,0,0.34531995686918626,1.0230296222829842,0.8,1.3946318857781215,2.4867787689690926
top2,bb2ec35e726e01483e25,A,60,3d,4h,0.15,inverse_vol,2192,0.350636932425199,0.05132401774009421,1.0362684696573317,1.541353738436737,0.6016280941357353,-0.08530854566195645,13.151599823279236,0.009206119876295465,-0.012157965587372163,644,0,0.34531995686918626,1.0230296222829842,0.8,1.3946318857781215,2.4867787689690926
top2,9a855766c2fa28deb0de,A,60,3d,1d,0.15,inverse_vol,2192,0.350636932425199,0.05132401774009421,1.0362684696573317,1.541353738436737,0.6016280941357353,-0.08530854566195645,13.151599823279236,0.009206119876295465,-0.012157965587372163,644,0,0.34531995686918626,1.0230296222829842,0.8,1.3946318857781215,2.4867787689690926
top2,61cbcd8bc422858aec6b,A,60,3d,30m,0.2,inverse_vol,2192,0.48809934443517733,0.06842916810766542,1.0362684696573317,1.5413537384367368,0.606605093645369,-0.1128067812560608,17.535466431038984,0.012274826501727287,-0.016210620783162884,644,0,0.48029432610016887,1.0230296222829842,0.8,1.3946318857781212,2.5032647100558276
top2,984ea43c3c1a2b98d3dc,A,60,3d,1h,0.2,inverse_vol,2192,0.48809934443517733,0.06842916810766542,1.0362684696573317,1.5413537384367368,0.606605093645369,-0.1128067812560608,17.535466431038984,0.012274826501727287,-0.016210620783162884,644,0,0.48029432610016887,1.0230296222829842,0.8,1.3946318857781212,2.5032647100558276
top2,c85fa4ba11448b80554d,A,60,3d,2h,0.2,inverse_vol,2192,0.48809934443517733,0.06842916810766542,1.0362684696573317,1.5413537384367368,0.606605093645369,-0.1128067812560608,17.535466431038984,0.012274826501727287,-0.016210620783162884,644,0,0.48029432610016887,1.0230296222829842,0.8,1.3946318857781212,2.5032647100558276
top2,f0b2056f1e1376e9f527,A,60,3d,4h,0.2,inverse_vol,2192,0.48809934443517733,0.06842916810766542,1.0362684696573317,1.5413537384367368,0.606605093645369,-0.1128067812560608,17.535466431038984,0.012274826501727287,-0.016210620783162884,644,0,0.48029432610016887,1.0230296222829842,0.8,1.3946318857781212,2.5032647100558276
top2,4bf68dfe97d24d7435ea,A,60,3d,1d,0.2,inverse_vol,2192,0.48809934443517733,0.06842916810766542,1.0362684696573317,1.5413537384367368,0.606605093645369,-0.1128067812560608,17.535466431038984,0.012274826501727287,-0.016210620783162884,644,0,0.48029432610016887,1.0230296222829842,0.8,1.3946318857781212,2.5032647100558276
top2,920ca86b58423879a310,A,60,3d,30m,0.1,inverse_vol,2192,0.22387211341962643,0.034211425510161986,1.0362684696573317,1.5413537384367368,0.5966891173697482,-0.05733542730085073,8.767733215519492,0.006137413250863644,-0.008105310391581442,644,0,0.22065775346516658,1.0230296222829842,0.8,1.3946318857781212,2.4702060626551767
top2,5dfb43676738ca00c6f4,A,60,3d,1h,0.1,inverse_vol,2192,0.22387211341962643,0.034211425510161986,1.0362684696573317,1.5413537384367368,0.5966891173697482,-0.05733542730085073,8.767733215519492,0.006137413250863644,-0.008105310391581442,644,0,0.22065775346516658,1.0230296222829842,0.8,1.3946318857781212,2.4702060626551767
top2,61b0a1130be58703515e,A,60,3d,2h,0.1,inverse_vol,2192,0.22387211341962643,0.034211425510161986,1.0362684696573317,1.5413537384367368,0.5966891173697482,-0.05733542730085073,8.767733215519492,0.006137413250863644,-0.008105310391581442,644,0,0.22065775346516658,1.0230296222829842,0.8,1.3946318857781212,2.4702060626551767
top2,988a03e4ee9a9fa50b6c,A,60,3d,4h,0.1,inverse_vol,2192,0.22387211341962643,0.034211425510161986,1.0362684696573317,1.5413537384367368,0.5966891173697482,-0.05733542730085073,8.767733215519492,0.006137413250863644,-0.008105310391581442,644,0,0.22065775346516658,1.0230296222829842,0.8,1.3946318857781212,2.4702060626551767
top2,95ccfcded6085caee925,A,60,3d,1d,0.1,inverse_vol,2192,0.22387211341962643,0.034211425510161986,1.0362684696573317,1.5413537384367368,0.5966891173697482,-0.05733542730085073,8.767733215519492,0.006137413250863644,-0.008105310391581442,644,0,0.22065775346516658,1.0230296222829842,0.8,1.3946318857781212,2.4702060626551767
top20pct,53177b2975407884ebec,A,60,7d,1h,0.15,inverse_vol,2192,0.5867779561703639,0.07991324466976857,1.1369177326960083,1.6599523024364256,0.7876110761523583,-0.10146282485025626,12.76045090830004,0.008932315635810026,-0.03376269117280452,280,0,0.5807093893366593,1.1276104107896405,0.8,1.3935377118578138,2.2085904248765473
top20pct,e15a546670f2504b35ff,A,60,7d,2h,0.15,inverse_vol,2192,0.5867779561703639,0.07991324466976857,1.1369177326960083,1.6599523024364256,0.7876110761523583,-0.10146282485025626,12.76045090830004,0.008932315635810026,-0.03376269117280452,280,0,0.5807093893366593,1.1276104107896405,0.8,1.3935377118578138,2.2085904248765473
top20pct,ebd3b4ff863539cbbf95,A,60,7d,4h,0.15,inverse_vol,2192,0.5867779561703639,0.07991324466976857,1.1369177326960083,1.6599523024364256,0.7876110761523583,-0.10146282485025626,12.76045090830004,0.008932315635810026,-0.03376269117280452,280,0,0.5807093893366593,1.1276104107896405,0.8,1.3935377118578138,2.2085904248765473
top20pct,775cd09a583fbbe24c89,A,60,7d,1d,0.15,inverse_vol,2192,0.5867779561703639,0.07991324466976857,1.1369177326960083,1.6599523024364256,0.7876110761523583,-0.10146282485025626,12.76045090830004,0.008932315635810026,-0.03376269117280452,280,0,0.5807093893366593,1.1276104107896405,0.8,1.3935377118578138,2.2085904248765473
top20pct,21f6bb165e2bd3ff43ac,A,60,7d,1h,0.2,inverse_vol,2192,0.8388172830474607,0.10675001096318604,1.1369177326960085,1.6599523024364258,0.7973917878154162,-0.13387397838099757,17.01393454440005,0.011909754181080036,-0.045016921563739355,280,0,0.8294435788372101,1.1276104107896405,0.8,1.3935377118578136,2.246215982564178
top20pct,e9eef58fbb37c593fa2c,A,60,7d,2h,0.2,inverse_vol,2192,0.8388172830474607,0.10675001096318604,1.1369177326960085,1.6599523024364258,0.7973917878154162,-0.13387397838099757,17.01393454440005,0.011909754181080036,-0.045016921563739355,280,0,0.8294435788372101,1.1276104107896405,0.8,1.3935377118578136,2.246215982564178
top20pct,c716358ee74672b2eafd,A,60,7d,4h,0.2,inverse_vol,2192,0.8388172830474607,0.10675001096318604,1.1369177326960085,1.6599523024364258,0.7973917878154162,-0.13387397838099757,17.01393454440005,0.011909754181080036,-0.045016921563739355,280,0,0.8294435788372101,1.1276104107896405,0.8,1.3935377118578136,2.246215982564178
top20pct,7e538be0d3f167c02cf1,A,60,7d,1d,0.2,inverse_vol,2192,0.8388172830474607,0.10675001096318604,1.1369177326960085,1.6599523024364258,0.7973917878154162,-0.13387397838099757,17.01393454440005,0.011909754181080036,-0.045016921563739355,280,0,0.8294435788372101,1.1276104107896405,0.8,1.3935377118578136,2.246215982564178
top20pct,3031aec77258a6397783,A,60,7d,1h,0.1,inverse_vol,2192,0.36485844839010384,0.05315928147772753,1.1369177326960085,1.6599523024364258,0.7778641016926429,-0.06834006269482318,8.506967272200026,0.005954877090540018,-0.022508460781869678,280,0,0.36137744929687354,1.1276104107896405,0.8,1.3935377118578136,2.171116826945718
top20pct,8c420bb9b64ba9b60502,A,60,7d,2h,0.1,inverse_vol,2192,0.36485844839010384,0.05315928147772753,1.1369177326960085,1.6599523024364258,0.7778641016926429,-0.06834006269482318,8.506967272200026,0.005954877090540018,-0.022508460781869678,280,0,0.36137744929687354,1.1276104107896405,0.8,1.3935377118578136,2.171116826945718
top20pct,a02999fa10dd60ea5ef5,A,60,7d,4h,0.1,inverse_vol,2192,0.36485844839010384,0.05315928147772753,1.1369177326960085,1.6599523024364258,0.7778641016926429,-0.06834006269482318,8.506967272200026,0.005954877090540018,-0.022508460781869678,280,0,0.36137744929687354,1.1276104107896405,0.8,1.3935377118578136,2.171116826945718
top20pct,967eab6c148fbfea2395,A,60,7d,1d,0.1,inverse_vol,2192,0.36485844839010384,0.05315928147772753,1.1369177326960085,1.6599523024364258,0.7778641016926429,-0.06834006269482318,8.506967272200026,0.005954877090540018,-0.022508460781869678,280,0,0.36137744929687354,1.1276104107896405,0.8,1.3935377118578136,2.171116826945718
top8,f9ae1d683d0219627319,A,60,7d,1h,0.2,inverse_vol,2192,1.6949541393035084,0.1794868138903558,1.2216140335992973,1.59288342099885,0.7450063076056882,-0.24091985807099148,28.99559207006348,0.020296914449044433,-0.09722831974066815,281,0,1.6716019612303001,1.211450559090597,0.8,1.3929155405870433,2.0599449478993663
top8,374b4a6ceff24c08bc3f,A,60,7d,2h,0.2,inverse_vol,2192,1.6949541393035084,0.1794868138903558,1.2216140335992973,1.59288342099885,0.7450063076056882,-0.24091985807099148,28.99559207006348,0.020296914449044433,-0.09722831974066815,281,0,1.6716019612303001,1.211450559090597,0.8,1.3929155405870433,2.0599449478993663
top8,e6150239331b25a98b39,A,60,7d,4h,0.2,inverse_vol,2192,1.6949541393035084,0.1794868138903558,1.2216140335992973,1.59288342099885,0.7450063076056882,-0.24091985807099148,28.99559207006348,0.020296914449044433,-0.09722831974066815,281,0,1.6716019612303001,1.211450559090597,0.8,1.3929155405870433,2.0599449478993663
top8,b2b4adc1175de0d1b11f,A,60,7d,1d,0.2,inverse_vol,2192,1.6949541393035084,0.1794868138903558,1.2216140335992973,1.59288342099885,0.7450063076056882,-0.24091985807099148,28.99559207006348,0.020296914449044433,-0.09722831974066815,281,0,1.6716019612303001,1.211450559090597,0.8,1.3929155405870433,2.0599449478993663
top8,f3d271c7394a39bddd56,A,60,7d,1h,0.1,inverse_vol,2192,0.6672625647718227,0.08884712004810802,1.2216140335992973,1.59288342099885,0.7028580268949797,-0.12640834513992605,14.49779603503174,0.010148457224522216,-0.04861415987033407,281,0,0.6600251989070067,1.211450559090597,0.8,1.3929155405870433,1.9818835005706128
top8,eac34e7865b4f8c6a02f,A,60,7d,2h,0.1,inverse_vol,2192,0.6672625647718227,0.08884712004810802,1.2216140335992973,1.59288342099885,0.7028580268949797,-0.12640834513992605,14.49779603503174,0.010148457224522216,-0.04861415987033407,281,0,0.6600251989070067,1.211450559090597,0.8,1.3929155405870433,1.9818835005706128
top8,36d3d03126acb00695a4,A,60,7d,4h,0.1,inverse_vol,2192,0.6672625647718227,0.08884712004810802,1.2216140335992973,1.59288342099885,0.7028580268949797,-0.12640834513992605,14.49779603503174,0.010148457224522216,-0.04861415987033407,281,0,0.6600251989070067,1.211450559090597,0.8,1.3929155405870433,1.9818835005706128
top8,19993ed99fa7ddd45304,A,60,7d,1d,0.1,inverse_vol,2192,0.6672625647718227,0.08884712004810802,1.2216140335992973,1.59288342099885,0.7028580268949797,-0.12640834513992605,14.49779603503174,0.010148457224522216,-0.04861415987033407,281,0,0.6600251989070067,1.211450559090597,0.8,1.3929155405870433,1.9818835005706128
top8,2ce70cbf693a1e0b4856,A,60,7d,1h,0.15,inverse_vol,2192,1.1279317439864647,0.13399135479693625,1.2216140335992975,1.5928834209988505,0.7239446072772661,-0.18508509276817975,21.746694052547603,0.015222685836783325,-0.0729212398055011,281,0,1.1140894454779962,1.211450559090597,0.8,1.392915540587043,2.021106222041222
top8,cb1c760484ad9b036cdc,A,60,7d,2h,0.15,inverse_vol,2192,1.1279317439864647,0.13399135479693625,1.2216140335992975,1.5928834209988505,0.7239446072772661,-0.18508509276817975,21.746694052547603,0.015222685836783325,-0.0729212398055011,281,0,1.1140894454779962,1.211450559090597,0.8,1.392915540587043,2.021106222041222
top8,3c3c75758f9b26dda99a,A,60,7d,4h,0.15,inverse_vol,2192,1.1279317439864647,0.13399135479693625,1.2216140335992975,1.5928834209988505,0.7239446072772661,-0.18508509276817975,21.746694052547603,0.015222685836783325,-0.0729212398055011,281,0,1.1140894454779962,1.211450559090597,0.8,1.392915540587043,2.021106222041222
top8,9105f24187ac1180027b,A,60,7d,1d,0.15,inverse_vol,2192,1.1279317439864647,0.13399135479693625,1.2216140335992975,1.5928834209988505,0.7239446072772661,-0.18508509276817975,21.746694052547603,0.015222685836783325,-0.0729212398055011,281,0,1.1140894454779962,1.211450559090597,0.8,1.392915540587043,2.021106222041222
top2,9bc90c1c6b6e0d3b79e3,A,90,6h,5m,0.2,inverse_vol,2192,0.7293851450376798,0.09550015904558906,1.3724829936991518,2.146659948094276,0.9859998956919573,-0.09685615532298686,29.679126596006196,0.020775388617204335,-0.023398370847794697,1933,0,0.7140609965938731,1.350782062192524,0.8,1.3924676347306084,1.6906426280570683
top2,0f5d68bee683a028c40d,A,90,1d,5m,0.2,inverse_vol,2192,0.7293851450376798,0.09550015904558906,1.3724829936991518,2.146659948094276,0.9859998956919573,-0.09685615532298686,29.679126596006196,0.020775388617204335,-0.023398370847794697,1933,0,0.7140609965938731,1.350782062192524,0.8,1.3924676347306084,1.6906426280570683
top2,cd6516d60dc7c4895c0b,A,90,12h,15m,0.2,inverse_vol,2192,0.7293851450376798,0.09550015904558906,1.3724829936991518,2.146659948094276,0.9859998956919573,-0.09685615532298686,29.679126596006196,0.020775388617204335,-0.023398370847794697,1933,0,0.7140609965938731,1.350782062192524,0.8,1.3924676347306084,1.6906426280570683
top2,4ccb523a14237d968d49,A,90,1d,15m,0.2,inverse_vol,2192,0.7293851450376798,0.09550015904558906,1.3724829936991518,2.146659948094276,0.9859998956919573,-0.09685615532298686,29.679126596006196,0.020775388617204335,-0.023398370847794697,1933,0,0.7140609965938731,1.350782062192524,0.8,1.3924676347306084,1.6906426280570683
top2,95ce82424bba38062b97,A,90,1d,30m,0.2,inverse_vol,2192,0.7293851450376798,0.09550015904558906,1.3724829936991518,2.146659948094276,0.9859998956919573,-0.09685615532298686,29.679126596006196,0.020775388617204335,-0.023398370847794697,1933,0,0.7140609965938731,1.350782062192524,0.8,1.3924676347306084,1.6906426280570683
top2,885a5c7f1b81fe96bccb,A,90,1d,1h,0.2,inverse_vol,2192,0.7293851450376798,0.09550015904558906,1.3724829936991518,2.146659948094276,0.9859998956919573,-0.09685615532298686,29.679126596006196,0.020775388617204335,-0.023398370847794697,1933,0,0.7140609965938731,1.350782062192524,0.8,1.3924676347306084,1.6906426280570683
top2,ccc23c0b27a6faef921b,A,90,1d,2h,0.2,inverse_vol,2192,0.7293851450376798,0.09550015904558906,1.3724829936991518,2.146659948094276,0.9859998956919573,-0.09685615532298686,29.679126596006196,0.020775388617204335,-0.023398370847794697,1933,0,0.7140609965938731,1.350782062192524,0.8,1.3924676347306084,1.6906426280570683
top2,64a4c9cc1971c75bb06e,A,90,1d,4h,0.2,inverse_vol,2192,0.7293851450376798,0.09550015904558906,1.3724829936991518,2.146659948094276,0.9859998956919573,-0.09685615532298686,29.679126596006196,0.020775388617204335,-0.023398370847794697,1933,0,0.7140609965938731,1.350782062192524,0.8,1.3924676347306084,1.6906426280570683
top2,c14ae491f14e8e2703bc,A,90,6h,5m,0.15,inverse_vol,2192,0.51201073660417,0.07126892673703322,1.3724829936991518,2.1466599480942756,0.9781258330476638,-0.07286273844232505,22.259344947004646,0.015581541462903251,-0.01754877813584602,1933,0,0.5019502052341815,1.3507820621925237,0.8,1.3924676347306084,1.6715668413918845
top2,aff61ea7c9e906fe0d20,A,90,1d,5m,0.15,inverse_vol,2192,0.51201073660417,0.07126892673703322,1.3724829936991518,2.1466599480942756,0.9781258330476638,-0.07286273844232505,22.259344947004646,0.015581541462903251,-0.01754877813584602,1933,0,0.5019502052341815,1.3507820621925237,0.8,1.3924676347306084,1.6715668413918845
top2,b66a7faa0a7390a2dc57,A,90,12h,15m,0.15,inverse_vol,2192,0.51201073660417,0.07126892673703322,1.3724829936991518,2.1466599480942756,0.9781258330476638,-0.07286273844232505,22.259344947004646,0.015581541462903251,-0.01754877813584602,1933,0,0.5019502052341815,1.3507820621925237,0.8,1.3924676347306084,1.6715668413918845
top2,e93c6141dc58be083750,A,90,1d,15m,0.15,inverse_vol,2192,0.51201073660417,0.07126892673703322,1.3724829936991518,2.1466599480942756,0.9781258330476638,-0.07286273844232505,22.259344947004646,0.015581541462903251,-0.01754877813584602,1933,0,0.5019502052341815,1.3507820621925237,0.8,1.3924676347306084,1.6715668413918845
top2,691848a9bbdcfbd4a12f,A,90,1d,30m,0.15,inverse_vol,2192,0.51201073660417,0.07126892673703322,1.3724829936991518,2.1466599480942756,0.9781258330476638,-0.07286273844232505,22.259344947004646,0.015581541462903251,-0.01754877813584602,1933,0,0.5019502052341815,1.3507820621925237,0.8,1.3924676347306084,1.6715668413918845
top2,3e3d4c8601ad08b51033,A,90,1d,1h,0.15,inverse_vol,2192,0.51201073660417,0.07126892673703322,1.3724829936991518,2.1466599480942756,0.9781258330476638,-0.07286273844232505,22.259344947004646,0.015581541462903251,-0.01754877813584602,1933,0,0.5019502052341815,1.3507820621925237,0.8,1.3924676347306084,1.6715668413918845
top2,40a91f3fce2b9317f11a,A,90,1d,2h,0.15,inverse_vol,2192,0.51201073660417,0.07126892673703322,1.3724829936991518,2.1466599480942756,0.9781258330476638,-0.07286273844232505,22.259344947004646,0.015581541462903251,-0.01754877813584602,1933,0,0.5019502052341815,1.3507820621925237,0.8,1.3924676347306084,1.6715668413918845
top2,5da7dddabbb82bef17a0,A,90,1d,4h,0.15,inverse_vol,2192,0.51201073660417,0.07126892673703322,1.3724829936991518,2.1466599480942756,0.9781258330476638,-0.07286273844232505,22.259344947004646,0.015581541462903251,-0.01754877813584602,1933,0,0.5019502052341815,1.3507820621925237,0.8,1.3924676347306084,1.6715668413918845
top2,221f541d23c76320e4fd,A,90,6h,5m,0.1,inverse_vol,2192,0.31965881699541265,0.047269909874366745,1.3724829936991518,2.146659948094276,0.970468355121968,-0.048708347495190485,14.839563298003098,0.010387694308602168,-0.011699185423897349,1933,0,0.31379800503373567,1.350782062192524,0.8,1.3924676347306084,1.652514506500546
top2,00fbf8960d85e92508ba,A,90,1d,5m,0.1,inverse_vol,2192,0.31965881699541265,0.047269909874366745,1.3724829936991518,2.146659948094276,0.970468355121968,-0.048708347495190485,14.839563298003098,0.010387694308602168,-0.011699185423897349,1933,0,0.31379800503373567,1.350782062192524,0.8,1.3924676347306084,1.652514506500546
top2,aad56086bb834502d828,A,90,12h,15m,0.1,inverse_vol,2192,0.31965881699541265,0.047269909874366745,1.3724829936991518,2.146659948094276,0.970468355121968,-0.048708347495190485,14.839563298003098,0.010387694308602168,-0.011699185423897349,1933,0,0.31379800503373567,1.350782062192524,0.8,1.3924676347306084,1.652514506500546
top2,93ba22ce6a4805c0722e,A,90,1d,15m,0.1,inverse_vol,2192,0.31965881699541265,0.047269909874366745,1.3724829936991518,2.146659948094276,0.970468355121968,-0.048708347495190485,14.839563298003098,0.010387694308602168,-0.011699185423897349,1933,0,0.31379800503373567,1.350782062192524,0.8,1.3924676347306084,1.652514506500546
top2,c2d462bef15b03a4c5b8,A,90,1d,30m,0.1,inverse_vol,2192,0.31965881699541265,0.047269909874366745,1.3724829936991518,2.146659948094276,0.970468355121968,-0.048708347495190485,14.839563298003098,0.010387694308602168,-0.011699185423897349,1933,0,0.31379800503373567,1.350782062192524,0.8,1.3924676347306084,1.652514506500546
top2,d94a3cbfa3347c165ab5,A,90,1d,1h,0.1,inverse_vol,2192,0.31965881699541265,0.047269909874366745,1.3724829936991518,2.146659948094276,0.970468355121968,-0.048708347495190485,14.839563298003098,0.010387694308602168,-0.011699185423897349,1933,0,0.31379800503373567,1.350782062192524,0.8,1.3924676347306084,1.652514506500546
top2,741ee0f99455f149e647,A,90,1d,2h,0.1,inverse_vol,2192,0.31965881699541265,0.047269909874366745,1.3724829936991518,2.146659948094276,0.970468355121968,-0.048708347495190485,14.839563298003098,0.010387694308602168,-0.011699185423897349,1933,0,0.31379800503373567,1.350782062192524,0.8,1.3924676347306084,1.652514506500546
top2,773a31e3fb3ea61e8306,A,90,1d,4h,0.1,inverse_vol,2192,0.31965881699541265,0.047269909874366745,1.3724829936991518,2.146659948094276,0.970468355121968,-0.048708347495190485,14.839563298003098,0.010387694308602168,-0.011699185423897349,1933,0,0.31379800503373567,1.350782062192524,0.8,1.3924676347306084,1.652514506500546
top4,77575eb93972463d25f1,A,30,7d,1h,0.15,capped_rank,2192,1.3348754614505363,0.15165205172742047,1.3214945937277067,1.9061452968139576,1.1079864384180633,-0.13687175805503804,29.87029500464841,0.020909206503253883,-0.027239168048173747,293,0,1.3140474972089158,1.3080770419634313,0.8,1.3918533395360229,1.8605194044579727
top4,b41bcf0d44ee0f78e927,A,30,7d,2h,0.15,capped_rank,2192,1.3348754614505363,0.15165205172742047,1.3214945937277067,1.9061452968139576,1.1079864384180633,-0.13687175805503804,29.87029500464841,0.020909206503253883,-0.027239168048173747,293,0,1.3140474972089158,1.3080770419634313,0.8,1.3918533395360229,1.8605194044579727
top4,996fb20d807010245f91,A,30,7d,4h,0.15,capped_rank,2192,1.3348754614505363,0.15165205172742047,1.3214945937277067,1.9061452968139576,1.1079864384180633,-0.13687175805503804,29.87029500464841,0.020909206503253883,-0.027239168048173747,293,0,1.3140474972089158,1.3080770419634313,0.8,1.3918533395360229,1.8605194044579727
top4,ca0152a78f00fef03205,A,30,7d,1d,0.15,capped_rank,2192,1.3348754614505363,0.15165205172742047,1.3214945937277067,1.9061452968139576,1.1079864384180633,-0.13687175805503804,29.87029500464841,0.020909206503253883,-0.027239168048173747,293,0,1.3140474972089158,1.3080770419634313,0.8,1.3918533395360229,1.8605194044579727
top4,e1bb9b55cdeec9a56f5b,A,60,7d,1h,0.15,equal,2192,0.7815514606952987,0.10093477563938236,1.1900442142677456,1.7365185334045758,0.7841511532155888,-0.1287185196699342,15.987947576388715,0.0111915633034721,-0.04132200753783722,281,0,0.7730238491019579,1.1804278622568172,0.8,1.390241706179184,2.0234968841789303
top4,58883690f03c5f087569,A,60,7d,2h,0.15,equal,2192,0.7815514606952987,0.10093477563938236,1.1900442142677456,1.7365185334045758,0.7841511532155888,-0.1287185196699342,15.987947576388715,0.0111915633034721,-0.04132200753783722,281,0,0.7730238491019579,1.1804278622568172,0.8,1.390241706179184,2.0234968841789303
top4,c8e3ffce74a781dd7997,A,60,7d,4h,0.15,equal,2192,0.7815514606952987,0.10093477563938236,1.1900442142677456,1.7365185334045758,0.7841511532155888,-0.1287185196699342,15.987947576388715,0.0111915633034721,-0.04132200753783722,281,0,0.7730238491019579,1.1804278622568172,0.8,1.390241706179184,2.0234968841789303
top4,86659cfde5c173dea2c1,A,60,7d,1d,0.15,equal,2192,0.7815514606952987,0.10093477563938236,1.1900442142677456,1.7365185334045758,0.7841511532155888,-0.1287185196699342,15.987947576388715,0.0111915633034721,-0.04132200753783722,281,0,0.7730238491019579,1.1804278622568172,0.8,1.390241706179184,2.0234968841789303
top4,5bf85f80611583bf51f2,A,60,7d,1h,0.2,equal,2192,1.139691884377553,0.1350325180795653,1.1900442142677456,1.7365185334045758,0.7948867204743505,-0.169876429686716,21.317263435184955,0.014922084404629467,-0.05509601005044963,281,0,1.1260450800183261,1.1804278622568172,0.8,1.3902417061791839,2.0617110638328873
top4,d7f9c36d734905205917,A,60,7d,2h,0.2,equal,2192,1.139691884377553,0.1350325180795653,1.1900442142677456,1.7365185334045758,0.7948867204743505,-0.169876429686716,21.317263435184955,0.014922084404629467,-0.05509601005044963,281,0,1.1260450800183261,1.1804278622568172,0.8,1.3902417061791839,2.0617110638328873
top4,06e41488f1495b66286b,A,60,7d,4h,0.2,equal,2192,1.139691884377553,0.1350325180795653,1.1900442142677456,1.7365185334045758,0.7948867204743505,-0.169876429686716,21.317263435184955,0.014922084404629467,-0.05509601005044963,281,0,1.1260450800183261,1.1804278622568172,0.8,1.3902417061791839,2.0617110638328873
top4,c62cb7f36fadfe42b994,A,60,7d,1d,0.2,equal,2192,1.139691884377553,0.1350325180795653,1.1900442142677456,1.7365185334045758,0.7948867204743505,-0.169876429686716,21.317263435184955,0.014922084404629467,-0.05509601005044963,281,0,1.1260450800183261,1.1804278622568172,0.8,1.3902417061791839,2.0617110638328873
top4,5d15dfce5698f78a1227,A,60,7d,1h,0.1,equal,2192,0.4764777133504621,0.06703520541772012,1.1900442142677456,1.7365185334045758,0.7736781899486377,-0.08664481730080875,10.658631717592478,0.007461042202314734,-0.027548005025224816,281,0,0.4717629905715581,1.1804278622568172,0.8,1.3902417061791839,1.9853532713852748
top4,615f45592fabd13f4ab1,A,60,7d,2h,0.1,equal,2192,0.4764777133504621,0.06703520541772012,1.1900442142677456,1.7365185334045758,0.7736781899486377,-0.08664481730080875,10.658631717592478,0.007461042202314734,-0.027548005025224816,281,0,0.4717629905715581,1.1804278622568172,0.8,1.3902417061791839,1.9853532713852748
top4,2321990cb71ade3256cd,A,60,7d,4h,0.1,equal,2192,0.4764777133504621,0.06703520541772012,1.1900442142677456,1.7365185334045758,0.7736781899486377,-0.08664481730080875,10.658631717592478,0.007461042202314734,-0.027548005025224816,281,0,0.4717629905715581,1.1804278622568172,0.8,1.3902417061791839,1.9853532713852748
top4,bbf5c8d194f1796933b6,A,60,7d,1d,0.1,equal,2192,0.4764777133504621,0.06703520541772012,1.1900442142677456,1.7365185334045758,0.7736781899486377,-0.08664481730080875,10.658631717592478,0.007461042202314734,-0.027548005025224816,281,0,0.4717629905715581,1.1804278622568172,0.8,1.3902417061791839,1.9853532713852748
top2,e2c3071d9554d6705481,A,60,3d,30m,0.1,capped_rank,2192,0.5902110906181044,0.08030195366443427,0.9747051761047894,1.4225821125674543,0.5062751945005722,-0.1586132493488055,23.472559330588904,0.016430791531412227,-0.00899715821610864,642,0,0.5790561772598657,0.9605593497431777,0.8,1.3890098369860435,2.2817945163855073
top2,46cdfb45fb96bdf12047,A,60,3d,1h,0.1,capped_rank,2192,0.5902110906181044,0.08030195366443427,0.9747051761047894,1.4225821125674543,0.5062751945005722,-0.1586132493488055,23.472559330588904,0.016430791531412227,-0.00899715821610864,642,0,0.5790561772598657,0.9605593497431777,0.8,1.3890098369860435,2.2817945163855073
top2,a68814ece3705e23398d,A,60,3d,2h,0.1,capped_rank,2192,0.5902110906181044,0.08030195366443427,0.9747051761047894,1.4225821125674543,0.5062751945005722,-0.1586132493488055,23.472559330588904,0.016430791531412227,-0.00899715821610864,642,0,0.5790561772598657,0.9605593497431777,0.8,1.3890098369860435,2.2817945163855073
top2,2040f1ec1a33df3c90b3,A,60,3d,4h,0.1,capped_rank,2192,0.5902110906181044,0.08030195366443427,0.9747051761047894,1.4225821125674543,0.5062751945005722,-0.1586132493488055,23.472559330588904,0.016430791531412227,-0.00899715821610864,642,0,0.5790561772598657,0.9605593497431777,0.8,1.3890098369860435,2.2817945163855073
top2,bdb4fa449525976ec0e3,A,60,3d,1d,0.1,capped_rank,2192,0.5902110906181044,0.08030195366443427,0.9747051761047894,1.4225821125674543,0.5062751945005722,-0.1586132493488055,23.472559330588904,0.016430791531412227,-0.00899715821610864,642,0,0.5790561772598657,0.9605593497431777,0.8,1.3890098369860435,2.2817945163855073
top2,63249fdce0ce839390ed,A,60,3d,30m,0.15,capped_rank,2192,0.9860129189757547,0.12103291601591559,0.9858919739074608,1.4459356369381706,0.5307460173143649,-0.22804300374848951,34.44628291550282,0.024112398040851975,-0.013286852739362127,642,0,0.9656039882897951,0.9719907971509794,0.8,1.3890098369860433,2.3179027947401853
top2,9da13b6ce77cd266a436,A,60,3d,1h,0.15,capped_rank,2192,0.9860129189757547,0.12103291601591559,0.9858919739074608,1.4459356369381706,0.5307460173143649,-0.22804300374848951,34.44628291550282,0.024112398040851975,-0.013286852739362127,642,0,0.9656039882897951,0.9719907971509794,0.8,1.3890098369860433,2.3179027947401853
top2,487a0a8516fe22fa3c6e,A,60,3d,2h,0.15,capped_rank,2192,0.9860129189757547,0.12103291601591559,0.9858919739074608,1.4459356369381706,0.5307460173143649,-0.22804300374848951,34.44628291550282,0.024112398040851975,-0.013286852739362127,642,0,0.9656039882897951,0.9719907971509794,0.8,1.3890098369860433,2.3179027947401853
top2,e8a1ddb36e003c592d7f,A,60,3d,4h,0.15,capped_rank,2192,0.9860129189757547,0.12103291601591559,0.9858919739074608,1.4459356369381706,0.5307460173143649,-0.22804300374848951,34.44628291550282,0.024112398040851975,-0.013286852739362127,642,0,0.9656039882897951,0.9719907971509794,0.8,1.3890098369860433,2.3179027947401853
top2,7b645c62e676028cbc35,A,60,3d,1d,0.15,capped_rank,2192,0.9860129189757547,0.12103291601591559,0.9858919739074608,1.4459356369381706,0.5307460173143649,-0.22804300374848951,34.44628291550282,0.024112398040851975,-0.013286852739362127,642,0,0.9656039882897951,0.9719907971509794,0.8,1.3890098369860433,2.3179027947401853
top2,129904a822a16c0869d5,A,90,6h,5m,0.2,capped_rank,2192,2.4801920590421784,0.23079250061635093,1.3425547133519178,2.1277155675757085,0.9574260306555936,-0.2410551763025669,72.1815835335898,0.050527108473512855,-0.05348353505044466,1878,0,2.405690194024489,1.320700684874573,0.8,1.3864266682776627,1.8347870196264522
top2,59547b9eda6d63ca7204,A,90,1d,5m,0.2,capped_rank,2192,2.4801920590421784,0.23079250061635093,1.3425547133519178,2.1277155675757085,0.9574260306555936,-0.2410551763025669,72.1815835335898,0.050527108473512855,-0.05348353505044466,1878,0,2.405690194024489,1.320700684874573,0.8,1.3864266682776627,1.8347870196264522
top2,9d5cf89efe2b404b6fae,A,90,12h,15m,0.2,capped_rank,2192,2.4801920590421784,0.23079250061635093,1.3425547133519178,2.1277155675757085,0.9574260306555936,-0.2410551763025669,72.1815835335898,0.050527108473512855,-0.05348353505044466,1878,0,2.405690194024489,1.320700684874573,0.8,1.3864266682776627,1.8347870196264522
top2,43b282359da88272f225,A,90,1d,15m,0.2,capped_rank,2192,2.4801920590421784,0.23079250061635093,1.3425547133519178,2.1277155675757085,0.9574260306555936,-0.2410551763025669,72.1815835335898,0.050527108473512855,-0.05348353505044466,1878,0,2.405690194024489,1.320700684874573,0.8,1.3864266682776627,1.8347870196264522
top2,4f38a279bc7a30430b1c,A,90,1d,30m,0.2,capped_rank,2192,2.4801920590421784,0.23079250061635093,1.3425547133519178,2.1277155675757085,0.9574260306555936,-0.2410551763025669,72.1815835335898,0.050527108473512855,-0.05348353505044466,1878,0,2.405690194024489,1.320700684874573,0.8,1.3864266682776627,1.8347870196264522
top2,645697cf74ea586c03d2,A,90,1d,1h,0.2,capped_rank,2192,2.4801920590421784,0.23079250061635093,1.3425547133519178,2.1277155675757085,0.9574260306555936,-0.2410551763025669,72.1815835335898,0.050527108473512855,-0.05348353505044466,1878,0,2.405690194024489,1.320700684874573,0.8,1.3864266682776627,1.8347870196264522
top2,fb03f0ea3657e2351206,A,90,1d,2h,0.2,capped_rank,2192,2.4801920590421784,0.23079250061635093,1.3425547133519178,2.1277155675757085,0.9574260306555936,-0.2410551763025669,72.1815835335898,0.050527108473512855,-0.05348353505044466,1878,0,2.405690194024489,1.320700684874573,0.8,1.3864266682776627,1.8347870196264522
top2,c8801a3c4f9a66938c9e,A,90,1d,4h,0.2,capped_rank,2192,2.4801920590421784,0.23079250061635093,1.3425547133519178,2.1277155675757085,0.9574260306555936,-0.2410551763025669,72.1815835335898,0.050527108473512855,-0.05348353505044466,1878,0,2.405690194024489,1.320700684874573,0.8,1.3864266682776627,1.8347870196264522
top2,4528874569e01d7a195c,A,90,6h,5m,0.1,capped_rank,2192,0.9154099723533609,0.11429633223420366,1.34522923524489,2.120124253423535,0.9164918183402365,-0.12471069566250348,38.75130750277157,0.027125915251940094,-0.027085938966994905,1928,0,0.8932801520593487,1.3219531758010539,0.8,1.3864266682776627,1.833911941074697
top2,6889e5454aef09aad7e1,A,90,1d,5m,0.1,capped_rank,2192,0.9154099723533609,0.11429633223420366,1.34522923524489,2.120124253423535,0.9164918183402365,-0.12471069566250348,38.75130750277157,0.027125915251940094,-0.027085938966994905,1928,0,0.8932801520593487,1.3219531758010539,0.8,1.3864266682776627,1.833911941074697
top2,77e70a27dd216d666966,A,90,12h,15m,0.1,capped_rank,2192,0.9154099723533609,0.11429633223420366,1.34522923524489,2.120124253423535,0.9164918183402365,-0.12471069566250348,38.75130750277157,0.027125915251940094,-0.027085938966994905,1928,0,0.8932801520593487,1.3219531758010539,0.8,1.3864266682776627,1.833911941074697
top2,f527a696fcb0a805bcc2,A,90,1d,15m,0.1,capped_rank,2192,0.9154099723533609,0.11429633223420366,1.34522923524489,2.120124253423535,0.9164918183402365,-0.12471069566250348,38.75130750277157,0.027125915251940094,-0.027085938966994905,1928,0,0.8932801520593487,1.3219531758010539,0.8,1.3864266682776627,1.833911941074697
top2,d7bec6ada33373c7e219,A,90,1d,30m,0.1,capped_rank,2192,0.9154099723533609,0.11429633223420366,1.34522923524489,2.120124253423535,0.9164918183402365,-0.12471069566250348,38.75130750277157,0.027125915251940094,-0.027085938966994905,1928,0,0.8932801520593487,1.3219531758010539,0.8,1.3864266682776627,1.833911941074697
top2,5dff1ffd92c3e9ab355f,A,90,1d,1h,0.1,capped_rank,2192,0.9154099723533609,0.11429633223420366,1.34522923524489,2.120124253423535,0.9164918183402365,-0.12471069566250348,38.75130750277157,0.027125915251940094,-0.027085938966994905,1928,0,0.8932801520593487,1.3219531758010539,0.8,1.3864266682776627,1.833911941074697
top2,0b2c4938e78a6e47772c,A,90,1d,2h,0.1,capped_rank,2192,0.9154099723533609,0.11429633223420366,1.34522923524489,2.120124253423535,0.9164918183402365,-0.12471069566250348,38.75130750277157,0.027125915251940094,-0.027085938966994905,1928,0,0.8932801520593487,1.3219531758010539,0.8,1.3864266682776627,1.833911941074697
top2,bdc612aafd2b3697a3e2,A,90,1d,4h,0.1,capped_rank,2192,0.9154099723533609,0.11429633223420366,1.34522923524489,2.120124253423535,0.9164918183402365,-0.12471069566250348,38.75130750277157,0.027125915251940094,-0.027085938966994905,1928,0,0.8932801520593487,1.3219531758010539,0.8,1.3864266682776627,1.833911941074697
top2,17673606a28cab073693,A,90,6h,5m,0.2,equal,2192,0.7006566981764899,0.09244866815179709,1.396058835318255,2.1993024557912,1.1288981040830108,-0.0818928367559727,28.077366147197175,0.019654156303038024,-0.021402365540065228,1933,0,0.6863974020706998,1.374502346909513,0.8,1.3864266682776627,1.654756568909542
top2,96b33f0eace8c7d5f2a4,A,90,1d,5m,0.2,equal,2192,0.7006566981764899,0.09244866815179709,1.396058835318255,2.1993024557912,1.1288981040830108,-0.0818928367559727,28.077366147197175,0.019654156303038024,-0.021402365540065228,1933,0,0.6863974020706998,1.374502346909513,0.8,1.3864266682776627,1.654756568909542
top2,47322bc1bfca81f60e7f,A,90,12h,15m,0.2,equal,2192,0.7006566981764899,0.09244866815179709,1.396058835318255,2.1993024557912,1.1288981040830108,-0.0818928367559727,28.077366147197175,0.019654156303038024,-0.021402365540065228,1933,0,0.6863974020706998,1.374502346909513,0.8,1.3864266682776627,1.654756568909542
top2,c5608a6b01c2fa3a912b,A,90,1d,15m,0.2,equal,2192,0.7006566981764899,0.09244866815179709,1.396058835318255,2.1993024557912,1.1288981040830108,-0.0818928367559727,28.077366147197175,0.019654156303038024,-0.021402365540065228,1933,0,0.6863974020706998,1.374502346909513,0.8,1.3864266682776627,1.654756568909542
top2,ab411430c373844a3bc7,A,90,1d,30m,0.2,equal,2192,0.7006566981764899,0.09244866815179709,1.396058835318255,2.1993024557912,1.1288981040830108,-0.0818928367559727,28.077366147197175,0.019654156303038024,-0.021402365540065228,1933,0,0.6863974020706998,1.374502346909513,0.8,1.3864266682776627,1.654756568909542
top2,066820f3a3a88095430b,A,90,1d,1h,0.2,equal,2192,0.7006566981764899,0.09244866815179709,1.396058835318255,2.1993024557912,1.1288981040830108,-0.0818928367559727,28.077366147197175,0.019654156303038024,-0.021402365540065228,1933,0,0.6863974020706998,1.374502346909513,0.8,1.3864266682776627,1.654756568909542
top2,b4fdfadddade79417fd2,A,90,1d,2h,0.2,equal,2192,0.7006566981764899,0.09244866815179709,1.396058835318255,2.1993024557912,1.1288981040830108,-0.0818928367559727,28.077366147197175,0.019654156303038024,-0.021402365540065228,1933,0,0.6863974020706998,1.374502346909513,0.8,1.3864266682776627,1.654756568909542
top2,9780158d8f040ed8a75f,A,90,1d,4h,0.2,equal,2192,0.7006566981764899,0.09244866815179709,1.396058835318255,2.1993024557912,1.1288981040830108,-0.0818928367559727,28.077366147197175,0.019654156303038024,-0.021402365540065228,1933,0,0.6863974020706998,1.374502346909513,0.8,1.3864266682776627,1.654756568909542
top2,77a3af3da98f569990ea,A,90,6h,5m,0.1,equal,2192,0.308220008747774,0.04575284422240733,1.396058835318255,2.1993024557912,1.1128462611249947,-0.04111335574435504,14.038683073598587,0.009827078151519012,-0.010701182770032614,1933,0,0.3027229785008687,1.374502346909513,0.8,1.3864266682776627,1.6196533459891145
top2,5364ff2832fb8d5c504f,A,90,1d,5m,0.1,equal,2192,0.308220008747774,0.04575284422240733,1.396058835318255,2.1993024557912,1.1128462611249947,-0.04111335574435504,14.038683073598587,0.009827078151519012,-0.010701182770032614,1933,0,0.3027229785008687,1.374502346909513,0.8,1.3864266682776627,1.6196533459891145
top2,586ae7df132a8b5eb481,A,90,12h,15m,0.1,equal,2192,0.308220008747774,0.04575284422240733,1.396058835318255,2.1993024557912,1.1128462611249947,-0.04111335574435504,14.038683073598587,0.009827078151519012,-0.010701182770032614,1933,0,0.3027229785008687,1.374502346909513,0.8,1.3864266682776627,1.6196533459891145
top2,df6c89e9bac31bd3fa1a,A,90,1d,15m,0.1,equal,2192,0.308220008747774,0.04575284422240733,1.396058835318255,2.1993024557912,1.1128462611249947,-0.04111335574435504,14.038683073598587,0.009827078151519012,-0.010701182770032614,1933,0,0.3027229785008687,1.374502346909513,0.8,1.3864266682776627,1.6196533459891145
top2,2cbe8f7025a01fa57469,A,90,1d,30m,0.1,equal,2192,0.308220008747774,0.04575284422240733,1.396058835318255,2.1993024557912,1.1128462611249947,-0.04111335574435504,14.038683073598587,0.009827078151519012,-0.010701182770032614,1933,0,0.3027229785008687,1.374502346909513,0.8,1.3864266682776627,1.6196533459891145
top2,7dd62478901cdd604c2d,A,90,1d,1h,0.1,equal,2192,0.308220008747774,0.04575284422240733,1.396058835318255,2.1993024557912,1.1128462611249947,-0.04111335574435504,14.038683073598587,0.009827078151519012,-0.010701182770032614,1933,0,0.3027229785008687,1.374502346909513,0.8,1.3864266682776627,1.6196533459891145
top2,9d97fc700f4585750bbe,A,90,1d,2h,0.1,equal,2192,0.308220008747774,0.04575284422240733,1.396058835318255,2.1993024557912,1.1128462611249947,-0.04111335574435504,14.038683073598587,0.009827078151519012,-0.010701182770032614,1933,0,0.3027229785008687,1.374502346909513,0.8,1.3864266682776627,1.6196533459891145
top2,c84b6ea39083941b1f3e,A,90,1d,4h,0.1,equal,2192,0.308220008747774,0.04575284422240733,1.396058835318255,2.1993024557912,1.1128462611249947,-0.04111335574435504,14.038683073598587,0.009827078151519012,-0.010701182770032614,1933,0,0.3027229785008687,1.374502346909513,0.8,1.3864266682776627,1.6196533459891145
top2,7b7ed7999dfe0afb7ea6,A,90,6h,5m,0.15,capped_rank,2192,1.5834313749389883,0.17121548652450835,1.3334097342987046,2.0999887340371717,0.9070999913142798,-0.18875040035711776,56.21673081341561,0.03935171156939093,-0.04045739981797256,1912,0,1.5402507495996178,1.3108583140926997,0.8,1.3864266682776625,1.7274085126214314
top2,15783d44d4cccba72cc1,A,90,1d,5m,0.15,capped_rank,2192,1.5834313749389883,0.17121548652450835,1.3334097342987046,2.0999887340371717,0.9070999913142798,-0.18875040035711776,56.21673081341561,0.03935171156939093,-0.04045739981797256,1912,0,1.5402507495996178,1.3108583140926997,0.8,1.3864266682776625,1.7274085126214314
top2,49479f9a09eb5b07886a,A,90,12h,15m,0.15,capped_rank,2192,1.5834313749389883,0.17121548652450835,1.3334097342987046,2.0999887340371717,0.9070999913142798,-0.18875040035711776,56.21673081341561,0.03935171156939093,-0.04045739981797256,1912,0,1.5402507495996178,1.3108583140926997,0.8,1.3864266682776625,1.7274085126214314
top2,055fa355a79195d1da64,A,90,1d,15m,0.15,capped_rank,2192,1.5834313749389883,0.17121548652450835,1.3334097342987046,2.0999887340371717,0.9070999913142798,-0.18875040035711776,56.21673081341561,0.03935171156939093,-0.04045739981797256,1912,0,1.5402507495996178,1.3108583140926997,0.8,1.3864266682776625,1.7274085126214314
top2,cbfddbafe9d4823de99a,A,90,1d,30m,0.15,capped_rank,2192,1.5834313749389883,0.17121548652450835,1.3334097342987046,2.0999887340371717,0.9070999913142798,-0.18875040035711776,56.21673081341561,0.03935171156939093,-0.04045739981797256,1912,0,1.5402507495996178,1.3108583140926997,0.8,1.3864266682776625,1.7274085126214314
top2,dbb6a27d6aa76fba4ab2,A,90,1d,1h,0.15,capped_rank,2192,1.5834313749389883,0.17121548652450835,1.3334097342987046,2.0999887340371717,0.9070999913142798,-0.18875040035711776,56.21673081341561,0.03935171156939093,-0.04045739981797256,1912,0,1.5402507495996178,1.3108583140926997,0.8,1.3864266682776625,1.7274085126214314
top2,748d27ec7bf3bfb3234d,A,90,1d,2h,0.15,capped_rank,2192,1.5834313749389883,0.17121548652450835,1.3334097342987046,2.0999887340371717,0.9070999913142798,-0.18875040035711776,56.21673081341561,0.03935171156939093,-0.04045739981797256,1912,0,1.5402507495996178,1.3108583140926997,0.8,1.3864266682776625,1.7274085126214314
top2,ebd8b98cbb93a0669780,A,90,1d,4h,0.15,capped_rank,2192,1.5834313749389883,0.17121548652450835,1.3334097342987046,2.0999887340371717,0.9070999913142798,-0.18875040035711776,56.21673081341561,0.03935171156939093,-0.04045739981797256,1912,0,1.5402507495996178,1.3108583140926997,0.8,1.3864266682776625,1.7274085126214314
top2,9330ad02b32a8a35e3b4,A,90,6h,5m,0.15,equal,2192,0.4927639196282996,0.06898611221405937,1.396058835318255,2.1993024557911998,1.120785877825258,-0.06155155376147148,21.05802461039788,0.014740617227278516,-0.016051774155048923,1933,0,0.4833660106974307,1.3745023469095132,0.8,1.3864266682776625,1.637196077082517
top2,6b35d6da07acc6fc1cf1,A,90,1d,5m,0.15,equal,2192,0.4927639196282996,0.06898611221405937,1.396058835318255,2.1993024557911998,1.120785877825258,-0.06155155376147148,21.05802461039788,0.014740617227278516,-0.016051774155048923,1933,0,0.4833660106974307,1.3745023469095132,0.8,1.3864266682776625,1.637196077082517
top2,179a3b80c0e115cc724b,A,90,12h,15m,0.15,equal,2192,0.4927639196282996,0.06898611221405937,1.396058835318255,2.1993024557911998,1.120785877825258,-0.06155155376147148,21.05802461039788,0.014740617227278516,-0.016051774155048923,1933,0,0.4833660106974307,1.3745023469095132,0.8,1.3864266682776625,1.637196077082517
top2,dcf35a1149dfd534a719,A,90,1d,15m,0.15,equal,2192,0.4927639196282996,0.06898611221405937,1.396058835318255,2.1993024557911998,1.120785877825258,-0.06155155376147148,21.05802461039788,0.014740617227278516,-0.016051774155048923,1933,0,0.4833660106974307,1.3745023469095132,0.8,1.3864266682776625,1.637196077082517
top2,49e1389498a3c3ff9131,A,90,1d,30m,0.15,equal,2192,0.4927639196282996,0.06898611221405937,1.396058835318255,2.1993024557911998,1.120785877825258,-0.06155155376147148,21.05802461039788,0.014740617227278516,-0.016051774155048923,1933,0,0.4833660106974307,1.3745023469095132,0.8,1.3864266682776625,1.637196077082517
top2,cc5ed51bd284693b180f,A,90,1d,1h,0.15,equal,2192,0.4927639196282996,0.06898611221405937,1.396058835318255,2.1993024557911998,1.120785877825258,-0.06155155376147148,21.05802461039788,0.014740617227278516,-0.016051774155048923,1933,0,0.4833660106974307,1.3745023469095132,0.8,1.3864266682776625,1.637196077082517
top2,a8c4ecff7481f89b9182,A,90,1d,2h,0.15,equal,2192,0.4927639196282996,0.06898611221405937,1.396058835318255,2.1993024557911998,1.120785877825258,-0.06155155376147148,21.05802461039788,0.014740617227278516,-0.016051774155048923,1933,0,0.4833660106974307,1.3745023469095132,0.8,1.3864266682776625,1.637196077082517
top2,9da48525ae368101561e,A,90,1d,4h,0.15,equal,2192,0.4927639196282996,0.06898611221405937,1.396058835318255,2.1993024557911998,1.120785877825258,-0.06155155376147148,21.05802461039788,0.014740617227278516,-0.016051774155048923,1933,0,0.4833660106974307,1.3745023469095132,0.8,1.3864266682776625,1.637196077082517
top20pct,96bb752b1c89e68f18f6,A,90,6h,5m,0.2,capped_rank,2192,1.8171823599317123,0.18823066881967865,1.1951849580872533,1.8133259930090249,0.8151594121681531,-0.23091270984533507,80.58684055601503,0.05641078838921053,-0.055541430362537926,1876,0,1.7499306433318038,1.1691230214236967,0.8,1.3800784137248086,1.5707901457437845
top20pct,84309f228e2898ac9629,A,90,1d,5m,0.2,capped_rank,2192,1.8171823599317123,0.18823066881967865,1.1951849580872533,1.8133259930090249,0.8151594121681531,-0.23091270984533507,80.58684055601503,0.05641078838921053,-0.055541430362537926,1876,0,1.7499306433318038,1.1691230214236967,0.8,1.3800784137248086,1.5707901457437845
top20pct,3b0c57d48ba72c951806,A,90,12h,15m,0.2,capped_rank,2192,1.8171823599317123,0.18823066881967865,1.1951849580872533,1.8133259930090249,0.8151594121681531,-0.23091270984533507,80.58684055601503,0.05641078838921053,-0.055541430362537926,1876,0,1.7499306433318038,1.1691230214236967,0.8,1.3800784137248086,1.5707901457437845
top20pct,cc4e42b80357b84bf494,A,90,1d,15m,0.2,capped_rank,2192,1.8171823599317123,0.18823066881967865,1.1951849580872533,1.8133259930090249,0.8151594121681531,-0.23091270984533507,80.58684055601503,0.05641078838921053,-0.055541430362537926,1876,0,1.7499306433318038,1.1691230214236967,0.8,1.3800784137248086,1.5707901457437845
top20pct,a47f54c85859a9153f11,A,90,1d,30m,0.2,capped_rank,2192,1.8171823599317123,0.18823066881967865,1.1951849580872533,1.8133259930090249,0.8151594121681531,-0.23091270984533507,80.58684055601503,0.05641078838921053,-0.055541430362537926,1876,0,1.7499306433318038,1.1691230214236967,0.8,1.3800784137248086,1.5707901457437845
top20pct,9fa420caa0def397574d,A,90,1d,1h,0.2,capped_rank,2192,1.8171823599317123,0.18823066881967865,1.1951849580872533,1.8133259930090249,0.8151594121681531,-0.23091270984533507,80.58684055601503,0.05641078838921053,-0.055541430362537926,1876,0,1.7499306433318038,1.1691230214236967,0.8,1.3800784137248086,1.5707901457437845
top20pct,ee742806dc25aa680338,A,90,1d,2h,0.2,capped_rank,2192,1.8171823599317123,0.18823066881967865,1.1951849580872533,1.8133259930090249,0.8151594121681531,-0.23091270984533507,80.58684055601503,0.05641078838921053,-0.055541430362537926,1876,0,1.7499306433318038,1.1691230214236967,0.8,1.3800784137248086,1.5707901457437845
top20pct,0c436cadd3693cc39004,A,90,1d,4h,0.2,capped_rank,2192,1.8171823599317123,0.18823066881967865,1.1951849580872533,1.8133259930090249,0.8151594121681531,-0.23091270984533507,80.58684055601503,0.05641078838921053,-0.055541430362537926,1876,0,1.7499306433318038,1.1691230214236967,0.8,1.3800784137248086,1.5707901457437845
top2,a49c000c66f350cd9f0f,A,14,3d,30m,0.2,equal,2192,0.7021378093928157,0.09260703592201658,1.3606023162016203,2.338177211117426,1.0551352931420532,-0.08776792561477598,36.38700682173004,0.025470904775211026,-0.00874767951940354,678,0,0.6836624129479125,1.3333655521292203,0.8,1.3783323396546725,1.6058089536942781
top2,1be937a51e02f3100008,A,14,3d,1h,0.2,equal,2192,0.7021378093928157,0.09260703592201658,1.3606023162016203,2.338177211117426,1.0551352931420532,-0.08776792561477598,36.38700682173004,0.025470904775211026,-0.00874767951940354,678,0,0.6836624129479125,1.3333655521292203,0.8,1.3783323396546725,1.6058089536942781
top2,4cd5c5fc5c4962214bb2,A,14,3d,2h,0.2,equal,2192,0.7021378093928157,0.09260703592201658,1.3606023162016203,2.338177211117426,1.0551352931420532,-0.08776792561477598,36.38700682173004,0.025470904775211026,-0.00874767951940354,678,0,0.6836624129479125,1.3333655521292203,0.8,1.3783323396546725,1.6058089536942781
top2,fa49f75373730658f5ec,A,14,3d,4h,0.2,equal,2192,0.7021378093928157,0.09260703592201658,1.3606023162016203,2.338177211117426,1.0551352931420532,-0.08776792561477598,36.38700682173004,0.025470904775211026,-0.00874767951940354,678,0,0.6836624129479125,1.3333655521292203,0.8,1.3783323396546725,1.6058089536942781
top2,b745b7ea2438ca3f061c,A,14,3d,1d,0.2,equal,2192,0.7021378093928157,0.09260703592201658,1.3606023162016203,2.338177211117426,1.0551352931420532,-0.08776792561477598,36.38700682173004,0.025470904775211026,-0.00874767951940354,678,0,0.6836624129479125,1.3333655521292203,0.8,1.3783323396546725,1.6058089536942781
top2,b53734d3641e1beab3f9,A,14,3d,30m,0.1,equal,2192,0.30902765420180023,0.045860319760156365,1.3606023162016203,2.338177211117426,1.0284523369042744,-0.04459158496172966,18.19350341086502,0.012735452387605513,-0.00437383975970177,678,0,0.30190323243104844,1.3333655521292203,0.8,1.3783323396546725,1.5744148135025202
top2,c99d6e7f910582afc79c,A,14,3d,1h,0.1,equal,2192,0.30902765420180023,0.045860319760156365,1.3606023162016203,2.338177211117426,1.0284523369042744,-0.04459158496172966,18.19350341086502,0.012735452387605513,-0.00437383975970177,678,0,0.30190323243104844,1.3333655521292203,0.8,1.3783323396546725,1.5744148135025202
top2,9c38ffc90df2cccdbc23,A,14,3d,2h,0.1,equal,2192,0.30902765420180023,0.045860319760156365,1.3606023162016203,2.338177211117426,1.0284523369042744,-0.04459158496172966,18.19350341086502,0.012735452387605513,-0.00437383975970177,678,0,0.30190323243104844,1.3333655521292203,0.8,1.3783323396546725,1.5744148135025202
top2,88b95f061dacd78d14e8,A,14,3d,4h,0.1,equal,2192,0.30902765420180023,0.045860319760156365,1.3606023162016203,2.338177211117426,1.0284523369042744,-0.04459158496172966,18.19350341086502,0.012735452387605513,-0.00437383975970177,678,0,0.30190323243104844,1.3333655521292203,0.8,1.3783323396546725,1.5744148135025202
top2,9dc146f6015c5b13c755,A,14,3d,1d,0.1,equal,2192,0.30902765420180023,0.045860319760156365,1.3606023162016203,2.338177211117426,1.0284523369042744,-0.04459158496172966,18.19350341086502,0.012735452387605513,-0.00437383975970177,678,0,0.30190323243104844,1.3333655521292203,0.8,1.3783323396546725,1.5744148135025202
top2,082b83176335ac2b3c14,A,14,3d,30m,0.15,equal,2192,0.4939418370649302,0.06912652457070001,1.36060231620162,2.3381772111174253,1.0417542295581539,-0.06635588568718276,27.290255116297526,0.01910317858140827,-0.006560759639552654,678,0,0.48176290387766096,1.33336555212922,0.8,1.378332339654672,1.5901147314317503
top2,a86686a3d7a6d44eada3,A,14,3d,1h,0.15,equal,2192,0.4939418370649302,0.06912652457070001,1.36060231620162,2.3381772111174253,1.0417542295581539,-0.06635588568718276,27.290255116297526,0.01910317858140827,-0.006560759639552654,678,0,0.48176290387766096,1.33336555212922,0.8,1.378332339654672,1.5901147314317503
top2,f3ca98d006367df479b4,A,14,3d,2h,0.15,equal,2192,0.4939418370649302,0.06912652457070001,1.36060231620162,2.3381772111174253,1.0417542295581539,-0.06635588568718276,27.290255116297526,0.01910317858140827,-0.006560759639552654,678,0,0.48176290387766096,1.33336555212922,0.8,1.378332339654672,1.5901147314317503
top2,51cc39b36968815f3d7d,A,14,3d,4h,0.15,equal,2192,0.4939418370649302,0.06912652457070001,1.36060231620162,2.3381772111174253,1.0417542295581539,-0.06635588568718276,27.290255116297526,0.01910317858140827,-0.006560759639552654,678,0,0.48176290387766096,1.33336555212922,0.8,1.378332339654672,1.5901147314317503
top2,4107392a7cef9911e61d,A,14,3d,1d,0.15,equal,2192,0.4939418370649302,0.06912652457070001,1.36060231620162,2.3381772111174253,1.0417542295581539,-0.06635588568718276,27.290255116297526,0.01910317858140827,-0.006560759639552654,678,0,0.48176290387766096,1.33336555212922,0.8,1.378332339654672,1.5901147314317503
top4,dc21e183dd2a8eb4d231,A,14,6h,5m,0.15,capped_rank,2192,1.2734732724387423,0.14655282217289844,1.1559566551594844,1.6194330161730277,0.7770533170975736,-0.1886007291240943,146.80322848377514,0.10276225993864259,-0.035305418649183164,1988,0,1.1755470600505635,1.0973091158268784,0.8,1.3713123522706878,1.5191397245726848
top4,aaac0a5441be4718b7df,A,14,1d,5m,0.15,capped_rank,2192,1.2734732724387423,0.14655282217289844,1.1559566551594844,1.6194330161730277,0.7770533170975736,-0.1886007291240943,146.80322848377514,0.10276225993864259,-0.035305418649183164,1988,0,1.1755470600505635,1.0973091158268784,0.8,1.3713123522706878,1.5191397245726848
top4,10ef454b586d225c359b,A,14,12h,15m,0.15,capped_rank,2192,1.2734732724387423,0.14655282217289844,1.1559566551594844,1.6194330161730277,0.7770533170975736,-0.1886007291240943,146.80322848377514,0.10276225993864259,-0.035305418649183164,1988,0,1.1755470600505635,1.0973091158268784,0.8,1.3713123522706878,1.5191397245726848
top4,3a72d619b39ba2ba1e76,A,14,1d,15m,0.15,capped_rank,2192,1.2734732724387423,0.14655282217289844,1.1559566551594844,1.6194330161730277,0.7770533170975736,-0.1886007291240943,146.80322848377514,0.10276225993864259,-0.035305418649183164,1988,0,1.1755470600505635,1.0973091158268784,0.8,1.3713123522706878,1.5191397245726848
top4,6590a42c213eae794103,A,14,1d,30m,0.15,capped_rank,2192,1.2734732724387423,0.14655282217289844,1.1559566551594844,1.6194330161730277,0.7770533170975736,-0.1886007291240943,146.80322848377514,0.10276225993864259,-0.035305418649183164,1988,0,1.1755470600505635,1.0973091158268784,0.8,1.3713123522706878,1.5191397245726848
top4,88714a0814271f008b82,A,14,1d,1h,0.15,capped_rank,2192,1.2734732724387423,0.14655282217289844,1.1559566551594844,1.6194330161730277,0.7770533170975736,-0.1886007291240943,146.80322848377514,0.10276225993864259,-0.035305418649183164,1988,0,1.1755470600505635,1.0973091158268784,0.8,1.3713123522706878,1.5191397245726848
top4,d3be00b81ca6713e63ee,A,14,1d,2h,0.15,capped_rank,2192,1.2734732724387423,0.14655282217289844,1.1559566551594844,1.6194330161730277,0.7770533170975736,-0.1886007291240943,146.80322848377514,0.10276225993864259,-0.035305418649183164,1988,0,1.1755470600505635,1.0973091158268784,0.8,1.3713123522706878,1.5191397245726848
top4,41fed1dd99f9ed553f4d,A,14,1d,4h,0.15,capped_rank,2192,1.2734732724387423,0.14655282217289844,1.1559566551594844,1.6194330161730277,0.7770533170975736,-0.1886007291240943,146.80322848377514,0.10276225993864259,-0.035305418649183164,1988,0,1.1755470600505635,1.0973091158268784,0.8,1.3713123522706878,1.5191397245726848
top4,f2165858a61f3068b6db,A,14,6h,5m,0.1,capped_rank,2192,0.7437233650411952,0.09700736532104282,1.1397493324908028,1.5822611981183536,0.7485413916512307,-0.12959519193327607,99.70161553222225,0.06979113087255556,-0.023163255866115888,1999,0,0.6923482447882081,1.0806624901284816,0.8,1.3713123522706878,1.4833574501920284
top4,457713667bd5d3bff20f,A,14,1d,5m,0.1,capped_rank,2192,0.7437233650411952,0.09700736532104282,1.1397493324908028,1.5822611981183536,0.7485413916512307,-0.12959519193327607,99.70161553222225,0.06979113087255556,-0.023163255866115888,1999,0,0.6923482447882081,1.0806624901284816,0.8,1.3713123522706878,1.4833574501920284
top4,154475b80b428d0eaca5,A,14,12h,15m,0.1,capped_rank,2192,0.7437233650411952,0.09700736532104282,1.1397493324908028,1.5822611981183536,0.7485413916512307,-0.12959519193327607,99.70161553222225,0.06979113087255556,-0.023163255866115888,1999,0,0.6923482447882081,1.0806624901284816,0.8,1.3713123522706878,1.4833574501920284
top4,48416c3fed613dcc4c92,A,14,1d,15m,0.1,capped_rank,2192,0.7437233650411952,0.09700736532104282,1.1397493324908028,1.5822611981183536,0.7485413916512307,-0.12959519193327607,99.70161553222225,0.06979113087255556,-0.023163255866115888,1999,0,0.6923482447882081,1.0806624901284816,0.8,1.3713123522706878,1.4833574501920284
top4,91670895fad25ed324df,A,14,1d,30m,0.1,capped_rank,2192,0.7437233650411952,0.09700736532104282,1.1397493324908028,1.5822611981183536,0.7485413916512307,-0.12959519193327607,99.70161553222225,0.06979113087255556,-0.023163255866115888,1999,0,0.6923482447882081,1.0806624901284816,0.8,1.3713123522706878,1.4833574501920284
top4,d23a670bc9f2125cd838,A,14,1d,1h,0.1,capped_rank,2192,0.7437233650411952,0.09700736532104282,1.1397493324908028,1.5822611981183536,0.7485413916512307,-0.12959519193327607,99.70161553222225,0.06979113087255556,-0.023163255866115888,1999,0,0.6923482447882081,1.0806624901284816,0.8,1.3713123522706878,1.4833574501920284
top4,e72017bdea88155d1fd2,A,14,1d,2h,0.1,capped_rank,2192,0.7437233650411952,0.09700736532104282,1.1397493324908028,1.5822611981183536,0.7485413916512307,-0.12959519193327607,99.70161553222225,0.06979113087255556,-0.023163255866115888,1999,0,0.6923482447882081,1.0806624901284816,0.8,1.3713123522706878,1.4833574501920284
top4,0360babb6f76749a5c86,A,14,1d,4h,0.1,capped_rank,2192,0.7437233650411952,0.09700736532104282,1.1397493324908028,1.5822611981183536,0.7485413916512307,-0.12959519193327607,99.70161553222225,0.06979113087255556,-0.023163255866115888,1999,0,0.6923482447882081,1.0806624901284816,0.8,1.3713123522706878,1.4833574501920284
top2,24846e082ed414d1eba3,A,90,7d,1h,0.1,capped_rank,2192,0.8218715890234818,0.10504511936844607,1.2589498384022746,1.9460686203866602,0.7947894752096247,-0.13216722496324018,13.735308742220058,0.009614716119554039,-0.030107303777761912,283,0,0.8143759934445376,1.2504851559385053,0.8,1.3707903055910557,2.194952342953103
top2,e4ec44461ae9d9d909ee,A,90,7d,2h,0.1,capped_rank,2192,0.8218715890234818,0.10504511936844607,1.2589498384022746,1.9460686203866602,0.7947894752096247,-0.13216722496324018,13.735308742220058,0.009614716119554039,-0.030107303777761912,283,0,0.8143759934445376,1.2504851559385053,0.8,1.3707903055910557,2.194952342953103
top2,6dee5ac0f97335a3ee5e,A,90,7d,4h,0.1,capped_rank,2192,0.8218715890234818,0.10504511936844607,1.2589498384022746,1.9460686203866602,0.7947894752096247,-0.13216722496324018,13.735308742220058,0.009614716119554039,-0.030107303777761912,283,0,0.8143759934445376,1.2504851559385053,0.8,1.3707903055910557,2.194952342953103
top2,9407ef54afa54a282d4b,A,90,7d,1d,0.1,capped_rank,2192,0.8218715890234818,0.10504511936844607,1.2589498384022746,1.9460686203866602,0.7947894752096247,-0.13216722496324018,13.735308742220058,0.009614716119554039,-0.030107303777761912,283,0,0.8143759934445376,1.2504851559385053,0.8,1.3707903055910557,2.194952342953103
top4,23846f227e674dc7801d,A,14,7d,1h,0.15,equal,2192,0.7267789967526905,0.09522508787820416,1.1613551771920354,1.67463075978935,0.620036500064985,-0.1535798100083201,29.314350327151395,0.020520045229005975,-0.03530381350516761,301,0,0.7116528032973568,1.1431362255570219,0.8,1.3662096661401668,1.4126377878859926
top4,19128e78d500c88a271d,A,14,7d,2h,0.15,equal,2192,0.7267789967526905,0.09522508787820416,1.1613551771920354,1.67463075978935,0.620036500064985,-0.1535798100083201,29.314350327151395,0.020520045229005975,-0.03530381350516761,301,0,0.7116528032973568,1.1431362255570219,0.8,1.3662096661401668,1.4126377878859926
top4,d6fe2e5cc95679f8fd78,A,14,7d,4h,0.15,equal,2192,0.7267789967526905,0.09522508787820416,1.1613551771920354,1.67463075978935,0.620036500064985,-0.1535798100083201,29.314350327151395,0.020520045229005975,-0.03530381350516761,301,0,0.7116528032973568,1.1431362255570219,0.8,1.3662096661401668,1.4126377878859926
top4,09c94645c314ffbc9f11,A,14,7d,1d,0.15,equal,2192,0.7267789967526905,0.09522508787820416,1.1613551771920354,1.67463075978935,0.620036500064985,-0.1535798100083201,29.314350327151395,0.020520045229005975,-0.03530381350516761,301,0,0.7116528032973568,1.1431362255570219,0.8,1.3662096661401668,1.4126377878859926
top4,54496547e1b1218472a7,A,14,7d,1h,0.2,equal,2192,1.0535081628643885,0.1272888675372561,1.1613551771920356,1.6746307597893502,0.6322312907884735,-0.2013327549456,39.085800436201865,0.027360060305341303,-0.04707175134022349,301,0,1.029554995101313,1.1431362255570217,0.8,1.3662096661401661,1.4375518217685919
top4,35f8b02c0bda58a7bcf1,A,14,7d,2h,0.2,equal,2192,1.0535081628643885,0.1272888675372561,1.1613551771920356,1.6746307597893502,0.6322312907884735,-0.2013327549456,39.085800436201865,0.027360060305341303,-0.04707175134022349,301,0,1.029554995101313,1.1431362255570217,0.8,1.3662096661401661,1.4375518217685919
top4,7545492bb417411d0cfc,A,14,7d,4h,0.2,equal,2192,1.0535081628643885,0.1272888675372561,1.1613551771920356,1.6746307597893502,0.6322312907884735,-0.2013327549456,39.085800436201865,0.027360060305341303,-0.04707175134022349,301,0,1.029554995101313,1.1431362255570217,0.8,1.3662096661401661,1.4375518217685919
top4,837bb88ffbf26caabeeb,A,14,7d,1d,0.2,equal,2192,1.0535081628643885,0.1272888675372561,1.1613551771920356,1.6746307597893502,0.6322312907884735,-0.2013327549456,39.085800436201865,0.027360060305341303,-0.04707175134022349,301,0,1.029554995101313,1.1431362255570217,0.8,1.3662096661401661,1.4375518217685919
top4,dc47cb8f55999c90af87,A,14,7d,1h,0.1,equal,2192,0.445670135939205,0.06329521670159921,1.1613551771920356,1.6746307597893502,0.608084643524282,-0.1040894838829649,19.542900218100932,0.013680030152670651,-0.023535875670111745,301,0,0.4372166046560826,1.1431362255570217,0.8,1.3662096661401661,1.3877186178244278
top4,6eee0a05f695fd74ef36,A,14,7d,2h,0.1,equal,2192,0.445670135939205,0.06329521670159921,1.1613551771920356,1.6746307597893502,0.608084643524282,-0.1040894838829649,19.542900218100932,0.013680030152670651,-0.023535875670111745,301,0,0.4372166046560826,1.1431362255570217,0.8,1.3662096661401661,1.3877186178244278
top4,15d668442c45e6f5bb42,A,14,7d,4h,0.1,equal,2192,0.445670135939205,0.06329521670159921,1.1613551771920356,1.6746307597893502,0.608084643524282,-0.1040894838829649,19.542900218100932,0.013680030152670651,-0.023535875670111745,301,0,0.4372166046560826,1.1431362255570217,0.8,1.3662096661401661,1.3877186178244278
top4,fc6ff587cd09764aa803,A,14,7d,1d,0.1,equal,2192,0.445670135939205,0.06329521670159921,1.1613551771920356,1.6746307597893502,0.608084643524282,-0.1040894838829649,19.542900218100932,0.013680030152670651,-0.023535875670111745,301,0,0.4372166046560826,1.1431362255570217,0.8,1.3662096661401661,1.3877186178244278
top2,ad35dd1669a748ad7df1,A,60,3d,30m,0.2,equal,2192,0.45414827656027,0.06433102328774476,1.0161105960626517,1.4987463177340965,0.5654769584221124,-0.11376418142173617,16.797721559133347,0.011758405091393342,-0.014134229845260486,644,0,0.4468410547922854,1.0028926704697707,0.8,1.3647312466537156,2.389798074635303
top2,186cfc03b016c5aafd6b,A,60,3d,1h,0.2,equal,2192,0.45414827656027,0.06433102328774476,1.0161105960626517,1.4987463177340965,0.5654769584221124,-0.11376418142173617,16.797721559133347,0.011758405091393342,-0.014134229845260486,644,0,0.4468410547922854,1.0028926704697707,0.8,1.3647312466537156,2.389798074635303
top2,f953c85bf834b1c01b86,A,60,3d,2h,0.2,equal,2192,0.45414827656027,0.06433102328774476,1.0161105960626517,1.4987463177340965,0.5654769584221124,-0.11376418142173617,16.797721559133347,0.011758405091393342,-0.014134229845260486,644,0,0.4468410547922854,1.0028926704697707,0.8,1.3647312466537156,2.389798074635303
top2,3dc54603e9f01479c576,A,60,3d,4h,0.2,equal,2192,0.45414827656027,0.06433102328774476,1.0161105960626517,1.4987463177340965,0.5654769584221124,-0.11376418142173617,16.797721559133347,0.011758405091393342,-0.014134229845260486,644,0,0.4468410547922854,1.0028926704697707,0.8,1.3647312466537156,2.389798074635303
top2,27ec4b2d91f36e4a3a7b,A,60,3d,1d,0.2,equal,2192,0.45414827656027,0.06433102328774476,1.0161105960626517,1.4987463177340965,0.5654769584221124,-0.11376418142173617,16.797721559133347,0.011758405091393342,-0.014134229845260486,644,0,0.4468410547922854,1.0028926704697707,0.8,1.3647312466537156,2.389798074635303
top2,12310f07d766a7bf0fe1,A,60,3d,30m,0.1,equal,2192,0.2095200865907334,0.032182008249138194,1.0161105960626517,1.4987463177340965,0.5557781759749346,-0.05790441158054682,8.398860779566673,0.005879202545696671,-0.007067114922630243,644,0,0.2064768266277741,1.0028926704697707,0.8,1.3647312466537156,2.35871084206365
top2,bcbfa1ffecfd97745494,A,60,3d,1h,0.1,equal,2192,0.2095200865907334,0.032182008249138194,1.0161105960626517,1.4987463177340965,0.5557781759749346,-0.05790441158054682,8.398860779566673,0.005879202545696671,-0.007067114922630243,644,0,0.2064768266277741,1.0028926704697707,0.8,1.3647312466537156,2.35871084206365
top2,60a32c87ec680e921294,A,60,3d,2h,0.1,equal,2192,0.2095200865907334,0.032182008249138194,1.0161105960626517,1.4987463177340965,0.5557781759749346,-0.05790441158054682,8.398860779566673,0.005879202545696671,-0.007067114922630243,644,0,0.2064768266277741,1.0028926704697707,0.8,1.3647312466537156,2.35871084206365
top2,23e12406720152bd9a6e,A,60,3d,4h,0.1,equal,2192,0.2095200865907334,0.032182008249138194,1.0161105960626517,1.4987463177340965,0.5557781759749346,-0.05790441158054682,8.398860779566673,0.005879202545696671,-0.007067114922630243,644,0,0.2064768266277741,1.0028926704697707,0.8,1.3647312466537156,2.35871084206365
top2,e16deb4edadfb5854e0c,A,60,3d,1d,0.1,equal,2192,0.2095200865907334,0.032182008249138194,1.0161105960626517,1.4987463177340965,0.5557781759749346,-0.05790441158054682,8.398860779566673,0.005879202545696671,-0.007067114922630243,644,0,0.2064768266277741,1.0028926704697707,0.8,1.3647312466537156,2.35871084206365
top2,21a09e39cecd45ee17c6,A,60,3d,30m,0.15,equal,2192,0.327204219572079,0.048264626159615576,1.0161105960626515,1.4987463177340963,0.5606120355498011,-0.08609273989681954,12.59829116935001,0.008818803818545006,-0.010600672383945365,644,0,0.32219870897898617,1.0028926704697712,0.8,1.3647312466537151,2.374292403194872
top2,59ea5967767c0691bc3d,A,60,3d,1h,0.15,equal,2192,0.327204219572079,0.048264626159615576,1.0161105960626515,1.4987463177340963,0.5606120355498011,-0.08609273989681954,12.59829116935001,0.008818803818545006,-0.010600672383945365,644,0,0.32219870897898617,1.0028926704697712,0.8,1.3647312466537151,2.374292403194872
top2,a021412ab07aac4e4f58,A,60,3d,2h,0.15,equal,2192,0.327204219572079,0.048264626159615576,1.0161105960626515,1.4987463177340963,0.5606120355498011,-0.08609273989681954,12.59829116935001,0.008818803818545006,-0.010600672383945365,644,0,0.32219870897898617,1.0028926704697712,0.8,1.3647312466537151,2.374292403194872
top2,819270d9721e097620d0,A,60,3d,4h,0.15,equal,2192,0.327204219572079,0.048264626159615576,1.0161105960626515,1.4987463177340963,0.5606120355498011,-0.08609273989681954,12.59829116935001,0.008818803818545006,-0.010600672383945365,644,0,0.32219870897898617,1.0028926704697712,0.8,1.3647312466537151,2.374292403194872
top2,7d96542149d78037b045,A,60,3d,1d,0.15,equal,2192,0.327204219572079,0.048264626159615576,1.0161105960626515,1.4987463177340963,0.5606120355498011,-0.08609273989681954,12.59829116935001,0.008818803818545006,-0.010600672383945365,644,0,0.32219870897898617,1.0028926704697712,0.8,1.3647312466537151,2.374292403194872
top8,ef3fbf51d52369fa9117,A,60,7d,1h,0.15,capped_rank,2192,1.049638968721355,0.1269349085878837,1.1017506537811574,1.4502916360378395,0.693768596923703,-0.1829643329933588,23.19567269387781,0.016236970885714467,-0.04400194512925829,279,0,1.0354249742046058,1.0915908081381784,0.8,1.3638443595904959,1.9609263233619716
top8,d37490c5cb7d1a579aa4,A,60,7d,2h,0.15,capped_rank,2192,1.049638968721355,0.1269349085878837,1.1017506537811574,1.4502916360378395,0.693768596923703,-0.1829643329933588,23.19567269387781,0.016236970885714467,-0.04400194512925829,279,0,1.0354249742046058,1.0915908081381784,0.8,1.3638443595904959,1.9609263233619716
top8,05692ad4183707c214a9,A,60,7d,4h,0.15,capped_rank,2192,1.049638968721355,0.1269349085878837,1.1017506537811574,1.4502916360378395,0.693768596923703,-0.1829643329933588,23.19567269387781,0.016236970885714467,-0.04400194512925829,279,0,1.0354249742046058,1.0915908081381784,0.8,1.3638443595904959,1.9609263233619716
top8,cac1d0052e3de3459903,A,60,7d,1d,0.15,capped_rank,2192,1.049638968721355,0.1269349085878837,1.1017506537811574,1.4502916360378395,0.693768596923703,-0.1829643329933588,23.19567269387781,0.016236970885714467,-0.04400194512925829,279,0,1.0354249742046058,1.0915908081381784,0.8,1.3638443595904959,1.9609263233619716
top8,bba5924612172e9b1141,A,60,7d,1h,0.2,capped_rank,2192,1.5708977941172382,0.1702674017967809,1.1123791876027638,1.4651875345020466,0.7141441742021961,-0.2384216072153702,30.375835947759825,0.021263085163431873,-0.06127656806993316,278,0,1.5475744579341892,1.1023453585050755,0.8,1.3638443595904957,1.9974020322332535
top8,c08adb85e64b628edd9c,A,60,7d,2h,0.2,capped_rank,2192,1.5708977941172382,0.1702674017967809,1.1123791876027638,1.4651875345020466,0.7141441742021961,-0.2384216072153702,30.375835947759825,0.021263085163431873,-0.06127656806993316,278,0,1.5475744579341892,1.1023453585050755,0.8,1.3638443595904957,1.9974020322332535
top8,fe3c4071e4b3f6d99ff7,A,60,7d,4h,0.2,capped_rank,2192,1.5708977941172382,0.1702674017967809,1.1123791876027638,1.4651875345020466,0.7141441742021961,-0.2384216072153702,30.375835947759825,0.021263085163431873,-0.06127656806993316,278,0,1.5475744579341892,1.1023453585050755,0.8,1.3638443595904957,1.9974020322332535
top8,4c86c1713fb27f0626ee,A,60,7d,1d,0.2,capped_rank,2192,1.5708977941172382,0.1702674017967809,1.1123791876027638,1.4651875345020466,0.7141441742021961,-0.2384216072153702,30.375835947759825,0.021263085163431873,-0.06127656806993316,278,0,1.5475744579341892,1.1023453585050755,0.8,1.3638443595904957,1.9974020322332535
top8,de30c5911b115a29e2d2,A,60,7d,1h,0.1,capped_rank,2192,0.6146474360658503,0.083048676290715,1.076703153308092,1.4096334447723142,0.6656909430971877,-0.12475560491227877,15.707113822869232,0.010994979676008463,-0.02949632842729926,280,0,0.6070566127199966,1.0664583255150095,0.8,1.3638443595904957,1.9239880931203708
top8,4ffdec4fdc0cb487f80e,A,60,7d,2h,0.1,capped_rank,2192,0.6146474360658503,0.083048676290715,1.076703153308092,1.4096334447723142,0.6656909430971877,-0.12475560491227877,15.707113822869232,0.010994979676008463,-0.02949632842729926,280,0,0.6070566127199966,1.0664583255150095,0.8,1.3638443595904957,1.9239880931203708
top8,ac87a41d1aa46b918e18,A,60,7d,4h,0.1,capped_rank,2192,0.6146474360658503,0.083048676290715,1.076703153308092,1.4096334447723142,0.6656909430971877,-0.12475560491227877,15.707113822869232,0.010994979676008463,-0.02949632842729926,280,0,0.6070566127199966,1.0664583255150095,0.8,1.3638443595904957,1.9239880931203708
top8,54c960244a0558198d2a,A,60,7d,1d,0.1,capped_rank,2192,0.6146474360658503,0.083048676290715,1.076703153308092,1.4096334447723142,0.6656909430971877,-0.12475560491227877,15.707113822869232,0.010994979676008463,-0.02949632842729926,280,0,0.6070566127199966,1.0664583255150095,0.8,1.3638443595904957,1.9239880931203708
top4,8d37ed5bdcb764fcb337,A,14,6h,5m,0.2,capped_rank,2192,1.93752395059124,0.19653591169819773,1.1699367564558685,1.6511337852967545,0.8396645794450058,-0.2340647879038822,191.33689176479578,0.13393582423535705,-0.0491838323096245,1985,0,1.7737165978582632,1.112009220405831,0.8,1.3624795543866581,1.5440885756563472
top4,d6a35514fed93aed7842,A,14,1d,5m,0.2,capped_rank,2192,1.93752395059124,0.19653591169819773,1.1699367564558685,1.6511337852967545,0.8396645794450058,-0.2340647879038822,191.33689176479578,0.13393582423535705,-0.0491838323096245,1985,0,1.7737165978582632,1.112009220405831,0.8,1.3624795543866581,1.5440885756563472
top4,a9a70f0a33e02924e3e1,A,14,12h,15m,0.2,capped_rank,2192,1.93752395059124,0.19653591169819773,1.1699367564558685,1.6511337852967545,0.8396645794450058,-0.2340647879038822,191.33689176479578,0.13393582423535705,-0.0491838323096245,1985,0,1.7737165978582632,1.112009220405831,0.8,1.3624795543866581,1.5440885756563472
top4,f63d4ecaaf22b91c2503,A,14,1d,15m,0.2,capped_rank,2192,1.93752395059124,0.19653591169819773,1.1699367564558685,1.6511337852967545,0.8396645794450058,-0.2340647879038822,191.33689176479578,0.13393582423535705,-0.0491838323096245,1985,0,1.7737165978582632,1.112009220405831,0.8,1.3624795543866581,1.5440885756563472
top4,e87bdadbc8a2eacbabcb,A,14,1d,30m,0.2,capped_rank,2192,1.93752395059124,0.19653591169819773,1.1699367564558685,1.6511337852967545,0.8396645794450058,-0.2340647879038822,191.33689176479578,0.13393582423535705,-0.0491838323096245,1985,0,1.7737165978582632,1.112009220405831,0.8,1.3624795543866581,1.5440885756563472
top4,0a46be4db58cd17d4e91,A,14,1d,1h,0.2,capped_rank,2192,1.93752395059124,0.19653591169819773,1.1699367564558685,1.6511337852967545,0.8396645794450058,-0.2340647879038822,191.33689176479578,0.13393582423535705,-0.0491838323096245,1985,0,1.7737165978582632,1.112009220405831,0.8,1.3624795543866581,1.5440885756563472
top4,db92edc28175db0dc4c5,A,14,1d,2h,0.2,capped_rank,2192,1.93752395059124,0.19653591169819773,1.1699367564558685,1.6511337852967545,0.8396645794450058,-0.2340647879038822,191.33689176479578,0.13393582423535705,-0.0491838323096245,1985,0,1.7737165978582632,1.112009220405831,0.8,1.3624795543866581,1.5440885756563472
top4,c336f01d39f6530063be,A,14,1d,4h,0.2,capped_rank,2192,1.93752395059124,0.19653591169819773,1.1699367564558685,1.6511337852967545,0.8396645794450058,-0.2340647879038822,191.33689176479578,0.13393582423535705,-0.0491838323096245,1985,0,1.7737165978582632,1.112009220405831,0.8,1.3624795543866581,1.5440885756563472
top20pct,a39a5925998db5ace661,A,90,6h,5m,0.15,capped_rank,2192,1.2007780605747254,0.1403651756367612,1.1859029321213599,1.788002589032423,0.7766408586001314,-0.18073369960185282,62.48690022077259,0.04374083015454081,-0.042004372308475646,1912,0,1.1599266739779903,1.1591514177816233,0.8,1.3539307926875357,1.485063108351734
top20pct,99100c4c2175efcaa697,A,90,1d,5m,0.15,capped_rank,2192,1.2007780605747254,0.1403651756367612,1.1859029321213599,1.788002589032423,0.7766408586001314,-0.18073369960185282,62.48690022077259,0.04374083015454081,-0.042004372308475646,1912,0,1.1599266739779903,1.1591514177816233,0.8,1.3539307926875357,1.485063108351734
top20pct,7e0526b20970fdca56b2,A,90,12h,15m,0.15,capped_rank,2192,1.2007780605747254,0.1403651756367612,1.1859029321213599,1.788002589032423,0.7766408586001314,-0.18073369960185282,62.48690022077259,0.04374083015454081,-0.042004372308475646,1912,0,1.1599266739779903,1.1591514177816233,0.8,1.3539307926875357,1.485063108351734
top20pct,8a1aeaa90753296e202b,A,90,1d,15m,0.15,capped_rank,2192,1.2007780605747254,0.1403651756367612,1.1859029321213599,1.788002589032423,0.7766408586001314,-0.18073369960185282,62.48690022077259,0.04374083015454081,-0.042004372308475646,1912,0,1.1599266739779903,1.1591514177816233,0.8,1.3539307926875357,1.485063108351734
top20pct,95f89063219f221c0c30,A,90,1d,30m,0.15,capped_rank,2192,1.2007780605747254,0.1403651756367612,1.1859029321213599,1.788002589032423,0.7766408586001314,-0.18073369960185282,62.48690022077259,0.04374083015454081,-0.042004372308475646,1912,0,1.1599266739779903,1.1591514177816233,0.8,1.3539307926875357,1.485063108351734
top20pct,7db140b63e07c01062d0,A,90,1d,1h,0.15,capped_rank,2192,1.2007780605747254,0.1403651756367612,1.1859029321213599,1.788002589032423,0.7766408586001314,-0.18073369960185282,62.48690022077259,0.04374083015454081,-0.042004372308475646,1912,0,1.1599266739779903,1.1591514177816233,0.8,1.3539307926875357,1.485063108351734
top20pct,eaa3188fd11ed04289ae,A,90,1d,2h,0.15,capped_rank,2192,1.2007780605747254,0.1403651756367612,1.1859029321213599,1.788002589032423,0.7766408586001314,-0.18073369960185282,62.48690022077259,0.04374083015454081,-0.042004372308475646,1912,0,1.1599266739779903,1.1591514177816233,0.8,1.3539307926875357,1.485063108351734
top20pct,a867fb5c54e543f09ccc,A,90,1d,4h,0.15,capped_rank,2192,1.2007780605747254,0.1403651756367612,1.1859029321213599,1.788002589032423,0.7766408586001314,-0.18073369960185282,62.48690022077259,0.04374083015454081,-0.042004372308475646,1912,0,1.1599266739779903,1.1591514177816233,0.8,1.3539307926875357,1.485063108351734
top8,ee1b5ec713e27d67fcd7,A,60,6h,5m,0.2,capped_rank,2192,1.2923491147784079,0.14813248785655442,0.990681563613128,1.3227607065641345,0.6057043725151019,-0.2445623551328434,97.87026445165867,0.06850918511616107,-0.047977189100390796,1895,0,1.2260154578224909,0.9582145845382427,0.8,1.3506761458595726,1.8756546345320857
top8,d211b9ed22a5d2dc4832,A,60,1d,5m,0.2,capped_rank,2192,1.2923491147784079,0.14813248785655442,0.990681563613128,1.3227607065641345,0.6057043725151019,-0.2445623551328434,97.87026445165867,0.06850918511616107,-0.047977189100390796,1895,0,1.2260154578224909,0.9582145845382427,0.8,1.3506761458595726,1.8756546345320857
top8,b5ded43a061445de869e,A,60,12h,15m,0.2,capped_rank,2192,1.2923491147784079,0.14813248785655442,0.990681563613128,1.3227607065641345,0.6057043725151019,-0.2445623551328434,97.87026445165867,0.06850918511616107,-0.047977189100390796,1895,0,1.2260154578224909,0.9582145845382427,0.8,1.3506761458595726,1.8756546345320857
top8,ae29dadf6eb974cb9c4f,A,60,1d,15m,0.2,capped_rank,2192,1.2923491147784079,0.14813248785655442,0.990681563613128,1.3227607065641345,0.6057043725151019,-0.2445623551328434,97.87026445165867,0.06850918511616107,-0.047977189100390796,1895,0,1.2260154578224909,0.9582145845382427,0.8,1.3506761458595726,1.8756546345320857
top8,c6dd29fa0153c7a04b10,A,60,1d,30m,0.2,capped_rank,2192,1.2923491147784079,0.14813248785655442,0.990681563613128,1.3227607065641345,0.6057043725151019,-0.2445623551328434,97.87026445165867,0.06850918511616107,-0.047977189100390796,1895,0,1.2260154578224909,0.9582145845382427,0.8,1.3506761458595726,1.8756546345320857
top8,57717f07fcb3335ac213,A,60,1d,1h,0.2,capped_rank,2192,1.2923491147784079,0.14813248785655442,0.990681563613128,1.3227607065641345,0.6057043725151019,-0.2445623551328434,97.87026445165867,0.06850918511616107,-0.047977189100390796,1895,0,1.2260154578224909,0.9582145845382427,0.8,1.3506761458595726,1.8756546345320857
top8,f3c08f08a4cc7c8e50fa,A,60,1d,2h,0.2,capped_rank,2192,1.2923491147784079,0.14813248785655442,0.990681563613128,1.3227607065641345,0.6057043725151019,-0.2445623551328434,97.87026445165867,0.06850918511616107,-0.047977189100390796,1895,0,1.2260154578224909,0.9582145845382427,0.8,1.3506761458595726,1.8756546345320857
top8,d14efa8f9032269993f2,A,60,1d,4h,0.2,capped_rank,2192,1.2923491147784079,0.14813248785655442,0.990681563613128,1.3227607065641345,0.6057043725151019,-0.2445623551328434,97.87026445165867,0.06850918511616107,-0.047977189100390796,1895,0,1.2260154578224909,0.9582145845382427,0.8,1.3506761458595726,1.8756546345320857
top8,2a1f15f3c8cf26231c3e,A,60,7d,1h,0.2,equal,2192,1.4638775007038394,0.1620111603100025,1.1881895974410774,1.5733402889915533,0.713519632555577,-0.2270591486456166,25.22586827108854,0.017658107789761977,-0.08765721390554976,281,0,1.4452907082842033,1.1787004675861261,0.8,1.349676827813894,2.0944633227869045
top8,5485eb056a5aec1dbb7f,A,60,7d,2h,0.2,equal,2192,1.4638775007038394,0.1620111603100025,1.1881895974410774,1.5733402889915533,0.713519632555577,-0.2270591486456166,25.22586827108854,0.017658107789761977,-0.08765721390554976,281,0,1.4452907082842033,1.1787004675861261,0.8,1.349676827813894,2.0944633227869045
top8,39f04d515a8c5c092fd1,A,60,7d,4h,0.2,equal,2192,1.4638775007038394,0.1620111603100025,1.1881895974410774,1.5733402889915533,0.713519632555577,-0.2270591486456166,25.22586827108854,0.017658107789761977,-0.08765721390554976,281,0,1.4452907082842033,1.1787004675861261,0.8,1.349676827813894,2.0944633227869045
top8,31353fb79bbf44134ba1,A,60,7d,1d,0.2,equal,2192,1.4638775007038394,0.1620111603100025,1.1881895974410774,1.5733402889915533,0.713519632555577,-0.2270591486456166,25.22586827108854,0.017658107789761977,-0.08765721390554976,281,0,1.4452907082842033,1.1787004675861261,0.8,1.349676827813894,2.0944633227869045
top8,e291f23d991fcf94d45a,A,60,7d,1h,0.15,equal,2192,0.9865799349225,0.12108620435889539,1.1881895974410774,1.5733402889915533,0.6949850568547522,-0.17422850054774874,18.919401203316404,0.013243580842321483,-0.0657429104291623,281,0,0.9753314736252097,1.1787004675861261,0.8,1.349676827813894,2.061036878953166
top8,136d91b1d02676a02fca,A,60,7d,2h,0.15,equal,2192,0.9865799349225,0.12108620435889539,1.1881895974410774,1.5733402889915533,0.6949850568547522,-0.17422850054774874,18.919401203316404,0.013243580842321483,-0.0657429104291623,281,0,0.9753314736252097,1.1787004675861261,0.8,1.349676827813894,2.061036878953166
top8,4fcaa78848b756d11b75,A,60,7d,4h,0.15,equal,2192,0.9865799349225,0.12108620435889539,1.1881895974410774,1.5733402889915533,0.6949850568547522,-0.17422850054774874,18.919401203316404,0.013243580842321483,-0.0657429104291623,281,0,0.9753314736252097,1.1787004675861261,0.8,1.349676827813894,2.061036878953166
top8,b889d1a2dd03f666b41f,A,60,7d,1d,0.15,equal,2192,0.9865799349225,0.12108620435889539,1.1881895974410774,1.5733402889915533,0.6949850568547522,-0.17422850054774874,18.919401203316404,0.013243580842321483,-0.0657429104291623,281,0,0.9753314736252097,1.1787004675861261,0.8,1.349676827813894,2.061036878953166
top8,855d6fd753e35e07c6c2,A,60,7d,1h,0.1,equal,2192,0.5909885465956637,0.08038988223981991,1.1881895974410774,1.5733402889915533,0.6766424269450888,-0.11880703757044153,12.61293413554427,0.008829053894880989,-0.04382860695277488,281,0,0.5849781006417711,1.1787004675861261,0.8,1.349676827813894,2.027086353093987
top8,3e045cd04dde2be2c183,A,60,7d,2h,0.1,equal,2192,0.5909885465956637,0.08038988223981991,1.1881895974410774,1.5733402889915533,0.6766424269450888,-0.11880703757044153,12.61293413554427,0.008829053894880989,-0.04382860695277488,281,0,0.5849781006417711,1.1787004675861261,0.8,1.349676827813894,2.027086353093987
top8,2761ad5c238716d6a7cf,A,60,7d,4h,0.1,equal,2192,0.5909885465956637,0.08038988223981991,1.1881895974410774,1.5733402889915533,0.6766424269450888,-0.11880703757044153,12.61293413554427,0.008829053894880989,-0.04382860695277488,281,0,0.5849781006417711,1.1787004675861261,0.8,1.349676827813894,2.027086353093987
top8,6e9b0d037582515407b4,A,60,7d,1d,0.1,equal,2192,0.5909885465956637,0.08038988223981991,1.1881895974410774,1.5733402889915533,0.6766424269450888,-0.11880703757044153,12.61293413554427,0.008829053894880989,-0.04382860695277488,281,0,0.5849781006417711,1.1787004675861261,0.8,1.349676827813894,2.027086353093987
top2,05a08229bad7c0040f80,A,30,3d,30m,0.15,inverse_vol,2192,0.5137359238604811,0.07147236178577399,1.454690263245641,2.4007500519945015,0.9622913053526997,-0.0742731035687555,18.714362442141763,0.013100053709499234,-0.005041329703993843,678,0,0.5052614972143064,1.4352362427638914,0.8,1.3479383691950426,1.3310314714546032
top2,fa368015a274091a8ed5,A,30,3d,1h,0.15,inverse_vol,2192,0.5137359238604811,0.07147236178577399,1.454690263245641,2.4007500519945015,0.9622913053526997,-0.0742731035687555,18.714362442141763,0.013100053709499234,-0.005041329703993843,678,0,0.5052614972143064,1.4352362427638914,0.8,1.3479383691950426,1.3310314714546032
top2,2035786b3ed34c674098,A,30,3d,2h,0.15,inverse_vol,2192,0.5137359238604811,0.07147236178577399,1.454690263245641,2.4007500519945015,0.9622913053526997,-0.0742731035687555,18.714362442141763,0.013100053709499234,-0.005041329703993843,678,0,0.5052614972143064,1.4352362427638914,0.8,1.3479383691950426,1.3310314714546032
top2,fa3bb7fa96afaab59579,A,30,3d,4h,0.15,inverse_vol,2192,0.5137359238604811,0.07147236178577399,1.454690263245641,2.4007500519945015,0.9622913053526997,-0.0742731035687555,18.714362442141763,0.013100053709499234,-0.005041329703993843,678,0,0.5052614972143064,1.4352362427638914,0.8,1.3479383691950426,1.3310314714546032
top2,48691d529cf3fb84d427,A,30,3d,1d,0.15,inverse_vol,2192,0.5137359238604811,0.07147236178577399,1.454690263245641,2.4007500519945015,0.9622913053526997,-0.0742731035687555,18.714362442141763,0.013100053709499234,-0.005041329703993843,678,0,0.5052614972143064,1.4352362427638914,0.8,1.3479383691950426,1.3310314714546032
top2,8bb476dab8ba72a4cd47,A,30,3d,30m,0.2,inverse_vol,2192,0.7326695785768629,0.09584632953613714,1.4546902632456413,2.400750051994502,0.9731973386513078,-0.09848601689454317,24.95248325618902,0.01746673827933231,-0.006721772938658466,678,0,0.7197483323906455,1.4352362427638916,0.8,1.3479383691950424,1.3470740824037837
top2,f4a59b5c98f835d9c217,A,30,3d,1h,0.2,inverse_vol,2192,0.7326695785768629,0.09584632953613714,1.4546902632456413,2.400750051994502,0.9731973386513078,-0.09848601689454317,24.95248325618902,0.01746673827933231,-0.006721772938658466,678,0,0.7197483323906455,1.4352362427638916,0.8,1.3479383691950424,1.3470740824037837
top2,323ee27d95409d23adce,A,30,3d,2h,0.2,inverse_vol,2192,0.7326695785768629,0.09584632953613714,1.4546902632456413,2.400750051994502,0.9731973386513078,-0.09848601689454317,24.95248325618902,0.01746673827933231,-0.006721772938658466,678,0,0.7197483323906455,1.4352362427638916,0.8,1.3479383691950424,1.3470740824037837
top2,2d308953d24fc11462d3,A,30,3d,4h,0.2,inverse_vol,2192,0.7326695785768629,0.09584632953613714,1.4546902632456413,2.400750051994502,0.9731973386513078,-0.09848601689454317,24.95248325618902,0.01746673827933231,-0.006721772938658466,678,0,0.7197483323906455,1.4352362427638916,0.8,1.3479383691950424,1.3470740824037837
top2,da4dc7e3906dc4ad9657,A,30,3d,1d,0.2,inverse_vol,2192,0.7326695785768629,0.09584632953613714,1.4546902632456413,2.400750051994502,0.9731973386513078,-0.09848601689454317,24.95248325618902,0.01746673827933231,-0.006721772938658466,678,0,0.7197483323906455,1.4352362427638916,0.8,1.3479383691950424,1.3470740824037837
top2,b2d1422f6d064dfe8b97,A,30,3d,30m,0.1,inverse_vol,2192,0.32041324648336555,0.04736957988087087,1.4546902632456413,2.400750051994502,0.9515875435037199,-0.04977952917128081,12.47624162809451,0.008733369139666155,-0.003360886469329233,678,0,0.3154804865589915,1.4352362427638916,0.8,1.3479383691950424,1.3150126608350872
top2,b8836968bf703589d4a8,A,30,3d,1h,0.1,inverse_vol,2192,0.32041324648336555,0.04736957988087087,1.4546902632456413,2.400750051994502,0.9515875435037199,-0.04977952917128081,12.47624162809451,0.008733369139666155,-0.003360886469329233,678,0,0.3154804865589915,1.4352362427638916,0.8,1.3479383691950424,1.3150126608350872
top2,e754451e7e0ec77ab7ea,A,30,3d,2h,0.1,inverse_vol,2192,0.32041324648336555,0.04736957988087087,1.4546902632456413,2.400750051994502,0.9515875435037199,-0.04977952917128081,12.47624162809451,0.008733369139666155,-0.003360886469329233,678,0,0.3154804865589915,1.4352362427638916,0.8,1.3479383691950424,1.3150126608350872
top2,92824240f6f2ddaf258a,A,30,3d,4h,0.1,inverse_vol,2192,0.32041324648336555,0.04736957988087087,1.4546902632456413,2.400750051994502,0.9515875435037199,-0.04977952917128081,12.47624162809451,0.008733369139666155,-0.003360886469329233,678,0,0.3154804865589915,1.4352362427638916,0.8,1.3479383691950424,1.3150126608350872
top2,f59a156539380b6d2f33,A,30,3d,1d,0.1,inverse_vol,2192,0.32041324648336555,0.04736957988087087,1.4546902632456413,2.400750051994502,0.9515875435037199,-0.04977952917128081,12.47624162809451,0.008733369139666155,-0.003360886469329233,678,0,0.3154804865589915,1.4352362427638916,0.8,1.3479383691950424,1.3150126608350872
top2,4daa1d1056cbe1ab243e,A,30,7d,1h,0.1,capped_rank,2192,0.7812683959062914,0.10090564633311483,1.2680215406009232,1.9707206035387599,1.1221208368010447,-0.08992404652316932,20.06710838183129,0.014046975867281902,-0.005277082581570688,293,0,0.7705733015151282,1.2550824518585921,0.8,1.3396652780358338,1.8494935379125685
top2,04de9393feb7b1e37a99,A,30,7d,2h,0.1,capped_rank,2192,0.7812683959062914,0.10090564633311483,1.2680215406009232,1.9707206035387599,1.1221208368010447,-0.08992404652316932,20.06710838183129,0.014046975867281902,-0.005277082581570688,293,0,0.7705733015151282,1.2550824518585921,0.8,1.3396652780358338,1.8494935379125685
top2,6f33a9ecfe2dc5d6cdb6,A,30,7d,4h,0.1,capped_rank,2192,0.7812683959062914,0.10090564633311483,1.2680215406009232,1.9707206035387599,1.1221208368010447,-0.08992404652316932,20.06710838183129,0.014046975867281902,-0.005277082581570688,293,0,0.7705733015151282,1.2550824518585921,0.8,1.3396652780358338,1.8494935379125685
top2,647b2e6ee534e60fee00,A,30,7d,1d,0.1,capped_rank,2192,0.7812683959062914,0.10090564633311483,1.2680215406009232,1.9707206035387599,1.1221208368010447,-0.08992404652316932,20.06710838183129,0.014046975867281902,-0.005277082581570688,293,0,0.7705733015151282,1.2550824518585921,0.8,1.3396652780358338,1.8494935379125685
top2,edd6519b79231634d52b,A,30,7d,1h,0.2,equal,2192,0.6135407755929632,0.082925035702194,1.3824468036132578,2.27336314142613,1.2603782235680667,-0.06579377059327274,14.745286480849426,0.010321700536594598,-0.0073999233563369834,293,0,0.6064174330207985,1.3698162695293836,0.8,1.3366842908877683,1.7505192706228796
top2,505167c5191390b69a28,A,30,7d,2h,0.2,equal,2192,0.6135407755929632,0.082925035702194,1.3824468036132578,2.27336314142613,1.2603782235680667,-0.06579377059327274,14.745286480849426,0.010321700536594598,-0.0073999233563369834,293,0,0.6064174330207985,1.3698162695293836,0.8,1.3366842908877683,1.7505192706228796
top2,49deaba1be02c49199ca,A,30,7d,4h,0.2,equal,2192,0.6135407755929632,0.082925035702194,1.3824468036132578,2.27336314142613,1.2603782235680667,-0.06579377059327274,14.745286480849426,0.010321700536594598,-0.0073999233563369834,293,0,0.6064174330207985,1.3698162695293836,0.8,1.3366842908877683,1.7505192706228796
top2,eba22157169944d6369a,A,30,7d,1d,0.2,equal,2192,0.6135407755929632,0.082925035702194,1.3824468036132578,2.27336314142613,1.2603782235680667,-0.06579377059327274,14.745286480849426,0.010321700536594598,-0.0073999233563369834,293,0,0.6064174330207985,1.3698162695293836,0.8,1.3366842908877683,1.7505192706228796
top2,ff2eb1d1c930607b455e,A,30,7d,1h,0.1,equal,2192,0.27356700010104995,0.04108853163305359,1.3824468036132578,2.27336314142613,1.2305432687366884,-0.033390562263800994,7.372643240424713,0.005160850268297299,-0.0036999616781684917,293,0,0.27075296411723193,1.3698162695293836,0.8,1.3366842908877683,1.7240580341016474
top2,980dc27641049fe5b37c,A,30,7d,2h,0.1,equal,2192,0.27356700010104995,0.04108853163305359,1.3824468036132578,2.27336314142613,1.2305432687366884,-0.033390562263800994,7.372643240424713,0.005160850268297299,-0.0036999616781684917,293,0,0.27075296411723193,1.3698162695293836,0.8,1.3366842908877683,1.7240580341016474
top2,cbf978db5dbbe4496189,A,30,7d,4h,0.1,equal,2192,0.27356700010104995,0.04108853163305359,1.3824468036132578,2.27336314142613,1.2305432687366884,-0.033390562263800994,7.372643240424713,0.005160850268297299,-0.0036999616781684917,293,0,0.27075296411723193,1.3698162695293836,0.8,1.3366842908877683,1.7240580341016474
top2,450ae95a6b546c446274,A,30,7d,1d,0.1,equal,2192,0.27356700010104995,0.04108853163305359,1.3824468036132578,2.27336314142613,1.2305432687366884,-0.033390562263800994,7.372643240424713,0.005160850268297299,-0.0036999616781684917,293,0,0.27075296411723193,1.3698162695293836,0.8,1.3366842908877683,1.7240580341016474
top2,7d69ab2088f6656cb7cd,A,30,7d,1h,0.15,equal,2192,0.4344429373493566,0.06191572731557482,1.3824468036132578,2.2733631414261297,1.2454378711578626,-0.04971402327601682,11.058964860637069,0.007741275402445948,-0.005549942517252736,293,0,0.4296910616311307,1.3698162695293834,0.8,1.3366842908877676,1.737319876107757
top2,cc006f1b3fde714bda4b,A,30,7d,2h,0.15,equal,2192,0.4344429373493566,0.06191572731557482,1.3824468036132578,2.2733631414261297,1.2454378711578626,-0.04971402327601682,11.058964860637069,0.007741275402445948,-0.005549942517252736,293,0,0.4296910616311307,1.3698162695293834,0.8,1.3366842908877676,1.737319876107757
top2,ee87ccf5dbcd056836a3,A,30,7d,4h,0.15,equal,2192,0.4344429373493566,0.06191572731557482,1.3824468036132578,2.2733631414261297,1.2454378711578626,-0.04971402327601682,11.058964860637069,0.007741275402445948,-0.005549942517252736,293,0,0.4296910616311307,1.3698162695293834,0.8,1.3366842908877676,1.737319876107757
top2,3d8e9582edcb1fa0b29c,A,30,7d,1d,0.15,equal,2192,0.4344429373493566,0.06191572731557482,1.3824468036132578,2.2733631414261297,1.2454378711578626,-0.04971402327601682,11.058964860637069,0.007741275402445948,-0.005549942517252736,293,0,0.4296910616311307,1.3698162695293834,0.8,1.3366842908877676,1.737319876107757
top4,a2ae5459f21ec7635651,A,14,7d,1h,0.2,capped_rank,2192,1.6225915088067442,0.1741532004121249,1.0804841470762203,1.5355193543114674,0.6057322945470295,-0.28750852807403604,60.02888173278632,0.04202021721295043,-0.04506020329316898,300,0,1.5757705366131605,1.0617208806834033,0.8,1.3184606241347285,1.3523096367594283
top4,470737793a258ff66633,A,14,7d,2h,0.2,capped_rank,2192,1.6225915088067442,0.1741532004121249,1.0804841470762203,1.5355193543114674,0.6057322945470295,-0.28750852807403604,60.02888173278632,0.04202021721295043,-0.04506020329316898,300,0,1.5757705366131605,1.0617208806834033,0.8,1.3184606241347285,1.3523096367594283
top4,59ee89529badfe39e38b,A,14,7d,4h,0.2,capped_rank,2192,1.6225915088067442,0.1741532004121249,1.0804841470762203,1.5355193543114674,0.6057322945470295,-0.28750852807403604,60.02888173278632,0.04202021721295043,-0.04506020329316898,300,0,1.5757705366131605,1.0617208806834033,0.8,1.3184606241347285,1.3523096367594283
top4,5bbb06a93c55350868a3,A,14,7d,1d,0.2,capped_rank,2192,1.6225915088067442,0.1741532004121249,1.0804841470762203,1.5355193543114674,0.6057322945470295,-0.28750852807403604,60.02888173278632,0.04202021721295043,-0.04506020329316898,300,0,1.5757705366131605,1.0617208806834033,0.8,1.3184606241347285,1.3523096367594283
top4,c2a61b615fa69b71c0e6,A,14,7d,1h,0.15,capped_rank,2192,1.108689101563685,0.13227735119199324,1.072061907231834,1.517313666559108,0.5855785327286882,-0.22589173577727506,46.20443190358196,0.032343102332507374,-0.030135674220017748,300,0,1.0796532963238148,1.0531948510403606,0.8,1.3181596059834386,1.3072526213739197
top4,04b72df724f5df1e17c4,A,14,7d,2h,0.15,capped_rank,2192,1.108689101563685,0.13227735119199324,1.072061907231834,1.517313666559108,0.5855785327286882,-0.22589173577727506,46.20443190358196,0.032343102332507374,-0.030135674220017748,300,0,1.0796532963238148,1.0531948510403606,0.8,1.3181596059834386,1.3072526213739197
top4,f9fcbb83773bcc42cbf8,A,14,7d,4h,0.15,capped_rank,2192,1.108689101563685,0.13227735119199324,1.072061907231834,1.517313666559108,0.5855785327286882,-0.22589173577727506,46.20443190358196,0.032343102332507374,-0.030135674220017748,300,0,1.0796532963238148,1.0531948510403606,0.8,1.3181596059834386,1.3072526213739197
top4,f8ada9cf53f8720d4edf,A,14,7d,1d,0.15,capped_rank,2192,1.108689101563685,0.13227735119199324,1.072061907231834,1.517313666559108,0.5855785327286882,-0.22589173577727506,46.20443190358196,0.032343102332507374,-0.030135674220017748,300,0,1.0796532963238148,1.0531948510403606,0.8,1.3181596059834386,1.3072526213739197
top4,1a451e012b8527aabdd8,A,14,7d,1h,0.1,capped_rank,2192,0.6693536740788713,0.089074402063817,1.0601394798503285,1.4921658192837535,0.5806995801474161,-0.15339153860108634,31.54626135248514,0.022082382946739594,-0.017328485722151225,300,0,0.6536270375559099,1.0412481138643126,0.8,1.3181596059834384,1.2771211335371038
top4,40c7a734fd7922cf1fec,A,14,7d,2h,0.1,capped_rank,2192,0.6693536740788713,0.089074402063817,1.0601394798503285,1.4921658192837535,0.5806995801474161,-0.15339153860108634,31.54626135248514,0.022082382946739594,-0.017328485722151225,300,0,0.6536270375559099,1.0412481138643126,0.8,1.3181596059834384,1.2771211335371038
top4,81ef5da0e2c678f54c2d,A,14,7d,4h,0.1,capped_rank,2192,0.6693536740788713,0.089074402063817,1.0601394798503285,1.4921658192837535,0.5806995801474161,-0.15339153860108634,31.54626135248514,0.022082382946739594,-0.017328485722151225,300,0,0.6536270375559099,1.0412481138643126,0.8,1.3181596059834384,1.2771211335371038
top4,5a14fa18be513027bad3,A,14,7d,1d,0.1,capped_rank,2192,0.6693536740788713,0.089074402063817,1.0601394798503285,1.4921658192837535,0.5806995801474161,-0.15339153860108634,31.54626135248514,0.022082382946739594,-0.017328485722151225,300,0,0.6536270375559099,1.0412481138643126,0.8,1.3181596059834384,1.2771211335371038
top20pct,bcae8883765cd495a9ec,A,60,7d,1h,0.2,equal,2192,0.8026706453416903,0.10309728174146526,1.13167266413291,1.6440863141010424,0.7976044017717386,-0.12925866696880395,15.999381062122975,0.011199566743486081,-0.04217978921632227,280,0,0.7940286998062476,1.1226650279132144,0.8,1.3162354569110504,2.2859682105291856
top20pct,1ca69ae6ebdfc015aa7d,A,60,7d,2h,0.2,equal,2192,0.8026706453416903,0.10309728174146526,1.13167266413291,1.6440863141010424,0.7976044017717386,-0.12925866696880395,15.999381062122975,0.011199566743486081,-0.04217978921632227,280,0,0.7940286998062476,1.1226650279132144,0.8,1.3162354569110504,2.2859682105291856
top20pct,d6a290e45e6db043fecc,A,60,7d,4h,0.2,equal,2192,0.8026706453416903,0.10309728174146526,1.13167266413291,1.6440863141010424,0.7976044017717386,-0.12925866696880395,15.999381062122975,0.011199566743486081,-0.04217978921632227,280,0,0.7940286998062476,1.1226650279132144,0.8,1.3162354569110504,2.2859682105291856
top20pct,8daf490713bd3d02544c,A,60,7d,1d,0.2,equal,2192,0.8026706453416903,0.10309728174146526,1.13167266413291,1.6440863141010424,0.7976044017717386,-0.12925866696880395,15.999381062122975,0.011199566743486081,-0.04217978921632227,280,0,0.7940286998062476,1.1226650279132144,0.8,1.3162354569110504,2.2859682105291856
top20pct,37fa74409b53f8f0b7d9,A,60,7d,1h,0.1,equal,2192,0.35087563133281985,0.051354954065490954,1.13167266413291,1.6440863141010424,0.7789511746144466,-0.06592833509867913,7.999690531061487,0.0055997833717430405,-0.021089894608161134,280,0,0.3476356509143623,1.1226650279132144,0.8,1.3162354569110504,2.207047494148069
top20pct,7a6da2f0392e7f2f68b7,A,60,7d,2h,0.1,equal,2192,0.35087563133281985,0.051354954065490954,1.13167266413291,1.6440863141010424,0.7789511746144466,-0.06592833509867913,7.999690531061487,0.0055997833717430405,-0.021089894608161134,280,0,0.3476356509143623,1.1226650279132144,0.8,1.3162354569110504,2.207047494148069
top20pct,64fe9183f10534b9257b,A,60,7d,4h,0.1,equal,2192,0.35087563133281985,0.051354954065490954,1.13167266413291,1.6440863141010424,0.7789511746144466,-0.06592833509867913,7.999690531061487,0.0055997833717430405,-0.021089894608161134,280,0,0.3476356509143623,1.1226650279132144,0.8,1.3162354569110504,2.207047494148069
top20pct,9fba314342b300951951,A,60,7d,1d,0.1,equal,2192,0.35087563133281985,0.051354954065490954,1.13167266413291,1.6440863141010424,0.7789511746144466,-0.06592833509867913,7.999690531061487,0.0055997833717430405,-0.021089894608161134,280,0,0.3476356509143623,1.1226650279132144,0.8,1.3162354569110504,2.207047494148069
top20pct,c97190857a2222a74709,A,60,7d,1h,0.15,equal,2192,0.5628914835167793,0.0771891749356215,1.13167266413291,1.6440863141010424,0.7882647858268347,-0.09792290144568039,11.999535796592228,0.008399675057614561,-0.03163484191224171,280,0,0.5572704591353488,1.1226650279132144,0.8,1.3162354569110493,2.2463882996768074
top20pct,9811573b7811795510cc,A,60,7d,2h,0.15,equal,2192,0.5628914835167793,0.0771891749356215,1.13167266413291,1.6440863141010424,0.7882647858268347,-0.09792290144568039,11.999535796592228,0.008399675057614561,-0.03163484191224171,280,0,0.5572704591353488,1.1226650279132144,0.8,1.3162354569110493,2.2463882996768074
top20pct,4266e98adca42ee0c87c,A,60,7d,4h,0.15,equal,2192,0.5628914835167793,0.0771891749356215,1.13167266413291,1.6440863141010424,0.7882647858268347,-0.09792290144568039,11.999535796592228,0.008399675057614561,-0.03163484191224171,280,0,0.5572704591353488,1.1226650279132144,0.8,1.3162354569110493,2.2463882996768074
top20pct,3bff31acea685a9a0dde,A,60,7d,1d,0.15,equal,2192,0.5628914835167793,0.0771891749356215,1.13167266413291,1.6440863141010424,0.7882647858268347,-0.09792290144568039,11.999535796592228,0.008399675057614561,-0.03163484191224171,280,0,0.5572704591353488,1.1226650279132144,0.8,1.3162354569110493,2.2463882996768074
top2,835efa3926cd2affd945,A,90,7d,1h,0.2,capped_rank,2192,2.1341986943434175,0.20951792562637195,1.2501729719380483,1.9466345304701007,0.7961148164843075,-0.26317551349140333,26.224175468315728,0.01835692282782101,-0.05979112374678938,282,0,2.1096157880000126,1.242038850835887,0.8,1.3126946399451123,1.9040856550532543
top2,1ade8851d3114d67078c,A,90,7d,2h,0.2,capped_rank,2192,2.1341986943434175,0.20951792562637195,1.2501729719380483,1.9466345304701007,0.7961148164843075,-0.26317551349140333,26.224175468315728,0.01835692282782101,-0.05979112374678938,282,0,2.1096157880000126,1.242038850835887,0.8,1.3126946399451123,1.9040856550532543
top2,581e9b38076a154768c9,A,90,7d,4h,0.2,capped_rank,2192,2.1341986943434175,0.20951792562637195,1.2501729719380483,1.9466345304701007,0.7961148164843075,-0.26317551349140333,26.224175468315728,0.01835692282782101,-0.05979112374678938,282,0,2.1096157880000126,1.242038850835887,0.8,1.3126946399451123,1.9040856550532543
top2,0efc309474f51c9fd69d,A,90,7d,1d,0.2,capped_rank,2192,2.1341986943434175,0.20951792562637195,1.2501729719380483,1.9466345304701007,0.7961148164843075,-0.26317551349140333,26.224175468315728,0.01835692282782101,-0.05979112374678938,282,0,2.1096157880000126,1.242038850835887,0.8,1.3126946399451123,1.9040856550532543
top8,414cc70176d928651687,A,60,6h,5m,0.15,capped_rank,2192,0.8823940752119304,0.11107484836083725,0.9833305045297732,1.3121110085909504,0.5924995060129639,-0.1874682547978478,75.2150808530749,0.05265055659715243,-0.032983422637235665,1920,0,0.8403895758120046,0.9501853955722183,0.8,1.308393781341164,1.74877959299597
top8,3385f088d158800e2f43,A,60,1d,5m,0.15,capped_rank,2192,0.8823940752119304,0.11107484836083725,0.9833305045297732,1.3121110085909504,0.5924995060129639,-0.1874682547978478,75.2150808530749,0.05265055659715243,-0.032983422637235665,1920,0,0.8403895758120046,0.9501853955722183,0.8,1.308393781341164,1.74877959299597
top8,14f624c01bef626e51e1,A,60,12h,15m,0.15,capped_rank,2192,0.8823940752119304,0.11107484836083725,0.9833305045297732,1.3121110085909504,0.5924995060129639,-0.1874682547978478,75.2150808530749,0.05265055659715243,-0.032983422637235665,1920,0,0.8403895758120046,0.9501853955722183,0.8,1.308393781341164,1.74877959299597
top8,cf2c50cfe27f6da4ec6c,A,60,1d,15m,0.15,capped_rank,2192,0.8823940752119304,0.11107484836083725,0.9833305045297732,1.3121110085909504,0.5924995060129639,-0.1874682547978478,75.2150808530749,0.05265055659715243,-0.032983422637235665,1920,0,0.8403895758120046,0.9501853955722183,0.8,1.308393781341164,1.74877959299597
top8,c6f7739d443750413083,A,60,1d,30m,0.15,capped_rank,2192,0.8823940752119304,0.11107484836083725,0.9833305045297732,1.3121110085909504,0.5924995060129639,-0.1874682547978478,75.2150808530749,0.05265055659715243,-0.032983422637235665,1920,0,0.8403895758120046,0.9501853955722183,0.8,1.308393781341164,1.74877959299597
top8,a2b54b9edd3532313b5c,A,60,1d,1h,0.15,capped_rank,2192,0.8823940752119304,0.11107484836083725,0.9833305045297732,1.3121110085909504,0.5924995060129639,-0.1874682547978478,75.2150808530749,0.05265055659715243,-0.032983422637235665,1920,0,0.8403895758120046,0.9501853955722183,0.8,1.308393781341164,1.74877959299597
top8,1caee370c44dd0906e88,A,60,1d,2h,0.15,capped_rank,2192,0.8823940752119304,0.11107484836083725,0.9833305045297732,1.3121110085909504,0.5924995060129639,-0.1874682547978478,75.2150808530749,0.05265055659715243,-0.032983422637235665,1920,0,0.8403895758120046,0.9501853955722183,0.8,1.308393781341164,1.74877959299597
top8,4165636d948fd9672319,A,60,1d,4h,0.15,capped_rank,2192,0.8823940752119304,0.11107484836083725,0.9833305045297732,1.3121110085909504,0.5924995060129639,-0.1874682547978478,75.2150808530749,0.05265055659715243,-0.032983422637235665,1920,0,0.8403895758120046,0.9501853955722183,0.8,1.308393781341164,1.74877959299597
top2,9dacf8864add37598f3b,A,30,7d,1h,0.2,inverse_vol,2192,0.6795690776108656,0.09018131181833033,1.3984723267444488,2.274319377518212,1.3152263605104193,-0.0685671413879907,15.800013981519008,0.011060009787063306,-0.005594436557764187,293,0,0.671624926257572,1.3858527595285943,0.8,1.3023415933302558,1.7914099557020333
top2,ec974d4f9ce5393eb608,A,30,7d,2h,0.2,inverse_vol,2192,0.6795690776108656,0.09018131181833033,1.3984723267444488,2.274319377518212,1.3152263605104193,-0.0685671413879907,15.800013981519008,0.011060009787063306,-0.005594436557764187,293,0,0.671624926257572,1.3858527595285943,0.8,1.3023415933302558,1.7914099557020333
top2,409630dd63725fc52196,A,30,7d,4h,0.2,inverse_vol,2192,0.6795690776108656,0.09018131181833033,1.3984723267444488,2.274319377518212,1.3152263605104193,-0.0685671413879907,15.800013981519008,0.011060009787063306,-0.005594436557764187,293,0,0.671624926257572,1.3858527595285943,0.8,1.3023415933302558,1.7914099557020333
top2,5828d8164b700096e168,A,30,7d,1d,0.2,inverse_vol,2192,0.6795690776108656,0.09018131181833033,1.3984723267444488,2.274319377518212,1.3152263605104193,-0.0685671413879907,15.800013981519008,0.011060009787063306,-0.005594436557764187,293,0,0.671624926257572,1.3858527595285943,0.8,1.3023415933302558,1.7914099557020333
top2,e97f5a0efd3cb0fad386,A,30,7d,1h,0.15,inverse_vol,2192,0.4786822116132978,0.06730032625319904,1.3984723267444488,2.2743193775182124,1.2985687930503294,-0.05182653904311918,11.850010486139254,0.008295007340297478,-0.004195827418323136,293,0,0.47343393277542,1.3858527595285943,0.8,1.3023415933302558,1.7789332922881238
top2,c71a7471cdfb3a9a2e07,A,30,7d,2h,0.15,inverse_vol,2192,0.4786822116132978,0.06730032625319904,1.3984723267444488,2.2743193775182124,1.2985687930503294,-0.05182653904311918,11.850010486139254,0.008295007340297478,-0.004195827418323136,293,0,0.47343393277542,1.3858527595285943,0.8,1.3023415933302558,1.7789332922881238
top2,58778260a44b992f9e77,A,30,7d,4h,0.15,inverse_vol,2192,0.4786822116132978,0.06730032625319904,1.3984723267444488,2.2743193775182124,1.2985687930503294,-0.05182653904311918,11.850010486139254,0.008295007340297478,-0.004195827418323136,293,0,0.47343393277542,1.3858527595285943,0.8,1.3023415933302558,1.7789332922881238
top2,d2b170352370f73b336c,A,30,7d,1d,0.15,inverse_vol,2192,0.4786822116132978,0.06730032625319904,1.3984723267444488,2.2743193775182124,1.2985687930503294,-0.05182653904311918,11.850010486139254,0.008295007340297478,-0.004195827418323136,293,0,0.47343393277542,1.3858527595285943,0.8,1.3023415933302558,1.7789332922881238
top2,7724dcf0331c60ac3be7,A,30,7d,1h,0.1,inverse_vol,2192,0.29987537436285416,0.044639151627358986,1.3984723267444488,2.274319377518212,1.2819661481673392,-0.03482085052805317,7.900006990759504,0.005530004893531653,-0.0027972182788820934,293,0,0.2967979711297799,1.3858527595285943,0.8,1.3023415933302558,1.7663573441374485
top2,50aeceebe55d14a94add,A,30,7d,2h,0.1,inverse_vol,2192,0.29987537436285416,0.044639151627358986,1.3984723267444488,2.274319377518212,1.2819661481673392,-0.03482085052805317,7.900006990759504,0.005530004893531653,-0.0027972182788820934,293,0,0.2967979711297799,1.3858527595285943,0.8,1.3023415933302558,1.7663573441374485
top2,07a1bccbab0c8c2d3dd4,A,30,7d,4h,0.1,inverse_vol,2192,0.29987537436285416,0.044639151627358986,1.3984723267444488,2.274319377518212,1.2819661481673392,-0.03482085052805317,7.900006990759504,0.005530004893531653,-0.0027972182788820934,293,0,0.2967979711297799,1.3858527595285943,0.8,1.3023415933302558,1.7663573441374485
top2,96ecc1f92025f1da5eb9,A,30,7d,1d,0.1,inverse_vol,2192,0.29987537436285416,0.044639151627358986,1.3984723267444488,2.274319377518212,1.2819661481673392,-0.03482085052805317,7.900006990759504,0.005530004893531653,-0.0027972182788820934,293,0,0.2967979711297799,1.3858527595285943,0.8,1.3023415933302558,1.7663573441374485
top8,2427e8d930a155b37152,A,60,6h,5m,0.1,capped_rank,2192,0.5346207550801787,0.07391990755314604,0.975837289390933,1.300157238702535,0.5785476933782379,-0.12776804470780134,51.65685689645093,0.03615979982751565,-0.022133782140808626,1928,0,0.511020161810763,0.941800030337879,0.8,1.2959756370535807,1.7551954865545352
top8,65ed13f5547c543e5c6e,A,60,1d,5m,0.1,capped_rank,2192,0.5346207550801787,0.07391990755314604,0.975837289390933,1.300157238702535,0.5785476933782379,-0.12776804470780134,51.65685689645093,0.03615979982751565,-0.022133782140808626,1928,0,0.511020161810763,0.941800030337879,0.8,1.2959756370535807,1.7551954865545352
top8,cee15e82857a6b8dcfdf,A,60,12h,15m,0.1,capped_rank,2192,0.5346207550801787,0.07391990755314604,0.975837289390933,1.300157238702535,0.5785476933782379,-0.12776804470780134,51.65685689645093,0.03615979982751565,-0.022133782140808626,1928,0,0.511020161810763,0.941800030337879,0.8,1.2959756370535807,1.7551954865545352
top8,8aef8c8b27276dd2a6bb,A,60,1d,15m,0.1,capped_rank,2192,0.5346207550801787,0.07391990755314604,0.975837289390933,1.300157238702535,0.5785476933782379,-0.12776804470780134,51.65685689645093,0.03615979982751565,-0.022133782140808626,1928,0,0.511020161810763,0.941800030337879,0.8,1.2959756370535807,1.7551954865545352
top8,1d39336cd5c44720dc67,A,60,1d,30m,0.1,capped_rank,2192,0.5346207550801787,0.07391990755314604,0.975837289390933,1.300157238702535,0.5785476933782379,-0.12776804470780134,51.65685689645093,0.03615979982751565,-0.022133782140808626,1928,0,0.511020161810763,0.941800030337879,0.8,1.2959756370535807,1.7551954865545352
top8,7a17e91596fa64006c57,A,60,1d,1h,0.1,capped_rank,2192,0.5346207550801787,0.07391990755314604,0.975837289390933,1.300157238702535,0.5785476933782379,-0.12776804470780134,51.65685689645093,0.03615979982751565,-0.022133782140808626,1928,0,0.511020161810763,0.941800030337879,0.8,1.2959756370535807,1.7551954865545352
top8,8933e31fb592d5c90bfc,A,60,1d,2h,0.1,capped_rank,2192,0.5346207550801787,0.07391990755314604,0.975837289390933,1.300157238702535,0.5785476933782379,-0.12776804470780134,51.65685689645093,0.03615979982751565,-0.022133782140808626,1928,0,0.511020161810763,0.941800030337879,0.8,1.2959756370535807,1.7551954865545352
top8,1923057f37411a801e77,A,60,1d,4h,0.1,capped_rank,2192,0.5346207550801787,0.07391990755314604,0.975837289390933,1.300157238702535,0.5785476933782379,-0.12776804470780134,51.65685689645093,0.03615979982751565,-0.022133782140808626,1928,0,0.511020161810763,0.941800030337879,0.8,1.2959756370535807,1.7551954865545352
top8,0e1b9adc33b8f36f0ed0,A,30,6h,5m,0.15,inverse_vol,2192,0.9634577791034582,0.11890282042956057,1.1950720160739805,1.634917224846541,0.6022910008319223,-0.19741756105491282,84.68462755947037,0.05927923929162926,-0.06565789983670683,2002,0,0.9142159815907294,1.1519111921866638,0.8,1.2911348834997594,1.3598626660508093
top8,9f225575e6a68c7cf39a,A,30,1d,5m,0.15,inverse_vol,2192,0.9634577791034582,0.11890282042956057,1.1950720160739805,1.634917224846541,0.6022910008319223,-0.19741756105491282,84.68462755947037,0.05927923929162926,-0.06565789983670683,2002,0,0.9142159815907294,1.1519111921866638,0.8,1.2911348834997594,1.3598626660508093
top8,ce414571b8a202c9b63b,A,30,12h,15m,0.15,inverse_vol,2192,0.9634577791034582,0.11890282042956057,1.1950720160739805,1.634917224846541,0.6022910008319223,-0.19741756105491282,84.68462755947037,0.05927923929162926,-0.06565789983670683,2002,0,0.9142159815907294,1.1519111921866638,0.8,1.2911348834997594,1.3598626660508093
top8,db26d7b25483d79e8535,A,30,1d,15m,0.15,inverse_vol,2192,0.9634577791034582,0.11890282042956057,1.1950720160739805,1.634917224846541,0.6022910008319223,-0.19741756105491282,84.68462755947037,0.05927923929162926,-0.06565789983670683,2002,0,0.9142159815907294,1.1519111921866638,0.8,1.2911348834997594,1.3598626660508093
top8,d3c91c14f825a7950ab0,A,30,1d,30m,0.15,inverse_vol,2192,0.9634577791034582,0.11890282042956057,1.1950720160739805,1.634917224846541,0.6022910008319223,-0.19741756105491282,84.68462755947037,0.05927923929162926,-0.06565789983670683,2002,0,0.9142159815907294,1.1519111921866638,0.8,1.2911348834997594,1.3598626660508093
top8,efb2912cb5ba397f3dc1,A,30,1d,1h,0.15,inverse_vol,2192,0.9634577791034582,0.11890282042956057,1.1950720160739805,1.634917224846541,0.6022910008319223,-0.19741756105491282,84.68462755947037,0.05927923929162926,-0.06565789983670683,2002,0,0.9142159815907294,1.1519111921866638,0.8,1.2911348834997594,1.3598626660508093
top8,b98bcd139d0404349fbd,A,30,1d,2h,0.15,inverse_vol,2192,0.9634577791034582,0.11890282042956057,1.1950720160739805,1.634917224846541,0.6022910008319223,-0.19741756105491282,84.68462755947037,0.05927923929162926,-0.06565789983670683,2002,0,0.9142159815907294,1.1519111921866638,0.8,1.2911348834997594,1.3598626660508093
top8,afb87269d6801b6c2634,A,30,1d,4h,0.15,inverse_vol,2192,0.9634577791034582,0.11890282042956057,1.1950720160739805,1.634917224846541,0.6022910008319223,-0.19741756105491282,84.68462755947037,0.05927923929162926,-0.06565789983670683,2002,0,0.9142159815907294,1.1519111921866638,0.8,1.2911348834997594,1.3598626660508093
top8,1f1c6d80a3e1a30c1fbe,A,30,6h,5m,0.2,inverse_vol,2192,1.4284081319684536,0.15920884066509378,1.1957057837900242,1.6356622361032704,0.620188677199093,-0.2567103310949106,112.77950341262718,0.07894565238883902,-0.08750025536050868,2002,0,1.3476459799067468,1.1525969605400588,0.8,1.2911348834997591,1.3826275624313618
top8,7dd721357d4bbabe6209,A,30,1d,5m,0.2,inverse_vol,2192,1.4284081319684536,0.15920884066509378,1.1957057837900242,1.6356622361032704,0.620188677199093,-0.2567103310949106,112.77950341262718,0.07894565238883902,-0.08750025536050868,2002,0,1.3476459799067468,1.1525969605400588,0.8,1.2911348834997591,1.3826275624313618
top8,2e884c3c11a3217caf8f,A,30,12h,15m,0.2,inverse_vol,2192,1.4284081319684536,0.15920884066509378,1.1957057837900242,1.6356622361032704,0.620188677199093,-0.2567103310949106,112.77950341262718,0.07894565238883902,-0.08750025536050868,2002,0,1.3476459799067468,1.1525969605400588,0.8,1.2911348834997591,1.3826275624313618
top8,54b9ece4f6d6129e1484,A,30,1d,15m,0.2,inverse_vol,2192,1.4284081319684536,0.15920884066509378,1.1957057837900242,1.6356622361032704,0.620188677199093,-0.2567103310949106,112.77950341262718,0.07894565238883902,-0.08750025536050868,2002,0,1.3476459799067468,1.1525969605400588,0.8,1.2911348834997591,1.3826275624313618
top8,2e28e77655d42eb4c555,A,30,1d,30m,0.2,inverse_vol,2192,1.4284081319684536,0.15920884066509378,1.1957057837900242,1.6356622361032704,0.620188677199093,-0.2567103310949106,112.77950341262718,0.07894565238883902,-0.08750025536050868,2002,0,1.3476459799067468,1.1525969605400588,0.8,1.2911348834997591,1.3826275624313618
top8,737398fe0c2a2843f48d,A,30,1d,1h,0.2,inverse_vol,2192,1.4284081319684536,0.15920884066509378,1.1957057837900242,1.6356622361032704,0.620188677199093,-0.2567103310949106,112.77950341262718,0.07894565238883902,-0.08750025536050868,2002,0,1.3476459799067468,1.1525969605400588,0.8,1.2911348834997591,1.3826275624313618
top8,2df4c64eca6865745fd6,A,30,1d,2h,0.2,inverse_vol,2192,1.4284081319684536,0.15920884066509378,1.1957057837900242,1.6356622361032704,0.620188677199093,-0.2567103310949106,112.77950341262718,0.07894565238883902,-0.08750025536050868,2002,0,1.3476459799067468,1.1525969605400588,0.8,1.2911348834997591,1.3826275624313618
top8,db8c14a21b7d10741c49,A,30,1d,4h,0.2,inverse_vol,2192,1.4284081319684536,0.15920884066509378,1.1957057837900242,1.6356622361032704,0.620188677199093,-0.2567103310949106,112.77950341262718,0.07894565238883902,-0.08750025536050868,2002,0,1.3476459799067468,1.1525969605400588,0.8,1.2911348834997591,1.3826275624313618
top8,8b50248a63b10b64b6be,A,30,6h,5m,0.1,inverse_vol,2192,0.5773541643871376,0.07884264237357486,1.1937984477553296,1.6333917564854694,0.584508628974245,-0.13488704608507818,56.589751706313585,0.03961282619441951,-0.04381554431290501,2002,0,0.5508060907805348,1.1505333031168214,0.8,1.2911348834997591,1.336879201774415
top8,ed2a3c9f691316a60ed8,A,30,1d,5m,0.1,inverse_vol,2192,0.5773541643871376,0.07884264237357486,1.1937984477553296,1.6333917564854694,0.584508628974245,-0.13488704608507818,56.589751706313585,0.03961282619441951,-0.04381554431290501,2002,0,0.5508060907805348,1.1505333031168214,0.8,1.2911348834997591,1.336879201774415
top8,bb6c0aad140637947eaa,A,30,12h,15m,0.1,inverse_vol,2192,0.5773541643871376,0.07884264237357486,1.1937984477553296,1.6333917564854694,0.584508628974245,-0.13488704608507818,56.589751706313585,0.03961282619441951,-0.04381554431290501,2002,0,0.5508060907805348,1.1505333031168214,0.8,1.2911348834997591,1.336879201774415
top8,a2a07a3003c6b37af938,A,30,1d,15m,0.1,inverse_vol,2192,0.5773541643871376,0.07884264237357486,1.1937984477553296,1.6333917564854694,0.584508628974245,-0.13488704608507818,56.589751706313585,0.03961282619441951,-0.04381554431290501,2002,0,0.5508060907805348,1.1505333031168214,0.8,1.2911348834997591,1.336879201774415
top8,260f2986abeb52945c8f,A,30,1d,30m,0.1,inverse_vol,2192,0.5773541643871376,0.07884264237357486,1.1937984477553296,1.6333917564854694,0.584508628974245,-0.13488704608507818,56.589751706313585,0.03961282619441951,-0.04381554431290501,2002,0,0.5508060907805348,1.1505333031168214,0.8,1.2911348834997591,1.336879201774415
top8,953ef6e5e06344a11296,A,30,1d,1h,0.1,inverse_vol,2192,0.5773541643871376,0.07884264237357486,1.1937984477553296,1.6333917564854694,0.584508628974245,-0.13488704608507818,56.589751706313585,0.03961282619441951,-0.04381554431290501,2002,0,0.5508060907805348,1.1505333031168214,0.8,1.2911348834997591,1.336879201774415
top8,23a0b77a0f4ad9abe35f,A,30,1d,2h,0.1,inverse_vol,2192,0.5773541643871376,0.07884264237357486,1.1937984477553296,1.6333917564854694,0.584508628974245,-0.13488704608507818,56.589751706313585,0.03961282619441951,-0.04381554431290501,2002,0,0.5508060907805348,1.1505333031168214,0.8,1.2911348834997591,1.336879201774415
top8,9b5cb44ab8211ac8bcd0,A,30,1d,4h,0.1,inverse_vol,2192,0.5773541643871376,0.07884264237357486,1.1937984477553296,1.6333917564854694,0.584508628974245,-0.13488704608507818,56.589751706313585,0.03961282619441951,-0.04381554431290501,2002,0,0.5508060907805348,1.1505333031168214,0.8,1.2911348834997591,1.336879201774415
top2,b8474400b25c3db6dd72,A,30,7d,1h,0.2,capped_rank,2192,2.0248967918558654,0.20238991822312524,1.2619687777998443,1.9642620210492787,1.1723952280038696,-0.17262942853129493,39.07772740661787,0.027354409184632507,-0.010770674768560872,291,0,1.9896198281731268,1.2493174791352852,0.8,1.2876013688556793,1.8114309871867162
top2,00a1ca2e97bf2617931a,A,30,7d,2h,0.2,capped_rank,2192,2.0248967918558654,0.20238991822312524,1.2619687777998443,1.9642620210492787,1.1723952280038696,-0.17262942853129493,39.07772740661787,0.027354409184632507,-0.010770674768560872,291,0,1.9896198281731268,1.2493174791352852,0.8,1.2876013688556793,1.8114309871867162
top2,e350ae1a87678921d44f,A,30,7d,4h,0.2,capped_rank,2192,2.0248967918558654,0.20238991822312524,1.2619687777998443,1.9642620210492787,1.1723952280038696,-0.17262942853129493,39.07772740661787,0.027354409184632507,-0.010770674768560872,291,0,1.9896198281731268,1.2493174791352852,0.8,1.2876013688556793,1.8114309871867162
top2,65323fad3e0df4a2b5c1,A,30,7d,1d,0.2,capped_rank,2192,2.0248967918558654,0.20238991822312524,1.2619687777998443,1.9642620210492787,1.1723952280038696,-0.17262942853129493,39.07772740661787,0.027354409184632507,-0.010770674768560872,291,0,1.9896198281731268,1.2493174791352852,0.8,1.2876013688556793,1.8114309871867162
top2,663ea3b13447466110c4,A,30,7d,1h,0.15,capped_rank,2192,1.3307633014600508,0.15131406560775007,1.2607519448217157,1.9568850551555412,1.145041978012404,-0.132147177582437,29.849167973030177,0.020894417581121122,-0.007919224060367578,293,0,1.3099739436143598,1.2479099364303792,0.8,1.287192555649076,1.7990299733843096
top2,4c345154a58df62c9978,A,30,7d,2h,0.15,capped_rank,2192,1.3307633014600508,0.15131406560775007,1.2607519448217157,1.9568850551555412,1.145041978012404,-0.132147177582437,29.849167973030177,0.020894417581121122,-0.007919224060367578,293,0,1.3099739436143598,1.2479099364303792,0.8,1.287192555649076,1.7990299733843096
top2,2e7a91f6e5b2b57a5d27,A,30,7d,4h,0.15,capped_rank,2192,1.3307633014600508,0.15131406560775007,1.2607519448217157,1.9568850551555412,1.145041978012404,-0.132147177582437,29.849167973030177,0.020894417581121122,-0.007919224060367578,293,0,1.3099739436143598,1.2479099364303792,0.8,1.287192555649076,1.7990299733843096
top2,43e73123ba8febcd82de,A,30,7d,1d,0.15,capped_rank,2192,1.3307633014600508,0.15131406560775007,1.2607519448217157,1.9568850551555412,1.145041978012404,-0.132147177582437,29.849167973030177,0.020894417581121122,-0.007919224060367578,293,0,1.3099739436143598,1.2479099364303792,0.8,1.287192555649076,1.7990299733843096
top2,680fa4ace5b1c2796acf,A,30,3d,30m,0.2,equal,2192,0.6590907134317707,0.08795663931260056,1.4158184698554528,2.336883927940781,0.8845778449934395,-0.09943346400819353,23.085016905242842,0.01615951183366999,-0.007114951922479434,678,0,0.6476408402807272,1.3967895368089185,0.8,1.2773589302479316,1.2519894341638542
top2,24cc09f182b13e1c043f,A,30,3d,1h,0.2,equal,2192,0.6590907134317707,0.08795663931260056,1.4158184698554528,2.336883927940781,0.8845778449934395,-0.09943346400819353,23.085016905242842,0.01615951183366999,-0.007114951922479434,678,0,0.6476408402807272,1.3967895368089185,0.8,1.2773589302479316,1.2519894341638542
top2,4ae9bf7d3f6d408d9036,A,30,3d,2h,0.2,equal,2192,0.6590907134317707,0.08795663931260056,1.4158184698554528,2.336883927940781,0.8845778449934395,-0.09943346400819353,23.085016905242842,0.01615951183366999,-0.007114951922479434,678,0,0.6476408402807272,1.3967895368089185,0.8,1.2773589302479316,1.2519894341638542
top2,7238b16e520b31bbaeff,A,30,3d,4h,0.2,equal,2192,0.6590907134317707,0.08795663931260056,1.4158184698554528,2.336883927940781,0.8845778449934395,-0.09943346400819353,23.085016905242842,0.01615951183366999,-0.007114951922479434,678,0,0.6476408402807272,1.3967895368089185,0.8,1.2773589302479316,1.2519894341638542
top2,1c00536f34f37bf4632b,A,30,3d,1d,0.2,equal,2192,0.6590907134317707,0.08795663931260056,1.4158184698554528,2.336883927940781,0.8845778449934395,-0.09943346400819353,23.085016905242842,0.01615951183366999,-0.007114951922479434,678,0,0.6476408402807272,1.3967895368089185,0.8,1.2773589302479316,1.2519894341638542
top2,e02b904225c968a66f53,A,30,3d,30m,0.15,equal,2192,0.4649024550625813,0.06563768464042918,1.4158184698554528,2.336883927940781,0.8742359928199169,-0.07508005295996756,17.31376267893213,0.01211963387525249,-0.005336213941859583,678,0,0.45731354211092423,1.396789536808919,0.8,1.2773589302479316,1.238857432822804
top2,6c648bdec806d26a64eb,A,30,3d,1h,0.15,equal,2192,0.4649024550625813,0.06563768464042918,1.4158184698554528,2.336883927940781,0.8742359928199169,-0.07508005295996756,17.31376267893213,0.01211963387525249,-0.005336213941859583,678,0,0.45731354211092423,1.396789536808919,0.8,1.2773589302479316,1.238857432822804
top2,52f4f7d1c3828a597ab7,A,30,3d,2h,0.15,equal,2192,0.4649024550625813,0.06563768464042918,1.4158184698554528,2.336883927940781,0.8742359928199169,-0.07508005295996756,17.31376267893213,0.01211963387525249,-0.005336213941859583,678,0,0.45731354211092423,1.396789536808919,0.8,1.2773589302479316,1.238857432822804
top2,95720834535f70565859,A,30,3d,4h,0.15,equal,2192,0.4649024550625813,0.06563768464042918,1.4158184698554528,2.336883927940781,0.8742359928199169,-0.07508005295996756,17.31376267893213,0.01211963387525249,-0.005336213941859583,678,0,0.45731354211092423,1.396789536808919,0.8,1.2773589302479316,1.238857432822804
top2,cbb5e295283cd4cf1cf1,A,30,3d,1d,0.15,equal,2192,0.4649024550625813,0.06563768464042918,1.4158184698554528,2.336883927940781,0.8742359928199169,-0.07508005295996756,17.31376267893213,0.01211963387525249,-0.005336213941859583,678,0,0.45731354211092423,1.396789536808919,0.8,1.2773589302479316,1.238857432822804
top2,1bf7399824bd683a812f,A,30,3d,30m,0.1,equal,2192,0.29164754252826164,0.043535197968445294,1.4158184698554528,2.336883927940781,0.8640558681139341,-0.050384702627474964,11.542508452621421,0.008079755916834994,-0.003557475961239717,678,0,0.28718272758512686,1.3967895368089185,0.8,1.2773589302479316,1.2257165200346538
top2,473ad6add4c5eb08ef0e,A,30,3d,1h,0.1,equal,2192,0.29164754252826164,0.043535197968445294,1.4158184698554528,2.336883927940781,0.8640558681139341,-0.050384702627474964,11.542508452621421,0.008079755916834994,-0.003557475961239717,678,0,0.28718272758512686,1.3967895368089185,0.8,1.2773589302479316,1.2257165200346538
top2,30258e0ba072ed42b49c,A,30,3d,2h,0.1,equal,2192,0.29164754252826164,0.043535197968445294,1.4158184698554528,2.336883927940781,0.8640558681139341,-0.050384702627474964,11.542508452621421,0.008079755916834994,-0.003557475961239717,678,0,0.28718272758512686,1.3967895368089185,0.8,1.2773589302479316,1.2257165200346538
top2,4bfdd766900735d3d529,A,30,3d,4h,0.1,equal,2192,0.29164754252826164,0.043535197968445294,1.4158184698554528,2.336883927940781,0.8640558681139341,-0.050384702627474964,11.542508452621421,0.008079755916834994,-0.003557475961239717,678,0,0.28718272758512686,1.3967895368089185,0.8,1.2773589302479316,1.2257165200346538
top2,220eebef7c59cd09137c,A,30,3d,1d,0.1,equal,2192,0.29164754252826164,0.043535197968445294,1.4158184698554528,2.336883927940781,0.8640558681139341,-0.050384702627474964,11.542508452621421,0.008079755916834994,-0.003557475961239717,678,0,0.28718272758512686,1.3967895368089185,0.8,1.2773589302479316,1.2257165200346538
top8,047ccbc8c4ed43ac8960,A,60,6h,5m,0.15,inverse_vol,2192,0.9487998779439266,0.1175075765288578,1.1253826933854996,1.5402581340081059,0.7648010734267351,-0.15364462814148305,65.52187636019521,0.04586531345213665,-0.0720720323253114,1931,0,0.9108789691612449,1.0937647988416463,0.8,1.277145313037079,1.7733010263564302
top8,a016ecf0c71107c4256d,A,60,1d,5m,0.15,inverse_vol,2192,0.9487998779439266,0.1175075765288578,1.1253826933854996,1.5402581340081059,0.7648010734267351,-0.15364462814148305,65.52187636019521,0.04586531345213665,-0.0720720323253114,1931,0,0.9108789691612449,1.0937647988416463,0.8,1.277145313037079,1.7733010263564302
top8,01af434c758f02fbe63c,A,60,12h,15m,0.15,inverse_vol,2192,0.9487998779439266,0.1175075765288578,1.1253826933854996,1.5402581340081059,0.7648010734267351,-0.15364462814148305,65.52187636019521,0.04586531345213665,-0.0720720323253114,1931,0,0.9108789691612449,1.0937647988416463,0.8,1.277145313037079,1.7733010263564302
top8,4c9a18acc2f43905a1e3,A,60,1d,15m,0.15,inverse_vol,2192,0.9487998779439266,0.1175075765288578,1.1253826933854996,1.5402581340081059,0.7648010734267351,-0.15364462814148305,65.52187636019521,0.04586531345213665,-0.0720720323253114,1931,0,0.9108789691612449,1.0937647988416463,0.8,1.277145313037079,1.7733010263564302
top8,862bf72d88de8431c6db,A,60,1d,30m,0.15,inverse_vol,2192,0.9487998779439266,0.1175075765288578,1.1253826933854996,1.5402581340081059,0.7648010734267351,-0.15364462814148305,65.52187636019521,0.04586531345213665,-0.0720720323253114,1931,0,0.9108789691612449,1.0937647988416463,0.8,1.277145313037079,1.7733010263564302
top8,311ddc19d5a38e1985cb,A,60,1d,1h,0.15,inverse_vol,2192,0.9487998779439266,0.1175075765288578,1.1253826933854996,1.5402581340081059,0.7648010734267351,-0.15364462814148305,65.52187636019521,0.04586531345213665,-0.0720720323253114,1931,0,0.9108789691612449,1.0937647988416463,0.8,1.277145313037079,1.7733010263564302
top8,e7227396334a31f90c16,A,60,1d,2h,0.15,inverse_vol,2192,0.9487998779439266,0.1175075765288578,1.1253826933854996,1.5402581340081059,0.7648010734267351,-0.15364462814148305,65.52187636019521,0.04586531345213665,-0.0720720323253114,1931,0,0.9108789691612449,1.0937647988416463,0.8,1.277145313037079,1.7733010263564302
top8,067237cc771098b2a5b3,A,60,1d,4h,0.15,inverse_vol,2192,0.9487998779439266,0.1175075765288578,1.1253826933854996,1.5402581340081059,0.7648010734267351,-0.15364462814148305,65.52187636019521,0.04586531345213665,-0.0720720323253114,1931,0,0.9108789691612449,1.0937647988416463,0.8,1.277145313037079,1.7733010263564302
top8,1c58e5e086acaa4c4e12,A,60,6h,5m,0.2,inverse_vol,2192,1.3997131416410298,0.15691666821371908,1.1253826933854998,1.540258134008106,0.7751409291102748,-0.20243630844500982,87.36250181359362,0.06115375126951554,-0.0960960431004152,1931,0,1.3376613809915763,1.0937647988416466,0.8,1.2771453130370782,1.7864400312131004
top8,1543726d68858ed2990d,A,60,1d,5m,0.2,inverse_vol,2192,1.3997131416410298,0.15691666821371908,1.1253826933854998,1.540258134008106,0.7751409291102748,-0.20243630844500982,87.36250181359362,0.06115375126951554,-0.0960960431004152,1931,0,1.3376613809915763,1.0937647988416466,0.8,1.2771453130370782,1.7864400312131004
top8,747eaad8cc4425a9f6d2,A,60,12h,15m,0.2,inverse_vol,2192,1.3997131416410298,0.15691666821371908,1.1253826933854998,1.540258134008106,0.7751409291102748,-0.20243630844500982,87.36250181359362,0.06115375126951554,-0.0960960431004152,1931,0,1.3376613809915763,1.0937647988416466,0.8,1.2771453130370782,1.7864400312131004
top8,2eb9b429690384056e8d,A,60,1d,15m,0.2,inverse_vol,2192,1.3997131416410298,0.15691666821371908,1.1253826933854998,1.540258134008106,0.7751409291102748,-0.20243630844500982,87.36250181359362,0.06115375126951554,-0.0960960431004152,1931,0,1.3376613809915763,1.0937647988416466,0.8,1.2771453130370782,1.7864400312131004
top8,de39d68e6336e480a2f0,A,60,1d,30m,0.2,inverse_vol,2192,1.3997131416410298,0.15691666821371908,1.1253826933854998,1.540258134008106,0.7751409291102748,-0.20243630844500982,87.36250181359362,0.06115375126951554,-0.0960960431004152,1931,0,1.3376613809915763,1.0937647988416466,0.8,1.2771453130370782,1.7864400312131004
top8,541cfa4b6f01e60f5f37,A,60,1d,1h,0.2,inverse_vol,2192,1.3997131416410298,0.15691666821371908,1.1253826933854998,1.540258134008106,0.7751409291102748,-0.20243630844500982,87.36250181359362,0.06115375126951554,-0.0960960431004152,1931,0,1.3376613809915763,1.0937647988416466,0.8,1.2771453130370782,1.7864400312131004
top8,8f6bbb190005ae976da0,A,60,1d,2h,0.2,inverse_vol,2192,1.3997131416410298,0.15691666821371908,1.1253826933854998,1.540258134008106,0.7751409291102748,-0.20243630844500982,87.36250181359362,0.06115375126951554,-0.0960960431004152,1931,0,1.3376613809915763,1.0937647988416466,0.8,1.2771453130370782,1.7864400312131004
top8,3350cddbdd48e2a8a59a,A,60,1d,4h,0.2,inverse_vol,2192,1.3997131416410298,0.15691666821371908,1.1253826933854998,1.540258134008106,0.7751409291102748,-0.20243630844500982,87.36250181359362,0.06115375126951554,-0.0960960431004152,1931,0,1.3376613809915763,1.0937647988416466,0.8,1.2771453130370782,1.7864400312131004
top8,a05fc5d5a3bc9bef5cb5,A,60,6h,5m,0.1,inverse_vol,2192,0.5713782404584633,0.07816097422514989,1.1253826933854998,1.540258134008106,0.7481474741491166,-0.10447268342921823,43.68125090679681,0.03057687563475777,-0.0480480215502076,1931,0,0.550925036386688,1.0937647988416466,0.8,1.2771453130370782,1.7601865936042345
top8,de33c6e0837aa9e1e3cf,A,60,1d,5m,0.1,inverse_vol,2192,0.5713782404584633,0.07816097422514989,1.1253826933854998,1.540258134008106,0.7481474741491166,-0.10447268342921823,43.68125090679681,0.03057687563475777,-0.0480480215502076,1931,0,0.550925036386688,1.0937647988416466,0.8,1.2771453130370782,1.7601865936042345
top8,65e3b3cec73047f4b875,A,60,12h,15m,0.1,inverse_vol,2192,0.5713782404584633,0.07816097422514989,1.1253826933854998,1.540258134008106,0.7481474741491166,-0.10447268342921823,43.68125090679681,0.03057687563475777,-0.0480480215502076,1931,0,0.550925036386688,1.0937647988416466,0.8,1.2771453130370782,1.7601865936042345
top8,c8a6248f37bb1e9a6b84,A,60,1d,15m,0.1,inverse_vol,2192,0.5713782404584633,0.07816097422514989,1.1253826933854998,1.540258134008106,0.7481474741491166,-0.10447268342921823,43.68125090679681,0.03057687563475777,-0.0480480215502076,1931,0,0.550925036386688,1.0937647988416466,0.8,1.2771453130370782,1.7601865936042345
top8,20d79306b818a9afec51,A,60,1d,30m,0.1,inverse_vol,2192,0.5713782404584633,0.07816097422514989,1.1253826933854998,1.540258134008106,0.7481474741491166,-0.10447268342921823,43.68125090679681,0.03057687563475777,-0.0480480215502076,1931,0,0.550925036386688,1.0937647988416466,0.8,1.2771453130370782,1.7601865936042345
top8,0fe75b763ee61a88cda0,A,60,1d,1h,0.1,inverse_vol,2192,0.5713782404584633,0.07816097422514989,1.1253826933854998,1.540258134008106,0.7481474741491166,-0.10447268342921823,43.68125090679681,0.03057687563475777,-0.0480480215502076,1931,0,0.550925036386688,1.0937647988416466,0.8,1.2771453130370782,1.7601865936042345
top8,ce88e6d52df340f6c9e6,A,60,1d,2h,0.1,inverse_vol,2192,0.5713782404584633,0.07816097422514989,1.1253826933854998,1.540258134008106,0.7481474741491166,-0.10447268342921823,43.68125090679681,0.03057687563475777,-0.0480480215502076,1931,0,0.550925036386688,1.0937647988416466,0.8,1.2771453130370782,1.7601865936042345
top8,773f260cea7bdbf1322a,A,60,1d,4h,0.1,inverse_vol,2192,0.5713782404584633,0.07816097422514989,1.1253826933854998,1.540258134008106,0.7481474741491166,-0.10447268342921823,43.68125090679681,0.03057687563475777,-0.0480480215502076,1931,0,0.550925036386688,1.0937647988416466,0.8,1.2771453130370782,1.7601865936042345
top4,ba522f939ac76a12a6fd,A,60,6h,5m,0.2,capped_rank,2192,1.4680296108532866,0.16233700269322537,1.0417268920171958,1.4610023311565274,0.6545820760174776,-0.24800098970154338,98.60181736402279,0.06902127215481596,-0.04149952266827178,1895,0,1.396083663807039,1.0100771066345429,0.8,1.268040906783786,1.7255708010609094
top4,41f66794457130a10140,A,60,1d,5m,0.2,capped_rank,2192,1.4680296108532866,0.16233700269322537,1.0417268920171958,1.4610023311565274,0.6545820760174776,-0.24800098970154338,98.60181736402279,0.06902127215481596,-0.04149952266827178,1895,0,1.396083663807039,1.0100771066345429,0.8,1.268040906783786,1.7255708010609094
top4,a556d13987a9a306d26f,A,60,12h,15m,0.2,capped_rank,2192,1.4680296108532866,0.16233700269322537,1.0417268920171958,1.4610023311565274,0.6545820760174776,-0.24800098970154338,98.60181736402279,0.06902127215481596,-0.04149952266827178,1895,0,1.396083663807039,1.0100771066345429,0.8,1.268040906783786,1.7255708010609094
top4,7543f5e5fcd34f038a0d,A,60,1d,15m,0.2,capped_rank,2192,1.4680296108532866,0.16233700269322537,1.0417268920171958,1.4610023311565274,0.6545820760174776,-0.24800098970154338,98.60181736402279,0.06902127215481596,-0.04149952266827178,1895,0,1.396083663807039,1.0100771066345429,0.8,1.268040906783786,1.7255708010609094
top4,4e4fc49166cd0b0341b3,A,60,1d,30m,0.2,capped_rank,2192,1.4680296108532866,0.16233700269322537,1.0417268920171958,1.4610023311565274,0.6545820760174776,-0.24800098970154338,98.60181736402279,0.06902127215481596,-0.04149952266827178,1895,0,1.396083663807039,1.0100771066345429,0.8,1.268040906783786,1.7255708010609094
top4,b582cbb77584fba3be85,A,60,1d,1h,0.2,capped_rank,2192,1.4680296108532866,0.16233700269322537,1.0417268920171958,1.4610023311565274,0.6545820760174776,-0.24800098970154338,98.60181736402279,0.06902127215481596,-0.04149952266827178,1895,0,1.396083663807039,1.0100771066345429,0.8,1.268040906783786,1.7255708010609094
top4,15cfd72a3c49172d9d2f,A,60,1d,2h,0.2,capped_rank,2192,1.4680296108532866,0.16233700269322537,1.0417268920171958,1.4610023311565274,0.6545820760174776,-0.24800098970154338,98.60181736402279,0.06902127215481596,-0.04149952266827178,1895,0,1.396083663807039,1.0100771066345429,0.8,1.268040906783786,1.7255708010609094
top4,05cc80697c56f6c54c25,A,60,1d,4h,0.2,capped_rank,2192,1.4680296108532866,0.16233700269322537,1.0417268920171958,1.4610023311565274,0.6545820760174776,-0.24800098970154338,98.60181736402279,0.06902127215481596,-0.04149952266827178,1895,0,1.396083663807039,1.0100771066345429,0.8,1.268040906783786,1.7255708010609094
top2,19c2f12e3e3391fe6fb0,A,90,7d,1h,0.15,capped_rank,2192,1.385687375078351,0.15578795916322896,1.2403334746131565,1.9146518287740513,0.7608452028112246,-0.20475644531583115,20.2014156215104,0.014140990935057279,-0.04505998286518006,283,0,1.3712624449701902,1.2320266171448426,0.8,1.2656575300100577,1.7796820549958219
top2,866f337b18bea801a63b,A,90,7d,2h,0.15,capped_rank,2192,1.385687375078351,0.15578795916322896,1.2403334746131565,1.9146518287740513,0.7608452028112246,-0.20475644531583115,20.2014156215104,0.014140990935057279,-0.04505998286518006,283,0,1.3712624449701902,1.2320266171448426,0.8,1.2656575300100577,1.7796820549958219
top2,525bc7aedac20e2cc0c7,A,90,7d,4h,0.15,capped_rank,2192,1.385687375078351,0.15578795916322896,1.2403334746131565,1.9146518287740513,0.7608452028112246,-0.20475644531583115,20.2014156215104,0.014140990935057279,-0.04505998286518006,283,0,1.3712624449701902,1.2320266171448426,0.8,1.2656575300100577,1.7796820549958219
top2,94746b32ab336d4e512a,A,90,7d,1d,0.15,capped_rank,2192,1.385687375078351,0.15578795916322896,1.2403334746131565,1.9146518287740513,0.7608452028112246,-0.20475644531583115,20.2014156215104,0.014140990935057279,-0.04505998286518006,283,0,1.3712624449701902,1.2320266171448426,0.8,1.2656575300100577,1.7796820549958219
top20pct,734cd2a04ba4f855e770,A,7,3d,30m,0.2,capped_rank,2192,1.6142712126803858,0.17353210239169514,0.9979746460871854,1.598300792719647,0.6203629001597704,-0.2797267572690164,141.7826504405971,0.09924785530841798,-0.04203459997756534,686,0,1.5053946163312295,0.9575553152699638,0.8,1.2576539753294917,1.2872195732587541
top20pct,ff5fc1ddbec7cf66f0d3,A,7,3d,1h,0.2,capped_rank,2192,1.6142712126803858,0.17353210239169514,0.9979746460871854,1.598300792719647,0.6203629001597704,-0.2797267572690164,141.7826504405971,0.09924785530841798,-0.04203459997756534,686,0,1.5053946163312295,0.9575553152699638,0.8,1.2576539753294917,1.2872195732587541
top20pct,d4c965d9b8aff4dbeba0,A,7,3d,2h,0.2,capped_rank,2192,1.6142712126803858,0.17353210239169514,0.9979746460871854,1.598300792719647,0.6203629001597704,-0.2797267572690164,141.7826504405971,0.09924785530841798,-0.04203459997756534,686,0,1.5053946163312295,0.9575553152699638,0.8,1.2576539753294917,1.2872195732587541
top20pct,95d4e4bff3965c9e3fec,A,7,3d,4h,0.2,capped_rank,2192,1.6142712126803858,0.17353210239169514,0.9979746460871854,1.598300792719647,0.6203629001597704,-0.2797267572690164,141.7826504405971,0.09924785530841798,-0.04203459997756534,686,0,1.5053946163312295,0.9575553152699638,0.8,1.2576539753294917,1.2872195732587541
top20pct,92f7c8d696377ea9cfac,A,7,3d,1d,0.2,capped_rank,2192,1.6142712126803858,0.17353210239169514,0.9979746460871854,1.598300792719647,0.6203629001597704,-0.2797267572690164,141.7826504405971,0.09924785530841798,-0.04203459997756534,686,0,1.5053946163312295,0.9575553152699638,0.8,1.2576539753294917,1.2872195732587541
top4,6014c3b49b67486e0487,A,14,3d,30m,0.15,capped_rank,2192,1.418977714616203,0.15845803561672156,1.257714779107453,1.8506609256761806,1.017438258990349,-0.15574216343502434,74.55652127994338,0.052189564895960376,-0.028903042115622633,681,0,1.3655003190592345,1.2274752982669628,0.8,1.2562105314659207,1.3115293156321925
top4,369c620a70987e436759,A,14,3d,1h,0.15,capped_rank,2192,1.418977714616203,0.15845803561672156,1.257714779107453,1.8506609256761806,1.017438258990349,-0.15574216343502434,74.55652127994338,0.052189564895960376,-0.028903042115622633,681,0,1.3655003190592345,1.2274752982669628,0.8,1.2562105314659207,1.3115293156321925
top4,f457df2d598d7e7307cc,A,14,3d,2h,0.15,capped_rank,2192,1.418977714616203,0.15845803561672156,1.257714779107453,1.8506609256761806,1.017438258990349,-0.15574216343502434,74.55652127994338,0.052189564895960376,-0.028903042115622633,681,0,1.3655003190592345,1.2274752982669628,0.8,1.2562105314659207,1.3115293156321925
top4,6e7cc19f5636ce9b53c3,A,14,3d,4h,0.15,capped_rank,2192,1.418977714616203,0.15845803561672156,1.257714779107453,1.8506609256761806,1.017438258990349,-0.15574216343502434,74.55652127994338,0.052189564895960376,-0.028903042115622633,681,0,1.3655003190592345,1.2274752982669628,0.8,1.2562105314659207,1.3115293156321925
top4,c210a44c10412af7a747,A,14,3d,1d,0.15,capped_rank,2192,1.418977714616203,0.15845803561672156,1.257714779107453,1.8506609256761806,1.017438258990349,-0.15574216343502434,74.55652127994338,0.052189564895960376,-0.028903042115622633,681,0,1.3655003190592345,1.2274752982669628,0.8,1.2562105314659207,1.3115293156321925
top4,66337b2b66f09a6dbc90,A,14,3d,30m,0.1,capped_rank,2192,0.8315376884947836,0.10601922850000078,1.2597671612609376,1.8513881582191245,0.9797629100710372,-0.10820906508117756,50.607849782942566,0.035425494848059805,-0.018590298572891645,683,0,0.8039491748214269,1.229227084726135,0.8,1.2562105314659204,1.2828659117972012
top4,0d30e6b50663f52be89c,A,14,3d,1h,0.1,capped_rank,2192,0.8315376884947836,0.10601922850000078,1.2597671612609376,1.8513881582191245,0.9797629100710372,-0.10820906508117756,50.607849782942566,0.035425494848059805,-0.018590298572891645,683,0,0.8039491748214269,1.229227084726135,0.8,1.2562105314659204,1.2828659117972012
top4,e09bc597d5a99abfba39,A,14,3d,2h,0.1,capped_rank,2192,0.8315376884947836,0.10601922850000078,1.2597671612609376,1.8513881582191245,0.9797629100710372,-0.10820906508117756,50.607849782942566,0.035425494848059805,-0.018590298572891645,683,0,0.8039491748214269,1.229227084726135,0.8,1.2562105314659204,1.2828659117972012
top4,2415876d29deb34faa17,A,14,3d,4h,0.1,capped_rank,2192,0.8315376884947836,0.10601922850000078,1.2597671612609376,1.8513881582191245,0.9797629100710372,-0.10820906508117756,50.607849782942566,0.035425494848059805,-0.018590298572891645,683,0,0.8039491748214269,1.229227084726135,0.8,1.2562105314659204,1.2828659117972012
top4,eec796dd923a5367e9f4,A,14,3d,1d,0.1,capped_rank,2192,0.8315376884947836,0.10601922850000078,1.2597671612609376,1.8513881582191245,0.9797629100710372,-0.10820906508117756,50.607849782942566,0.035425494848059805,-0.018590298572891645,683,0,0.8039491748214269,1.229227084726135,0.8,1.2562105314659204,1.2828659117972012
top20pct,c82c8583de5fe3984b4f,A,7,3d,30m,0.15,capped_rank,2192,1.09112293134906,0.13070125594771653,0.9875586127538163,1.5736800904583788,0.5849053957177235,-0.22345708708557244,108.35880101948702,0.07585116071364091,-0.031006927478966242,688,0,1.0242337849915377,0.9468551023113602,0.8,1.2504075896988265,1.2405955471209071
top20pct,49ce2ef7edd2b7e6f460,A,7,3d,1h,0.15,capped_rank,2192,1.09112293134906,0.13070125594771653,0.9875586127538163,1.5736800904583788,0.5849053957177235,-0.22345708708557244,108.35880101948702,0.07585116071364091,-0.031006927478966242,688,0,1.0242337849915377,0.9468551023113602,0.8,1.2504075896988265,1.2405955471209071
top20pct,cea55920bd03288c37c6,A,7,3d,2h,0.15,capped_rank,2192,1.09112293134906,0.13070125594771653,0.9875586127538163,1.5736800904583788,0.5849053957177235,-0.22345708708557244,108.35880101948702,0.07585116071364091,-0.031006927478966242,688,0,1.0242337849915377,0.9468551023113602,0.8,1.2504075896988265,1.2405955471209071
top20pct,0f1e1d4d9ed8c3245a20,A,7,3d,4h,0.15,capped_rank,2192,1.09112293134906,0.13070125594771653,0.9875586127538163,1.5736800904583788,0.5849053957177235,-0.22345708708557244,108.35880101948702,0.07585116071364091,-0.031006927478966242,688,0,1.0242337849915377,0.9468551023113602,0.8,1.2504075896988265,1.2405955471209071
top20pct,fd54ffe638df73a01426,A,7,3d,1d,0.15,capped_rank,2192,1.09112293134906,0.13070125594771653,0.9875586127538163,1.5736800904583788,0.5849053957177235,-0.22345708708557244,108.35880101948702,0.07585116071364091,-0.031006927478966242,688,0,1.0242337849915377,0.9468551023113602,0.8,1.2504075896988265,1.2405955471209071
top20pct,943b600c95a9f3b17c11,A,7,3d,30m,0.1,capped_rank,2192,0.6493073824267634,0.08688573586408954,0.9774674772227282,1.5529292634421068,0.5633877046707991,-0.1542201491863564,73.35499166847764,0.05134849416793434,-0.02076783078438488,688,0,0.6134073120843095,0.9363318528241649,0.8,1.2500512435583926,1.2073068503198205
top20pct,1111d0fba26c0f3770af,A,7,3d,1h,0.1,capped_rank,2192,0.6493073824267634,0.08688573586408954,0.9774674772227282,1.5529292634421068,0.5633877046707991,-0.1542201491863564,73.35499166847764,0.05134849416793434,-0.02076783078438488,688,0,0.6134073120843095,0.9363318528241649,0.8,1.2500512435583926,1.2073068503198205
top20pct,daf4463bc151dec207cc,A,7,3d,2h,0.1,capped_rank,2192,0.6493073824267634,0.08688573586408954,0.9774674772227282,1.5529292634421068,0.5633877046707991,-0.1542201491863564,73.35499166847764,0.05134849416793434,-0.02076783078438488,688,0,0.6134073120843095,0.9363318528241649,0.8,1.2500512435583926,1.2073068503198205
top20pct,8d84e8f4dbc90ba92669,A,7,3d,4h,0.1,capped_rank,2192,0.6493073824267634,0.08688573586408954,0.9774674772227282,1.5529292634421068,0.5633877046707991,-0.1542201491863564,73.35499166847764,0.05134849416793434,-0.02076783078438488,688,0,0.6134073120843095,0.9363318528241649,0.8,1.2500512435583926,1.2073068503198205
top20pct,7a88ca4e57ce87b04bc2,A,7,3d,1d,0.1,capped_rank,2192,0.6493073824267634,0.08688573586408954,0.9774674772227282,1.5529292634421068,0.5633877046707991,-0.1542201491863564,73.35499166847764,0.05134849416793434,-0.02076783078438488,688,0,0.6134073120843095,0.9363318528241649,0.8,1.2500512435583926,1.2073068503198205
top4,d5b90d54d5e769feb317,A,14,3d,30m,0.2,capped_rank,2192,2.1297078720874154,0.2092291746616355,1.2518757187685092,1.844501225705608,1.0656800232807517,-0.19633395586933544,97.37422847420387,0.06816195993194271,-0.04228622020264587,679,0,2.039669187703172,1.221967978388139,0.8,1.2396045448492972,1.316328696025122
top4,4a004e867ac94f061253,A,14,3d,1h,0.2,capped_rank,2192,2.1297078720874154,0.2092291746616355,1.2518757187685092,1.844501225705608,1.0656800232807517,-0.19633395586933544,97.37422847420387,0.06816195993194271,-0.04228622020264587,679,0,2.039669187703172,1.221967978388139,0.8,1.2396045448492972,1.316328696025122
top4,8a38869afb0c8adc12e4,A,14,3d,2h,0.2,capped_rank,2192,2.1297078720874154,0.2092291746616355,1.2518757187685092,1.844501225705608,1.0656800232807517,-0.19633395586933544,97.37422847420387,0.06816195993194271,-0.04228622020264587,679,0,2.039669187703172,1.221967978388139,0.8,1.2396045448492972,1.316328696025122
top4,a7e92be9f7d4259b74f9,A,14,3d,4h,0.2,capped_rank,2192,2.1297078720874154,0.2092291746616355,1.2518757187685092,1.844501225705608,1.0656800232807517,-0.19633395586933544,97.37422847420387,0.06816195993194271,-0.04228622020264587,679,0,2.039669187703172,1.221967978388139,0.8,1.2396045448492972,1.316328696025122
top4,fc6a8e7a3ea037e54c43,A,14,3d,1d,0.2,capped_rank,2192,2.1297078720874154,0.2092291746616355,1.2518757187685092,1.844501225705608,1.0656800232807517,-0.19633395586933544,97.37422847420387,0.06816195993194271,-0.04228622020264587,679,0,2.039669187703172,1.221967978388139,0.8,1.2396045448492972,1.316328696025122
top8,ad0f0cbf190dd750e672,A,30,3d,30m,0.2,inverse_vol,2192,2.011200326625487,0.20148164485583142,1.4385198770067071,2.0251945704191554,0.7865896977097252,-0.25614579677622995,61.038083553836685,0.04272665848768567,-0.09105210560624548,678,0,1.9565878275078066,1.4157393012837265,0.8,1.2375620765486413,1.2156197847866792
top8,741ffbc407cffb997230,A,30,3d,1h,0.2,inverse_vol,2192,2.011200326625487,0.20148164485583142,1.4385198770067071,2.0251945704191554,0.7865896977097252,-0.25614579677622995,61.038083553836685,0.04272665848768567,-0.09105210560624548,678,0,1.9565878275078066,1.4157393012837265,0.8,1.2375620765486413,1.2156197847866792
top8,1269df068b19a95615a9,A,30,3d,2h,0.2,inverse_vol,2192,2.011200326625487,0.20148164485583142,1.4385198770067071,2.0251945704191554,0.7865896977097252,-0.25614579677622995,61.038083553836685,0.04272665848768567,-0.09105210560624548,678,0,1.9565878275078066,1.4157393012837265,0.8,1.2375620765486413,1.2156197847866792
top8,240622510d194a9ccde8,A,30,3d,4h,0.2,inverse_vol,2192,2.011200326625487,0.20148164485583142,1.4385198770067071,2.0251945704191554,0.7865896977097252,-0.25614579677622995,61.038083553836685,0.04272665848768567,-0.09105210560624548,678,0,1.9565878275078066,1.4157393012837265,0.8,1.2375620765486413,1.2156197847866792
top8,a07dca5a0cef15113625,A,30,3d,1d,0.2,inverse_vol,2192,2.011200326625487,0.20148164485583142,1.4385198770067071,2.0251945704191554,0.7865896977097252,-0.25614579677622995,61.038083553836685,0.04272665848768567,-0.09105210560624548,678,0,1.9565878275078066,1.4157393012837265,0.8,1.2375620765486413,1.2156197847866792
top8,92c14b1f2727a853d56a,A,30,3d,30m,0.1,inverse_vol,2192,0.7588447393976538,0.09858574497522277,1.4385198770067071,2.0251945704191554,0.7338912026909337,-0.1343329155789602,30.519041776918343,0.021363329243842835,-0.04552605280312274,678,0,0.7428186840859607,1.4157393012837265,0.8,1.2375620765486413,1.1735099838258962
top8,72af10791c14e5ca9042,A,30,3d,1h,0.1,inverse_vol,2192,0.7588447393976538,0.09858574497522277,1.4385198770067071,2.0251945704191554,0.7338912026909337,-0.1343329155789602,30.519041776918343,0.021363329243842835,-0.04552605280312274,678,0,0.7428186840859607,1.4157393012837265,0.8,1.2375620765486413,1.1735099838258962
top8,2d3b506a0c5258876b40,A,30,3d,2h,0.1,inverse_vol,2192,0.7588447393976538,0.09858574497522277,1.4385198770067071,2.0251945704191554,0.7338912026909337,-0.1343329155789602,30.519041776918343,0.021363329243842835,-0.04552605280312274,678,0,0.7428186840859607,1.4157393012837265,0.8,1.2375620765486413,1.1735099838258962
top8,2582cbd1ddb22e181ff0,A,30,3d,4h,0.1,inverse_vol,2192,0.7588447393976538,0.09858574497522277,1.4385198770067071,2.0251945704191554,0.7338912026909337,-0.1343329155789602,30.519041776918343,0.021363329243842835,-0.04552605280312274,678,0,0.7428186840859607,1.4157393012837265,0.8,1.2375620765486413,1.1735099838258962
top8,34c53aa29d0c6f4be13b,A,30,3d,1d,0.1,inverse_vol,2192,0.7588447393976538,0.09858574497522277,1.4385198770067071,2.0251945704191554,0.7338912026909337,-0.1343329155789602,30.519041776918343,0.021363329243842835,-0.04552605280312274,678,0,0.7428186840859607,1.4157393012837265,0.8,1.2375620765486413,1.1735099838258962
top8,20bd8c92168f1004b185,A,30,3d,30m,0.15,inverse_vol,2192,1.3091182438139448,0.14952678061025293,1.4385198770067071,2.025194570419155,0.7597765957799082,-0.19680361495837362,45.77856266537751,0.03204499386576425,-0.0682890792046841,678,0,1.2776337889828615,1.4157393012837263,0.8,1.237562076548641,1.1946760019217757
top8,5a5dcef9ded81653dc53,A,30,3d,1h,0.15,inverse_vol,2192,1.3091182438139448,0.14952678061025293,1.4385198770067071,2.025194570419155,0.7597765957799082,-0.19680361495837362,45.77856266537751,0.03204499386576425,-0.0682890792046841,678,0,1.2776337889828615,1.4157393012837263,0.8,1.237562076548641,1.1946760019217757
top8,c2a2ea91397c97695798,A,30,3d,2h,0.15,inverse_vol,2192,1.3091182438139448,0.14952678061025293,1.4385198770067071,2.025194570419155,0.7597765957799082,-0.19680361495837362,45.77856266537751,0.03204499386576425,-0.0682890792046841,678,0,1.2776337889828615,1.4157393012837263,0.8,1.237562076548641,1.1946760019217757
top8,d2dc87e373d667ed2f4c,A,30,3d,4h,0.15,inverse_vol,2192,1.3091182438139448,0.14952678061025293,1.4385198770067071,2.025194570419155,0.7597765957799082,-0.19680361495837362,45.77856266537751,0.03204499386576425,-0.0682890792046841,678,0,1.2776337889828615,1.4157393012837263,0.8,1.237562076548641,1.1946760019217757
top8,0510c46bba63bdef8e1f,A,30,3d,1d,0.15,inverse_vol,2192,1.3091182438139448,0.14952678061025293,1.4385198770067071,2.025194570419155,0.7597765957799082,-0.19680361495837362,45.77856266537751,0.03204499386576425,-0.0682890792046841,678,0,1.2776337889828615,1.4157393012837263,0.8,1.237562076548641,1.1946760019217757
top4,cf3580965950be5d4b60,A,60,6h,5m,0.15,capped_rank,2192,0.9912319447266966,0.12152292374778972,1.0345468480367128,1.4494620880328741,0.6340385236592131,-0.19166488977112472,75.763745537348,0.053034621876143606,-0.028125172813146415,1920,0,0.9464771821595055,1.0022332544993238,0.8,1.227927733296317,1.6108901322682447
top4,97ad53b00e613abd5c08,A,60,1d,5m,0.15,capped_rank,2192,0.9912319447266966,0.12152292374778972,1.0345468480367128,1.4494620880328741,0.6340385236592131,-0.19166488977112472,75.763745537348,0.053034621876143606,-0.028125172813146415,1920,0,0.9464771821595055,1.0022332544993238,0.8,1.227927733296317,1.6108901322682447
top4,7796d2319c3fc633e195,A,60,12h,15m,0.15,capped_rank,2192,0.9912319447266966,0.12152292374778972,1.0345468480367128,1.4494620880328741,0.6340385236592131,-0.19166488977112472,75.763745537348,0.053034621876143606,-0.028125172813146415,1920,0,0.9464771821595055,1.0022332544993238,0.8,1.227927733296317,1.6108901322682447
top4,a0f936bc95d25b46ba75,A,60,1d,15m,0.15,capped_rank,2192,0.9912319447266966,0.12152292374778972,1.0345468480367128,1.4494620880328741,0.6340385236592131,-0.19166488977112472,75.763745537348,0.053034621876143606,-0.028125172813146415,1920,0,0.9464771821595055,1.0022332544993238,0.8,1.227927733296317,1.6108901322682447
top4,c78a445fea68f9c343b6,A,60,1d,30m,0.15,capped_rank,2192,0.9912319447266966,0.12152292374778972,1.0345468480367128,1.4494620880328741,0.6340385236592131,-0.19166488977112472,75.763745537348,0.053034621876143606,-0.028125172813146415,1920,0,0.9464771821595055,1.0022332544993238,0.8,1.227927733296317,1.6108901322682447
top4,35d6dcb34991e7f88a18,A,60,1d,1h,0.15,capped_rank,2192,0.9912319447266966,0.12152292374778972,1.0345468480367128,1.4494620880328741,0.6340385236592131,-0.19166488977112472,75.763745537348,0.053034621876143606,-0.028125172813146415,1920,0,0.9464771821595055,1.0022332544993238,0.8,1.227927733296317,1.6108901322682447
top4,ca59b6832a34e35cd7c8,A,60,1d,2h,0.15,capped_rank,2192,0.9912319447266966,0.12152292374778972,1.0345468480367128,1.4494620880328741,0.6340385236592131,-0.19166488977112472,75.763745537348,0.053034621876143606,-0.028125172813146415,1920,0,0.9464771821595055,1.0022332544993238,0.8,1.227927733296317,1.6108901322682447
top4,cac72a4fd4729ffc46b7,A,60,1d,4h,0.15,capped_rank,2192,0.9912319447266966,0.12152292374778972,1.0345468480367128,1.4494620880328741,0.6340385236592131,-0.19166488977112472,75.763745537348,0.053034621876143606,-0.028125172813146415,1920,0,0.9464771821595055,1.0022332544993238,0.8,1.227927733296317,1.6108901322682447
top4,125ba22e0e8dbca4ac8c,A,60,6h,5m,0.1,capped_rank,2192,0.5941160553866647,0.08074323526065474,1.027240108898825,1.4366551376323973,0.6240586563550113,-0.12938404817947424,52.022633352633,0.0364158433468431,-0.018894948924749123,1928,0,0.5694278517566502,0.9940571014266303,0.8,1.2173501395765682,1.6178477306731858
top4,8fb15ac4f9c3047240b1,A,60,1d,5m,0.1,capped_rank,2192,0.5941160553866647,0.08074323526065474,1.027240108898825,1.4366551376323973,0.6240586563550113,-0.12938404817947424,52.022633352633,0.0364158433468431,-0.018894948924749123,1928,0,0.5694278517566502,0.9940571014266303,0.8,1.2173501395765682,1.6178477306731858
top4,865682470ecdf941636f,A,60,12h,15m,0.1,capped_rank,2192,0.5941160553866647,0.08074323526065474,1.027240108898825,1.4366551376323973,0.6240586563550113,-0.12938404817947424,52.022633352633,0.0364158433468431,-0.018894948924749123,1928,0,0.5694278517566502,0.9940571014266303,0.8,1.2173501395765682,1.6178477306731858
top4,003ee87cd96e2f42bffd,A,60,1d,15m,0.1,capped_rank,2192,0.5941160553866647,0.08074323526065474,1.027240108898825,1.4366551376323973,0.6240586563550113,-0.12938404817947424,52.022633352633,0.0364158433468431,-0.018894948924749123,1928,0,0.5694278517566502,0.9940571014266303,0.8,1.2173501395765682,1.6178477306731858
top4,8805591f1c5da49b6032,A,60,1d,30m,0.1,capped_rank,2192,0.5941160553866647,0.08074323526065474,1.027240108898825,1.4366551376323973,0.6240586563550113,-0.12938404817947424,52.022633352633,0.0364158433468431,-0.018894948924749123,1928,0,0.5694278517566502,0.9940571014266303,0.8,1.2173501395765682,1.6178477306731858
top4,bd86f4b8dc73623d5c6f,A,60,1d,1h,0.1,capped_rank,2192,0.5941160553866647,0.08074323526065474,1.027240108898825,1.4366551376323973,0.6240586563550113,-0.12938404817947424,52.022633352633,0.0364158433468431,-0.018894948924749123,1928,0,0.5694278517566502,0.9940571014266303,0.8,1.2173501395765682,1.6178477306731858
top4,7075d91af196ff945337,A,60,1d,2h,0.1,capped_rank,2192,0.5941160553866647,0.08074323526065474,1.027240108898825,1.4366551376323973,0.6240586563550113,-0.12938404817947424,52.022633352633,0.0364158433468431,-0.018894948924749123,1928,0,0.5694278517566502,0.9940571014266303,0.8,1.2173501395765682,1.6178477306731858
top4,743b8eeac64806f013d3,A,60,1d,4h,0.1,capped_rank,2192,0.5941160553866647,0.08074323526065474,1.027240108898825,1.4366551376323973,0.6240586563550113,-0.12938404817947424,52.022633352633,0.0364158433468431,-0.018894948924749123,1928,0,0.5694278517566502,0.9940571014266303,0.8,1.2173501395765682,1.6178477306731858
top20pct,0790bc07bc61262657b2,A,90,7d,1h,0.1,capped_rank,2192,0.6539934236539815,0.08739933828749913,1.1081397919870848,1.6527828895865995,0.6869936022239989,-0.12722001777682057,14.158321422494566,0.009910824995746198,-0.03171090685434494,283,0,0.6469794783135085,1.0990262694967134,0.8,1.2150916055801024,1.6673659945497152
top20pct,9d6682a1590c4592097d,A,90,7d,2h,0.1,capped_rank,2192,0.6539934236539815,0.08739933828749913,1.1081397919870848,1.6527828895865995,0.6869936022239989,-0.12722001777682057,14.158321422494566,0.009910824995746198,-0.03171090685434494,283,0,0.6469794783135085,1.0990262694967134,0.8,1.2150916055801024,1.6673659945497152
top20pct,4f163cdaa154b0c9bc19,A,90,7d,4h,0.1,capped_rank,2192,0.6539934236539815,0.08739933828749913,1.1081397919870848,1.6527828895865995,0.6869936022239989,-0.12722001777682057,14.158321422494566,0.009910824995746198,-0.03171090685434494,283,0,0.6469794783135085,1.0990262694967134,0.8,1.2150916055801024,1.6673659945497152
top20pct,03d39bb34fb6af4035db,A,90,7d,1d,0.1,capped_rank,2192,0.6539934236539815,0.08739933828749913,1.1081397919870848,1.6527828895865995,0.6869936022239989,-0.12722001777682057,14.158321422494566,0.009910824995746198,-0.03171090685434494,283,0,0.6469794783135085,1.0990262694967134,0.8,1.2150916055801024,1.6673659945497152
top2,ae8b9b47ddb8ab149c16,A,14,3d,30m,0.2,capped_rank,2192,2.5261457289455707,0.23348389235516787,1.274565831503708,2.098462398722406,1.1517975474064224,-0.20271261462651902,98.45541080469935,0.06891878756328955,-0.013495834403954389,672,0,2.4235595179332896,1.2467425747475154,0.8,1.2118728352515018,1.4783150253141326
top2,5b861f1da295626ba2ed,A,14,3d,1h,0.2,capped_rank,2192,2.5261457289455707,0.23348389235516787,1.274565831503708,2.098462398722406,1.1517975474064224,-0.20271261462651902,98.45541080469935,0.06891878756328955,-0.013495834403954389,672,0,2.4235595179332896,1.2467425747475154,0.8,1.2118728352515018,1.4783150253141326
top2,4282b7ea0e8e4fb00f66,A,14,3d,2h,0.2,capped_rank,2192,2.5261457289455707,0.23348389235516787,1.274565831503708,2.098462398722406,1.1517975474064224,-0.20271261462651902,98.45541080469935,0.06891878756328955,-0.013495834403954389,672,0,2.4235595179332896,1.2467425747475154,0.8,1.2118728352515018,1.4783150253141326
top2,f7f156eb2e63472b31d2,A,14,3d,4h,0.2,capped_rank,2192,2.5261457289455707,0.23348389235516787,1.274565831503708,2.098462398722406,1.1517975474064224,-0.20271261462651902,98.45541080469935,0.06891878756328955,-0.013495834403954389,672,0,2.4235595179332896,1.2467425747475154,0.8,1.2118728352515018,1.4783150253141326
top2,81f897aa37fec01a9ac4,A,14,3d,1d,0.2,capped_rank,2192,2.5261457289455707,0.23348389235516787,1.274565831503708,2.098462398722406,1.1517975474064224,-0.20271261462651902,98.45541080469935,0.06891878756328955,-0.013495834403954389,672,0,2.4235595179332896,1.2467425747475154,0.8,1.2118728352515018,1.4783150253141326
top2,eab940e3540dba84f3a7,A,90,7d,1h,0.2,equal,2192,0.5771339478068647,0.0788175607014816,1.2240888806554007,1.8513587867605552,0.742716408857196,-0.10612066700230405,10.046778186363817,0.007032744730454671,-0.023423734856260835,283,0,0.572385545776114,1.2161075190726038,0.8,1.1955891514729569,1.6547561157155621
top2,4c7190b71e067c976994,A,90,7d,2h,0.2,equal,2192,0.5771339478068647,0.0788175607014816,1.2240888806554007,1.8513587867605552,0.742716408857196,-0.10612066700230405,10.046778186363817,0.007032744730454671,-0.023423734856260835,283,0,0.572385545776114,1.2161075190726038,0.8,1.1955891514729569,1.6547561157155621
top2,f6c507366fade9f2e26b,A,90,7d,4h,0.2,equal,2192,0.5771339478068647,0.0788175607014816,1.2240888806554007,1.8513587867605552,0.742716408857196,-0.10612066700230405,10.046778186363817,0.007032744730454671,-0.023423734856260835,283,0,0.572385545776114,1.2161075190726038,0.8,1.1955891514729569,1.6547561157155621
top2,aaa5b2d45b5ea330837f,A,90,7d,1d,0.2,equal,2192,0.5771339478068647,0.0788175607014816,1.2240888806554007,1.8513587867605552,0.742716408857196,-0.10612066700230405,10.046778186363817,0.007032744730454671,-0.023423734856260835,283,0,0.572385545776114,1.2161075190726038,0.8,1.1955891514729569,1.6547561157155621
top2,c6edde4754f684905ea6,A,90,7d,1h,0.1,equal,2192,0.2596672307544665,0.039187847995956204,1.2240888806554007,1.8513587867605552,0.7288311573521473,-0.05376807454050969,5.023389093181908,0.0035163723652273356,-0.011711867428130417,283,0,0.25776992233037177,1.2161075190726038,0.8,1.1955891514729569,1.638343038897863
top2,10cf16bebf6ab4c0005b,A,90,7d,2h,0.1,equal,2192,0.2596672307544665,0.039187847995956204,1.2240888806554007,1.8513587867605552,0.7288311573521473,-0.05376807454050969,5.023389093181908,0.0035163723652273356,-0.011711867428130417,283,0,0.25776992233037177,1.2161075190726038,0.8,1.1955891514729569,1.638343038897863
top2,23684655db401545798b,A,90,7d,4h,0.1,equal,2192,0.2596672307544665,0.039187847995956204,1.2240888806554007,1.8513587867605552,0.7288311573521473,-0.05376807454050969,5.023389093181908,0.0035163723652273356,-0.011711867428130417,283,0,0.25776992233037177,1.2161075190726038,0.8,1.1955891514729569,1.638343038897863
top2,d5115ad6f4c6c7aa012b,A,90,7d,1d,0.1,equal,2192,0.2596672307544665,0.039187847995956204,1.2240888806554007,1.8513587867605552,0.7288311573521473,-0.05376807454050969,5.023389093181908,0.0035163723652273356,-0.011711867428130417,283,0,0.25776992233037177,1.2161075190726038,0.8,1.1955891514729569,1.638343038897863
top2,1a0d424a7d8716595d6a,A,90,7d,1h,0.15,equal,2192,0.41056173905566484,0.058951245493937154,1.2240888806554011,1.8513587867605559,0.7357208149883327,-0.08012719538847357,7.535083639772861,0.005274558547841002,-0.017567801142195624,283,0,0.40737571891327384,1.216107519072604,0.8,1.1955891514729566,1.6466310244620974
top2,280358b00c2310250372,A,90,7d,2h,0.15,equal,2192,0.41056173905566484,0.058951245493937154,1.2240888806554011,1.8513587867605559,0.7357208149883327,-0.08012719538847357,7.535083639772861,0.005274558547841002,-0.017567801142195624,283,0,0.40737571891327384,1.216107519072604,0.8,1.1955891514729566,1.6466310244620974
top2,8f6f448d8fc8a903b3e1,A,90,7d,4h,0.15,equal,2192,0.41056173905566484,0.058951245493937154,1.2240888806554011,1.8513587867605559,0.7357208149883327,-0.08012719538847357,7.535083639772861,0.005274558547841002,-0.017567801142195624,283,0,0.40737571891327384,1.216107519072604,0.8,1.1955891514729566,1.6466310244620974
top2,14bf94302e5a4704e37b,A,90,7d,1d,0.15,equal,2192,0.41056173905566484,0.058951245493937154,1.2240888806554011,1.8513587867605559,0.7357208149883327,-0.08012719538847357,7.535083639772861,0.005274558547841002,-0.017567801142195624,283,0,0.40737571891327384,1.216107519072604,0.8,1.1955891514729566,1.6466310244620974
top4,267e94ab554fd5221649,A,90,3d,30m,0.2,equal,2192,0.9232021660576619,0.11504988891193713,1.0558416691673842,1.4580399059441327,0.5094689583788716,-0.2258231576620987,27.443399003578826,0.01921037930250518,-0.06338168089638674,649,0,0.9074372380447464,1.0432318568144234,0.8,1.1953550809279112,1.4630275063128557
top4,f6668b7c2c5432957a94,A,90,3d,1h,0.2,equal,2192,0.9232021660576619,0.11504988891193713,1.0558416691673842,1.4580399059441327,0.5094689583788716,-0.2258231576620987,27.443399003578826,0.01921037930250518,-0.06338168089638674,649,0,0.9074372380447464,1.0432318568144234,0.8,1.1953550809279112,1.4630275063128557
top4,a2f6445ac2d4b76c9674,A,90,3d,2h,0.2,equal,2192,0.9232021660576619,0.11504988891193713,1.0558416691673842,1.4580399059441327,0.5094689583788716,-0.2258231576620987,27.443399003578826,0.01921037930250518,-0.06338168089638674,649,0,0.9074372380447464,1.0432318568144234,0.8,1.1953550809279112,1.4630275063128557
top4,b4c38a72ebdd64b22b1a,A,90,3d,4h,0.2,equal,2192,0.9232021660576619,0.11504988891193713,1.0558416691673842,1.4580399059441327,0.5094689583788716,-0.2258231576620987,27.443399003578826,0.01921037930250518,-0.06338168089638674,649,0,0.9074372380447464,1.0432318568144234,0.8,1.1953550809279112,1.4630275063128557
top4,47f9ce4eea3439c20eb6,A,90,3d,1d,0.2,equal,2192,0.9232021660576619,0.11504988891193713,1.0558416691673842,1.4580399059441327,0.5094689583788716,-0.2258231576620987,27.443399003578826,0.01921037930250518,-0.06338168089638674,649,0,0.9074372380447464,1.0432318568144234,0.8,1.1953550809279112,1.4630275063128557
top4,c1791323b8636a616010,A,90,3d,30m,0.15,equal,2192,0.6440405484402674,0.08630702326362294,1.0558416691673842,1.4580399059441325,0.4985615666288156,-0.1731120668751417,20.582549252684117,0.014407784476878882,-0.04753626067229005,649,0,0.6339221818314305,1.043231856814423,0.8,1.1953550809279112,1.4491875592846055
top4,39f80ea5b5d6b1ef7a53,A,90,3d,1h,0.15,equal,2192,0.6440405484402674,0.08630702326362294,1.0558416691673842,1.4580399059441325,0.4985615666288156,-0.1731120668751417,20.582549252684117,0.014407784476878882,-0.04753626067229005,649,0,0.6339221818314305,1.043231856814423,0.8,1.1953550809279112,1.4491875592846055
top4,32d668091f7619656ce2,A,90,3d,2h,0.15,equal,2192,0.6440405484402674,0.08630702326362294,1.0558416691673842,1.4580399059441325,0.4985615666288156,-0.1731120668751417,20.582549252684117,0.014407784476878882,-0.04753626067229005,649,0,0.6339221818314305,1.043231856814423,0.8,1.1953550809279112,1.4491875592846055
top4,644b31493fb913091ad0,A,90,3d,4h,0.15,equal,2192,0.6440405484402674,0.08630702326362294,1.0558416691673842,1.4580399059441325,0.4985615666288156,-0.1731120668751417,20.582549252684117,0.014407784476878882,-0.04753626067229005,649,0,0.6339221818314305,1.043231856814423,0.8,1.1953550809279112,1.4491875592846055
top4,e5d7c9c5a879fa4ddd7e,A,90,3d,1d,0.15,equal,2192,0.6440405484402674,0.08630702326362294,1.0558416691673842,1.4580399059441325,0.4985615666288156,-0.1731120668751417,20.582549252684117,0.014407784476878882,-0.04753626067229005,649,0,0.6339221818314305,1.043231856814423,0.8,1.1953550809279112,1.4491875592846055
top4,0c2ad50c4800f4fb7009,A,90,3d,30m,0.1,equal,2192,0.3991751078829282,0.057523018540427184,1.0558416691673842,1.4580399059441327,0.48781530987520005,-0.11791966626702133,13.721699501789413,0.00960518965125259,-0.03169084044819337,649,0,0.3934279838958299,1.0432318568144234,0.8,1.1953550809279112,1.4350326173021413
top4,ad99f8f36301a63c51c5,A,90,3d,1h,0.1,equal,2192,0.3991751078829282,0.057523018540427184,1.0558416691673842,1.4580399059441327,0.48781530987520005,-0.11791966626702133,13.721699501789413,0.00960518965125259,-0.03169084044819337,649,0,0.3934279838958299,1.0432318568144234,0.8,1.1953550809279112,1.4350326173021413
top4,6963393f341073a6901f,A,90,3d,2h,0.1,equal,2192,0.3991751078829282,0.057523018540427184,1.0558416691673842,1.4580399059441327,0.48781530987520005,-0.11791966626702133,13.721699501789413,0.00960518965125259,-0.03169084044819337,649,0,0.3934279838958299,1.0432318568144234,0.8,1.1953550809279112,1.4350326173021413
top4,19165857d7add4f7a783,A,90,3d,4h,0.1,equal,2192,0.3991751078829282,0.057523018540427184,1.0558416691673842,1.4580399059441327,0.48781530987520005,-0.11791966626702133,13.721699501789413,0.00960518965125259,-0.03169084044819337,649,0,0.3934279838958299,1.0432318568144234,0.8,1.1953550809279112,1.4350326173021413
top4,1ada319b55a68c0e8f18,A,90,3d,1d,0.1,equal,2192,0.3991751078829282,0.057523018540427184,1.0558416691673842,1.4580399059441327,0.48781530987520005,-0.11791966626702133,13.721699501789413,0.00960518965125259,-0.03169084044819337,649,0,0.3934279838958299,1.0432318568144234,0.8,1.1953550809279112,1.4350326173021413
top20pct,8bbd329ab97cb7c1ba78,A,90,3d,30m,0.2,capped_rank,2192,1.9671445906604488,0.1985365723627477,1.2643750107979879,1.8879882654818678,0.9550023121518074,-0.20789119548350188,42.537670586862916,0.029776369410804037,-0.05710448997751233,634,0,1.9295783456554565,1.250559803655855,0.8,1.1899162532486613,1.3225625362073856
top20pct,2563ab90ce1f3f641272,A,90,3d,1h,0.2,capped_rank,2192,1.9671445906604488,0.1985365723627477,1.2643750107979879,1.8879882654818678,0.9550023121518074,-0.20789119548350188,42.537670586862916,0.029776369410804037,-0.05710448997751233,634,0,1.9295783456554565,1.250559803655855,0.8,1.1899162532486613,1.3225625362073856
top20pct,ee860678c95475f06756,A,90,3d,2h,0.2,capped_rank,2192,1.9671445906604488,0.1985365723627477,1.2643750107979879,1.8879882654818678,0.9550023121518074,-0.20789119548350188,42.537670586862916,0.029776369410804037,-0.05710448997751233,634,0,1.9295783456554565,1.250559803655855,0.8,1.1899162532486613,1.3225625362073856
top20pct,2952e8eaa05146edfb64,A,90,3d,4h,0.2,capped_rank,2192,1.9671445906604488,0.1985365723627477,1.2643750107979879,1.8879882654818678,0.9550023121518074,-0.20789119548350188,42.537670586862916,0.029776369410804037,-0.05710448997751233,634,0,1.9295783456554565,1.250559803655855,0.8,1.1899162532486613,1.3225625362073856
top20pct,39123c3c2e16ecaf32e8,A,90,3d,1d,0.2,capped_rank,2192,1.9671445906604488,0.1985365723627477,1.2643750107979879,1.8879882654818678,0.9550023121518074,-0.20789119548350188,42.537670586862916,0.029776369410804037,-0.05710448997751233,634,0,1.9295783456554565,1.250559803655855,0.8,1.1899162532486613,1.3225625362073856
top20pct,2ff8e7b64ad73646ee99,A,90,3d,30m,0.15,capped_rank,2192,1.2832995805894303,0.14737651636567795,1.2515631390991535,1.8548629450406706,0.9110265914810823,-0.16176971972473786,32.97325453530848,0.023081278174715936,-0.04320273815867853,641,0,1.26085104260004,1.2373868820713119,0.8,1.1899162532486613,1.3020744364383374
top20pct,1eeabb58bb63e0427767,A,90,3d,1h,0.15,capped_rank,2192,1.2832995805894303,0.14737651636567795,1.2515631390991535,1.8548629450406706,0.9110265914810823,-0.16176971972473786,32.97325453530848,0.023081278174715936,-0.04320273815867853,641,0,1.26085104260004,1.2373868820713119,0.8,1.1899162532486613,1.3020744364383374
top20pct,a42260d5f949c3c97a18,A,90,3d,2h,0.15,capped_rank,2192,1.2832995805894303,0.14737651636567795,1.2515631390991535,1.8548629450406706,0.9110265914810823,-0.16176971972473786,32.97325453530848,0.023081278174715936,-0.04320273815867853,641,0,1.26085104260004,1.2373868820713119,0.8,1.1899162532486613,1.3020744364383374
top20pct,d8a34bd730f2e8b4839e,A,90,3d,4h,0.15,capped_rank,2192,1.2832995805894303,0.14737651636567795,1.2515631390991535,1.8548629450406706,0.9110265914810823,-0.16176971972473786,32.97325453530848,0.023081278174715936,-0.04320273815867853,641,0,1.26085104260004,1.2373868820713119,0.8,1.1899162532486613,1.3020744364383374
top20pct,5c169e5cec2947ed87fb,A,90,3d,1d,0.15,capped_rank,2192,1.2832995805894303,0.14737651636567795,1.2515631390991535,1.8548629450406706,0.9110265914810823,-0.16176971972473786,32.97325453530848,0.023081278174715936,-0.04320273815867853,641,0,1.26085104260004,1.2373868820713119,0.8,1.1899162532486613,1.3020744364383374
top20pct,7b8dbad1554de10f3e8e,A,90,3d,30m,0.1,capped_rank,2192,0.7628891636806248,0.09900598719693288,1.2624575705923529,1.8659554084639969,0.9093075780366062,-0.10888063575881379,22.61869846282658,0.015833088923978604,-0.029073954098511393,646,0,0.7509768828254693,1.2479418032262086,0.8,1.1899162532486613,1.281024934350723
top20pct,526132c4b761ead52366,A,90,3d,1h,0.1,capped_rank,2192,0.7628891636806248,0.09900598719693288,1.2624575705923529,1.8659554084639969,0.9093075780366062,-0.10888063575881379,22.61869846282658,0.015833088923978604,-0.029073954098511393,646,0,0.7509768828254693,1.2479418032262086,0.8,1.1899162532486613,1.281024934350723
top20pct,449edd8d8a0fabc04adf,A,90,3d,2h,0.1,capped_rank,2192,0.7628891636806248,0.09900598719693288,1.2624575705923529,1.8659554084639969,0.9093075780366062,-0.10888063575881379,22.61869846282658,0.015833088923978604,-0.029073954098511393,646,0,0.7509768828254693,1.2479418032262086,0.8,1.1899162532486613,1.281024934350723
top20pct,0067b3b7f76740b7752d,A,90,3d,4h,0.1,capped_rank,2192,0.7628891636806248,0.09900598719693288,1.2624575705923529,1.8659554084639969,0.9093075780366062,-0.10888063575881379,22.61869846282658,0.015833088923978604,-0.029073954098511393,646,0,0.7509768828254693,1.2479418032262086,0.8,1.1899162532486613,1.281024934350723
top20pct,e76c045f4ed77ef832fe,A,90,3d,1d,0.1,capped_rank,2192,0.7628891636806248,0.09900598719693288,1.2624575705923529,1.8659554084639969,0.9093075780366062,-0.10888063575881379,22.61869846282658,0.015833088923978604,-0.029073954098511393,646,0,0.7509768828254693,1.2479418032262086,0.8,1.1899162532486613,1.281024934350723
top8,55e5f57f6e9535d9b1f1,A,60,3d,30m,0.15,inverse_vol,2192,0.9981451894227742,0.12217035410507293,1.1378404583791892,1.5401050021606464,0.763350683851019,-0.16004486101818516,36.16978094553281,0.02531884666187297,-0.07142111734167793,648,0,0.9765892967699736,1.1208578232536748,0.8,1.1892622241933526,1.5099799253495814
top8,b88a9f9c8d2585ddf12f,A,60,3d,1h,0.15,inverse_vol,2192,0.9981451894227742,0.12217035410507293,1.1378404583791892,1.5401050021606464,0.763350683851019,-0.16004486101818516,36.16978094553281,0.02531884666187297,-0.07142111734167793,648,0,0.9765892967699736,1.1208578232536748,0.8,1.1892622241933526,1.5099799253495814
top8,552da9d6b4a84f962cf5,A,60,3d,2h,0.15,inverse_vol,2192,0.9981451894227742,0.12217035410507293,1.1378404583791892,1.5401050021606464,0.763350683851019,-0.16004486101818516,36.16978094553281,0.02531884666187297,-0.07142111734167793,648,0,0.9765892967699736,1.1208578232536748,0.8,1.1892622241933526,1.5099799253495814
top8,70ee3277142e60dc3f70,A,60,3d,4h,0.15,inverse_vol,2192,0.9981451894227742,0.12217035410507293,1.1378404583791892,1.5401050021606464,0.763350683851019,-0.16004486101818516,36.16978094553281,0.02531884666187297,-0.07142111734167793,648,0,0.9765892967699736,1.1208578232536748,0.8,1.1892622241933526,1.5099799253495814
top8,d20b7057bbad5f421b4d,A,60,3d,1d,0.15,inverse_vol,2192,0.9981451894227742,0.12217035410507293,1.1378404583791892,1.5401050021606464,0.763350683851019,-0.16004486101818516,36.16978094553281,0.02531884666187297,-0.07142111734167793,648,0,0.9765892967699736,1.1208578232536748,0.8,1.1892622241933526,1.5099799253495814
top8,457f9bc6631921543ec8,A,60,3d,30m,0.2,inverse_vol,2192,1.4791519532185307,0.16320759757354564,1.1378404583791892,1.5401050021606464,0.7728489481161558,-0.21117657981080185,48.22637459404375,0.03375846221583063,-0.09522815645557056,648,0,1.4435604359603436,1.1208578232536748,0.8,1.1892622241933521,1.4999603660537628
top8,a3b28657d8f0d0f391c8,A,60,3d,1h,0.2,inverse_vol,2192,1.4791519532185307,0.16320759757354564,1.1378404583791892,1.5401050021606464,0.7728489481161558,-0.21117657981080185,48.22637459404375,0.03375846221583063,-0.09522815645557056,648,0,1.4435604359603436,1.1208578232536748,0.8,1.1892622241933521,1.4999603660537628
top8,e26a2d6ee6e17a955d64,A,60,3d,2h,0.2,inverse_vol,2192,1.4791519532185307,0.16320759757354564,1.1378404583791892,1.5401050021606464,0.7728489481161558,-0.21117657981080185,48.22637459404375,0.03375846221583063,-0.09522815645557056,648,0,1.4435604359603436,1.1208578232536748,0.8,1.1892622241933521,1.4999603660537628
top8,f97b09d90038fe96a781,A,60,3d,4h,0.2,inverse_vol,2192,1.4791519532185307,0.16320759757354564,1.1378404583791892,1.5401050021606464,0.7728489481161558,-0.21117657981080185,48.22637459404375,0.03375846221583063,-0.09522815645557056,648,0,1.4435604359603436,1.1208578232536748,0.8,1.1892622241933521,1.4999603660537628
top8,e124388593938f226bd5,A,60,3d,1d,0.2,inverse_vol,2192,1.4791519532185307,0.16320759757354564,1.1378404583791892,1.5401050021606464,0.7728489481161558,-0.21117657981080185,48.22637459404375,0.03375846221583063,-0.09522815645557056,648,0,1.4435604359603436,1.1208578232536748,0.8,1.1892622241933521,1.4999603660537628
top8,5c85b910e82dd9e409ea,A,60,3d,30m,0.1,inverse_vol,2192,0.5984131686055993,0.08122779168318028,1.1378404583791892,1.5401050021606464,0.754342445398106,-0.10768026137030129,24.113187297021874,0.016879231107915314,-0.04761407822778528,648,0,0.5868952162291179,1.1208578232536748,0.8,1.1892622241933521,1.5186737124473448
top8,afe81fc4e69797c9052d,A,60,3d,1h,0.1,inverse_vol,2192,0.5984131686055993,0.08122779168318028,1.1378404583791892,1.5401050021606464,0.754342445398106,-0.10768026137030129,24.113187297021874,0.016879231107915314,-0.04761407822778528,648,0,0.5868952162291179,1.1208578232536748,0.8,1.1892622241933521,1.5186737124473448
top8,c9384ef325cb76c33fc4,A,60,3d,2h,0.1,inverse_vol,2192,0.5984131686055993,0.08122779168318028,1.1378404583791892,1.5401050021606464,0.754342445398106,-0.10768026137030129,24.113187297021874,0.016879231107915314,-0.04761407822778528,648,0,0.5868952162291179,1.1208578232536748,0.8,1.1892622241933521,1.5186737124473448
top8,6ef8eaf58cf853f06046,A,60,3d,4h,0.1,inverse_vol,2192,0.5984131686055993,0.08122779168318028,1.1378404583791892,1.5401050021606464,0.754342445398106,-0.10768026137030129,24.113187297021874,0.016879231107915314,-0.04761407822778528,648,0,0.5868952162291179,1.1208578232536748,0.8,1.1892622241933521,1.5186737124473448
top8,86b064a1e4dc1c9e31fa,A,60,3d,1d,0.1,inverse_vol,2192,0.5984131686055993,0.08122779168318028,1.1378404583791892,1.5401050021606464,0.754342445398106,-0.10768026137030129,24.113187297021874,0.016879231107915314,-0.04761407822778528,648,0,0.5868952162291179,1.1208578232536748,0.8,1.1892622241933521,1.5186737124473448
top20pct,0d27719d6780c393810c,A,30,6h,5m,0.15,inverse_vol,2192,0.8706883951298485,0.10992136842255595,1.5718710773038433,2.355182421731899,1.00182134388185,-0.10972152778920985,51.298006732529544,0.03590860471277068,-0.022268487843950906,2002,0,0.8421243787358963,1.5339852773451776,0.8,1.179732862982359,1.3761775133012761
top20pct,bd7aeabe73753f908f53,A,30,1d,5m,0.15,inverse_vol,2192,0.8706883951298485,0.10992136842255595,1.5718710773038433,2.355182421731899,1.00182134388185,-0.10972152778920985,51.298006732529544,0.03590860471277068,-0.022268487843950906,2002,0,0.8421243787358963,1.5339852773451776,0.8,1.179732862982359,1.3761775133012761
top20pct,45bedca05dfd061c01c3,A,30,12h,15m,0.15,inverse_vol,2192,0.8706883951298485,0.10992136842255595,1.5718710773038433,2.355182421731899,1.00182134388185,-0.10972152778920985,51.298006732529544,0.03590860471277068,-0.022268487843950906,2002,0,0.8421243787358963,1.5339852773451776,0.8,1.179732862982359,1.3761775133012761
top20pct,5e224e57e691673d874d,A,30,1d,15m,0.15,inverse_vol,2192,0.8706883951298485,0.10992136842255595,1.5718710773038433,2.355182421731899,1.00182134388185,-0.10972152778920985,51.298006732529544,0.03590860471277068,-0.022268487843950906,2002,0,0.8421243787358963,1.5339852773451776,0.8,1.179732862982359,1.3761775133012761
top20pct,2f320f3f390af778dbd6,A,30,1d,30m,0.15,inverse_vol,2192,0.8706883951298485,0.10992136842255595,1.5718710773038433,2.355182421731899,1.00182134388185,-0.10972152778920985,51.298006732529544,0.03590860471277068,-0.022268487843950906,2002,0,0.8421243787358963,1.5339852773451776,0.8,1.179732862982359,1.3761775133012761
top20pct,61f880c61c13170cf709,A,30,1d,1h,0.15,inverse_vol,2192,0.8706883951298485,0.10992136842255595,1.5718710773038433,2.355182421731899,1.00182134388185,-0.10972152778920985,51.298006732529544,0.03590860471277068,-0.022268487843950906,2002,0,0.8421243787358963,1.5339852773451776,0.8,1.179732862982359,1.3761775133012761
top20pct,fb17e134b0d4df2f026a,A,30,1d,2h,0.15,inverse_vol,2192,0.8706883951298485,0.10992136842255595,1.5718710773038433,2.355182421731899,1.00182134388185,-0.10972152778920985,51.298006732529544,0.03590860471277068,-0.022268487843950906,2002,0,0.8421243787358963,1.5339852773451776,0.8,1.179732862982359,1.3761775133012761
top20pct,96a83ba586dbfb7dcf79,A,30,1d,4h,0.15,inverse_vol,2192,0.8706883951298485,0.10992136842255595,1.5718710773038433,2.355182421731899,1.00182134388185,-0.10972152778920985,51.298006732529544,0.03590860471277068,-0.022268487843950906,2002,0,0.8421243787358963,1.5339852773451776,0.8,1.179732862982359,1.3761775133012761
top20pct,fadbfc87c59670bae83e,A,30,6h,5m,0.2,inverse_vol,2192,1.2919690927966707,0.1481007920151125,1.5728014694514405,2.356362191321764,1.0233815564255582,-0.14471708141037376,68.26400897670607,0.04778480628369425,-0.029647706036834077,2002,0,1.2455181321902966,1.5349926629701378,0.8,1.1797328629823582,1.3882849102398407
top20pct,e316154707a8145b6fc6,A,30,1d,5m,0.2,inverse_vol,2192,1.2919690927966707,0.1481007920151125,1.5728014694514405,2.356362191321764,1.0233815564255582,-0.14471708141037376,68.26400897670607,0.04778480628369425,-0.029647706036834077,2002,0,1.2455181321902966,1.5349926629701378,0.8,1.1797328629823582,1.3882849102398407
top20pct,e9c39817ca3c48159a4d,A,30,12h,15m,0.2,inverse_vol,2192,1.2919690927966707,0.1481007920151125,1.5728014694514405,2.356362191321764,1.0233815564255582,-0.14471708141037376,68.26400897670607,0.04778480628369425,-0.029647706036834077,2002,0,1.2455181321902966,1.5349926629701378,0.8,1.1797328629823582,1.3882849102398407
top20pct,32d97efd3c20c9fa92a2,A,30,1d,15m,0.2,inverse_vol,2192,1.2919690927966707,0.1481007920151125,1.5728014694514405,2.356362191321764,1.0233815564255582,-0.14471708141037376,68.26400897670607,0.04778480628369425,-0.029647706036834077,2002,0,1.2455181321902966,1.5349926629701378,0.8,1.1797328629823582,1.3882849102398407
top20pct,27de31ae3962c6411934,A,30,1d,30m,0.2,inverse_vol,2192,1.2919690927966707,0.1481007920151125,1.5728014694514405,2.356362191321764,1.0233815564255582,-0.14471708141037376,68.26400897670607,0.04778480628369425,-0.029647706036834077,2002,0,1.2455181321902966,1.5349926629701378,0.8,1.1797328629823582,1.3882849102398407
top20pct,2d81c111e0076319661c,A,30,1d,1h,0.2,inverse_vol,2192,1.2919690927966707,0.1481007920151125,1.5728014694514405,2.356362191321764,1.0233815564255582,-0.14471708141037376,68.26400897670607,0.04778480628369425,-0.029647706036834077,2002,0,1.2455181321902966,1.5349926629701378,0.8,1.1797328629823582,1.3882849102398407
top20pct,5c521588d9ae0c794c38,A,30,1d,2h,0.2,inverse_vol,2192,1.2919690927966707,0.1481007920151125,1.5728014694514405,2.356362191321764,1.0233815564255582,-0.14471708141037376,68.26400897670607,0.04778480628369425,-0.029647706036834077,2002,0,1.2455181321902966,1.5349926629701378,0.8,1.1797328629823582,1.3882849102398407
top20pct,c81900a24a322f44a304,A,30,1d,4h,0.2,inverse_vol,2192,1.2919690927966707,0.1481007920151125,1.5728014694514405,2.356362191321764,1.0233815564255582,-0.14471708141037376,68.26400897670607,0.04778480628369425,-0.029647706036834077,2002,0,1.2455181321902966,1.5349926629701378,0.8,1.1797328629823582,1.3882849102398407
top20pct,31acddd352a734407d4e,A,30,6h,5m,0.1,inverse_vol,2192,0.5221575633950033,0.07246268084833085,1.5699937209839925,2.3526984524755625,0.980222875318278,-0.07392469883423425,34.332004488353036,0.02403240314184712,-0.014889269651067712,2002,0,0.506561947052595,1.5319528417740849,0.8,1.1797328629823582,1.3638242537332506
top20pct,1e494907c275b50c7b08,A,30,1d,5m,0.1,inverse_vol,2192,0.5221575633950033,0.07246268084833085,1.5699937209839925,2.3526984524755625,0.980222875318278,-0.07392469883423425,34.332004488353036,0.02403240314184712,-0.014889269651067712,2002,0,0.506561947052595,1.5319528417740849,0.8,1.1797328629823582,1.3638242537332506
top20pct,6b427ba413f7e0b02623,A,30,12h,15m,0.1,inverse_vol,2192,0.5221575633950033,0.07246268084833085,1.5699937209839925,2.3526984524755625,0.980222875318278,-0.07392469883423425,34.332004488353036,0.02403240314184712,-0.014889269651067712,2002,0,0.506561947052595,1.5319528417740849,0.8,1.1797328629823582,1.3638242537332506
top20pct,eebbc79244e2dbca2635,A,30,1d,15m,0.1,inverse_vol,2192,0.5221575633950033,0.07246268084833085,1.5699937209839925,2.3526984524755625,0.980222875318278,-0.07392469883423425,34.332004488353036,0.02403240314184712,-0.014889269651067712,2002,0,0.506561947052595,1.5319528417740849,0.8,1.1797328629823582,1.3638242537332506
top20pct,02d3123431cd74fedbce,A,30,1d,30m,0.1,inverse_vol,2192,0.5221575633950033,0.07246268084833085,1.5699937209839925,2.3526984524755625,0.980222875318278,-0.07392469883423425,34.332004488353036,0.02403240314184712,-0.014889269651067712,2002,0,0.506561947052595,1.5319528417740849,0.8,1.1797328629823582,1.3638242537332506
top20pct,ecc1ffa8ad8734a6348b,A,30,1d,1h,0.1,inverse_vol,2192,0.5221575633950033,0.07246268084833085,1.5699937209839925,2.3526984524755625,0.980222875318278,-0.07392469883423425,34.332004488353036,0.02403240314184712,-0.014889269651067712,2002,0,0.506561947052595,1.5319528417740849,0.8,1.1797328629823582,1.3638242537332506
top20pct,07acbe596b26e3177a20,A,30,1d,2h,0.1,inverse_vol,2192,0.5221575633950033,0.07246268084833085,1.5699937209839925,2.3526984524755625,0.980222875318278,-0.07392469883423425,34.332004488353036,0.02403240314184712,-0.014889269651067712,2002,0,0.506561947052595,1.5319528417740849,0.8,1.1797328629823582,1.3638242537332506
top20pct,fdf21ff6c3fc2a6a933e,A,30,1d,4h,0.1,inverse_vol,2192,0.5221575633950033,0.07246268084833085,1.5699937209839925,2.3526984524755625,0.980222875318278,-0.07392469883423425,34.332004488353036,0.02403240314184712,-0.014889269651067712,2002,0,0.506561947052595,1.5319528417740849,0.8,1.1797328629823582,1.3638242537332506
top2,fa04aa0ddd662e12c5d3,A,60,6h,5m,0.2,capped_rank,2192,1.469423201862456,0.1624462641972888,1.0049310397127955,1.4852753692383114,0.7536494559194538,-0.21554618386754365,81.54425205627183,0.057080976439390266,-0.02549621945376393,1876,0,1.4097106336868865,0.979801247511819,0.8,1.177698537688989,1.8708208740238192
top2,cf6372c4c86a207ac711,A,60,1d,5m,0.2,capped_rank,2192,1.469423201862456,0.1624462641972888,1.0049310397127955,1.4852753692383114,0.7536494559194538,-0.21554618386754365,81.54425205627183,0.057080976439390266,-0.02549621945376393,1876,0,1.4097106336868865,0.979801247511819,0.8,1.177698537688989,1.8708208740238192
top2,954c23135fa124817225,A,60,12h,15m,0.2,capped_rank,2192,1.469423201862456,0.1624462641972888,1.0049310397127955,1.4852753692383114,0.7536494559194538,-0.21554618386754365,81.54425205627183,0.057080976439390266,-0.02549621945376393,1876,0,1.4097106336868865,0.979801247511819,0.8,1.177698537688989,1.8708208740238192
top2,60baad6da199d2000408,A,60,1d,15m,0.2,capped_rank,2192,1.469423201862456,0.1624462641972888,1.0049310397127955,1.4852753692383114,0.7536494559194538,-0.21554618386754365,81.54425205627183,0.057080976439390266,-0.02549621945376393,1876,0,1.4097106336868865,0.979801247511819,0.8,1.177698537688989,1.8708208740238192
top2,703d9f137f27d56294bd,A,60,1d,30m,0.2,capped_rank,2192,1.469423201862456,0.1624462641972888,1.0049310397127955,1.4852753692383114,0.7536494559194538,-0.21554618386754365,81.54425205627183,0.057080976439390266,-0.02549621945376393,1876,0,1.4097106336868865,0.979801247511819,0.8,1.177698537688989,1.8708208740238192
top2,d4a41bf3a6ec5da0ce8f,A,60,1d,1h,0.2,capped_rank,2192,1.469423201862456,0.1624462641972888,1.0049310397127955,1.4852753692383114,0.7536494559194538,-0.21554618386754365,81.54425205627183,0.057080976439390266,-0.02549621945376393,1876,0,1.4097106336868865,0.979801247511819,0.8,1.177698537688989,1.8708208740238192
top2,7533380955180e040052,A,60,1d,2h,0.2,capped_rank,2192,1.469423201862456,0.1624462641972888,1.0049310397127955,1.4852753692383114,0.7536494559194538,-0.21554618386754365,81.54425205627183,0.057080976439390266,-0.02549621945376393,1876,0,1.4097106336868865,0.979801247511819,0.8,1.177698537688989,1.8708208740238192
top2,10f870e02894acf55c27,A,60,1d,4h,0.2,capped_rank,2192,1.469423201862456,0.1624462641972888,1.0049310397127955,1.4852753692383114,0.7536494559194538,-0.21554618386754365,81.54425205627183,0.057080976439390266,-0.02549621945376393,1876,0,1.4097106336868865,0.979801247511819,0.8,1.177698537688989,1.8708208740238192
top8,74cf631fdc8ee38eec55,A,14,3d,30m,0.15,capped_rank,2192,1.4099117062304511,0.1577339394983326,1.2792392562533268,1.801808085892242,0.9696791195475429,-0.16266611946014886,72.58843113140134,0.05081190179198093,-0.0342828152652223,681,0,1.3580221379721387,1.249085528776186,0.8,1.1769918189461606,1.2390719703634323
top8,0f5b109eab94a1dc10a6,A,14,3d,1h,0.15,capped_rank,2192,1.4099117062304511,0.1577339394983326,1.2792392562533268,1.801808085892242,0.9696791195475429,-0.16266611946014886,72.58843113140134,0.05081190179198093,-0.0342828152652223,681,0,1.3580221379721387,1.249085528776186,0.8,1.1769918189461606,1.2390719703634323
top8,46167089ecc56bb85a89,A,14,3d,2h,0.15,capped_rank,2192,1.4099117062304511,0.1577339394983326,1.2792392562533268,1.801808085892242,0.9696791195475429,-0.16266611946014886,72.58843113140134,0.05081190179198093,-0.0342828152652223,681,0,1.3580221379721387,1.249085528776186,0.8,1.1769918189461606,1.2390719703634323
top8,f6fd59500a79d10d2984,A,14,3d,4h,0.15,capped_rank,2192,1.4099117062304511,0.1577339394983326,1.2792392562533268,1.801808085892242,0.9696791195475429,-0.16266611946014886,72.58843113140134,0.05081190179198093,-0.0342828152652223,681,0,1.3580221379721387,1.249085528776186,0.8,1.1769918189461606,1.2390719703634323
top8,a557a67c59593c651a1b,A,14,3d,1d,0.15,capped_rank,2192,1.4099117062304511,0.1577339394983326,1.2792392562533268,1.801808085892242,0.9696791195475429,-0.16266611946014886,72.58843113140134,0.05081190179198093,-0.0342828152652223,681,0,1.3580221379721387,1.249085528776186,0.8,1.1769918189461606,1.2390719703634323
top8,45f20f33eb567a006e73,A,14,3d,30m,0.1,capped_rank,2192,0.8261498839972674,0.10547679811994737,1.2808769008861476,1.8029464048667787,0.985008721214599,-0.10708209566904703,49.295789683914535,0.03450705277874017,-0.022176814005958077,683,0,0.7993490800629173,1.2504200391358349,0.8,1.1769918189461606,1.2164638744270677
top8,5c629dfd384c22b71f47,A,14,3d,1h,0.1,capped_rank,2192,0.8261498839972674,0.10547679811994737,1.2808769008861476,1.8029464048667787,0.985008721214599,-0.10708209566904703,49.295789683914535,0.03450705277874017,-0.022176814005958077,683,0,0.7993490800629173,1.2504200391358349,0.8,1.1769918189461606,1.2164638744270677
top8,7c0ed1494b30e735e69a,A,14,3d,2h,0.1,capped_rank,2192,0.8261498839972674,0.10547679811994737,1.2808769008861476,1.8029464048667787,0.985008721214599,-0.10708209566904703,49.295789683914535,0.03450705277874017,-0.022176814005958077,683,0,0.7993490800629173,1.2504200391358349,0.8,1.1769918189461606,1.2164638744270677
top8,8c9c103d6dee03215773,A,14,3d,4h,0.1,capped_rank,2192,0.8261498839972674,0.10547679811994737,1.2808769008861476,1.8029464048667787,0.985008721214599,-0.10708209566904703,49.295789683914535,0.03450705277874017,-0.022176814005958077,683,0,0.7993490800629173,1.2504200391358349,0.8,1.1769918189461606,1.2164638744270677
top8,3baad96702aaf4d069a3,A,14,3d,1d,0.1,capped_rank,2192,0.8261498839972674,0.10547679811994737,1.2808769008861476,1.8029464048667787,0.985008721214599,-0.10708209566904703,49.295789683914535,0.03450705277874017,-0.022176814005958077,683,0,0.7993490800629173,1.2504200391358349,0.8,1.1769918189461606,1.2164638744270677
top4,ddab9e7350fa182f86f8,A,60,6h,5m,0.15,inverse_vol,2192,0.8645760125449757,0.10931666036221555,1.2584494698782518,1.9032301301128827,0.7945465685706725,-0.137583704576143,48.6787271048374,0.03407510897338618,-0.04224739391700312,1931,0,0.8375489828454301,1.229915117942518,0.8,1.176603791854409,1.372142158881454
top4,bee1381c7cda75d0a2fa,A,60,1d,5m,0.15,inverse_vol,2192,0.8645760125449757,0.10931666036221555,1.2584494698782518,1.9032301301128827,0.7945465685706725,-0.137583704576143,48.6787271048374,0.03407510897338618,-0.04224739391700312,1931,0,0.8375489828454301,1.229915117942518,0.8,1.176603791854409,1.372142158881454
top4,71a32f5b4cd718a7a1a3,A,60,12h,15m,0.15,inverse_vol,2192,0.8645760125449757,0.10931666036221555,1.2584494698782518,1.9032301301128827,0.7945465685706725,-0.137583704576143,48.6787271048374,0.03407510897338618,-0.04224739391700312,1931,0,0.8375489828454301,1.229915117942518,0.8,1.176603791854409,1.372142158881454
top4,2dfb5a364178e82b8192,A,60,1d,15m,0.15,inverse_vol,2192,0.8645760125449757,0.10931666036221555,1.2584494698782518,1.9032301301128827,0.7945465685706725,-0.137583704576143,48.6787271048374,0.03407510897338618,-0.04224739391700312,1931,0,0.8375489828454301,1.229915117942518,0.8,1.176603791854409,1.372142158881454
top4,21ec0ae455dd92578562,A,60,1d,30m,0.15,inverse_vol,2192,0.8645760125449757,0.10931666036221555,1.2584494698782518,1.9032301301128827,0.7945465685706725,-0.137583704576143,48.6787271048374,0.03407510897338618,-0.04224739391700312,1931,0,0.8375489828454301,1.229915117942518,0.8,1.176603791854409,1.372142158881454
top4,f4b33e72ce4f891a21a6,A,60,1d,1h,0.15,inverse_vol,2192,0.8645760125449757,0.10931666036221555,1.2584494698782518,1.9032301301128827,0.7945465685706725,-0.137583704576143,48.6787271048374,0.03407510897338618,-0.04224739391700312,1931,0,0.8375489828454301,1.229915117942518,0.8,1.176603791854409,1.372142158881454
top4,e4d2df7a908e11a18371,A,60,1d,2h,0.15,inverse_vol,2192,0.8645760125449757,0.10931666036221555,1.2584494698782518,1.9032301301128827,0.7945465685706725,-0.137583704576143,48.6787271048374,0.03407510897338618,-0.04224739391700312,1931,0,0.8375489828454301,1.229915117942518,0.8,1.176603791854409,1.372142158881454
top4,48754be0b39ee802399c,A,60,1d,4h,0.15,inverse_vol,2192,0.8645760125449757,0.10931666036221555,1.2584494698782518,1.9032301301128827,0.7945465685706725,-0.137583704576143,48.6787271048374,0.03407510897338618,-0.04224739391700312,1931,0,0.8375489828454301,1.229915117942518,0.8,1.176603791854409,1.372142158881454
top4,80803bf94ab045279e79,A,60,6h,5m,0.2,inverse_vol,2192,1.2728324113252807,0.14649899873013084,1.2584494698782518,1.9032301301128831,0.808628697683779,-0.1811696754638561,64.90496947311654,0.04543347863118158,-0.05632985855600416,1931,0,1.2290146379783433,1.229915117942518,0.8,1.1766037918544088,1.383199639044439
top4,45cd2cc175b5be86201c,A,60,1d,5m,0.2,inverse_vol,2192,1.2728324113252807,0.14649899873013084,1.2584494698782518,1.9032301301128831,0.808628697683779,-0.1811696754638561,64.90496947311654,0.04543347863118158,-0.05632985855600416,1931,0,1.2290146379783433,1.229915117942518,0.8,1.1766037918544088,1.383199639044439
top4,a46354ef65b6757ccd0e,A,60,12h,15m,0.2,inverse_vol,2192,1.2728324113252807,0.14649899873013084,1.2584494698782518,1.9032301301128831,0.808628697683779,-0.1811696754638561,64.90496947311654,0.04543347863118158,-0.05632985855600416,1931,0,1.2290146379783433,1.229915117942518,0.8,1.1766037918544088,1.383199639044439
top4,293d8602f1b1603e874b,A,60,1d,15m,0.2,inverse_vol,2192,1.2728324113252807,0.14649899873013084,1.2584494698782518,1.9032301301128831,0.808628697683779,-0.1811696754638561,64.90496947311654,0.04543347863118158,-0.05632985855600416,1931,0,1.2290146379783433,1.229915117942518,0.8,1.1766037918544088,1.383199639044439
top4,3fd16ad81195577c75d8,A,60,1d,30m,0.2,inverse_vol,2192,1.2728324113252807,0.14649899873013084,1.2584494698782518,1.9032301301128831,0.808628697683779,-0.1811696754638561,64.90496947311654,0.04543347863118158,-0.05632985855600416,1931,0,1.2290146379783433,1.229915117942518,0.8,1.1766037918544088,1.383199639044439
top4,f309600f43f110bbb59e,A,60,1d,1h,0.2,inverse_vol,2192,1.2728324113252807,0.14649899873013084,1.2584494698782518,1.9032301301128831,0.808628697683779,-0.1811696754638561,64.90496947311654,0.04543347863118158,-0.05632985855600416,1931,0,1.2290146379783433,1.229915117942518,0.8,1.1766037918544088,1.383199639044439
top4,ff5a4b67bbff7d3f7f71,A,60,1d,2h,0.2,inverse_vol,2192,1.2728324113252807,0.14649899873013084,1.2584494698782518,1.9032301301128831,0.808628697683779,-0.1811696754638561,64.90496947311654,0.04543347863118158,-0.05632985855600416,1931,0,1.2290146379783433,1.229915117942518,0.8,1.1766037918544088,1.383199639044439
top4,f00fd008da334026a729,A,60,1d,4h,0.2,inverse_vol,2192,1.2728324113252807,0.14649899873013084,1.2584494698782518,1.9032301301128831,0.808628697683779,-0.1811696754638561,64.90496947311654,0.04543347863118158,-0.05632985855600416,1931,0,1.2290146379783433,1.229915117942518,0.8,1.1766037918544088,1.383199639044439
top4,a6c7fe757832476d847c,A,60,6h,5m,0.1,inverse_vol,2192,0.5222788832352034,0.07247691371228537,1.2584494698782518,1.9032301301128831,0.7808174621325895,-0.09282184022157303,32.45248473655827,0.02271673931559079,-0.02816492927800208,1931,0,0.5075320562251793,1.229915117942518,0.8,1.1766037918544088,1.3608368385089116
top4,e15361b0750411670162,A,60,1d,5m,0.1,inverse_vol,2192,0.5222788832352034,0.07247691371228537,1.2584494698782518,1.9032301301128831,0.7808174621325895,-0.09282184022157303,32.45248473655827,0.02271673931559079,-0.02816492927800208,1931,0,0.5075320562251793,1.229915117942518,0.8,1.1766037918544088,1.3608368385089116
top4,bbcf0b82a291b8821edb,A,60,12h,15m,0.1,inverse_vol,2192,0.5222788832352034,0.07247691371228537,1.2584494698782518,1.9032301301128831,0.7808174621325895,-0.09282184022157303,32.45248473655827,0.02271673931559079,-0.02816492927800208,1931,0,0.5075320562251793,1.229915117942518,0.8,1.1766037918544088,1.3608368385089116
top4,4589b4cdc2316be4cdb2,A,60,1d,15m,0.1,inverse_vol,2192,0.5222788832352034,0.07247691371228537,1.2584494698782518,1.9032301301128831,0.7808174621325895,-0.09282184022157303,32.45248473655827,0.02271673931559079,-0.02816492927800208,1931,0,0.5075320562251793,1.229915117942518,0.8,1.1766037918544088,1.3608368385089116
top4,355ebeabb4fb87ed9928,A,60,1d,30m,0.1,inverse_vol,2192,0.5222788832352034,0.07247691371228537,1.2584494698782518,1.9032301301128831,0.7808174621325895,-0.09282184022157303,32.45248473655827,0.02271673931559079,-0.02816492927800208,1931,0,0.5075320562251793,1.229915117942518,0.8,1.1766037918544088,1.3608368385089116
top4,25388ddb3581fb3c66d8,A,60,1d,1h,0.1,inverse_vol,2192,0.5222788832352034,0.07247691371228537,1.2584494698782518,1.9032301301128831,0.7808174621325895,-0.09282184022157303,32.45248473655827,0.02271673931559079,-0.02816492927800208,1931,0,0.5075320562251793,1.229915117942518,0.8,1.1766037918544088,1.3608368385089116
top4,659e37bad2b081f4e15e,A,60,1d,2h,0.1,inverse_vol,2192,0.5222788832352034,0.07247691371228537,1.2584494698782518,1.9032301301128831,0.7808174621325895,-0.09282184022157303,32.45248473655827,0.02271673931559079,-0.02816492927800208,1931,0,0.5075320562251793,1.229915117942518,0.8,1.1766037918544088,1.3608368385089116
top4,2ea8734f067b4d6a88dd,A,60,1d,4h,0.1,inverse_vol,2192,0.5222788832352034,0.07247691371228537,1.2584494698782518,1.9032301301128831,0.7808174621325895,-0.09282184022157303,32.45248473655827,0.02271673931559079,-0.02816492927800208,1931,0,0.5075320562251793,1.229915117942518,0.8,1.1766037918544088,1.3608368385089116
top2,61bc70408544ca210758,A,14,3d,30m,0.15,capped_rank,2192,1.6385478875858719,0.17533974013537024,1.2715823652463554,2.0837859459589434,1.1025827609008845,-0.1590263754823319,75.83939327235967,0.053087575290651765,-0.007811211514578597,676,0,1.579209840134216,1.2433023883547238,1.0,1.163420056111072,1.4058507216517295
top2,a3a6c3d53e0129efd2c4,A,14,3d,1h,0.15,capped_rank,2192,1.6385478875858719,0.17533974013537024,1.2715823652463554,2.0837859459589434,1.1025827609008845,-0.1590263754823319,75.83939327235967,0.053087575290651765,-0.007811211514578597,676,0,1.579209840134216,1.2433023883547238,1.0,1.163420056111072,1.4058507216517295
top2,5b905c7f2e419cffd95e,A,14,3d,2h,0.15,capped_rank,2192,1.6385478875858719,0.17533974013537024,1.2715823652463554,2.0837859459589434,1.1025827609008845,-0.1590263754823319,75.83939327235967,0.053087575290651765,-0.007811211514578597,676,0,1.579209840134216,1.2433023883547238,1.0,1.163420056111072,1.4058507216517295
top2,1a473d8b498341721b94,A,14,3d,4h,0.15,capped_rank,2192,1.6385478875858719,0.17533974013537024,1.2715823652463554,2.0837859459589434,1.1025827609008845,-0.1590263754823319,75.83939327235967,0.053087575290651765,-0.007811211514578597,676,0,1.579209840134216,1.2433023883547238,1.0,1.163420056111072,1.4058507216517295
top2,74a7681fcbc482845712,A,14,3d,1d,0.15,capped_rank,2192,1.6385478875858719,0.17533974013537024,1.2715823652463554,2.0837859459589434,1.1025827609008845,-0.1590263754823319,75.83939327235967,0.053087575290651765,-0.007811211514578597,676,0,1.579209840134216,1.2433023883547238,1.0,1.163420056111072,1.4058507216517295
top2,70385834c3fcebca7007,A,14,3d,30m,0.1,capped_rank,2192,0.9434169236022747,0.11699299199813185,1.273144724224551,2.0807418938250746,1.0604876723376528,-0.11031999244295032,51.53106924382693,0.03607174847067885,-0.004580047491046731,678,0,0.9136085093404003,1.2445205830070656,1.0,1.1623609633017367,1.3799995898309885
top2,71d9b5a2015623a09996,A,14,3d,1h,0.1,capped_rank,2192,0.9434169236022747,0.11699299199813185,1.273144724224551,2.0807418938250746,1.0604876723376528,-0.11031999244295032,51.53106924382693,0.03607174847067885,-0.004580047491046731,678,0,0.9136085093404003,1.2445205830070656,1.0,1.1623609633017367,1.3799995898309885
top2,88007796c6deffc19795,A,14,3d,2h,0.1,capped_rank,2192,0.9434169236022747,0.11699299199813185,1.273144724224551,2.0807418938250746,1.0604876723376528,-0.11031999244295032,51.53106924382693,0.03607174847067885,-0.004580047491046731,678,0,0.9136085093404003,1.2445205830070656,1.0,1.1623609633017367,1.3799995898309885
top2,d9d501a0f0b1a28bddcc,A,14,3d,4h,0.1,capped_rank,2192,0.9434169236022747,0.11699299199813185,1.273144724224551,2.0807418938250746,1.0604876723376528,-0.11031999244295032,51.53106924382693,0.03607174847067885,-0.004580047491046731,678,0,0.9136085093404003,1.2445205830070656,1.0,1.1623609633017367,1.3799995898309885
top2,55315fb8fd749280977b,A,14,3d,1d,0.1,capped_rank,2192,0.9434169236022747,0.11699299199813185,1.273144724224551,2.0807418938250746,1.0604876723376528,-0.11031999244295032,51.53106924382693,0.03607174847067885,-0.004580047491046731,678,0,0.9136085093404003,1.2445205830070656,1.0,1.1623609633017367,1.3799995898309885
top8,c4a0959e2a9edbbb9ff4,A,14,3d,30m,0.2,capped_rank,2192,2.1126506286624194,0.20812927122611402,1.2722453700037697,1.7926151819914713,0.9784557936450877,-0.21271198206181618,94.77096916718736,0.06633967841703114,-0.04945873538755225,679,0,2.0254544171291258,1.2424223705240027,0.8,1.1599014734185165,1.2371263296233213
top8,4c327fb5c3b464c4e8e3,A,14,3d,1h,0.2,capped_rank,2192,2.1126506286624194,0.20812927122611402,1.2722453700037697,1.7926151819914713,0.9784557936450877,-0.21271198206181618,94.77096916718736,0.06633967841703114,-0.04945873538755225,679,0,2.0254544171291258,1.2424223705240027,0.8,1.1599014734185165,1.2371263296233213
top8,dba5df3d4240998a255c,A,14,3d,2h,0.2,capped_rank,2192,2.1126506286624194,0.20812927122611402,1.2722453700037697,1.7926151819914713,0.9784557936450877,-0.21271198206181618,94.77096916718736,0.06633967841703114,-0.04945873538755225,679,0,2.0254544171291258,1.2424223705240027,0.8,1.1599014734185165,1.2371263296233213
top8,db9bfa515f4c944977a4,A,14,3d,4h,0.2,capped_rank,2192,2.1126506286624194,0.20812927122611402,1.2722453700037697,1.7926151819914713,0.9784557936450877,-0.21271198206181618,94.77096916718736,0.06633967841703114,-0.04945873538755225,679,0,2.0254544171291258,1.2424223705240027,0.8,1.1599014734185165,1.2371263296233213
top8,c5545d054aa97f255fb9,A,14,3d,1d,0.2,capped_rank,2192,2.1126506286624194,0.20812927122611402,1.2722453700037697,1.7926151819914713,0.9784557936450877,-0.21271198206181618,94.77096916718736,0.06633967841703114,-0.04945873538755225,679,0,2.0254544171291258,1.2424223705240027,0.8,1.1599014734185165,1.2371263296233213
top2,c2056a1f7303bdade853,A,60,6h,5m,0.2,equal,2192,0.4711789245655502,0.0663966019817257,1.0602665929635529,1.6700998136077558,0.7510888023540243,-0.08840046845809557,30.904241193452837,0.021632968835416985,-0.014910458854892115,1916,0,0.4576001998683725,1.0354249022457351,0.8,1.1593755253484033,1.8073203158811937
top2,8eb8dd5c00f6b6ea9ef3,A,60,1d,5m,0.2,equal,2192,0.4711789245655502,0.0663966019817257,1.0602665929635529,1.6700998136077558,0.7510888023540243,-0.08840046845809557,30.904241193452837,0.021632968835416985,-0.014910458854892115,1916,0,0.4576001998683725,1.0354249022457351,0.8,1.1593755253484033,1.8073203158811937
top2,b51c587887998983d183,A,60,12h,15m,0.2,equal,2192,0.4711789245655502,0.0663966019817257,1.0602665929635529,1.6700998136077558,0.7510888023540243,-0.08840046845809557,30.904241193452837,0.021632968835416985,-0.014910458854892115,1916,0,0.4576001998683725,1.0354249022457351,0.8,1.1593755253484033,1.8073203158811937
top2,9afb8c3903c175aa83d0,A,60,1d,15m,0.2,equal,2192,0.4711789245655502,0.0663966019817257,1.0602665929635529,1.6700998136077558,0.7510888023540243,-0.08840046845809557,30.904241193452837,0.021632968835416985,-0.014910458854892115,1916,0,0.4576001998683725,1.0354249022457351,0.8,1.1593755253484033,1.8073203158811937
top2,ff654e97f4d8c6275b81,A,60,1d,30m,0.2,equal,2192,0.4711789245655502,0.0663966019817257,1.0602665929635529,1.6700998136077558,0.7510888023540243,-0.08840046845809557,30.904241193452837,0.021632968835416985,-0.014910458854892115,1916,0,0.4576001998683725,1.0354249022457351,0.8,1.1593755253484033,1.8073203158811937
top2,5d5837e93723f6634401,A,60,1d,1h,0.2,equal,2192,0.4711789245655502,0.0663966019817257,1.0602665929635529,1.6700998136077558,0.7510888023540243,-0.08840046845809557,30.904241193452837,0.021632968835416985,-0.014910458854892115,1916,0,0.4576001998683725,1.0354249022457351,0.8,1.1593755253484033,1.8073203158811937
top2,46ef7b01773ab6873051,A,60,1d,2h,0.2,equal,2192,0.4711789245655502,0.0663966019817257,1.0602665929635529,1.6700998136077558,0.7510888023540243,-0.08840046845809557,30.904241193452837,0.021632968835416985,-0.014910458854892115,1916,0,0.4576001998683725,1.0354249022457351,0.8,1.1593755253484033,1.8073203158811937
top2,b784453829622bd8a285,A,60,1d,4h,0.2,equal,2192,0.4711789245655502,0.0663966019817257,1.0602665929635529,1.6700998136077558,0.7510888023540243,-0.08840046845809557,30.904241193452837,0.021632968835416985,-0.014910458854892115,1916,0,0.4576001998683725,1.0354249022457351,0.8,1.1593755253484033,1.8073203158811937
top2,a33f7d47b2fda0acffd2,A,60,6h,5m,0.15,equal,2192,0.3387599578490801,0.04977892938239603,1.0602665929635533,1.670099813607756,0.7483051776430767,-0.06652223032744986,23.178180895089625,0.016224726626562738,-0.011182844141169084,1916,0,0.32948220905981795,1.035424902245735,0.8,1.1593755253484033,1.7970470081037893
top2,ddba2a43586417bae649,A,60,1d,5m,0.15,equal,2192,0.3387599578490801,0.04977892938239603,1.0602665929635533,1.670099813607756,0.7483051776430767,-0.06652223032744986,23.178180895089625,0.016224726626562738,-0.011182844141169084,1916,0,0.32948220905981795,1.035424902245735,0.8,1.1593755253484033,1.7970470081037893
top2,d57f84036cf17e7292cf,A,60,12h,15m,0.15,equal,2192,0.3387599578490801,0.04977892938239603,1.0602665929635533,1.670099813607756,0.7483051776430767,-0.06652223032744986,23.178180895089625,0.016224726626562738,-0.011182844141169084,1916,0,0.32948220905981795,1.035424902245735,0.8,1.1593755253484033,1.7970470081037893
top2,5aec41e5f5564134fdaa,A,60,1d,15m,0.15,equal,2192,0.3387599578490801,0.04977892938239603,1.0602665929635533,1.670099813607756,0.7483051776430767,-0.06652223032744986,23.178180895089625,0.016224726626562738,-0.011182844141169084,1916,0,0.32948220905981795,1.035424902245735,0.8,1.1593755253484033,1.7970470081037893
top2,3162b3e1a8ca53226f96,A,60,1d,30m,0.15,equal,2192,0.3387599578490801,0.04977892938239603,1.0602665929635533,1.670099813607756,0.7483051776430767,-0.06652223032744986,23.178180895089625,0.016224726626562738,-0.011182844141169084,1916,0,0.32948220905981795,1.035424902245735,0.8,1.1593755253484033,1.7970470081037893
top2,b58bb0752e2f157fd3fc,A,60,1d,1h,0.15,equal,2192,0.3387599578490801,0.04977892938239603,1.0602665929635533,1.670099813607756,0.7483051776430767,-0.06652223032744986,23.178180895089625,0.016224726626562738,-0.011182844141169084,1916,0,0.32948220905981795,1.035424902245735,0.8,1.1593755253484033,1.7970470081037893
top2,15339a52da39dcb22140,A,60,1d,2h,0.15,equal,2192,0.3387599578490801,0.04977892938239603,1.0602665929635533,1.670099813607756,0.7483051776430767,-0.06652223032744986,23.178180895089625,0.016224726626562738,-0.011182844141169084,1916,0,0.32948220905981795,1.035424902245735,0.8,1.1593755253484033,1.7970470081037893
top2,fc823ccc6def59e42050,A,60,1d,4h,0.15,equal,2192,0.3387599578490801,0.04977892938239603,1.0602665929635533,1.670099813607756,0.7483051776430767,-0.06652223032744986,23.178180895089625,0.016224726626562738,-0.011182844141169084,1916,0,0.32948220905981795,1.035424902245735,0.8,1.1593755253484033,1.7970470081037893
top2,8358b2ba6f372bdeaf36,A,60,6h,5m,0.1,equal,2192,0.21647976304208205,0.03316861832015916,1.0602665929635529,1.6700998136077558,0.7455858599842058,-0.04448665150498132,15.452120596726418,0.010816484417708492,-0.0074552294274460576,1916,0,0.210853247203445,1.0354249022457351,0.8,1.1593755253484033,1.7865531003530244
top2,3bb82d725e8223bea5a1,A,60,1d,5m,0.1,equal,2192,0.21647976304208205,0.03316861832015916,1.0602665929635529,1.6700998136077558,0.7455858599842058,-0.04448665150498132,15.452120596726418,0.010816484417708492,-0.0074552294274460576,1916,0,0.210853247203445,1.0354249022457351,0.8,1.1593755253484033,1.7865531003530244
top2,7df44811c74fd5954510,A,60,12h,15m,0.1,equal,2192,0.21647976304208205,0.03316861832015916,1.0602665929635529,1.6700998136077558,0.7455858599842058,-0.04448665150498132,15.452120596726418,0.010816484417708492,-0.0074552294274460576,1916,0,0.210853247203445,1.0354249022457351,0.8,1.1593755253484033,1.7865531003530244
top2,aba4ea9dd292a261632b,A,60,1d,15m,0.1,equal,2192,0.21647976304208205,0.03316861832015916,1.0602665929635529,1.6700998136077558,0.7455858599842058,-0.04448665150498132,15.452120596726418,0.010816484417708492,-0.0074552294274460576,1916,0,0.210853247203445,1.0354249022457351,0.8,1.1593755253484033,1.7865531003530244
top2,e87bb3ead6aaacdaddb2,A,60,1d,30m,0.1,equal,2192,0.21647976304208205,0.03316861832015916,1.0602665929635529,1.6700998136077558,0.7455858599842058,-0.04448665150498132,15.452120596726418,0.010816484417708492,-0.0074552294274460576,1916,0,0.210853247203445,1.0354249022457351,0.8,1.1593755253484033,1.7865531003530244
top2,4158206bdd4285b50827,A,60,1d,1h,0.1,equal,2192,0.21647976304208205,0.03316861832015916,1.0602665929635529,1.6700998136077558,0.7455858599842058,-0.04448665150498132,15.452120596726418,0.010816484417708492,-0.0074552294274460576,1916,0,0.210853247203445,1.0354249022457351,0.8,1.1593755253484033,1.7865531003530244
top2,d626e58c5fd7a63d14d1,A,60,1d,2h,0.1,equal,2192,0.21647976304208205,0.03316861832015916,1.0602665929635529,1.6700998136077558,0.7455858599842058,-0.04448665150498132,15.452120596726418,0.010816484417708492,-0.0074552294274460576,1916,0,0.210853247203445,1.0354249022457351,0.8,1.1593755253484033,1.7865531003530244
top2,4e855e7a1289604168e7,A,60,1d,4h,0.1,equal,2192,0.21647976304208205,0.03316861832015916,1.0602665929635529,1.6700998136077558,0.7455858599842058,-0.04448665150498132,15.452120596726418,0.010816484417708492,-0.0074552294274460576,1916,0,0.210853247203445,1.0354249022457351,0.8,1.1593755253484033,1.7865531003530244
top2,01457d576b20f0792214,A,60,6h,5m,0.15,inverse_vol,2192,0.3700630110890346,0.053826939244814964,1.0946056176134031,1.7298747060812838,0.7993938342509467,-0.06733469403757941,24.517327386045253,0.017162129170231678,-0.012724265079014314,1916,0,0.3600218991610096,1.069479373112186,0.8,1.1582090392547493,1.7597562601118426
top2,87348c5903fd74478d38,A,60,1d,5m,0.15,inverse_vol,2192,0.3700630110890346,0.053826939244814964,1.0946056176134031,1.7298747060812838,0.7993938342509467,-0.06733469403757941,24.517327386045253,0.017162129170231678,-0.012724265079014314,1916,0,0.3600218991610096,1.069479373112186,0.8,1.1582090392547493,1.7597562601118426
top2,b9303da6dffe63c7aec2,A,60,12h,15m,0.15,inverse_vol,2192,0.3700630110890346,0.053826939244814964,1.0946056176134031,1.7298747060812838,0.7993938342509467,-0.06733469403757941,24.517327386045253,0.017162129170231678,-0.012724265079014314,1916,0,0.3600218991610096,1.069479373112186,0.8,1.1582090392547493,1.7597562601118426
top2,ec084c2f33f2676ac6ba,A,60,1d,15m,0.15,inverse_vol,2192,0.3700630110890346,0.053826939244814964,1.0946056176134031,1.7298747060812838,0.7993938342509467,-0.06733469403757941,24.517327386045253,0.017162129170231678,-0.012724265079014314,1916,0,0.3600218991610096,1.069479373112186,0.8,1.1582090392547493,1.7597562601118426
top2,ed367e007581b410ec01,A,60,1d,30m,0.15,inverse_vol,2192,0.3700630110890346,0.053826939244814964,1.0946056176134031,1.7298747060812838,0.7993938342509467,-0.06733469403757941,24.517327386045253,0.017162129170231678,-0.012724265079014314,1916,0,0.3600218991610096,1.069479373112186,0.8,1.1582090392547493,1.7597562601118426
top2,91defb04514c9d5f6d32,A,60,1d,1h,0.15,inverse_vol,2192,0.3700630110890346,0.053826939244814964,1.0946056176134031,1.7298747060812838,0.7993938342509467,-0.06733469403757941,24.517327386045253,0.017162129170231678,-0.012724265079014314,1916,0,0.3600218991610096,1.069479373112186,0.8,1.1582090392547493,1.7597562601118426
top2,5c82e7e96b0978381f54,A,60,1d,2h,0.15,inverse_vol,2192,0.3700630110890346,0.053826939244814964,1.0946056176134031,1.7298747060812838,0.7993938342509467,-0.06733469403757941,24.517327386045253,0.017162129170231678,-0.012724265079014314,1916,0,0.3600218991610096,1.069479373112186,0.8,1.1582090392547493,1.7597562601118426
top2,fac6f4303c67c813b2ff,A,60,1d,4h,0.15,inverse_vol,2192,0.3700630110890346,0.053826939244814964,1.0946056176134031,1.7298747060812838,0.7993938342509467,-0.06733469403757941,24.517327386045253,0.017162129170231678,-0.012724265079014314,1916,0,0.3600218991610096,1.069479373112186,0.8,1.1582090392547493,1.7597562601118426
top2,f7427e57a0a86aeaae30,A,60,6h,5m,0.2,inverse_vol,2192,0.5168069900753294,0.07183402593425603,1.094605617613403,1.7298747060812838,0.802331452233292,-0.08953160908039415,32.68976984806034,0.02288283889364224,-0.01696568677201909,1916,0,0.5020024603417099,1.0694793731121863,0.8,1.158209039254749,1.7709275518469536
top2,8d668da65678f22482ff,A,60,1d,5m,0.2,inverse_vol,2192,0.5168069900753294,0.07183402593425603,1.094605617613403,1.7298747060812838,0.802331452233292,-0.08953160908039415,32.68976984806034,0.02288283889364224,-0.01696568677201909,1916,0,0.5020024603417099,1.0694793731121863,0.8,1.158209039254749,1.7709275518469536
top2,9d16c394d62bf9376916,A,60,12h,15m,0.2,inverse_vol,2192,0.5168069900753294,0.07183402593425603,1.094605617613403,1.7298747060812838,0.802331452233292,-0.08953160908039415,32.68976984806034,0.02288283889364224,-0.01696568677201909,1916,0,0.5020024603417099,1.0694793731121863,0.8,1.158209039254749,1.7709275518469536
top2,817601c03a3e36043636,A,60,1d,15m,0.2,inverse_vol,2192,0.5168069900753294,0.07183402593425603,1.094605617613403,1.7298747060812838,0.802331452233292,-0.08953160908039415,32.68976984806034,0.02288283889364224,-0.01696568677201909,1916,0,0.5020024603417099,1.0694793731121863,0.8,1.158209039254749,1.7709275518469536
top2,36f1502d76b43dbc418c,A,60,1d,30m,0.2,inverse_vol,2192,0.5168069900753294,0.07183402593425603,1.094605617613403,1.7298747060812838,0.802331452233292,-0.08953160908039415,32.68976984806034,0.02288283889364224,-0.01696568677201909,1916,0,0.5020024603417099,1.0694793731121863,0.8,1.158209039254749,1.7709275518469536
top2,cf240078a97b69c8be68,A,60,1d,1h,0.2,inverse_vol,2192,0.5168069900753294,0.07183402593425603,1.094605617613403,1.7298747060812838,0.802331452233292,-0.08953160908039415,32.68976984806034,0.02288283889364224,-0.01696568677201909,1916,0,0.5020024603417099,1.0694793731121863,0.8,1.158209039254749,1.7709275518469536
top2,366cbc0d079915be7197,A,60,1d,2h,0.2,inverse_vol,2192,0.5168069900753294,0.07183402593425603,1.094605617613403,1.7298747060812838,0.802331452233292,-0.08953160908039415,32.68976984806034,0.02288283889364224,-0.01696568677201909,1916,0,0.5020024603417099,1.0694793731121863,0.8,1.158209039254749,1.7709275518469536
top2,bc6717db2211f57e0b13,A,60,1d,4h,0.2,inverse_vol,2192,0.5168069900753294,0.07183402593425603,1.094605617613403,1.7298747060812838,0.802331452233292,-0.08953160908039415,32.68976984806034,0.02288283889364224,-0.01696568677201909,1916,0,0.5020024603417099,1.0694793731121863,0.8,1.158209039254749,1.7709275518469536
top2,dd639c106e6d59039554,A,60,6h,5m,0.1,inverse_vol,2192,0.23553862747884047,0.035846539490442586,1.094605617613403,1.7298747060812838,0.7965435407882928,-0.04500261147679052,16.34488492403017,0.01144141944682112,-0.008482843386009546,1916,0,0.2294946471790411,1.0694793731121863,0.8,1.158209039254749,1.7483590862987415
top2,2cfe149b8ea72ffef242,A,60,1d,5m,0.1,inverse_vol,2192,0.23553862747884047,0.035846539490442586,1.094605617613403,1.7298747060812838,0.7965435407882928,-0.04500261147679052,16.34488492403017,0.01144141944682112,-0.008482843386009546,1916,0,0.2294946471790411,1.0694793731121863,0.8,1.158209039254749,1.7483590862987415
top2,d732e7c196207fb724c7,A,60,12h,15m,0.1,inverse_vol,2192,0.23553862747884047,0.035846539490442586,1.094605617613403,1.7298747060812838,0.7965435407882928,-0.04500261147679052,16.34488492403017,0.01144141944682112,-0.008482843386009546,1916,0,0.2294946471790411,1.0694793731121863,0.8,1.158209039254749,1.7483590862987415
top2,365fecd10695c6ab298c,A,60,1d,15m,0.1,inverse_vol,2192,0.23553862747884047,0.035846539490442586,1.094605617613403,1.7298747060812838,0.7965435407882928,-0.04500261147679052,16.34488492403017,0.01144141944682112,-0.008482843386009546,1916,0,0.2294946471790411,1.0694793731121863,0.8,1.158209039254749,1.7483590862987415
top2,4b4b09c92415d1236529,A,60,1d,30m,0.1,inverse_vol,2192,0.23553862747884047,0.035846539490442586,1.094605617613403,1.7298747060812838,0.7965435407882928,-0.04500261147679052,16.34488492403017,0.01144141944682112,-0.008482843386009546,1916,0,0.2294946471790411,1.0694793731121863,0.8,1.158209039254749,1.7483590862987415
top2,3cfa12c081e6c486ac6c,A,60,1d,1h,0.1,inverse_vol,2192,0.23553862747884047,0.035846539490442586,1.094605617613403,1.7298747060812838,0.7965435407882928,-0.04500261147679052,16.34488492403017,0.01144141944682112,-0.008482843386009546,1916,0,0.2294946471790411,1.0694793731121863,0.8,1.158209039254749,1.7483590862987415
top2,b80a59ed50a4071fa3dc,A,60,1d,2h,0.1,inverse_vol,2192,0.23553862747884047,0.035846539490442586,1.094605617613403,1.7298747060812838,0.7965435407882928,-0.04500261147679052,16.34488492403017,0.01144141944682112,-0.008482843386009546,1916,0,0.2294946471790411,1.0694793731121863,0.8,1.158209039254749,1.7483590862987415
top2,4f0ca1ebe7d18f6e00f4,A,60,1d,4h,0.1,inverse_vol,2192,0.23553862747884047,0.035846539490442586,1.094605617613403,1.7298747060812838,0.7965435407882928,-0.04500261147679052,16.34488492403017,0.01144141944682112,-0.008482843386009546,1916,0,0.2294946471790411,1.0694793731121863,0.8,1.158209039254749,1.7483590862987415
top2,b5c0fb8b377ab4d6611f,A,30,3d,30m,0.2,capped_rank,2192,2.3665321123572074,0.22400622315377827,1.3454895597485408,2.1140079690044926,0.9090997092563307,-0.24640446022914442,60.87135698568011,0.04260994988997607,-0.008072377465264673,670,0,2.305609176288629,1.326362042030656,0.8,1.1581362403880426,1.1086791591333778
top2,aa70d43c6729efa88d09,A,30,3d,1h,0.2,capped_rank,2192,2.3665321123572074,0.22400622315377827,1.3454895597485408,2.1140079690044926,0.9090997092563307,-0.24640446022914442,60.87135698568011,0.04260994988997607,-0.008072377465264673,670,0,2.305609176288629,1.326362042030656,0.8,1.1581362403880426,1.1086791591333778
top2,11acd007f622e923c8fa,A,30,3d,2h,0.2,capped_rank,2192,2.3665321123572074,0.22400622315377827,1.3454895597485408,2.1140079690044926,0.9090997092563307,-0.24640446022914442,60.87135698568011,0.04260994988997607,-0.008072377465264673,670,0,2.305609176288629,1.326362042030656,0.8,1.1581362403880426,1.1086791591333778
top2,72148c1cc511607929b3,A,30,3d,4h,0.2,capped_rank,2192,2.3665321123572074,0.22400622315377827,1.3454895597485408,2.1140079690044926,0.9090997092563307,-0.24640446022914442,60.87135698568011,0.04260994988997607,-0.008072377465264673,670,0,2.305609176288629,1.326362042030656,0.8,1.1581362403880426,1.1086791591333778
top2,7fe1ccad32839eeaa571,A,30,3d,1d,0.2,capped_rank,2192,2.3665321123572074,0.22400622315377827,1.3454895597485408,2.1140079690044926,0.9090997092563307,-0.24640446022914442,60.87135698568011,0.04260994988997607,-0.008072377465264673,670,0,2.305609176288629,1.326362042030656,0.8,1.1581362403880426,1.1086791591333778
top8,8bfc1cfc030ed6cd4f03,A,7,3d,30m,0.2,capped_rank,2192,1.4085517134796928,0.15762512200859669,0.9969379401947425,1.426467434931826,0.6837028368595016,-0.23054624540191582,135.59682999866766,0.09491778099906735,-0.074253880008937,690,0,1.312543773675289,0.9544227149770086,0.8,1.1558047560818885,1.2091753244402765
top8,4f5bed9ac3466fb72938,A,7,3d,1h,0.2,capped_rank,2192,1.4085517134796928,0.15762512200859669,0.9969379401947425,1.426467434931826,0.6837028368595016,-0.23054624540191582,135.59682999866766,0.09491778099906735,-0.074253880008937,690,0,1.312543773675289,0.9544227149770086,0.8,1.1558047560818885,1.2091753244402765
top8,4198860e6bf76f71481e,A,7,3d,2h,0.2,capped_rank,2192,1.4085517134796928,0.15762512200859669,0.9969379401947425,1.426467434931826,0.6837028368595016,-0.23054624540191582,135.59682999866766,0.09491778099906735,-0.074253880008937,690,0,1.312543773675289,0.9544227149770086,0.8,1.1558047560818885,1.2091753244402765
top8,330ea483b37049315dd7,A,7,3d,4h,0.2,capped_rank,2192,1.4085517134796928,0.15762512200859669,0.9969379401947425,1.426467434931826,0.6837028368595016,-0.23054624540191582,135.59682999866766,0.09491778099906735,-0.074253880008937,690,0,1.312543773675289,0.9544227149770086,0.8,1.1558047560818885,1.2091753244402765
top8,9c0f7da39225b57b3f71,A,7,3d,1d,0.2,capped_rank,2192,1.4085517134796928,0.15762512200859669,0.9969379401947425,1.426467434931826,0.6837028368595016,-0.23054624540191582,135.59682999866766,0.09491778099906735,-0.074253880008937,690,0,1.312543773675289,0.9544227149770086,0.8,1.1558047560818885,1.2091753244402765
top2,e8bca31cfda037915876,A,30,3d,30m,0.1,capped_rank,2192,0.8655448316586667,0.10941261731209972,1.3312873772899056,2.0745427801120253,0.841854364745358,-0.1299662054317371,31.26011456085459,0.021882080192598213,-0.0034567315170959123,678,0,0.8481316317871894,1.3117889765161865,0.8,1.1533010705106026,1.0579369631467843
top2,bbe4aaad9bdc5e26c634,A,30,3d,1h,0.1,capped_rank,2192,0.8655448316586667,0.10941261731209972,1.3312873772899056,2.0745427801120253,0.841854364745358,-0.1299662054317371,31.26011456085459,0.021882080192598213,-0.0034567315170959123,678,0,0.8481316317871894,1.3117889765161865,0.8,1.1533010705106026,1.0579369631467843
top2,8ab1773805ed0138c4f0,A,30,3d,2h,0.1,capped_rank,2192,0.8655448316586667,0.10941261731209972,1.3312873772899056,2.0745427801120253,0.841854364745358,-0.1299662054317371,31.26011456085459,0.021882080192598213,-0.0034567315170959123,678,0,0.8481316317871894,1.3117889765161865,0.8,1.1533010705106026,1.0579369631467843
top2,5ac4064fd01adbe42600,A,30,3d,4h,0.1,capped_rank,2192,0.8655448316586667,0.10941261731209972,1.3312873772899056,2.0745427801120253,0.841854364745358,-0.1299662054317371,31.26011456085459,0.021882080192598213,-0.0034567315170959123,678,0,0.8481316317871894,1.3117889765161865,0.8,1.1533010705106026,1.0579369631467843
top2,d3bac67380444fffd9c0,A,30,3d,1d,0.1,capped_rank,2192,0.8655448316586667,0.10941261731209972,1.3312873772899056,2.0745427801120253,0.841854364745358,-0.1299662054317371,31.26011456085459,0.021882080192598213,-0.0034567315170959123,678,0,0.8481316317871894,1.3117889765161865,0.8,1.1533010705106026,1.0579369631467843
top2,7b61bb4eea0159fb121f,A,30,3d,30m,0.15,capped_rank,2192,1.5093080622954518,0.16555177718618874,1.3341681935932963,2.0863634761474543,0.8620231147883832,-0.19205027608433656,46.34010195378592,0.03243807136765014,-0.005098974369695412,674,0,1.4746637206658275,1.314828223204252,0.8,1.1533010705106024,1.082149246466338
top2,58ae905b7db599d3c67b,A,30,3d,1h,0.15,capped_rank,2192,1.5093080622954518,0.16555177718618874,1.3341681935932963,2.0863634761474543,0.8620231147883832,-0.19205027608433656,46.34010195378592,0.03243807136765014,-0.005098974369695412,674,0,1.4746637206658275,1.314828223204252,0.8,1.1533010705106024,1.082149246466338
top2,37c3e95d0cccced15799,A,30,3d,2h,0.15,capped_rank,2192,1.5093080622954518,0.16555177718618874,1.3341681935932963,2.0863634761474543,0.8620231147883832,-0.19205027608433656,46.34010195378592,0.03243807136765014,-0.005098974369695412,674,0,1.4746637206658275,1.314828223204252,0.8,1.1533010705106024,1.082149246466338
top2,0b45864b0f23f563b4e5,A,30,3d,4h,0.15,capped_rank,2192,1.5093080622954518,0.16555177718618874,1.3341681935932963,2.0863634761474543,0.8620231147883832,-0.19205027608433656,46.34010195378592,0.03243807136765014,-0.005098974369695412,674,0,1.4746637206658275,1.314828223204252,0.8,1.1533010705106024,1.082149246466338
top2,ec0b81e23f036cc18a16,A,30,3d,1d,0.15,capped_rank,2192,1.5093080622954518,0.16555177718618874,1.3341681935932963,2.0863634761474543,0.8620231147883832,-0.19205027608433656,46.34010195378592,0.03243807136765014,-0.005098974369695412,674,0,1.4746637206658275,1.314828223204252,0.8,1.1533010705106024,1.082149246466338
top20pct,f4b1bdcf2e0e3b8841a2,A,90,7d,1h,0.2,capped_rank,2192,1.5920823655856169,0.1718676444579026,1.0981353119098969,1.649426372079543,0.676436557530575,-0.25407799525993857,27.07020082886475,0.018949140580205324,-0.06299832989995542,282,0,1.5710988041020526,1.0893574106684256,0.8,1.1504868878110857,1.4291382860175015
top20pct,ebad8d53e91326a5fcca,A,90,7d,2h,0.2,capped_rank,2192,1.5920823655856169,0.1718676444579026,1.0981353119098969,1.649426372079543,0.676436557530575,-0.25407799525993857,27.07020082886475,0.018949140580205324,-0.06299832989995542,282,0,1.5710988041020526,1.0893574106684256,0.8,1.1504868878110857,1.4291382860175015
top20pct,eb5b0702ee821f7832dc,A,90,7d,4h,0.2,capped_rank,2192,1.5920823655856169,0.1718676444579026,1.0981353119098969,1.649426372079543,0.676436557530575,-0.25407799525993857,27.07020082886475,0.018949140580205324,-0.06299832989995542,282,0,1.5710988041020526,1.0893574106684256,0.8,1.1504868878110857,1.4291382860175015
top20pct,b2e8b38de2df0ef0c809,A,90,7d,1d,0.2,capped_rank,2192,1.5920823655856169,0.1718676444579026,1.0981353119098969,1.649426372079543,0.676436557530575,-0.25407799525993857,27.07020082886475,0.018949140580205324,-0.06299832989995542,282,0,1.5710988041020526,1.0893574106684256,0.8,1.1504868878110857,1.4291382860175015
top8,aafd5e76ccf56e68e55c,A,60,6h,5m,0.15,equal,2192,0.8910596909577233,0.11192491479442501,1.1315241215170566,1.559423061378898,0.6698045455460957,-0.1671008588082542,57.14288325753455,0.040000018280274184,-0.06336963451795297,1931,0,0.8589271701624215,1.102408018120539,0.8,1.1501866018425104,1.1862534879294093
top8,f81a0b3fba35c5d2f650,A,60,1d,5m,0.15,equal,2192,0.8910596909577233,0.11192491479442501,1.1315241215170566,1.559423061378898,0.6698045455460957,-0.1671008588082542,57.14288325753455,0.040000018280274184,-0.06336963451795297,1931,0,0.8589271701624215,1.102408018120539,0.8,1.1501866018425104,1.1862534879294093
top8,da3d95b154d982eaf8e9,A,60,12h,15m,0.15,equal,2192,0.8910596909577233,0.11192491479442501,1.1315241215170566,1.559423061378898,0.6698045455460957,-0.1671008588082542,57.14288325753455,0.040000018280274184,-0.06336963451795297,1931,0,0.8589271701624215,1.102408018120539,0.8,1.1501866018425104,1.1862534879294093
top8,b993a82358cdafcd2178,A,60,1d,15m,0.15,equal,2192,0.8910596909577233,0.11192491479442501,1.1315241215170566,1.559423061378898,0.6698045455460957,-0.1671008588082542,57.14288325753455,0.040000018280274184,-0.06336963451795297,1931,0,0.8589271701624215,1.102408018120539,0.8,1.1501866018425104,1.1862534879294093
top8,cb98ad907dc9cce6ba00,A,60,1d,30m,0.15,equal,2192,0.8910596909577233,0.11192491479442501,1.1315241215170566,1.559423061378898,0.6698045455460957,-0.1671008588082542,57.14288325753455,0.040000018280274184,-0.06336963451795297,1931,0,0.8589271701624215,1.102408018120539,0.8,1.1501866018425104,1.1862534879294093
top8,d4c0baf55e7f22f444b9,A,60,1d,1h,0.15,equal,2192,0.8910596909577233,0.11192491479442501,1.1315241215170566,1.559423061378898,0.6698045455460957,-0.1671008588082542,57.14288325753455,0.040000018280274184,-0.06336963451795297,1931,0,0.8589271701624215,1.102408018120539,0.8,1.1501866018425104,1.1862534879294093
top8,ef55d40f1ca5cbdf5d8f,A,60,1d,2h,0.15,equal,2192,0.8910596909577233,0.11192491479442501,1.1315241215170566,1.559423061378898,0.6698045455460957,-0.1671008588082542,57.14288325753455,0.040000018280274184,-0.06336963451795297,1931,0,0.8589271701624215,1.102408018120539,0.8,1.1501866018425104,1.1862534879294093
top8,69d9f681eb0c456e6b7e,A,60,1d,4h,0.15,equal,2192,0.8910596909577233,0.11192491479442501,1.1315241215170566,1.559423061378898,0.6698045455460957,-0.1671008588082542,57.14288325753455,0.040000018280274184,-0.06336963451795297,1931,0,0.8589271701624215,1.102408018120539,0.8,1.1501866018425104,1.1862534879294093
top8,e8cbc1fc48dd32fb8c52,A,60,6h,5m,0.2,equal,2192,1.3087355504971594,0.14949505528296503,1.131524121517057,1.5594230613788984,0.6824827143300387,-0.21904592181461668,76.19051101004607,0.05333335770703225,-0.08449284602393728,1931,0,1.256582499186412,1.1024080181205391,0.8,1.1501866018425102,1.1993850562941284
top8,2925b408f813fe353e6a,A,60,1d,5m,0.2,equal,2192,1.3087355504971594,0.14949505528296503,1.131524121517057,1.5594230613788984,0.6824827143300387,-0.21904592181461668,76.19051101004607,0.05333335770703225,-0.08449284602393728,1931,0,1.256582499186412,1.1024080181205391,0.8,1.1501866018425102,1.1993850562941284
top8,1f4ca5bea3899163dcc8,A,60,12h,15m,0.2,equal,2192,1.3087355504971594,0.14949505528296503,1.131524121517057,1.5594230613788984,0.6824827143300387,-0.21904592181461668,76.19051101004607,0.05333335770703225,-0.08449284602393728,1931,0,1.256582499186412,1.1024080181205391,0.8,1.1501866018425102,1.1993850562941284
top8,9386ca1218fc683fed22,A,60,1d,15m,0.2,equal,2192,1.3087355504971594,0.14949505528296503,1.131524121517057,1.5594230613788984,0.6824827143300387,-0.21904592181461668,76.19051101004607,0.05333335770703225,-0.08449284602393728,1931,0,1.256582499186412,1.1024080181205391,0.8,1.1501866018425102,1.1993850562941284
top8,a5cb4711a5e6ac79f5ff,A,60,1d,30m,0.2,equal,2192,1.3087355504971594,0.14949505528296503,1.131524121517057,1.5594230613788984,0.6824827143300387,-0.21904592181461668,76.19051101004607,0.05333335770703225,-0.08449284602393728,1931,0,1.256582499186412,1.1024080181205391,0.8,1.1501866018425102,1.1993850562941284
top8,84315f116077bb9601b7,A,60,1d,1h,0.2,equal,2192,1.3087355504971594,0.14949505528296503,1.131524121517057,1.5594230613788984,0.6824827143300387,-0.21904592181461668,76.19051101004607,0.05333335770703225,-0.08449284602393728,1931,0,1.256582499186412,1.1024080181205391,0.8,1.1501866018425102,1.1993850562941284
top8,64dde13bfb6ca130c655,A,60,1d,2h,0.2,equal,2192,1.3087355504971594,0.14949505528296503,1.131524121517057,1.5594230613788984,0.6824827143300387,-0.21904592181461668,76.19051101004607,0.05333335770703225,-0.08449284602393728,1931,0,1.256582499186412,1.1024080181205391,0.8,1.1501866018425102,1.1993850562941284
top8,ba43b24751ad3ac00e47,A,60,1d,4h,0.2,equal,2192,1.3087355504971594,0.14949505528296503,1.131524121517057,1.5594230613788984,0.6824827143300387,-0.21904592181461668,76.19051101004607,0.05333335770703225,-0.08449284602393728,1931,0,1.256582499186412,1.1024080181205391,0.8,1.1501866018425102,1.1993850562941284
top8,6d97e331ecbd016e4268,A,60,6h,5m,0.1,equal,2192,0.5390615641403904,0.07443675468773492,1.131524121517057,1.5594230613788984,0.6573895018554716,-0.11323082354926317,38.09525550502303,0.026666678853516125,-0.04224642301196864,1931,0,0.5215759336582062,1.1024080181205391,0.8,1.1501866018425102,1.172809978172145
top8,4ac6b67d438abd65477d,A,60,1d,5m,0.1,equal,2192,0.5390615641403904,0.07443675468773492,1.131524121517057,1.5594230613788984,0.6573895018554716,-0.11323082354926317,38.09525550502303,0.026666678853516125,-0.04224642301196864,1931,0,0.5215759336582062,1.1024080181205391,0.8,1.1501866018425102,1.172809978172145
top8,72b9f339b39b97c5ef4a,A,60,12h,15m,0.1,equal,2192,0.5390615641403904,0.07443675468773492,1.131524121517057,1.5594230613788984,0.6573895018554716,-0.11323082354926317,38.09525550502303,0.026666678853516125,-0.04224642301196864,1931,0,0.5215759336582062,1.1024080181205391,0.8,1.1501866018425102,1.172809978172145
top8,b3da4e852e5f9d09e8b6,A,60,1d,15m,0.1,equal,2192,0.5390615641403904,0.07443675468773492,1.131524121517057,1.5594230613788984,0.6573895018554716,-0.11323082354926317,38.09525550502303,0.026666678853516125,-0.04224642301196864,1931,0,0.5215759336582062,1.1024080181205391,0.8,1.1501866018425102,1.172809978172145
top8,adf7c2053f41d16eb487,A,60,1d,30m,0.1,equal,2192,0.5390615641403904,0.07443675468773492,1.131524121517057,1.5594230613788984,0.6573895018554716,-0.11323082354926317,38.09525550502303,0.026666678853516125,-0.04224642301196864,1931,0,0.5215759336582062,1.1024080181205391,0.8,1.1501866018425102,1.172809978172145
top8,e88f3645be5da4c7d9f3,A,60,1d,1h,0.1,equal,2192,0.5390615641403904,0.07443675468773492,1.131524121517057,1.5594230613788984,0.6573895018554716,-0.11323082354926317,38.09525550502303,0.026666678853516125,-0.04224642301196864,1931,0,0.5215759336582062,1.1024080181205391,0.8,1.1501866018425102,1.172809978172145
top8,06af81db3756595ebe6f,A,60,1d,2h,0.1,equal,2192,0.5390615641403904,0.07443675468773492,1.131524121517057,1.5594230613788984,0.6573895018554716,-0.11323082354926317,38.09525550502303,0.026666678853516125,-0.04224642301196864,1931,0,0.5215759336582062,1.1024080181205391,0.8,1.1501866018425102,1.172809978172145
top8,e971f785352bfd25b5a5,A,60,1d,4h,0.1,equal,2192,0.5390615641403904,0.07443675468773492,1.131524121517057,1.5594230613788984,0.6573895018554716,-0.11323082354926317,38.09525550502303,0.026666678853516125,-0.04224642301196864,1931,0,0.5215759336582062,1.1024080181205391,0.8,1.1501866018425102,1.172809978172145
top8,96409e959760fcbb5508,A,7,3d,30m,0.2,inverse_vol,2192,1.197163200771254,0.1400530647268765,0.9698710334284844,1.2781952433980366,0.8412651323016368,-0.1664791031380346,121.82966649700134,0.08528076654790093,-0.10725355982044787,692,0,1.118322135696657,0.9282019838981889,0.6,1.1487305753202537,1.1527446744244862
top8,e6fcf822bb8689a8b8b8,A,7,3d,1h,0.2,inverse_vol,2192,1.197163200771254,0.1400530647268765,0.9698710334284844,1.2781952433980366,0.8412651323016368,-0.1664791031380346,121.82966649700134,0.08528076654790093,-0.10725355982044787,692,0,1.118322135696657,0.9282019838981889,0.6,1.1487305753202537,1.1527446744244862
top8,16b1e487a49884eed30d,A,7,3d,2h,0.2,inverse_vol,2192,1.197163200771254,0.1400530647268765,0.9698710334284844,1.2781952433980366,0.8412651323016368,-0.1664791031380346,121.82966649700134,0.08528076654790093,-0.10725355982044787,692,0,1.118322135696657,0.9282019838981889,0.6,1.1487305753202537,1.1527446744244862
top8,747357f7aefbcd7f8006,A,7,3d,4h,0.2,inverse_vol,2192,1.197163200771254,0.1400530647268765,0.9698710334284844,1.2781952433980366,0.8412651323016368,-0.1664791031380346,121.82966649700134,0.08528076654790093,-0.10725355982044787,692,0,1.118322135696657,0.9282019838981889,0.6,1.1487305753202537,1.1527446744244862
top8,703b781e92f02e15bd56,A,7,3d,1d,0.2,inverse_vol,2192,1.197163200771254,0.1400530647268765,0.9698710334284844,1.2781952433980366,0.8412651323016368,-0.1664791031380346,121.82966649700134,0.08528076654790093,-0.10725355982044787,692,0,1.118322135696657,0.9282019838981889,0.6,1.1487305753202537,1.1527446744244862
top8,29da04ebea1ceb411c8b,A,7,3d,30m,0.15,inverse_vol,2192,0.8265562931582142,0.10551776083552977,0.9698710334284842,1.2781952433980366,0.8289704321987121,-0.1272877255171342,91.37224987275098,0.06396057491092569,-0.0804401698653359,692,0,0.7771740962991043,0.9282019838981888,0.6,1.1487305753202537,1.133794979704869
top8,d5b8f6d0169d129b73e8,A,7,3d,1h,0.15,inverse_vol,2192,0.8265562931582142,0.10551776083552977,0.9698710334284842,1.2781952433980366,0.8289704321987121,-0.1272877255171342,91.37224987275098,0.06396057491092569,-0.0804401698653359,692,0,0.7771740962991043,0.9282019838981888,0.6,1.1487305753202537,1.133794979704869
top8,8573fa6b55a526bed68a,A,7,3d,2h,0.15,inverse_vol,2192,0.8265562931582142,0.10551776083552977,0.9698710334284842,1.2781952433980366,0.8289704321987121,-0.1272877255171342,91.37224987275098,0.06396057491092569,-0.0804401698653359,692,0,0.7771740962991043,0.9282019838981888,0.6,1.1487305753202537,1.133794979704869
top8,edf37d07d3bbfc6c577c,A,7,3d,4h,0.15,inverse_vol,2192,0.8265562931582142,0.10551776083552977,0.9698710334284842,1.2781952433980366,0.8289704321987121,-0.1272877255171342,91.37224987275098,0.06396057491092569,-0.0804401698653359,692,0,0.7771740962991043,0.9282019838981888,0.6,1.1487305753202537,1.133794979704869
top8,4dc98b56ec908031853a,A,7,3d,1d,0.15,inverse_vol,2192,0.8265562931582142,0.10551776083552977,0.9698710334284842,1.2781952433980366,0.8289704321987121,-0.1272877255171342,91.37224987275098,0.06396057491092569,-0.0804401698653359,692,0,0.7771740962991043,0.9282019838981888,0.6,1.1487305753202537,1.133794979704869
top8,f56ec9d60c8af13efdd6,A,7,3d,30m,0.1,inverse_vol,2192,0.5063055114168693,0.07059478269719954,0.9698710334284844,1.2781952433980366,0.8160099108417364,-0.08651216334416711,60.91483324850067,0.04264038327395046,-0.05362677991022394,692,0,0.479031326469455,0.9282019838981889,0.6,1.1487305753202537,1.1142954557364868
top8,4ae1cb4e70410ac48b8e,A,7,3d,1h,0.1,inverse_vol,2192,0.5063055114168693,0.07059478269719954,0.9698710334284844,1.2781952433980366,0.8160099108417364,-0.08651216334416711,60.91483324850067,0.04264038327395046,-0.05362677991022394,692,0,0.479031326469455,0.9282019838981889,0.6,1.1487305753202537,1.1142954557364868
top8,4d1bbf50170a2144fe02,A,7,3d,2h,0.1,inverse_vol,2192,0.5063055114168693,0.07059478269719954,0.9698710334284844,1.2781952433980366,0.8160099108417364,-0.08651216334416711,60.91483324850067,0.04264038327395046,-0.05362677991022394,692,0,0.479031326469455,0.9282019838981889,0.6,1.1487305753202537,1.1142954557364868
top8,5097e0df19d78860f947,A,7,3d,4h,0.1,inverse_vol,2192,0.5063055114168693,0.07059478269719954,0.9698710334284844,1.2781952433980366,0.8160099108417364,-0.08651216334416711,60.91483324850067,0.04264038327395046,-0.05362677991022394,692,0,0.479031326469455,0.9282019838981889,0.6,1.1487305753202537,1.1142954557364868
top8,ae14f6c357ebae72d29e,A,7,3d,1d,0.1,inverse_vol,2192,0.5063055114168693,0.07059478269719954,0.9698710334284844,1.2781952433980366,0.8160099108417364,-0.08651216334416711,60.91483324850067,0.04264038327395046,-0.05362677991022394,692,0,0.479031326469455,0.9282019838981889,0.6,1.1487305753202537,1.1142954557364868
top2,4154be7fe3bbae2593ed,A,60,6h,5m,0.15,capped_rank,2192,0.9880783649720317,0.12122696630996299,0.9934786682421185,1.465140678529703,0.7212395666196392,-0.16808141416608469,63.36615198218572,0.044356306387530006,-0.016162402106632293,1905,0,0.950622680377766,0.9675320516097397,0.8,1.1478137709233556,1.8914091262902681
top2,7d6437c42cdc7a9dce40,A,60,1d,5m,0.15,capped_rank,2192,0.9880783649720317,0.12122696630996299,0.9934786682421185,1.465140678529703,0.7212395666196392,-0.16808141416608469,63.36615198218572,0.044356306387530006,-0.016162402106632293,1905,0,0.950622680377766,0.9675320516097397,0.8,1.1478137709233556,1.8914091262902681
top2,19f38a7d1a39bff213a6,A,60,12h,15m,0.15,capped_rank,2192,0.9880783649720317,0.12122696630996299,0.9934786682421185,1.465140678529703,0.7212395666196392,-0.16808141416608469,63.36615198218572,0.044356306387530006,-0.016162402106632293,1905,0,0.950622680377766,0.9675320516097397,0.8,1.1478137709233556,1.8914091262902681
top2,ae4d3a35287f7d436e98,A,60,1d,15m,0.15,capped_rank,2192,0.9880783649720317,0.12122696630996299,0.9934786682421185,1.465140678529703,0.7212395666196392,-0.16808141416608469,63.36615198218572,0.044356306387530006,-0.016162402106632293,1905,0,0.950622680377766,0.9675320516097397,0.8,1.1478137709233556,1.8914091262902681
top2,77c4c2680008e3ce3990,A,60,1d,30m,0.15,capped_rank,2192,0.9880783649720317,0.12122696630996299,0.9934786682421185,1.465140678529703,0.7212395666196392,-0.16808141416608469,63.36615198218572,0.044356306387530006,-0.016162402106632293,1905,0,0.950622680377766,0.9675320516097397,0.8,1.1478137709233556,1.8914091262902681
top2,2560890cd24bcd0d0692,A,60,1d,1h,0.15,capped_rank,2192,0.9880783649720317,0.12122696630996299,0.9934786682421185,1.465140678529703,0.7212395666196392,-0.16808141416608469,63.36615198218572,0.044356306387530006,-0.016162402106632293,1905,0,0.950622680377766,0.9675320516097397,0.8,1.1478137709233556,1.8914091262902681
top2,737f26cd4747b72f3d25,A,60,1d,2h,0.15,capped_rank,2192,0.9880783649720317,0.12122696630996299,0.9934786682421185,1.465140678529703,0.7212395666196392,-0.16808141416608469,63.36615198218572,0.044356306387530006,-0.016162402106632293,1905,0,0.950622680377766,0.9675320516097397,0.8,1.1478137709233556,1.8914091262902681
top2,1a81af3777f89200032c,A,60,1d,4h,0.15,capped_rank,2192,0.9880783649720317,0.12122696630996299,0.9934786682421185,1.465140678529703,0.7212395666196392,-0.16808141416608469,63.36615198218572,0.044356306387530006,-0.016162402106632293,1905,0,0.950622680377766,0.9675320516097397,0.8,1.1478137709233556,1.8914091262902681
top2,31016fb714cd0c6640f2,A,60,6h,5m,0.1,capped_rank,2192,0.593076100155794,0.08062580293782573,0.9858238432831363,1.4511892568086486,0.7152900161995078,-0.1127176405539787,43.83838969773028,0.030686872788411194,-0.010930667261578748,1913,0,0.5722545914579777,0.9589720767226079,0.8,1.1478137709233553,1.8668046463386077
top2,efdd857b0ebca3adfa15,A,60,1d,5m,0.1,capped_rank,2192,0.593076100155794,0.08062580293782573,0.9858238432831363,1.4511892568086486,0.7152900161995078,-0.1127176405539787,43.83838969773028,0.030686872788411194,-0.010930667261578748,1913,0,0.5722545914579777,0.9589720767226079,0.8,1.1478137709233553,1.8668046463386077
top2,d0a530d849c7c2230ccf,A,60,12h,15m,0.1,capped_rank,2192,0.593076100155794,0.08062580293782573,0.9858238432831363,1.4511892568086486,0.7152900161995078,-0.1127176405539787,43.83838969773028,0.030686872788411194,-0.010930667261578748,1913,0,0.5722545914579777,0.9589720767226079,0.8,1.1478137709233553,1.8668046463386077
top2,736d3ee2af50a631bb9d,A,60,1d,15m,0.1,capped_rank,2192,0.593076100155794,0.08062580293782573,0.9858238432831363,1.4511892568086486,0.7152900161995078,-0.1127176405539787,43.83838969773028,0.030686872788411194,-0.010930667261578748,1913,0,0.5722545914579777,0.9589720767226079,0.8,1.1478137709233553,1.8668046463386077
top2,3032ab580c22b0450aef,A,60,1d,30m,0.1,capped_rank,2192,0.593076100155794,0.08062580293782573,0.9858238432831363,1.4511892568086486,0.7152900161995078,-0.1127176405539787,43.83838969773028,0.030686872788411194,-0.010930667261578748,1913,0,0.5722545914579777,0.9589720767226079,0.8,1.1478137709233553,1.8668046463386077
top2,e16844ed212ff7bfe7f0,A,60,1d,1h,0.1,capped_rank,2192,0.593076100155794,0.08062580293782573,0.9858238432831363,1.4511892568086486,0.7152900161995078,-0.1127176405539787,43.83838969773028,0.030686872788411194,-0.010930667261578748,1913,0,0.5722545914579777,0.9589720767226079,0.8,1.1478137709233553,1.8668046463386077
top2,98c54775aa97660a794d,A,60,1d,2h,0.1,capped_rank,2192,0.593076100155794,0.08062580293782573,0.9858238432831363,1.4511892568086486,0.7152900161995078,-0.1127176405539787,43.83838969773028,0.030686872788411194,-0.010930667261578748,1913,0,0.5722545914579777,0.9589720767226079,0.8,1.1478137709233553,1.8668046463386077
top2,10db9f7351250bf9c474,A,60,1d,4h,0.1,capped_rank,2192,0.593076100155794,0.08062580293782573,0.9858238432831363,1.4511892568086486,0.7152900161995078,-0.1127176405539787,43.83838969773028,0.030686872788411194,-0.010930667261578748,1913,0,0.5722545914579777,0.9589720767226079,0.8,1.1478137709233553,1.8668046463386077
top8,b5eb8e6337b431aa5ca0,A,14,6h,5m,0.15,capped_rank,2192,1.266021468232593,0.14592619102196203,1.1757294918257306,1.6045976370259283,0.809657466221834,-0.18023200811438012,144.97366149886142,0.101481563049203,-0.041258964652131795,1988,0,1.1696051051775265,1.1164461284250822,0.8,1.1374587967145136,1.2442491802907802
top8,b245d308dbe22ccb6dc5,A,14,1d,5m,0.15,capped_rank,2192,1.266021468232593,0.14592619102196203,1.1757294918257306,1.6045976370259283,0.809657466221834,-0.18023200811438012,144.97366149886142,0.101481563049203,-0.041258964652131795,1988,0,1.1696051051775265,1.1164461284250822,0.8,1.1374587967145136,1.2442491802907802
top8,c76230fc3508d27a093a,A,14,12h,15m,0.15,capped_rank,2192,1.266021468232593,0.14592619102196203,1.1757294918257306,1.6045976370259283,0.809657466221834,-0.18023200811438012,144.97366149886142,0.101481563049203,-0.041258964652131795,1988,0,1.1696051051775265,1.1164461284250822,0.8,1.1374587967145136,1.2442491802907802
top8,a8646f42fce4d2c3d3b5,A,14,1d,15m,0.15,capped_rank,2192,1.266021468232593,0.14592619102196203,1.1757294918257306,1.6045976370259283,0.809657466221834,-0.18023200811438012,144.97366149886142,0.101481563049203,-0.041258964652131795,1988,0,1.1696051051775265,1.1164461284250822,0.8,1.1374587967145136,1.2442491802907802
top8,dceacf13037475522a5c,A,14,1d,30m,0.15,capped_rank,2192,1.266021468232593,0.14592619102196203,1.1757294918257306,1.6045976370259283,0.809657466221834,-0.18023200811438012,144.97366149886142,0.101481563049203,-0.041258964652131795,1988,0,1.1696051051775265,1.1164461284250822,0.8,1.1374587967145136,1.2442491802907802
top8,d5ff50d3a3aa3f14812d,A,14,1d,1h,0.15,capped_rank,2192,1.266021468232593,0.14592619102196203,1.1757294918257306,1.6045976370259283,0.809657466221834,-0.18023200811438012,144.97366149886142,0.101481563049203,-0.041258964652131795,1988,0,1.1696051051775265,1.1164461284250822,0.8,1.1374587967145136,1.2442491802907802
top8,e6a1edb6cc3c0968dc6e,A,14,1d,2h,0.15,capped_rank,2192,1.266021468232593,0.14592619102196203,1.1757294918257306,1.6045976370259283,0.809657466221834,-0.18023200811438012,144.97366149886142,0.101481563049203,-0.041258964652131795,1988,0,1.1696051051775265,1.1164461284250822,0.8,1.1374587967145136,1.2442491802907802
top8,f7ed3eb366175ed019bf,A,14,1d,4h,0.15,capped_rank,2192,1.266021468232593,0.14592619102196203,1.1757294918257306,1.6045976370259283,0.809657466221834,-0.18023200811438012,144.97366149886142,0.101481563049203,-0.041258964652131795,1988,0,1.1696051051775265,1.1164461284250822,0.8,1.1374587967145136,1.2442491802907802
top8,98a7601e1e304eb697ea,A,14,6h,5m,0.1,capped_rank,2192,0.7393862845974017,0.09655255284876718,1.15894137094811,1.5676094892891579,0.7809866170565732,-0.12362894669393942,98.4640244605057,0.06892481712235399,-0.027128024002720033,1999,0,0.6887652518258822,1.0992416627561417,0.8,1.137458796714513,1.224485044485112
top8,eef345671148b11a1275,A,14,1d,5m,0.1,capped_rank,2192,0.7393862845974017,0.09655255284876718,1.15894137094811,1.5676094892891579,0.7809866170565732,-0.12362894669393942,98.4640244605057,0.06892481712235399,-0.027128024002720033,1999,0,0.6887652518258822,1.0992416627561417,0.8,1.137458796714513,1.224485044485112
top8,0fc6ac502b7e8c6f46ad,A,14,12h,15m,0.1,capped_rank,2192,0.7393862845974017,0.09655255284876718,1.15894137094811,1.5676094892891579,0.7809866170565732,-0.12362894669393942,98.4640244605057,0.06892481712235399,-0.027128024002720033,1999,0,0.6887652518258822,1.0992416627561417,0.8,1.137458796714513,1.224485044485112
top8,f5f3726f246e337b3a09,A,14,1d,15m,0.1,capped_rank,2192,0.7393862845974017,0.09655255284876718,1.15894137094811,1.5676094892891579,0.7809866170565732,-0.12362894669393942,98.4640244605057,0.06892481712235399,-0.027128024002720033,1999,0,0.6887652518258822,1.0992416627561417,0.8,1.137458796714513,1.224485044485112
top8,794b4d67408aa1a1f6d0,A,14,1d,30m,0.1,capped_rank,2192,0.7393862845974017,0.09655255284876718,1.15894137094811,1.5676094892891579,0.7809866170565732,-0.12362894669393942,98.4640244605057,0.06892481712235399,-0.027128024002720033,1999,0,0.6887652518258822,1.0992416627561417,0.8,1.137458796714513,1.224485044485112
top8,fb730f559785ebed6298,A,14,1d,1h,0.1,capped_rank,2192,0.7393862845974017,0.09655255284876718,1.15894137094811,1.5676094892891579,0.7809866170565732,-0.12362894669393942,98.4640244605057,0.06892481712235399,-0.027128024002720033,1999,0,0.6887652518258822,1.0992416627561417,0.8,1.137458796714513,1.224485044485112
top8,3c5cb01cf9b2de28accc,A,14,1d,2h,0.1,capped_rank,2192,0.7393862845974017,0.09655255284876718,1.15894137094811,1.5676094892891579,0.7809866170565732,-0.12362894669393942,98.4640244605057,0.06892481712235399,-0.027128024002720033,1999,0,0.6887652518258822,1.0992416627561417,0.8,1.137458796714513,1.224485044485112
top8,4193f46268447475e946,A,14,1d,4h,0.1,capped_rank,2192,0.7393862845974017,0.09655255284876718,1.15894137094811,1.5676094892891579,0.7809866170565732,-0.12362894669393942,98.4640244605057,0.06892481712235399,-0.027128024002720033,1999,0,0.6887652518258822,1.0992416627561417,0.8,1.137458796714513,1.224485044485112
top4,6e873e5de9eac6a36bdf,A,14,3d,30m,0.2,inverse_vol,2192,1.3101663334084366,0.14961364494750895,1.2778988208781725,1.9319928532810573,0.9572340678074757,-0.1562978690156691,64.71394562793876,0.045299761939557134,-0.052320060250891365,683,0,1.2657750969773014,1.249673074624182,0.8,1.1310897424364448,1.1915278665137155
top4,5030b36fa8b91d7189d9,A,14,3d,1h,0.2,inverse_vol,2192,1.3101663334084366,0.14961364494750895,1.2778988208781725,1.9319928532810573,0.9572340678074757,-0.1562978690156691,64.71394562793876,0.045299761939557134,-0.052320060250891365,683,0,1.2657750969773014,1.249673074624182,0.8,1.1310897424364448,1.1915278665137155
top4,fc53ef2d7e92b3f8035d,A,14,3d,2h,0.2,inverse_vol,2192,1.3101663334084366,0.14961364494750895,1.2778988208781725,1.9319928532810573,0.9572340678074757,-0.1562978690156691,64.71394562793876,0.045299761939557134,-0.052320060250891365,683,0,1.2657750969773014,1.249673074624182,0.8,1.1310897424364448,1.1915278665137155
top4,d20f552b9e11e24a833d,A,14,3d,4h,0.2,inverse_vol,2192,1.3101663334084366,0.14961364494750895,1.2778988208781725,1.9319928532810573,0.9572340678074757,-0.1562978690156691,64.71394562793876,0.045299761939557134,-0.052320060250891365,683,0,1.2657750969773014,1.249673074624182,0.8,1.1310897424364448,1.1915278665137155
top4,0986220131466f807567,A,14,3d,1d,0.2,inverse_vol,2192,1.3101663334084366,0.14961364494750895,1.2778988208781725,1.9319928532810573,0.9572340678074757,-0.1562978690156691,64.71394562793876,0.045299761939557134,-0.052320060250891365,683,0,1.2657750969773014,1.249673074624182,0.8,1.1310897424364448,1.1915278665137155
top4,92643ffefd81cd97c905,A,14,3d,30m,0.15,inverse_vol,2192,0.8876507686153285,0.11159089966114344,1.2778988208781725,1.9319928532810573,0.936276861095694,-0.11918579247013783,48.53545922095407,0.03397482145466785,-0.039240045188168524,683,0,0.8603768546278365,1.249673074624182,0.8,1.1310897424364448,1.1754026934604167
top4,1464b88083fb6e972da2,A,14,3d,1h,0.15,inverse_vol,2192,0.8876507686153285,0.11159089966114344,1.2778988208781725,1.9319928532810573,0.936276861095694,-0.11918579247013783,48.53545922095407,0.03397482145466785,-0.039240045188168524,683,0,0.8603768546278365,1.249673074624182,0.8,1.1310897424364448,1.1754026934604167
top4,94f4875298a94ccdcc3d,A,14,3d,2h,0.15,inverse_vol,2192,0.8876507686153285,0.11159089966114344,1.2778988208781725,1.9319928532810573,0.936276861095694,-0.11918579247013783,48.53545922095407,0.03397482145466785,-0.039240045188168524,683,0,0.8603768546278365,1.249673074624182,0.8,1.1310897424364448,1.1754026934604167
top4,34ac8e1bf9c056950d2e,A,14,3d,4h,0.15,inverse_vol,2192,0.8876507686153285,0.11159089966114344,1.2778988208781725,1.9319928532810573,0.936276861095694,-0.11918579247013783,48.53545922095407,0.03397482145466785,-0.039240045188168524,683,0,0.8603768546278365,1.249673074624182,0.8,1.1310897424364448,1.1754026934604167
top4,ba2e40b25dbb6a225b65,A,14,3d,1d,0.15,inverse_vol,2192,0.8876507686153285,0.11159089966114344,1.2778988208781725,1.9319928532810573,0.936276861095694,-0.11918579247013783,48.53545922095407,0.03397482145466785,-0.039240045188168524,683,0,0.8603768546278365,1.249673074624182,0.8,1.1310897424364448,1.1754026934604167
top4,268a683d0b8fd159456c,A,14,3d,30m,0.1,inverse_vol,2192,0.5348878150596539,0.07395102474928583,1.2778988208781725,1.9319928532810573,0.9154105390300431,-0.08078454594552009,32.35697281396938,0.022649880969778567,-0.026160030125445682,683,0,0.5200651751930847,1.249673074624182,0.8,1.1310897424364448,1.1589327093330155
top4,22aa9f6d18287c7ed903,A,14,3d,1h,0.1,inverse_vol,2192,0.5348878150596539,0.07395102474928583,1.2778988208781725,1.9319928532810573,0.9154105390300431,-0.08078454594552009,32.35697281396938,0.022649880969778567,-0.026160030125445682,683,0,0.5200651751930847,1.249673074624182,0.8,1.1310897424364448,1.1589327093330155
top4,33fd3e981676e25c30e9,A,14,3d,2h,0.1,inverse_vol,2192,0.5348878150596539,0.07395102474928583,1.2778988208781725,1.9319928532810573,0.9154105390300431,-0.08078454594552009,32.35697281396938,0.022649880969778567,-0.026160030125445682,683,0,0.5200651751930847,1.249673074624182,0.8,1.1310897424364448,1.1589327093330155
top4,bf9a4d1fa18bdf946bcd,A,14,3d,4h,0.1,inverse_vol,2192,0.5348878150596539,0.07395102474928583,1.2778988208781725,1.9319928532810573,0.9154105390300431,-0.08078454594552009,32.35697281396938,0.022649880969778567,-0.026160030125445682,683,0,0.5200651751930847,1.249673074624182,0.8,1.1310897424364448,1.1589327093330155
top4,2a797d708a8aa5ad1622,A,14,3d,1d,0.1,inverse_vol,2192,0.5348878150596539,0.07395102474928583,1.2778988208781725,1.9319928532810573,0.9154105390300431,-0.08078454594552009,32.35697281396938,0.022649880969778567,-0.026160030125445682,683,0,0.5200651751930847,1.249673074624182,0.8,1.1310897424364448,1.1589327093330155
top8,3f91ba371882ad0a8316,A,14,6h,5m,0.2,capped_rank,2192,1.921078837549811,0.19541789311873115,1.1881860154900288,1.6331105751667836,0.8743583947911263,-0.22349861828159623,189.05166334261705,0.13233616433983192,-0.05715607712563199,1985,0,1.7600762976021307,1.1295780480725954,0.8,1.1282269872605357,1.2523509349178368
top8,88996bb320e84d01e79a,A,14,1d,5m,0.2,capped_rank,2192,1.921078837549811,0.19541789311873115,1.1881860154900288,1.6331105751667836,0.8743583947911263,-0.22349861828159623,189.05166334261705,0.13233616433983192,-0.05715607712563199,1985,0,1.7600762976021307,1.1295780480725954,0.8,1.1282269872605357,1.2523509349178368
top8,1cd5999024e40b60b8b6,A,14,12h,15m,0.2,capped_rank,2192,1.921078837549811,0.19541789311873115,1.1881860154900288,1.6331105751667836,0.8743583947911263,-0.22349861828159623,189.05166334261705,0.13233616433983192,-0.05715607712563199,1985,0,1.7600762976021307,1.1295780480725954,0.8,1.1282269872605357,1.2523509349178368
top8,5f0631b621e29a71689f,A,14,1d,15m,0.2,capped_rank,2192,1.921078837549811,0.19541789311873115,1.1881860154900288,1.6331105751667836,0.8743583947911263,-0.22349861828159623,189.05166334261705,0.13233616433983192,-0.05715607712563199,1985,0,1.7600762976021307,1.1295780480725954,0.8,1.1282269872605357,1.2523509349178368
top8,14b52abb567134de141b,A,14,1d,30m,0.2,capped_rank,2192,1.921078837549811,0.19541789311873115,1.1881860154900288,1.6331105751667836,0.8743583947911263,-0.22349861828159623,189.05166334261705,0.13233616433983192,-0.05715607712563199,1985,0,1.7600762976021307,1.1295780480725954,0.8,1.1282269872605357,1.2523509349178368
top8,40ec97e28f6e8c33aa55,A,14,1d,1h,0.2,capped_rank,2192,1.921078837549811,0.19541789311873115,1.1881860154900288,1.6331105751667836,0.8743583947911263,-0.22349861828159623,189.05166334261705,0.13233616433983192,-0.05715607712563199,1985,0,1.7600762976021307,1.1295780480725954,0.8,1.1282269872605357,1.2523509349178368
top8,8f324671f3fef29e7904,A,14,1d,2h,0.2,capped_rank,2192,1.921078837549811,0.19541789311873115,1.1881860154900288,1.6331105751667836,0.8743583947911263,-0.22349861828159623,189.05166334261705,0.13233616433983192,-0.05715607712563199,1985,0,1.7600762976021307,1.1295780480725954,0.8,1.1282269872605357,1.2523509349178368
top8,4127a75e25109ba340ff,A,14,1d,4h,0.2,capped_rank,2192,1.921078837549811,0.19541789311873115,1.1881860154900288,1.6331105751667836,0.8743583947911263,-0.22349861828159623,189.05166334261705,0.13233616433983192,-0.05715607712563199,1985,0,1.7600762976021307,1.1295780480725954,0.8,1.1282269872605357,1.2523509349178368
top2,de82bec73d412534ca3c,A,90,7d,1h,0.2,inverse_vol,2192,0.583359816792131,0.07952553645272342,1.1807409426375155,1.7666746028221856,0.6718643200881215,-0.11836547063891245,10.544345909234934,0.007381042136464454,-0.025388213106031208,283,0,0.5783570621282381,1.1727592488524297,0.8,1.1253701572516477,1.5512767292807164
top2,de99a7b4306e3f93a3a6,A,90,7d,2h,0.2,inverse_vol,2192,0.583359816792131,0.07952553645272342,1.1807409426375155,1.7666746028221856,0.6718643200881215,-0.11836547063891245,10.544345909234934,0.007381042136464454,-0.025388213106031208,283,0,0.5783570621282381,1.1727592488524297,0.8,1.1253701572516477,1.5512767292807164
top2,e0acb5a56acffce55ee4,A,90,7d,4h,0.2,inverse_vol,2192,0.583359816792131,0.07952553645272342,1.1807409426375155,1.7666746028221856,0.6718643200881215,-0.11836547063891245,10.544345909234934,0.007381042136464454,-0.025388213106031208,283,0,0.5783570621282381,1.1727592488524297,0.8,1.1253701572516477,1.5512767292807164
top2,58f7a24e134a4254f5fa,A,90,7d,1d,0.2,inverse_vol,2192,0.583359816792131,0.07952553645272342,1.1807409426375155,1.7666746028221856,0.6718643200881215,-0.11836547063891245,10.544345909234934,0.007381042136464454,-0.025388213106031208,283,0,0.5783570621282381,1.1727592488524297,0.8,1.1253701572516477,1.5512767292807164
top2,00bae7d07b5723276a63,A,90,7d,1h,0.1,inverse_vol,2192,0.26252915112892206,0.039580617051062195,1.1807409426375155,1.7666746028221856,0.6579738168022321,-0.06015530715709161,5.272172954617467,0.003690521068232227,-0.012694106553015604,283,0,0.2605334516814981,1.1727592488524297,0.8,1.1253701572516477,1.5382547344126598
top2,ae8d95b6b9f6ee18010f,A,90,7d,2h,0.1,inverse_vol,2192,0.26252915112892206,0.039580617051062195,1.1807409426375155,1.7666746028221856,0.6579738168022321,-0.06015530715709161,5.272172954617467,0.003690521068232227,-0.012694106553015604,283,0,0.2605334516814981,1.1727592488524297,0.8,1.1253701572516477,1.5382547344126598
top2,516d1cabd1a620c2cce7,A,90,7d,4h,0.1,inverse_vol,2192,0.26252915112892206,0.039580617051062195,1.1807409426375155,1.7666746028221856,0.6579738168022321,-0.06015530715709161,5.272172954617467,0.003690521068232227,-0.012694106553015604,283,0,0.2605334516814981,1.1727592488524297,0.8,1.1253701572516477,1.5382547344126598
top2,4cc17c1634a0ed586359,A,90,7d,1d,0.1,inverse_vol,2192,0.26252915112892206,0.039580617051062195,1.1807409426375155,1.7666746028221856,0.6579738168022321,-0.06015530715709161,5.272172954617467,0.003690521068232227,-0.012694106553015604,283,0,0.2605334516814981,1.1727592488524297,0.8,1.1253701572516477,1.5382547344126598
top2,8e7dd24a00de2f04cc03,A,90,7d,1h,0.15,inverse_vol,2192,0.4150536809234129,0.0595120282942756,1.1807409426375155,1.7666746028221856,0.664866994754236,-0.0895096745120787,7.908259431926199,0.00553578160234834,-0.019041159829523403,283,0,0.4116994693715954,1.1727592488524297,0.8,1.1253701572516475,1.544867268726789
top2,0f7a4ca6d0cd5c8c630b,A,90,7d,2h,0.15,inverse_vol,2192,0.4150536809234129,0.0595120282942756,1.1807409426375155,1.7666746028221856,0.664866994754236,-0.0895096745120787,7.908259431926199,0.00553578160234834,-0.019041159829523403,283,0,0.4116994693715954,1.1727592488524297,0.8,1.1253701572516475,1.544867268726789
top2,d69888065bba0eabe4d4,A,90,7d,4h,0.15,inverse_vol,2192,0.4150536809234129,0.0595120282942756,1.1807409426375155,1.7666746028221856,0.664866994754236,-0.0895096745120787,7.908259431926199,0.00553578160234834,-0.019041159829523403,283,0,0.4116994693715954,1.1727592488524297,0.8,1.1253701572516475,1.544867268726789
top2,5fa6dc3e4b3958d6e0e5,A,90,7d,1d,0.15,inverse_vol,2192,0.4150536809234129,0.0595120282942756,1.1807409426375155,1.7666746028221856,0.664866994754236,-0.0895096745120787,7.908259431926199,0.00553578160234834,-0.019041159829523403,283,0,0.4116994693715954,1.1727592488524297,0.8,1.1253701572516475,1.544867268726789
top8,28eac3953734ac4fdeb0,A,30,3d,30m,0.2,equal,2192,1.7734672409763004,0.1851404021607279,1.4046661676829653,1.9950617323174575,0.7748127592942786,-0.23894857169022232,52.18540019243112,0.03652978013470178,-0.07542013913465853,678,0,1.7304056084039496,1.38409477632518,0.8,1.116787665183312,1.005804909053289
top8,c4f3f1a1b8609f00f9ba,A,30,3d,1h,0.2,equal,2192,1.7734672409763004,0.1851404021607279,1.4046661676829653,1.9950617323174575,0.7748127592942786,-0.23894857169022232,52.18540019243112,0.03652978013470178,-0.07542013913465853,678,0,1.7304056084039496,1.38409477632518,0.8,1.116787665183312,1.005804909053289
top8,3260d7b397ac42ee23bb,A,30,3d,2h,0.2,equal,2192,1.7734672409763004,0.1851404021607279,1.4046661676829653,1.9950617323174575,0.7748127592942786,-0.23894857169022232,52.18540019243112,0.03652978013470178,-0.07542013913465853,678,0,1.7304056084039496,1.38409477632518,0.8,1.116787665183312,1.005804909053289
top8,7de67398386f6c906879,A,30,3d,4h,0.2,equal,2192,1.7734672409763004,0.1851404021607279,1.4046661676829653,1.9950617323174575,0.7748127592942786,-0.23894857169022232,52.18540019243112,0.03652978013470178,-0.07542013913465853,678,0,1.7304056084039496,1.38409477632518,0.8,1.116787665183312,1.005804909053289
top8,46b33a8368f6940664ed,A,30,3d,1d,0.2,equal,2192,1.7734672409763004,0.1851404021607279,1.4046661676829653,1.9950617323174575,0.7748127592942786,-0.23894857169022232,52.18540019243112,0.03652978013470178,-0.07542013913465853,678,0,1.7304056084039496,1.38409477632518,0.8,1.116787665183312,1.005804909053289
top8,af879623b0b8e3e38f65,A,30,3d,30m,0.1,equal,2192,0.685590100278324,0.09083110560412178,1.4046661676829653,1.9950617323174575,0.7270625383758542,-0.12492887586675072,26.09270009621556,0.01826489006735089,-0.037710069567329266,678,0,0.6724504537498379,1.38409477632518,0.8,1.116787665183312,0.9741873135154993
top8,6c5213264ff658d3b618,A,30,3d,1h,0.1,equal,2192,0.685590100278324,0.09083110560412178,1.4046661676829653,1.9950617323174575,0.7270625383758542,-0.12492887586675072,26.09270009621556,0.01826489006735089,-0.037710069567329266,678,0,0.6724504537498379,1.38409477632518,0.8,1.116787665183312,0.9741873135154993
top8,974c7d78670de83fc630,A,30,3d,2h,0.1,equal,2192,0.685590100278324,0.09083110560412178,1.4046661676829653,1.9950617323174575,0.7270625383758542,-0.12492887586675072,26.09270009621556,0.01826489006735089,-0.037710069567329266,678,0,0.6724504537498379,1.38409477632518,0.8,1.116787665183312,0.9741873135154993
top8,579f703c37c6e7b46a89,A,30,3d,4h,0.1,equal,2192,0.685590100278324,0.09083110560412178,1.4046661676829653,1.9950617323174575,0.7270625383758542,-0.12492887586675072,26.09270009621556,0.01826489006735089,-0.037710069567329266,678,0,0.6724504537498379,1.38409477632518,0.8,1.116787665183312,0.9741873135154993
top8,09456bb42bf70ff2d0eb,A,30,3d,1d,0.1,equal,2192,0.685590100278324,0.09083110560412178,1.4046661676829653,1.9950617323174575,0.7270625383758542,-0.12492887586675072,26.09270009621556,0.01826489006735089,-0.037710069567329266,678,0,0.6724504537498379,1.38409477632518,0.8,1.116787665183312,0.9741873135154993
top8,2eabd7b8e5d8a4cffbbb,A,30,3d,30m,0.15,equal,2192,1.1686806518957376,0.13757876400930558,1.4046661676829653,1.9950617323174573,0.7505983627741684,-0.18329211843844473,39.139050144323335,0.027397335101026335,-0.056565104350993885,678,0,1.1433748753985022,1.3840947763251796,0.8,1.1167876651833117,0.9902185958645154
top8,253710ed3d8a13d83d20,A,30,3d,1h,0.15,equal,2192,1.1686806518957376,0.13757876400930558,1.4046661676829653,1.9950617323174573,0.7505983627741684,-0.18329211843844473,39.139050144323335,0.027397335101026335,-0.056565104350993885,678,0,1.1433748753985022,1.3840947763251796,0.8,1.1167876651833117,0.9902185958645154
top8,47a853fa7a3b40e86b52,A,30,3d,2h,0.15,equal,2192,1.1686806518957376,0.13757876400930558,1.4046661676829653,1.9950617323174573,0.7505983627741684,-0.18329211843844473,39.139050144323335,0.027397335101026335,-0.056565104350993885,678,0,1.1433748753985022,1.3840947763251796,0.8,1.1167876651833117,0.9902185958645154
top8,2280081d80606d5f02f7,A,30,3d,4h,0.15,equal,2192,1.1686806518957376,0.13757876400930558,1.4046661676829653,1.9950617323174573,0.7505983627741684,-0.18329211843844473,39.139050144323335,0.027397335101026335,-0.056565104350993885,678,0,1.1433748753985022,1.3840947763251796,0.8,1.1167876651833117,0.9902185958645154
top8,1e625b0f37005f22fdbb,A,30,3d,1d,0.15,equal,2192,1.1686806518957376,0.13757876400930558,1.4046661676829653,1.9950617323174573,0.7505983627741684,-0.18329211843844473,39.139050144323335,0.027397335101026335,-0.056565104350993885,678,0,1.1433748753985022,1.3840947763251796,0.8,1.1167876651833117,0.9902185958645154
top2,ca468dcd633e2ee885b1,A,7,3d,30m,0.2,capped_rank,2192,2.2821348732520477,0.2188424729681595,1.1292364736377396,1.9200666769800545,0.7601346415299838,-0.28789961805671394,135.5958734378137,0.09491711140646958,-0.036725266007103255,686,0,2.1512673925321804,1.093681469548014,0.8,1.1101126051561894,1.277195261016386
top2,1ab9c85ece5da001b92d,A,7,3d,1h,0.2,capped_rank,2192,2.2821348732520477,0.2188424729681595,1.1292364736377396,1.9200666769800545,0.7601346415299838,-0.28789961805671394,135.5958734378137,0.09491711140646958,-0.036725266007103255,686,0,2.1512673925321804,1.093681469548014,0.8,1.1101126051561894,1.277195261016386
top2,407d2f23b63d79eddf7b,A,7,3d,2h,0.2,capped_rank,2192,2.2821348732520477,0.2188424729681595,1.1292364736377396,1.9200666769800545,0.7601346415299838,-0.28789961805671394,135.5958734378137,0.09491711140646958,-0.036725266007103255,686,0,2.1512673925321804,1.093681469548014,0.8,1.1101126051561894,1.277195261016386
top2,d7f4a8f68ce1bb43d4bf,A,7,3d,4h,0.2,capped_rank,2192,2.2821348732520477,0.2188424729681595,1.1292364736377396,1.9200666769800545,0.7601346415299838,-0.28789961805671394,135.5958734378137,0.09491711140646958,-0.036725266007103255,686,0,2.1512673925321804,1.093681469548014,0.8,1.1101126051561894,1.277195261016386
top2,57caf2943d7cdd8d500a,A,7,3d,1d,0.2,capped_rank,2192,2.2821348732520477,0.2188424729681595,1.1292364736377396,1.9200666769800545,0.7601346415299838,-0.28789961805671394,135.5958734378137,0.09491711140646958,-0.036725266007103255,686,0,2.1512673925321804,1.093681469548014,0.8,1.1101126051561894,1.277195261016386
top4,78d2666612dff999b3fd,A,60,6h,5m,0.2,equal,2192,1.181447895595686,0.1386911931350574,1.2309314314772677,1.8705037278256575,0.7466793029005625,-0.18574399021948962,61.26761090672238,0.042887327634705666,-0.05208455000028616,1931,0,1.1417260623315015,1.203184086712469,0.8,1.108908193063742,1.1662272223482582
top4,e13e3efc6db68b3093dc,A,60,1d,5m,0.2,equal,2192,1.181447895595686,0.1386911931350574,1.2309314314772677,1.8705037278256575,0.7466793029005625,-0.18574399021948962,61.26761090672238,0.042887327634705666,-0.05208455000028616,1931,0,1.1417260623315015,1.203184086712469,0.8,1.108908193063742,1.1662272223482582
top4,335d803ae9a74963d7c1,A,60,12h,15m,0.2,equal,2192,1.181447895595686,0.1386911931350574,1.2309314314772677,1.8705037278256575,0.7466793029005625,-0.18574399021948962,61.26761090672238,0.042887327634705666,-0.05208455000028616,1931,0,1.1417260623315015,1.203184086712469,0.8,1.108908193063742,1.1662272223482582
top4,4ff46dc7350cb82d4595,A,60,1d,15m,0.2,equal,2192,1.181447895595686,0.1386911931350574,1.2309314314772677,1.8705037278256575,0.7466793029005625,-0.18574399021948962,61.26761090672238,0.042887327634705666,-0.05208455000028616,1931,0,1.1417260623315015,1.203184086712469,0.8,1.108908193063742,1.1662272223482582
top4,c4573d0f58a2cb7b8be2,A,60,1d,30m,0.2,equal,2192,1.181447895595686,0.1386911931350574,1.2309314314772677,1.8705037278256575,0.7466793029005625,-0.18574399021948962,61.26761090672238,0.042887327634705666,-0.05208455000028616,1931,0,1.1417260623315015,1.203184086712469,0.8,1.108908193063742,1.1662272223482582
top4,4974420d22618020dbac,A,60,1d,1h,0.2,equal,2192,1.181447895595686,0.1386911931350574,1.2309314314772677,1.8705037278256575,0.7466793029005625,-0.18574399021948962,61.26761090672238,0.042887327634705666,-0.05208455000028616,1931,0,1.1417260623315015,1.203184086712469,0.8,1.108908193063742,1.1662272223482582
top4,1d59dc5de36a8c809272,A,60,1d,2h,0.2,equal,2192,1.181447895595686,0.1386911931350574,1.2309314314772677,1.8705037278256575,0.7466793029005625,-0.18574399021948962,61.26761090672238,0.042887327634705666,-0.05208455000028616,1931,0,1.1417260623315015,1.203184086712469,0.8,1.108908193063742,1.1662272223482582
top4,e08127f65f7eb04cb144,A,60,1d,4h,0.2,equal,2192,1.181447895595686,0.1386911931350574,1.2309314314772677,1.8705037278256575,0.7466793029005625,-0.18574399021948962,61.26761090672238,0.042887327634705666,-0.05208455000028616,1931,0,1.1417260623315015,1.203184086712469,0.8,1.108908193063742,1.1662272223482582
top4,fdc12c8feb5b1a149602,A,60,6h,5m,0.1,equal,2192,0.4905186317165864,0.06871820915063931,1.2309314314772677,1.8705037278256575,0.7187560797209417,-0.09560713445000601,30.63380545336119,0.021443663817352833,-0.02604227500014308,1931,0,0.4768847450752254,1.203184086712469,0.8,1.108908193063742,1.1459436718797176
top4,a2e7508e5815650b7410,A,60,1d,5m,0.1,equal,2192,0.4905186317165864,0.06871820915063931,1.2309314314772677,1.8705037278256575,0.7187560797209417,-0.09560713445000601,30.63380545336119,0.021443663817352833,-0.02604227500014308,1931,0,0.4768847450752254,1.203184086712469,0.8,1.108908193063742,1.1459436718797176
top4,8a7fa37523ffb81bd6f5,A,60,12h,15m,0.1,equal,2192,0.4905186317165864,0.06871820915063931,1.2309314314772677,1.8705037278256575,0.7187560797209417,-0.09560713445000601,30.63380545336119,0.021443663817352833,-0.02604227500014308,1931,0,0.4768847450752254,1.203184086712469,0.8,1.108908193063742,1.1459436718797176
top4,f7929f9527a1169b5d04,A,60,1d,15m,0.1,equal,2192,0.4905186317165864,0.06871820915063931,1.2309314314772677,1.8705037278256575,0.7187560797209417,-0.09560713445000601,30.63380545336119,0.021443663817352833,-0.02604227500014308,1931,0,0.4768847450752254,1.203184086712469,0.8,1.108908193063742,1.1459436718797176
top4,827cbbaf215024fcc750,A,60,1d,30m,0.1,equal,2192,0.4905186317165864,0.06871820915063931,1.2309314314772677,1.8705037278256575,0.7187560797209417,-0.09560713445000601,30.63380545336119,0.021443663817352833,-0.02604227500014308,1931,0,0.4768847450752254,1.203184086712469,0.8,1.108908193063742,1.1459436718797176
top4,d0fc7ac1b324afee593a,A,60,1d,1h,0.1,equal,2192,0.4905186317165864,0.06871820915063931,1.2309314314772677,1.8705037278256575,0.7187560797209417,-0.09560713445000601,30.63380545336119,0.021443663817352833,-0.02604227500014308,1931,0,0.4768847450752254,1.203184086712469,0.8,1.108908193063742,1.1459436718797176
top4,06aa0bfda869c1becad2,A,60,1d,2h,0.1,equal,2192,0.4905186317165864,0.06871820915063931,1.2309314314772677,1.8705037278256575,0.7187560797209417,-0.09560713445000601,30.63380545336119,0.021443663817352833,-0.02604227500014308,1931,0,0.4768847450752254,1.203184086712469,0.8,1.108908193063742,1.1459436718797176
top4,dad979b0a42bc605c0bf,A,60,1d,4h,0.1,equal,2192,0.4905186317165864,0.06871820915063931,1.2309314314772677,1.8705037278256575,0.7187560797209417,-0.09560713445000601,30.63380545336119,0.021443663817352833,-0.02604227500014308,1931,0,0.4768847450752254,1.203184086712469,0.8,1.108908193063742,1.1459436718797176
top4,4f769383bc84a77c79e3,A,60,6h,5m,0.15,equal,2192,0.8072941665781961,0.10356788927376481,1.2309314314772677,1.8705037278256578,0.7325728098695309,-0.14137555732133977,45.95070818004179,0.032165495726029246,-0.03906341250021461,1931,0,0.7825548921910037,1.2031840867124688,0.8,1.1089081930637414,1.156226930174462
top4,cef22603faf9497879bc,A,60,1d,5m,0.15,equal,2192,0.8072941665781961,0.10356788927376481,1.2309314314772677,1.8705037278256578,0.7325728098695309,-0.14137555732133977,45.95070818004179,0.032165495726029246,-0.03906341250021461,1931,0,0.7825548921910037,1.2031840867124688,0.8,1.1089081930637414,1.156226930174462
top4,2ccba90e78d7a6c16f81,A,60,12h,15m,0.15,equal,2192,0.8072941665781961,0.10356788927376481,1.2309314314772677,1.8705037278256578,0.7325728098695309,-0.14137555732133977,45.95070818004179,0.032165495726029246,-0.03906341250021461,1931,0,0.7825548921910037,1.2031840867124688,0.8,1.1089081930637414,1.156226930174462
top4,2ee9f794c3ffd40d935b,A,60,1d,15m,0.15,equal,2192,0.8072941665781961,0.10356788927376481,1.2309314314772677,1.8705037278256578,0.7325728098695309,-0.14137555732133977,45.95070818004179,0.032165495726029246,-0.03906341250021461,1931,0,0.7825548921910037,1.2031840867124688,0.8,1.1089081930637414,1.156226930174462
top4,c07825d65cd3d53aff08,A,60,1d,30m,0.15,equal,2192,0.8072941665781961,0.10356788927376481,1.2309314314772677,1.8705037278256578,0.7325728098695309,-0.14137555732133977,45.95070818004179,0.032165495726029246,-0.03906341250021461,1931,0,0.7825548921910037,1.2031840867124688,0.8,1.1089081930637414,1.156226930174462
top4,7ebd2dbe7a164ceccc7b,A,60,1d,1h,0.15,equal,2192,0.8072941665781961,0.10356788927376481,1.2309314314772677,1.8705037278256578,0.7325728098695309,-0.14137555732133977,45.95070818004179,0.032165495726029246,-0.03906341250021461,1931,0,0.7825548921910037,1.2031840867124688,0.8,1.1089081930637414,1.156226930174462
top4,261075893bc08bbb013f,A,60,1d,2h,0.15,equal,2192,0.8072941665781961,0.10356788927376481,1.2309314314772677,1.8705037278256578,0.7325728098695309,-0.14137555732133977,45.95070818004179,0.032165495726029246,-0.03906341250021461,1931,0,0.7825548921910037,1.2031840867124688,0.8,1.1089081930637414,1.156226930174462
top4,7841619e50e0a69bd3ae,A,60,1d,4h,0.15,equal,2192,0.8072941665781961,0.10356788927376481,1.2309314314772677,1.8705037278256578,0.7325728098695309,-0.14137555732133977,45.95070818004179,0.032165495726029246,-0.03906341250021461,1931,0,0.7825548921910037,1.2031840867124688,0.8,1.1089081930637414,1.156226930174462
top20pct,da0b2b03091db4b504c5,A,30,3d,30m,0.2,inverse_vol,2192,1.200526389578184,0.14034345993442932,1.5297440367705752,2.305809899286566,1.152163560128887,-0.12180862578116058,36.771478450502414,0.025740034915351685,-0.03821340160740684,678,0,1.1763962138516932,1.5090177543154601,0.8,1.1063432746815607,1.1885848959279857
top20pct,c6dc91a47f71d6787093,A,30,3d,1h,0.2,inverse_vol,2192,1.200526389578184,0.14034345993442932,1.5297440367705752,2.305809899286566,1.152163560128887,-0.12180862578116058,36.771478450502414,0.025740034915351685,-0.03821340160740684,678,0,1.1763962138516932,1.5090177543154601,0.8,1.1063432746815607,1.1885848959279857
top20pct,bee8801d73154c0f8517,A,30,3d,2h,0.2,inverse_vol,2192,1.200526389578184,0.14034345993442932,1.5297440367705752,2.305809899286566,1.152163560128887,-0.12180862578116058,36.771478450502414,0.025740034915351685,-0.03821340160740684,678,0,1.1763962138516932,1.5090177543154601,0.8,1.1063432746815607,1.1885848959279857
top20pct,9806dbf05db840ba79bb,A,30,3d,4h,0.2,inverse_vol,2192,1.200526389578184,0.14034345993442932,1.5297440367705752,2.305809899286566,1.152163560128887,-0.12180862578116058,36.771478450502414,0.025740034915351685,-0.03821340160740684,678,0,1.1763962138516932,1.5090177543154601,0.8,1.1063432746815607,1.1885848959279857
top20pct,6b3500633cd8210f8bba,A,30,3d,1d,0.2,inverse_vol,2192,1.200526389578184,0.14034345993442932,1.5297440367705752,2.305809899286566,1.152163560128887,-0.12180862578116058,36.771478450502414,0.025740034915351685,-0.03821340160740684,678,0,1.1763962138516932,1.5090177543154601,0.8,1.1063432746815607,1.1885848959279857
top20pct,10989b2cbfea98ddbd00,A,30,3d,30m,0.1,inverse_vol,2192,0.49217224808134463,0.06891554780948428,1.5297440367705752,2.305809899286566,1.1181461587847294,-0.06163375625632517,18.385739225251207,0.012870017457675843,-0.01910670080370342,678,0,0.4839665074672188,1.5090177543154601,0.8,1.1063432746815607,1.1804336684962486
top20pct,75af3f52d92247b58ad8,A,30,3d,1h,0.1,inverse_vol,2192,0.49217224808134463,0.06891554780948428,1.5297440367705752,2.305809899286566,1.1181461587847294,-0.06163375625632517,18.385739225251207,0.012870017457675843,-0.01910670080370342,678,0,0.4839665074672188,1.5090177543154601,0.8,1.1063432746815607,1.1804336684962486
top20pct,52051349f277e79fb0b9,A,30,3d,2h,0.1,inverse_vol,2192,0.49217224808134463,0.06891554780948428,1.5297440367705752,2.305809899286566,1.1181461587847294,-0.06163375625632517,18.385739225251207,0.012870017457675843,-0.01910670080370342,678,0,0.4839665074672188,1.5090177543154601,0.8,1.1063432746815607,1.1804336684962486
top20pct,34ea4ffe16880bc26c0a,A,30,3d,4h,0.1,inverse_vol,2192,0.49217224808134463,0.06891554780948428,1.5297440367705752,2.305809899286566,1.1181461587847294,-0.06163375625632517,18.385739225251207,0.012870017457675843,-0.01910670080370342,678,0,0.4839665074672188,1.5090177543154601,0.8,1.1063432746815607,1.1804336684962486
top20pct,5052d59da016be2a12f3,A,30,3d,1d,0.1,inverse_vol,2192,0.49217224808134463,0.06891554780948428,1.5297440367705752,2.305809899286566,1.1181461587847294,-0.06163375625632517,18.385739225251207,0.012870017457675843,-0.01910670080370342,678,0,0.4839665074672188,1.5090177543154601,0.8,1.1063432746815607,1.1804336684962486
top20pct,b140c718cd4c573d464e,A,30,3d,30m,0.15,inverse_vol,2192,0.8147239349848949,0.10432203449690447,1.529744036770575,2.305809899286566,1.1349509003271272,-0.09191766310492877,27.578608837876807,0.019305026186513766,-0.028660051205555127,678,0,0.7997770007269784,1.5090177543154601,0.8,1.1063432746815602,1.1847384332689035
top20pct,003e4e3525e682fe7866,A,30,3d,1h,0.15,inverse_vol,2192,0.8147239349848949,0.10432203449690447,1.529744036770575,2.305809899286566,1.1349509003271272,-0.09191766310492877,27.578608837876807,0.019305026186513766,-0.028660051205555127,678,0,0.7997770007269784,1.5090177543154601,0.8,1.1063432746815602,1.1847384332689035
top20pct,4e024c6aa82a48b09923,A,30,3d,2h,0.15,inverse_vol,2192,0.8147239349848949,0.10432203449690447,1.529744036770575,2.305809899286566,1.1349509003271272,-0.09191766310492877,27.578608837876807,0.019305026186513766,-0.028660051205555127,678,0,0.7997770007269784,1.5090177543154601,0.8,1.1063432746815602,1.1847384332689035
top20pct,4ada8718f6cee78df7a4,A,30,3d,4h,0.15,inverse_vol,2192,0.8147239349848949,0.10432203449690447,1.529744036770575,2.305809899286566,1.1349509003271272,-0.09191766310492877,27.578608837876807,0.019305026186513766,-0.028660051205555127,678,0,0.7997770007269784,1.5090177543154601,0.8,1.1063432746815602,1.1847384332689035
top20pct,414015ca7f588ecb0a08,A,30,3d,1d,0.15,inverse_vol,2192,0.8147239349848949,0.10432203449690447,1.529744036770575,2.305809899286566,1.1349509003271272,-0.09191766310492877,27.578608837876807,0.019305026186513766,-0.028660051205555127,678,0,0.7997770007269784,1.5090177543154601,0.8,1.1063432746815602,1.1847384332689035
top20pct,ace3b38f560832b2f2a9,A,90,7d,1h,0.15,capped_rank,2192,1.0663285799818216,0.12845773733967825,1.0884899196681828,1.620984211994855,0.6498416059608899,-0.19767545839071643,20.835934641922165,0.014585154249345516,-0.04746538748005458,283,0,1.0534436745990288,1.0795387830094898,0.8,1.1055936913482558,1.3434133885815622
top20pct,072e25c9abc7c77e2337,A,90,7d,2h,0.15,capped_rank,2192,1.0663285799818216,0.12845773733967825,1.0884899196681828,1.620984211994855,0.6498416059608899,-0.19767545839071643,20.835934641922165,0.014585154249345516,-0.04746538748005458,283,0,1.0534436745990288,1.0795387830094898,0.8,1.1055936913482558,1.3434133885815622
top20pct,3bace48acd068942537c,A,90,7d,4h,0.15,capped_rank,2192,1.0663285799818216,0.12845773733967825,1.0884899196681828,1.620984211994855,0.6498416059608899,-0.19767545839071643,20.835934641922165,0.014585154249345516,-0.04746538748005458,283,0,1.0534436745990288,1.0795387830094898,0.8,1.1055936913482558,1.3434133885815622
top20pct,c06ef1713a64bffcb1bd,A,90,7d,1d,0.15,capped_rank,2192,1.0663285799818216,0.12845773733967825,1.0884899196681828,1.620984211994855,0.6498416059608899,-0.19767545839071643,20.835934641922165,0.014585154249345516,-0.04746538748005458,283,0,1.0534436745990288,1.0795387830094898,0.8,1.1055936913482558,1.3434133885815622
top2,627bc4be87806be89057,A,7,3d,30m,0.15,capped_rank,2192,1.4749096427528783,0.1628759179683983,1.112636570727929,1.8792209109015425,0.7104501120232968,-0.22925736123053397,104.01015767148537,0.07280711037003976,-0.0271628376274351,688,0,1.3988628339360027,1.0766560502750868,0.8,1.1036744848141475,1.2436551878178073
top2,b49e2a6cee21775d42f9,A,7,3d,1h,0.15,capped_rank,2192,1.4749096427528783,0.1628759179683983,1.112636570727929,1.8792209109015425,0.7104501120232968,-0.22925736123053397,104.01015767148537,0.07280711037003976,-0.0271628376274351,688,0,1.3988628339360027,1.0766560502750868,0.8,1.1036744848141475,1.2436551878178073
top2,41e68db28f8abe8209fd,A,7,3d,2h,0.15,capped_rank,2192,1.4749096427528783,0.1628759179683983,1.112636570727929,1.8792209109015425,0.7104501120232968,-0.22925736123053397,104.01015767148537,0.07280711037003976,-0.0271628376274351,688,0,1.3988628339360027,1.0766560502750868,0.8,1.1036744848141475,1.2436551878178073
top2,2b6a8b444fa512bc3c2c,A,7,3d,4h,0.15,capped_rank,2192,1.4749096427528783,0.1628759179683983,1.112636570727929,1.8792209109015425,0.7104501120232968,-0.22925736123053397,104.01015767148537,0.07280711037003976,-0.0271628376274351,688,0,1.3988628339360027,1.0766560502750868,0.8,1.1036744848141475,1.2436551878178073
top2,7966ecf1f738b686c2ce,A,7,3d,1d,0.15,capped_rank,2192,1.4749096427528783,0.1628759179683983,1.112636570727929,1.8792209109015425,0.7104501120232968,-0.22925736123053397,104.01015767148537,0.07280711037003976,-0.0271628376274351,688,0,1.3988628339360027,1.0766560502750868,0.8,1.1036744848141475,1.2436551878178073
top2,91d715f9f823fc828d44,A,7,3d,30m,0.1,capped_rank,2192,0.8428770136387913,0.10715651162317008,1.0965563203888151,1.8427559814479344,0.6763417606794221,-0.1584354506152711,70.57733599892616,0.04940413519924831,-0.018252774152166508,688,0,0.804262983002566,1.0601039858529284,0.8,1.1033867958034242,1.2233842705199267
top2,833a587f7de24cb17971,A,7,3d,1h,0.1,capped_rank,2192,0.8428770136387913,0.10715651162317008,1.0965563203888151,1.8427559814479344,0.6763417606794221,-0.1584354506152711,70.57733599892616,0.04940413519924831,-0.018252774152166508,688,0,0.804262983002566,1.0601039858529284,0.8,1.1033867958034242,1.2233842705199267
top2,b2d4bf82f7f75e012419,A,7,3d,2h,0.1,capped_rank,2192,0.8428770136387913,0.10715651162317008,1.0965563203888151,1.8427559814479344,0.6763417606794221,-0.1584354506152711,70.57733599892616,0.04940413519924831,-0.018252774152166508,688,0,0.804262983002566,1.0601039858529284,0.8,1.1033867958034242,1.2233842705199267
top2,c602db2893818669988d,A,7,3d,4h,0.1,capped_rank,2192,0.8428770136387913,0.10715651162317008,1.0965563203888151,1.8427559814479344,0.6763417606794221,-0.1584354506152711,70.57733599892616,0.04940413519924831,-0.018252774152166508,688,0,0.804262983002566,1.0601039858529284,0.8,1.1033867958034242,1.2233842705199267
top2,cb94a558b46ccd494696,A,7,3d,1d,0.1,capped_rank,2192,0.8428770136387913,0.10715651162317008,1.0965563203888151,1.8427559814479344,0.6763417606794221,-0.1584354506152711,70.57733599892616,0.04940413519924831,-0.018252774152166508,688,0,0.804262983002566,1.0601039858529284,0.8,1.1033867958034242,1.2233842705199267
top8,823f99614730c318c419,A,7,3d,30m,0.15,capped_rank,2192,0.9602666910690729,0.11859981092941352,0.9911172675392815,1.4180424088781851,0.6679815017559556,-0.17754954383863086,102.96663300372632,0.07207664310260842,-0.05478038897088579,691,0,0.9006429231658484,0.9483251427589686,0.8,1.1026269232813384,1.1760858063087585
top8,9ee19fb78a34190ca7ae,A,7,3d,1h,0.15,capped_rank,2192,0.9602666910690729,0.11859981092941352,0.9911172675392815,1.4180424088781851,0.6679815017559556,-0.17754954383863086,102.96663300372632,0.07207664310260842,-0.05478038897088579,691,0,0.9006429231658484,0.9483251427589686,0.8,1.1026269232813384,1.1760858063087585
top8,37e2ce65d9bb4a25380e,A,7,3d,2h,0.15,capped_rank,2192,0.9602666910690729,0.11859981092941352,0.9911172675392815,1.4180424088781851,0.6679815017559556,-0.17754954383863086,102.96663300372632,0.07207664310260842,-0.05478038897088579,691,0,0.9006429231658484,0.9483251427589686,0.8,1.1026269232813384,1.1760858063087585
top8,c7a94482ae09b55bcac7,A,7,3d,4h,0.15,capped_rank,2192,0.9602666910690729,0.11859981092941352,0.9911172675392815,1.4180424088781851,0.6679815017559556,-0.17754954383863086,102.96663300372632,0.07207664310260842,-0.05478038897088579,691,0,0.9006429231658484,0.9483251427589686,0.8,1.1026269232813384,1.1760858063087585
top8,a708fdce4141c806a588,A,7,3d,1d,0.15,capped_rank,2192,0.9602666910690729,0.11859981092941352,0.9911172675392815,1.4180424088781851,0.6679815017559556,-0.17754954383863086,102.96663300372632,0.07207664310260842,-0.05478038897088579,691,0,0.9006429231658484,0.9483251427589686,0.8,1.1026269232813384,1.1760858063087585
top4,da5ae3a20d5fe48d7340,A,14,6h,5m,0.2,equal,2192,1.1910529685209923,0.13952452617392264,1.2122482661728957,1.7341561071712555,0.7825240042663616,-0.1783006341188611,119.51778899856316,0.08366245229899422,-0.04675450431992089,2004,0,1.1139002655624912,1.1593674148322761,0.8,1.1017168733168068,1.0818441842862299
top4,38c61a33f870835f7242,A,14,1d,5m,0.2,equal,2192,1.1910529685209923,0.13952452617392264,1.2122482661728957,1.7341561071712555,0.7825240042663616,-0.1783006341188611,119.51778899856316,0.08366245229899422,-0.04675450431992089,2004,0,1.1139002655624912,1.1593674148322761,0.8,1.1017168733168068,1.0818441842862299
top4,e921adf08956be8e171f,A,14,12h,15m,0.2,equal,2192,1.1910529685209923,0.13952452617392264,1.2122482661728957,1.7341561071712555,0.7825240042663616,-0.1783006341188611,119.51778899856316,0.08366245229899422,-0.04675450431992089,2004,0,1.1139002655624912,1.1593674148322761,0.8,1.1017168733168068,1.0818441842862299
top4,5aae61bd4d508c88b0b8,A,14,1d,15m,0.2,equal,2192,1.1910529685209923,0.13952452617392264,1.2122482661728957,1.7341561071712555,0.7825240042663616,-0.1783006341188611,119.51778899856316,0.08366245229899422,-0.04675450431992089,2004,0,1.1139002655624912,1.1593674148322761,0.8,1.1017168733168068,1.0818441842862299
top4,b8a766ac6d64a007e0b5,A,14,1d,30m,0.2,equal,2192,1.1910529685209923,0.13952452617392264,1.2122482661728957,1.7341561071712555,0.7825240042663616,-0.1783006341188611,119.51778899856316,0.08366245229899422,-0.04675450431992089,2004,0,1.1139002655624912,1.1593674148322761,0.8,1.1017168733168068,1.0818441842862299
top4,fe8ad1c3b4c5d3acab7e,A,14,1d,1h,0.2,equal,2192,1.1910529685209923,0.13952452617392264,1.2122482661728957,1.7341561071712555,0.7825240042663616,-0.1783006341188611,119.51778899856316,0.08366245229899422,-0.04675450431992089,2004,0,1.1139002655624912,1.1593674148322761,0.8,1.1017168733168068,1.0818441842862299
top4,4bef25a986ce296c2f1b,A,14,1d,2h,0.2,equal,2192,1.1910529685209923,0.13952452617392264,1.2122482661728957,1.7341561071712555,0.7825240042663616,-0.1783006341188611,119.51778899856316,0.08366245229899422,-0.04675450431992089,2004,0,1.1139002655624912,1.1593674148322761,0.8,1.1017168733168068,1.0818441842862299
top4,d0a0e7821a14f8ed6cc9,A,14,1d,4h,0.2,equal,2192,1.1910529685209923,0.13952452617392264,1.2122482661728957,1.7341561071712555,0.7825240042663616,-0.1783006341188611,119.51778899856316,0.08366245229899422,-0.04675450431992089,2004,0,1.1139002655624912,1.1593674148322761,0.8,1.1017168733168068,1.0818441842862299
top4,dfa2de21521595d32b92,A,14,6h,5m,0.15,equal,2192,0.813914212664756,0.10423997017845954,1.2122482661728957,1.7341561071712557,0.7707310447013891,-0.13524817884927176,89.63834174892236,0.06274683922424565,-0.03506587823994067,2004,0,0.7657935230361146,1.1593674148322757,0.8,1.1017168733168068,1.0680277508230718
top4,18ab8a6478248f26e7d6,A,14,1d,5m,0.15,equal,2192,0.813914212664756,0.10423997017845954,1.2122482661728957,1.7341561071712557,0.7707310447013891,-0.13524817884927176,89.63834174892236,0.06274683922424565,-0.03506587823994067,2004,0,0.7657935230361146,1.1593674148322757,0.8,1.1017168733168068,1.0680277508230718
top4,3909467217ada1082d82,A,14,12h,15m,0.15,equal,2192,0.813914212664756,0.10423997017845954,1.2122482661728957,1.7341561071712557,0.7707310447013891,-0.13524817884927176,89.63834174892236,0.06274683922424565,-0.03506587823994067,2004,0,0.7657935230361146,1.1593674148322757,0.8,1.1017168733168068,1.0680277508230718
top4,321906a65da24331d0b8,A,14,1d,15m,0.15,equal,2192,0.813914212664756,0.10423997017845954,1.2122482661728957,1.7341561071712557,0.7707310447013891,-0.13524817884927176,89.63834174892236,0.06274683922424565,-0.03506587823994067,2004,0,0.7657935230361146,1.1593674148322757,0.8,1.1017168733168068,1.0680277508230718
top4,74fe8e49c52183eeeafc,A,14,1d,30m,0.15,equal,2192,0.813914212664756,0.10423997017845954,1.2122482661728957,1.7341561071712557,0.7707310447013891,-0.13524817884927176,89.63834174892236,0.06274683922424565,-0.03506587823994067,2004,0,0.7657935230361146,1.1593674148322757,0.8,1.1017168733168068,1.0680277508230718
top4,e92d2778794759ce0186,A,14,1d,1h,0.15,equal,2192,0.813914212664756,0.10423997017845954,1.2122482661728957,1.7341561071712557,0.7707310447013891,-0.13524817884927176,89.63834174892236,0.06274683922424565,-0.03506587823994067,2004,0,0.7657935230361146,1.1593674148322757,0.8,1.1017168733168068,1.0680277508230718
top4,8c435e7a9b07f737c96d,A,14,1d,2h,0.15,equal,2192,0.813914212664756,0.10423997017845954,1.2122482661728957,1.7341561071712557,0.7707310447013891,-0.13524817884927176,89.63834174892236,0.06274683922424565,-0.03506587823994067,2004,0,0.7657935230361146,1.1593674148322757,0.8,1.1017168733168068,1.0680277508230718
top4,aebdef3b72d272891a84,A,14,1d,4h,0.15,equal,2192,0.813914212664756,0.10423997017845954,1.2122482661728957,1.7341561071712557,0.7707310447013891,-0.13524817884927176,89.63834174892236,0.06274683922424565,-0.03506587823994067,2004,0,0.7657935230361146,1.1593674148322757,0.8,1.1017168733168068,1.0680277508230718
top4,b34b9af04fd4c971ade2,A,14,6h,5m,0.1,equal,2192,0.4945053904542269,0.06919366970271446,1.2122482661728957,1.7341561071712555,0.7592247380493874,-0.09113726968445202,59.75889449928158,0.04183122614949711,-0.023377252159960445,2004,0,0.467954296794602,1.1593674148322761,0.8,1.1017168733168068,1.0539302836332396
top4,969f694e1dfcc64febae,A,14,1d,5m,0.1,equal,2192,0.4945053904542269,0.06919366970271446,1.2122482661728957,1.7341561071712555,0.7592247380493874,-0.09113726968445202,59.75889449928158,0.04183122614949711,-0.023377252159960445,2004,0,0.467954296794602,1.1593674148322761,0.8,1.1017168733168068,1.0539302836332396
top4,2da269f431c388a32b79,A,14,12h,15m,0.1,equal,2192,0.4945053904542269,0.06919366970271446,1.2122482661728957,1.7341561071712555,0.7592247380493874,-0.09113726968445202,59.75889449928158,0.04183122614949711,-0.023377252159960445,2004,0,0.467954296794602,1.1593674148322761,0.8,1.1017168733168068,1.0539302836332396
top4,16856f6139c2b9006410,A,14,1d,15m,0.1,equal,2192,0.4945053904542269,0.06919366970271446,1.2122482661728957,1.7341561071712555,0.7592247380493874,-0.09113726968445202,59.75889449928158,0.04183122614949711,-0.023377252159960445,2004,0,0.467954296794602,1.1593674148322761,0.8,1.1017168733168068,1.0539302836332396
top4,051e8450366cc2c9bafb,A,14,1d,30m,0.1,equal,2192,0.4945053904542269,0.06919366970271446,1.2122482661728957,1.7341561071712555,0.7592247380493874,-0.09113726968445202,59.75889449928158,0.04183122614949711,-0.023377252159960445,2004,0,0.467954296794602,1.1593674148322761,0.8,1.1017168733168068,1.0539302836332396
top4,6650304c3c8c4455aa18,A,14,1d,1h,0.1,equal,2192,0.4945053904542269,0.06919366970271446,1.2122482661728957,1.7341561071712555,0.7592247380493874,-0.09113726968445202,59.75889449928158,0.04183122614949711,-0.023377252159960445,2004,0,0.467954296794602,1.1593674148322761,0.8,1.1017168733168068,1.0539302836332396
top4,135154de05719e3f5d60,A,14,1d,2h,0.1,equal,2192,0.4945053904542269,0.06919366970271446,1.2122482661728957,1.7341561071712555,0.7592247380493874,-0.09113726968445202,59.75889449928158,0.04183122614949711,-0.023377252159960445,2004,0,0.467954296794602,1.1593674148322761,0.8,1.1017168733168068,1.0539302836332396
top4,a13a0d238a535278f541,A,14,1d,4h,0.1,equal,2192,0.4945053904542269,0.06919366970271446,1.2122482661728957,1.7341561071712555,0.7592247380493874,-0.09113726968445202,59.75889449928158,0.04183122614949711,-0.023377252159960445,2004,0,0.467954296794602,1.1593674148322761,0.8,1.1017168733168068,1.0539302836332396
top20pct,f162d1eed1adf35f3e88,A,90,7d,1h,0.2,equal,2192,0.7075195504766671,0.093181513222933,1.045934966605544,1.472644142985629,0.7054825067587485,-0.1320819613955332,14.080356861070861,0.009856249802749604,-0.04893853151112845,283,0,0.7003165380626535,1.0379390036953708,0.8,1.0945187247011146,1.400951661615976
top20pct,961305232f42bd44f600,A,90,7d,2h,0.2,equal,2192,0.7075195504766671,0.093181513222933,1.045934966605544,1.472644142985629,0.7054825067587485,-0.1320819613955332,14.080356861070861,0.009856249802749604,-0.04893853151112845,283,0,0.7003165380626535,1.0379390036953708,0.8,1.0945187247011146,1.400951661615976
top20pct,ad2514e20df5e07d4b2c,A,90,7d,4h,0.2,equal,2192,0.7075195504766671,0.093181513222933,1.045934966605544,1.472644142985629,0.7054825067587485,-0.1320819613955332,14.080356861070861,0.009856249802749604,-0.04893853151112845,283,0,0.7003165380626535,1.0379390036953708,0.8,1.0945187247011146,1.400951661615976
top20pct,d4bd26ab0cd30d16532d,A,90,7d,1d,0.2,equal,2192,0.7075195504766671,0.093181513222933,1.045934966605544,1.472644142985629,0.7054825067587485,-0.1320819613955332,14.080356861070861,0.009856249802749604,-0.04893853151112845,283,0,0.7003165380626535,1.0379390036953708,0.8,1.0945187247011146,1.400951661615976
top20pct,70ea01ff53017c8b36f4,A,90,7d,1h,0.15,equal,2192,0.500409067081828,0.06989580361720948,1.0459349666055442,1.4726441429856292,0.6953311658710174,-0.10052160329913218,10.560267645803144,0.007392187352062201,-0.036703898633346325,283,0,0.4956604974301697,1.0379390036953708,0.8,1.0945187247011146,1.3925666375965637
top20pct,fa970caa5e65ca84774b,A,90,7d,2h,0.15,equal,2192,0.500409067081828,0.06989580361720948,1.0459349666055442,1.4726441429856292,0.6953311658710174,-0.10052160329913218,10.560267645803144,0.007392187352062201,-0.036703898633346325,283,0,0.4956604974301697,1.0379390036953708,0.8,1.0945187247011146,1.3925666375965637
top20pct,11441c238389dafafe8e,A,90,7d,4h,0.15,equal,2192,0.500409067081828,0.06989580361720948,1.0459349666055442,1.4726441429856292,0.6953311658710174,-0.10052160329913218,10.560267645803144,0.007392187352062201,-0.036703898633346325,283,0,0.4956604974301697,1.0379390036953708,0.8,1.0945187247011146,1.3925666375965637
top20pct,a51dfe82683502c8e3f0,A,90,7d,1d,0.15,equal,2192,0.500409067081828,0.06989580361720948,1.0459349666055442,1.4726441429856292,0.6953311658710174,-0.10052160329913218,10.560267645803144,0.007392187352062201,-0.036703898633346325,283,0,0.4956604974301697,1.0379390036953708,0.8,1.0945187247011146,1.3925666375965637
top20pct,e4fdb1e20901d4dc5ed5,A,90,7d,1h,0.1,equal,2192,0.3145116917044122,0.0465886370777171,1.045934966605544,1.472644142985629,0.6851024115567356,-0.06800244210475814,7.0401784305354305,0.004928124901374802,-0.024469265755564226,283,0,0.31173727387711136,1.0379390036953708,0.8,1.0945187247011146,1.38382971050001
top20pct,fa2da050459b05a8a40d,A,90,7d,2h,0.1,equal,2192,0.3145116917044122,0.0465886370777171,1.045934966605544,1.472644142985629,0.6851024115567356,-0.06800244210475814,7.0401784305354305,0.004928124901374802,-0.024469265755564226,283,0,0.31173727387711136,1.0379390036953708,0.8,1.0945187247011146,1.38382971050001
top20pct,f344862b0ae2c98d05fc,A,90,7d,4h,0.1,equal,2192,0.3145116917044122,0.0465886370777171,1.045934966605544,1.472644142985629,0.6851024115567356,-0.06800244210475814,7.0401784305354305,0.004928124901374802,-0.024469265755564226,283,0,0.31173727387711136,1.0379390036953708,0.8,1.0945187247011146,1.38382971050001
top20pct,53c8672f14701dfa2541,A,90,7d,1d,0.1,equal,2192,0.3145116917044122,0.0465886370777171,1.045934966605544,1.472644142985629,0.6851024115567356,-0.06800244210475814,7.0401784305354305,0.004928124901374802,-0.024469265755564226,283,0,0.31173727387711136,1.0379390036953708,0.8,1.0945187247011146,1.38382971050001
top20pct,84390548ac2f1fcb4a67,A,60,6h,5m,0.15,inverse_vol,2192,0.4402412480170468,0.06262928677103319,0.9143532356813652,1.3401142315764019,0.5289540043964029,-0.11840214130243776,42.2526318378875,0.02957684228652125,-0.031615713287107536,1922,0,0.4221034789915763,0.8837938598473185,0.8,1.0886917432255152,1.1254218451137155
top20pct,e478540f6037c8ad7354,A,60,1d,5m,0.15,inverse_vol,2192,0.4402412480170468,0.06262928677103319,0.9143532356813652,1.3401142315764019,0.5289540043964029,-0.11840214130243776,42.2526318378875,0.02957684228652125,-0.031615713287107536,1922,0,0.4221034789915763,0.8837938598473185,0.8,1.0886917432255152,1.1254218451137155
top20pct,d8bde4eaea9ee42a39cf,A,60,12h,15m,0.15,inverse_vol,2192,0.4402412480170468,0.06262928677103319,0.9143532356813652,1.3401142315764019,0.5289540043964029,-0.11840214130243776,42.2526318378875,0.02957684228652125,-0.031615713287107536,1922,0,0.4221034789915763,0.8837938598473185,0.8,1.0886917432255152,1.1254218451137155
top20pct,53d786ec68f86c04465a,A,60,1d,15m,0.15,inverse_vol,2192,0.4402412480170468,0.06262928677103319,0.9143532356813652,1.3401142315764019,0.5289540043964029,-0.11840214130243776,42.2526318378875,0.02957684228652125,-0.031615713287107536,1922,0,0.4221034789915763,0.8837938598473185,0.8,1.0886917432255152,1.1254218451137155
top20pct,4f00fae8de45bee892f5,A,60,1d,30m,0.15,inverse_vol,2192,0.4402412480170468,0.06262928677103319,0.9143532356813652,1.3401142315764019,0.5289540043964029,-0.11840214130243776,42.2526318378875,0.02957684228652125,-0.031615713287107536,1922,0,0.4221034789915763,0.8837938598473185,0.8,1.0886917432255152,1.1254218451137155
top20pct,1ad585a8d464d5bf2945,A,60,1d,1h,0.15,inverse_vol,2192,0.4402412480170468,0.06262928677103319,0.9143532356813652,1.3401142315764019,0.5289540043964029,-0.11840214130243776,42.2526318378875,0.02957684228652125,-0.031615713287107536,1922,0,0.4221034789915763,0.8837938598473185,0.8,1.0886917432255152,1.1254218451137155
top20pct,1bd653fcab2f35423715,A,60,1d,2h,0.15,inverse_vol,2192,0.4402412480170468,0.06262928677103319,0.9143532356813652,1.3401142315764019,0.5289540043964029,-0.11840214130243776,42.2526318378875,0.02957684228652125,-0.031615713287107536,1922,0,0.4221034789915763,0.8837938598473185,0.8,1.0886917432255152,1.1254218451137155
top20pct,a11954477a1eeee5ac02,A,60,1d,4h,0.15,inverse_vol,2192,0.4402412480170468,0.06262928677103319,0.9143532356813652,1.3401142315764019,0.5289540043964029,-0.11840214130243776,42.2526318378875,0.02957684228652125,-0.031615713287107536,1922,0,0.4221034789915763,0.8837938598473185,0.8,1.0886917432255152,1.1254218451137155
top20pct,1d5e037c3851fcf417e0,A,60,6h,5m,0.2,inverse_vol,2192,0.6161772338092804,0.08321947523679496,0.9143532356813653,1.340114231576402,0.5337561492852199,-0.15591291144512043,56.33684245051668,0.03943578971536167,-0.042154284382810055,1922,0,0.58909780536337,0.8837938598473184,0.8,1.088691743225515,1.1352263908694302
top20pct,4ce40edee700407a0f2a,A,60,1d,5m,0.2,inverse_vol,2192,0.6161772338092804,0.08321947523679496,0.9143532356813653,1.340114231576402,0.5337561492852199,-0.15591291144512043,56.33684245051668,0.03943578971536167,-0.042154284382810055,1922,0,0.58909780536337,0.8837938598473184,0.8,1.088691743225515,1.1352263908694302
top20pct,372c91b05857ce2878c5,A,60,12h,15m,0.2,inverse_vol,2192,0.6161772338092804,0.08321947523679496,0.9143532356813653,1.340114231576402,0.5337561492852199,-0.15591291144512043,56.33684245051668,0.03943578971536167,-0.042154284382810055,1922,0,0.58909780536337,0.8837938598473184,0.8,1.088691743225515,1.1352263908694302
top20pct,b92cbcb2a607dc607ddb,A,60,1d,15m,0.2,inverse_vol,2192,0.6161772338092804,0.08321947523679496,0.9143532356813653,1.340114231576402,0.5337561492852199,-0.15591291144512043,56.33684245051668,0.03943578971536167,-0.042154284382810055,1922,0,0.58909780536337,0.8837938598473184,0.8,1.088691743225515,1.1352263908694302
top20pct,8e07902011c510d04049,A,60,1d,30m,0.2,inverse_vol,2192,0.6161772338092804,0.08321947523679496,0.9143532356813653,1.340114231576402,0.5337561492852199,-0.15591291144512043,56.33684245051668,0.03943578971536167,-0.042154284382810055,1922,0,0.58909780536337,0.8837938598473184,0.8,1.088691743225515,1.1352263908694302
top20pct,1d5eff56309bbd32ee2c,A,60,1d,1h,0.2,inverse_vol,2192,0.6161772338092804,0.08321947523679496,0.9143532356813653,1.340114231576402,0.5337561492852199,-0.15591291144512043,56.33684245051668,0.03943578971536167,-0.042154284382810055,1922,0,0.58909780536337,0.8837938598473184,0.8,1.088691743225515,1.1352263908694302
top20pct,9d341e5157eb4d6e01e9,A,60,1d,2h,0.2,inverse_vol,2192,0.6161772338092804,0.08321947523679496,0.9143532356813653,1.340114231576402,0.5337561492852199,-0.15591291144512043,56.33684245051668,0.03943578971536167,-0.042154284382810055,1922,0,0.58909780536337,0.8837938598473184,0.8,1.088691743225515,1.1352263908694302
top20pct,1e494aa20745d3b15076,A,60,1d,4h,0.2,inverse_vol,2192,0.6161772338092804,0.08321947523679496,0.9143532356813653,1.340114231576402,0.5337561492852199,-0.15591291144512043,56.33684245051668,0.03943578971536167,-0.042154284382810055,1922,0,0.58909780536337,0.8837938598473184,0.8,1.088691743225515,1.1352263908694302
top20pct,cbd3b4ca1b39b11543ee,A,60,6h,5m,0.1,inverse_vol,2192,0.2793932558991268,0.0418800869474556,0.9143532356813653,1.340114231576402,0.5241394467385736,-0.07990256640299054,28.16842122525834,0.019717894857680836,-0.021077142191405027,1922,0,0.2686285814459479,0.8837938598473184,0.8,1.088691743225515,1.1153573200153988
top20pct,6774278b74ede0b890ca,A,60,1d,5m,0.1,inverse_vol,2192,0.2793932558991268,0.0418800869474556,0.9143532356813653,1.340114231576402,0.5241394467385736,-0.07990256640299054,28.16842122525834,0.019717894857680836,-0.021077142191405027,1922,0,0.2686285814459479,0.8837938598473184,0.8,1.088691743225515,1.1153573200153988
top20pct,86744d11c8077b57ce7b,A,60,12h,15m,0.1,inverse_vol,2192,0.2793932558991268,0.0418800869474556,0.9143532356813653,1.340114231576402,0.5241394467385736,-0.07990256640299054,28.16842122525834,0.019717894857680836,-0.021077142191405027,1922,0,0.2686285814459479,0.8837938598473184,0.8,1.088691743225515,1.1153573200153988
top20pct,da9f0730d404206140cd,A,60,1d,15m,0.1,inverse_vol,2192,0.2793932558991268,0.0418800869474556,0.9143532356813653,1.340114231576402,0.5241394467385736,-0.07990256640299054,28.16842122525834,0.019717894857680836,-0.021077142191405027,1922,0,0.2686285814459479,0.8837938598473184,0.8,1.088691743225515,1.1153573200153988
top20pct,bd714afe4225a1eada0c,A,60,1d,30m,0.1,inverse_vol,2192,0.2793932558991268,0.0418800869474556,0.9143532356813653,1.340114231576402,0.5241394467385736,-0.07990256640299054,28.16842122525834,0.019717894857680836,-0.021077142191405027,1922,0,0.2686285814459479,0.8837938598473184,0.8,1.088691743225515,1.1153573200153988
top20pct,2f5775b403e1e52b79f8,A,60,1d,1h,0.1,inverse_vol,2192,0.2793932558991268,0.0418800869474556,0.9143532356813653,1.340114231576402,0.5241394467385736,-0.07990256640299054,28.16842122525834,0.019717894857680836,-0.021077142191405027,1922,0,0.2686285814459479,0.8837938598473184,0.8,1.088691743225515,1.1153573200153988
top20pct,e99b7f892cf97144b82c,A,60,1d,2h,0.1,inverse_vol,2192,0.2793932558991268,0.0418800869474556,0.9143532356813653,1.340114231576402,0.5241394467385736,-0.07990256640299054,28.16842122525834,0.019717894857680836,-0.021077142191405027,1922,0,0.2686285814459479,0.8837938598473184,0.8,1.088691743225515,1.1153573200153988
top20pct,752f31f5693658155393,A,60,1d,4h,0.1,inverse_vol,2192,0.2793932558991268,0.0418800869474556,0.9143532356813653,1.340114231576402,0.5241394467385736,-0.07990256640299054,28.16842122525834,0.019717894857680836,-0.021077142191405027,1922,0,0.2686285814459479,0.8837938598473184,0.8,1.088691743225515,1.1153573200153988
top8,0429d4425e98db6a53b9,A,30,6h,5m,0.2,equal,2192,1.3051537426130433,0.14919791024346174,1.1869297631698486,1.6310809145140939,0.5876086326541742,-0.2539069406954566,96.76970818744749,0.06773879573121325,-0.07151418968174343,2002,0,1.2392158561555338,1.1478187093851087,0.8,1.0873824162851427,0.9401534265075095
top8,83d6c3998b9c8198e0d7,A,30,1d,5m,0.2,equal,2192,1.3051537426130433,0.14919791024346174,1.1869297631698486,1.6310809145140939,0.5876086326541742,-0.2539069406954566,96.76970818744749,0.06773879573121325,-0.07151418968174343,2002,0,1.2392158561555338,1.1478187093851087,0.8,1.0873824162851427,0.9401534265075095
top8,30aa27e12a9f532b1fc7,A,30,12h,15m,0.2,equal,2192,1.3051537426130433,0.14919791024346174,1.1869297631698486,1.6310809145140939,0.5876086326541742,-0.2539069406954566,96.76970818744749,0.06773879573121325,-0.07151418968174343,2002,0,1.2392158561555338,1.1478187093851087,0.8,1.0873824162851427,0.9401534265075095
top8,1b5bec3148e59de8c59e,A,30,1d,15m,0.2,equal,2192,1.3051537426130433,0.14919791024346174,1.1869297631698486,1.6310809145140939,0.5876086326541742,-0.2539069406954566,96.76970818744749,0.06773879573121325,-0.07151418968174343,2002,0,1.2392158561555338,1.1478187093851087,0.8,1.0873824162851427,0.9401534265075095
top8,2d581094ce6f90614be6,A,30,1d,30m,0.2,equal,2192,1.3051537426130433,0.14919791024346174,1.1869297631698486,1.6310809145140939,0.5876086326541742,-0.2539069406954566,96.76970818744749,0.06773879573121325,-0.07151418968174343,2002,0,1.2392158561555338,1.1478187093851087,0.8,1.0873824162851427,0.9401534265075095
top8,43f8b34d61a2c1a5851b,A,30,1d,1h,0.2,equal,2192,1.3051537426130433,0.14919791024346174,1.1869297631698486,1.6310809145140939,0.5876086326541742,-0.2539069406954566,96.76970818744749,0.06773879573121325,-0.07151418968174343,2002,0,1.2392158561555338,1.1478187093851087,0.8,1.0873824162851427,0.9401534265075095
top8,dda7d26b2d24bd2d32d9,A,30,1d,2h,0.2,equal,2192,1.3051537426130433,0.14919791024346174,1.1869297631698486,1.6310809145140939,0.5876086326541742,-0.2539069406954566,96.76970818744749,0.06773879573121325,-0.07151418968174343,2002,0,1.2392158561555338,1.1478187093851087,0.8,1.0873824162851427,0.9401534265075095
top8,42bb47dc9170bd547a88,A,30,1d,4h,0.2,equal,2192,1.3051537426130433,0.14919791024346174,1.1869297631698486,1.6310809145140939,0.5876086326541742,-0.2539069406954566,96.76970818744749,0.06773879573121325,-0.07151418968174343,2002,0,1.2392158561555338,1.1478187093851087,0.8,1.0873824162851427,0.9401534265075095
top8,5c71913564fb38fbfc9c,A,30,6h,5m,0.15,equal,2192,0.8868386841945184,0.11151125536039319,1.1867739897666552,1.6308959059995705,0.5705379863744563,-0.19544930928964643,72.6772811405856,0.05087409679840993,-0.053650642261307564,2002,0,0.8461547952843185,1.1476078252281907,0.8,1.0873824162851427,0.9257623281754676
top8,c7c9fe7c7cc411ede863,A,30,1d,5m,0.15,equal,2192,0.8868386841945184,0.11151125536039319,1.1867739897666552,1.6308959059995705,0.5705379863744563,-0.19544930928964643,72.6772811405856,0.05087409679840993,-0.053650642261307564,2002,0,0.8461547952843185,1.1476078252281907,0.8,1.0873824162851427,0.9257623281754676
top8,e0ea5e9576b9c318bcb0,A,30,12h,15m,0.15,equal,2192,0.8868386841945184,0.11151125536039319,1.1867739897666552,1.6308959059995705,0.5705379863744563,-0.19544930928964643,72.6772811405856,0.05087409679840993,-0.053650642261307564,2002,0,0.8461547952843185,1.1476078252281907,0.8,1.0873824162851427,0.9257623281754676
top8,af4a8fa2150614af4674,A,30,1d,15m,0.15,equal,2192,0.8868386841945184,0.11151125536039319,1.1867739897666552,1.6308959059995705,0.5705379863744563,-0.19544930928964643,72.6772811405856,0.05087409679840993,-0.053650642261307564,2002,0,0.8461547952843185,1.1476078252281907,0.8,1.0873824162851427,0.9257623281754676
top8,d96177560763633eaad9,A,30,1d,30m,0.15,equal,2192,0.8868386841945184,0.11151125536039319,1.1867739897666552,1.6308959059995705,0.5705379863744563,-0.19544930928964643,72.6772811405856,0.05087409679840993,-0.053650642261307564,2002,0,0.8461547952843185,1.1476078252281907,0.8,1.0873824162851427,0.9257623281754676
top8,8104be63459829b14a89,A,30,1d,1h,0.15,equal,2192,0.8868386841945184,0.11151125536039319,1.1867739897666552,1.6308959059995705,0.5705379863744563,-0.19544930928964643,72.6772811405856,0.05087409679840993,-0.053650642261307564,2002,0,0.8461547952843185,1.1476078252281907,0.8,1.0873824162851427,0.9257623281754676
top8,4e2ba0665442eb6d602c,A,30,1d,2h,0.15,equal,2192,0.8868386841945184,0.11151125536039319,1.1867739897666552,1.6308959059995705,0.5705379863744563,-0.19544930928964643,72.6772811405856,0.05087409679840993,-0.053650642261307564,2002,0,0.8461547952843185,1.1476078252281907,0.8,1.0873824162851427,0.9257623281754676
top8,ae3d6466381a2e71c5b8,A,30,1d,4h,0.15,equal,2192,0.8868386841945184,0.11151125536039319,1.1867739897666552,1.6308959059995705,0.5705379863744563,-0.19544930928964643,72.6772811405856,0.05087409679840993,-0.053650642261307564,2002,0,0.8461547952843185,1.1476078252281907,0.8,1.0873824162851427,0.9257623281754676
top8,7c662c008b9aec83d858,A,30,6h,5m,0.1,equal,2192,0.5355801052209384,0.07403166775283654,1.1864621888396383,1.6305243558366358,0.5537614223858718,-0.13368874168567457,48.58485409372375,0.034009397865606625,-0.03578709484087172,2002,0,0.5133643550772937,1.147185613852349,0.8,1.0873824162851427,0.9110433456856608
top8,b87949ea6de1417e735a,A,30,1d,5m,0.1,equal,2192,0.5355801052209384,0.07403166775283654,1.1864621888396383,1.6305243558366358,0.5537614223858718,-0.13368874168567457,48.58485409372375,0.034009397865606625,-0.03578709484087172,2002,0,0.5133643550772937,1.147185613852349,0.8,1.0873824162851427,0.9110433456856608
top8,34343edb9de22c78220d,A,30,12h,15m,0.1,equal,2192,0.5355801052209384,0.07403166775283654,1.1864621888396383,1.6305243558366358,0.5537614223858718,-0.13368874168567457,48.58485409372375,0.034009397865606625,-0.03578709484087172,2002,0,0.5133643550772937,1.147185613852349,0.8,1.0873824162851427,0.9110433456856608
top8,d641636e2f7298898ca1,A,30,1d,15m,0.1,equal,2192,0.5355801052209384,0.07403166775283654,1.1864621888396383,1.6305243558366358,0.5537614223858718,-0.13368874168567457,48.58485409372375,0.034009397865606625,-0.03578709484087172,2002,0,0.5133643550772937,1.147185613852349,0.8,1.0873824162851427,0.9110433456856608
top8,5aacc6c73099daa1c408,A,30,1d,30m,0.1,equal,2192,0.5355801052209384,0.07403166775283654,1.1864621888396383,1.6305243558366358,0.5537614223858718,-0.13368874168567457,48.58485409372375,0.034009397865606625,-0.03578709484087172,2002,0,0.5133643550772937,1.147185613852349,0.8,1.0873824162851427,0.9110433456856608
top8,62938f76effd271d8529,A,30,1d,1h,0.1,equal,2192,0.5355801052209384,0.07403166775283654,1.1864621888396383,1.6305243558366358,0.5537614223858718,-0.13368874168567457,48.58485409372375,0.034009397865606625,-0.03578709484087172,2002,0,0.5133643550772937,1.147185613852349,0.8,1.0873824162851427,0.9110433456856608
top8,e5b1277e6f592c9c71d6,A,30,1d,2h,0.1,equal,2192,0.5355801052209384,0.07403166775283654,1.1864621888396383,1.6305243558366358,0.5537614223858718,-0.13368874168567457,48.58485409372375,0.034009397865606625,-0.03578709484087172,2002,0,0.5133643550772937,1.147185613852349,0.8,1.0873824162851427,0.9110433456856608
top8,6acab100b7f07883b180,A,30,1d,4h,0.1,equal,2192,0.5355801052209384,0.07403166775283654,1.1864621888396383,1.6305243558366358,0.5537614223858718,-0.13368874168567457,48.58485409372375,0.034009397865606625,-0.03578709484087172,2002,0,0.5133643550772937,1.147185613852349,0.8,1.0873824162851427,0.9110433456856608
top20pct,24fc47bdf67e56ceaefa,A,30,6h,5m,0.2,equal,2192,1.1743820598795853,0.1380762089209162,1.5379184323163024,2.3090234634988698,1.018528452933191,-0.13556441012843568,63.085849950112056,0.04416009496507844,-0.030416000616886183,2002,0,1.1336238701460415,1.5013999440959558,0.8,1.0761145199808757,1.1722522242644957
top20pct,beb8460f70ab1ab066c3,A,30,1d,5m,0.2,equal,2192,1.1743820598795853,0.1380762089209162,1.5379184323163024,2.3090234634988698,1.018528452933191,-0.13556441012843568,63.085849950112056,0.04416009496507844,-0.030416000616886183,2002,0,1.1336238701460415,1.5013999440959558,0.8,1.0761145199808757,1.1722522242644957
top20pct,5a451d8ae67a86d2d156,A,30,12h,15m,0.2,equal,2192,1.1743820598795853,0.1380762089209162,1.5379184323163024,2.3090234634988698,1.018528452933191,-0.13556441012843568,63.085849950112056,0.04416009496507844,-0.030416000616886183,2002,0,1.1336238701460415,1.5013999440959558,0.8,1.0761145199808757,1.1722522242644957
top20pct,d23d67d25de55f0c1175,A,30,1d,15m,0.2,equal,2192,1.1743820598795853,0.1380762089209162,1.5379184323163024,2.3090234634988698,1.018528452933191,-0.13556441012843568,63.085849950112056,0.04416009496507844,-0.030416000616886183,2002,0,1.1336238701460415,1.5013999440959558,0.8,1.0761145199808757,1.1722522242644957
top20pct,d1749766dfb578dbfecd,A,30,1d,30m,0.2,equal,2192,1.1743820598795853,0.1380762089209162,1.5379184323163024,2.3090234634988698,1.018528452933191,-0.13556441012843568,63.085849950112056,0.04416009496507844,-0.030416000616886183,2002,0,1.1336238701460415,1.5013999440959558,0.8,1.0761145199808757,1.1722522242644957
top20pct,61bb3abfa0045d5bc88c,A,30,1d,1h,0.2,equal,2192,1.1743820598795853,0.1380762089209162,1.5379184323163024,2.3090234634988698,1.018528452933191,-0.13556441012843568,63.085849950112056,0.04416009496507844,-0.030416000616886183,2002,0,1.1336238701460415,1.5013999440959558,0.8,1.0761145199808757,1.1722522242644957
top20pct,7935a7f1897f1857bcb7,A,30,1d,2h,0.2,equal,2192,1.1743820598795853,0.1380762089209162,1.5379184323163024,2.3090234634988698,1.018528452933191,-0.13556441012843568,63.085849950112056,0.04416009496507844,-0.030416000616886183,2002,0,1.1336238701460415,1.5013999440959558,0.8,1.0761145199808757,1.1722522242644957
top20pct,6cecbc7b19249c0c3b28,A,30,1d,4h,0.2,equal,2192,1.1743820598795853,0.1380762089209162,1.5379184323163024,2.3090234634988698,1.018528452933191,-0.13556441012843568,63.085849950112056,0.04416009496507844,-0.030416000616886183,2002,0,1.1336238701460415,1.5013999440959558,0.8,1.0761145199808757,1.1722522242644957
top20pct,f434c1d4a6b9660ec1fc,A,30,6h,5m,0.1,equal,2192,0.4826650737660534,0.06777848534099618,1.537239316868271,2.308138886557129,0.9795321395911991,-0.0691947539049439,31.742924975056027,0.02222004748253922,-0.015238000308443092,2002,0,0.46861398997101067,1.5004794649906126,0.8,1.0761145199808757,1.1541118796278111
top20pct,9c413e281903ed757266,A,30,1d,5m,0.1,equal,2192,0.4826650737660534,0.06777848534099618,1.537239316868271,2.308138886557129,0.9795321395911991,-0.0691947539049439,31.742924975056027,0.02222004748253922,-0.015238000308443092,2002,0,0.46861398997101067,1.5004794649906126,0.8,1.0761145199808757,1.1541118796278111
top20pct,b0b5846291b3ff4731a1,A,30,12h,15m,0.1,equal,2192,0.4826650737660534,0.06777848534099618,1.537239316868271,2.308138886557129,0.9795321395911991,-0.0691947539049439,31.742924975056027,0.02222004748253922,-0.015238000308443092,2002,0,0.46861398997101067,1.5004794649906126,0.8,1.0761145199808757,1.1541118796278111
top20pct,698635a989a3eaa34c72,A,30,1d,15m,0.1,equal,2192,0.4826650737660534,0.06777848534099618,1.537239316868271,2.308138886557129,0.9795321395911991,-0.0691947539049439,31.742924975056027,0.02222004748253922,-0.015238000308443092,2002,0,0.46861398997101067,1.5004794649906126,0.8,1.0761145199808757,1.1541118796278111
top20pct,8ca917bb905add3bb8ed,A,30,1d,30m,0.1,equal,2192,0.4826650737660534,0.06777848534099618,1.537239316868271,2.308138886557129,0.9795321395911991,-0.0691947539049439,31.742924975056027,0.02222004748253922,-0.015238000308443092,2002,0,0.46861398997101067,1.5004794649906126,0.8,1.0761145199808757,1.1541118796278111
top20pct,9c766294c2b0a14cf07f,A,30,1d,1h,0.1,equal,2192,0.4826650737660534,0.06777848534099618,1.537239316868271,2.308138886557129,0.9795321395911991,-0.0691947539049439,31.742924975056027,0.02222004748253922,-0.015238000308443092,2002,0,0.46861398997101067,1.5004794649906126,0.8,1.0761145199808757,1.1541118796278111
top20pct,62b034f6454292af0acc,A,30,1d,2h,0.1,equal,2192,0.4826650737660534,0.06777848534099618,1.537239316868271,2.308138886557129,0.9795321395911991,-0.0691947539049439,31.742924975056027,0.02222004748253922,-0.015238000308443092,2002,0,0.46861398997101067,1.5004794649906126,0.8,1.0761145199808757,1.1541118796278111
top20pct,247e2807bc8f8a2fc962,A,30,1d,4h,0.1,equal,2192,0.4826650737660534,0.06777848534099618,1.537239316868271,2.308138886557129,0.9795321395911991,-0.0691947539049439,31.742924975056027,0.02222004748253922,-0.015238000308443092,2002,0,0.46861398997101067,1.5004794649906126,0.8,1.0761145199808757,1.1541118796278111
top20pct,dd19eed4c605904a4e22,A,30,6h,5m,0.15,equal,2192,0.7980453758986032,0.1026254885819351,1.5376922841832052,2.3087303106671713,0.9988954409049585,-0.10273896984549313,47.41438746258404,0.03319007122380882,-0.022827000462664643,2002,0,0.7726536085469176,1.5010935113477184,0.8,1.0761145199808755,1.1633185044416723
top20pct,4bce773b2d660205dfeb,A,30,1d,5m,0.15,equal,2192,0.7980453758986032,0.1026254885819351,1.5376922841832052,2.3087303106671713,0.9988954409049585,-0.10273896984549313,47.41438746258404,0.03319007122380882,-0.022827000462664643,2002,0,0.7726536085469176,1.5010935113477184,0.8,1.0761145199808755,1.1633185044416723
top20pct,18c4aef504f1423ca3b8,A,30,12h,15m,0.15,equal,2192,0.7980453758986032,0.1026254885819351,1.5376922841832052,2.3087303106671713,0.9988954409049585,-0.10273896984549313,47.41438746258404,0.03319007122380882,-0.022827000462664643,2002,0,0.7726536085469176,1.5010935113477184,0.8,1.0761145199808755,1.1633185044416723
top20pct,4f394a7b92fe9d058d19,A,30,1d,15m,0.15,equal,2192,0.7980453758986032,0.1026254885819351,1.5376922841832052,2.3087303106671713,0.9988954409049585,-0.10273896984549313,47.41438746258404,0.03319007122380882,-0.022827000462664643,2002,0,0.7726536085469176,1.5010935113477184,0.8,1.0761145199808755,1.1633185044416723
top20pct,46fb5a3850f9a670dcd5,A,30,1d,30m,0.15,equal,2192,0.7980453758986032,0.1026254885819351,1.5376922841832052,2.3087303106671713,0.9988954409049585,-0.10273896984549313,47.41438746258404,0.03319007122380882,-0.022827000462664643,2002,0,0.7726536085469176,1.5010935113477184,0.8,1.0761145199808755,1.1633185044416723
top20pct,38696b521ad0b5e2f946,A,30,1d,1h,0.15,equal,2192,0.7980453758986032,0.1026254885819351,1.5376922841832052,2.3087303106671713,0.9988954409049585,-0.10273896984549313,47.41438746258404,0.03319007122380882,-0.022827000462664643,2002,0,0.7726536085469176,1.5010935113477184,0.8,1.0761145199808755,1.1633185044416723
top20pct,e7dc1b09abfb3a5f51f5,A,30,1d,2h,0.15,equal,2192,0.7980453758986032,0.1026254885819351,1.5376922841832052,2.3087303106671713,0.9988954409049585,-0.10273896984549313,47.41438746258404,0.03319007122380882,-0.022827000462664643,2002,0,0.7726536085469176,1.5010935113477184,0.8,1.0761145199808755,1.1633185044416723
top20pct,f0ef29e744b30e3dd3e5,A,30,1d,4h,0.15,equal,2192,0.7980453758986032,0.1026254885819351,1.5376922841832052,2.3087303106671713,0.9988954409049585,-0.10273896984549313,47.41438746258404,0.03319007122380882,-0.022827000462664643,2002,0,0.7726536085469176,1.5010935113477184,0.8,1.0761145199808755,1.1633185044416723
top8,b2f6543581dad05bdfa7,A,14,7d,1h,0.2,inverse_vol,2192,1.3514848513623372,0.1530121796241013,1.1028978708801143,1.4530713254403878,0.7654968315338557,-0.19988610444997512,51.91516926579144,0.03634061848605401,-0.09429934699948378,301,0,1.3151321987250886,1.0839622024331743,0.8,1.0581811310689948,1.3519836375025256
top8,697d283c666a54578dda,A,14,7d,2h,0.2,inverse_vol,2192,1.3514848513623372,0.1530121796241013,1.1028978708801143,1.4530713254403878,0.7654968315338557,-0.19988610444997512,51.91516926579144,0.03634061848605401,-0.09429934699948378,301,0,1.3151321987250886,1.0839622024331743,0.8,1.0581811310689948,1.3519836375025256
top8,65874aa25fd64a889150,A,14,7d,4h,0.2,inverse_vol,2192,1.3514848513623372,0.1530121796241013,1.1028978708801143,1.4530713254403878,0.7654968315338557,-0.19988610444997512,51.91516926579144,0.03634061848605401,-0.09429934699948378,301,0,1.3151321987250886,1.0839622024331743,0.8,1.0581811310689948,1.3519836375025256
top8,caffc80a064e40461541,A,14,7d,1d,0.2,inverse_vol,2192,1.3514848513623372,0.1530121796241013,1.1028978708801143,1.4530713254403878,0.7654968315338557,-0.19988610444997512,51.91516926579144,0.03634061848605401,-0.09429934699948378,301,0,1.3151321987250886,1.0839622024331743,0.8,1.0581811310689948,1.3519836375025256
top8,3e24c61c6526aa18a507,A,14,7d,1h,0.15,inverse_vol,2192,0.9193714281505618,0.11467974986142404,1.1028978708801145,1.4530713254403884,0.757312261004157,-0.15142993949334005,38.936376949343575,0.027255463864540502,-0.07072451024961282,301,0,0.8970761154853475,1.0839622024331748,0.8,1.0581811310689948,1.3479847418793074
top8,0a4970abb1f5dcfc0203,A,14,7d,2h,0.15,inverse_vol,2192,0.9193714281505618,0.11467974986142404,1.1028978708801145,1.4530713254403884,0.757312261004157,-0.15142993949334005,38.936376949343575,0.027255463864540502,-0.07072451024961282,301,0,0.8970761154853475,1.0839622024331748,0.8,1.0581811310689948,1.3479847418793074
top8,57111c809cee78ab3ad8,A,14,7d,4h,0.15,inverse_vol,2192,0.9193714281505618,0.11467974986142404,1.1028978708801145,1.4530713254403884,0.757312261004157,-0.15142993949334005,38.936376949343575,0.027255463864540502,-0.07072451024961282,301,0,0.8970761154853475,1.0839622024331748,0.8,1.0581811310689948,1.3479847418793074
top8,1ebbf2f6542ecd4906f8,A,14,7d,1d,0.15,inverse_vol,2192,0.9193714281505618,0.11467974986142404,1.1028978708801145,1.4530713254403884,0.757312261004157,-0.15142993949334005,38.936376949343575,0.027255463864540502,-0.07072451024961282,301,0,0.8970761154853475,1.0839622024331748,0.8,1.0581811310689948,1.3479847418793074
top8,604a7b730386edfbe49c,A,14,7d,1h,0.1,inverse_vol,2192,0.5555147982189279,0.07634090787209913,1.1028978708801143,1.4530713254403878,0.7479243543273293,-0.10207035969668199,25.95758463289572,0.018170309243027004,-0.04714967349974189,301,0,0.5434466453005515,1.0839622024331743,0.8,1.0581811310689948,1.3383026965015303
top8,14aa3ed0d3af67d2e216,A,14,7d,2h,0.1,inverse_vol,2192,0.5555147982189279,0.07634090787209913,1.1028978708801143,1.4530713254403878,0.7479243543273293,-0.10207035969668199,25.95758463289572,0.018170309243027004,-0.04714967349974189,301,0,0.5434466453005515,1.0839622024331743,0.8,1.0581811310689948,1.3383026965015303
top8,29d398cf19b66ed044fb,A,14,7d,4h,0.1,inverse_vol,2192,0.5555147982189279,0.07634090787209913,1.1028978708801143,1.4530713254403878,0.7479243543273293,-0.10207035969668199,25.95758463289572,0.018170309243027004,-0.04714967349974189,301,0,0.5434466453005515,1.0839622024331743,0.8,1.0581811310689948,1.3383026965015303
top8,c01a87c67a6ede48b180,A,14,7d,1d,0.1,inverse_vol,2192,0.5555147982189279,0.07634090787209913,1.1028978708801143,1.4530713254403878,0.7479243543273293,-0.10207035969668199,25.95758463289572,0.018170309243027004,-0.04714967349974189,301,0,0.5434466453005515,1.0839622024331743,0.8,1.0581811310689948,1.3383026965015303
top20pct,fc41fcd944415ab5f842,A,60,6h,5m,0.2,capped_rank,2192,1.2513184336478518,0.14468474070481552,0.9388098762601534,1.3378326641196443,0.64103567758749,-0.2257046616333903,102.22351292566208,0.07155645904796346,-0.028185960637200726,1882,0,1.1833150876018967,0.9062215620149844,0.8,1.0538919255497066,1.4973307861147067
top20pct,e3d8b3123fe47d76ff2d,A,60,1d,5m,0.2,capped_rank,2192,1.2513184336478518,0.14468474070481552,0.9388098762601534,1.3378326641196443,0.64103567758749,-0.2257046616333903,102.22351292566208,0.07155645904796346,-0.028185960637200726,1882,0,1.1833150876018967,0.9062215620149844,0.8,1.0538919255497066,1.4973307861147067
top20pct,5c39af0401189ac32405,A,60,12h,15m,0.2,capped_rank,2192,1.2513184336478518,0.14468474070481552,0.9388098762601534,1.3378326641196443,0.64103567758749,-0.2257046616333903,102.22351292566208,0.07155645904796346,-0.028185960637200726,1882,0,1.1833150876018967,0.9062215620149844,0.8,1.0538919255497066,1.4973307861147067
top20pct,8026836ac0e0dc97a7e7,A,60,1d,15m,0.2,capped_rank,2192,1.2513184336478518,0.14468474070481552,0.9388098762601534,1.3378326641196443,0.64103567758749,-0.2257046616333903,102.22351292566208,0.07155645904796346,-0.028185960637200726,1882,0,1.1833150876018967,0.9062215620149844,0.8,1.0538919255497066,1.4973307861147067
top20pct,d8b3a25677006622cb0b,A,60,1d,30m,0.2,capped_rank,2192,1.2513184336478518,0.14468474070481552,0.9388098762601534,1.3378326641196443,0.64103567758749,-0.2257046616333903,102.22351292566208,0.07155645904796346,-0.028185960637200726,1882,0,1.1833150876018967,0.9062215620149844,0.8,1.0538919255497066,1.4973307861147067
top20pct,b4b34167f7813bd9da4f,A,60,1d,1h,0.2,capped_rank,2192,1.2513184336478518,0.14468474070481552,0.9388098762601534,1.3378326641196443,0.64103567758749,-0.2257046616333903,102.22351292566208,0.07155645904796346,-0.028185960637200726,1882,0,1.1833150876018967,0.9062215620149844,0.8,1.0538919255497066,1.4973307861147067
top20pct,3112535b946f47d0434d,A,60,1d,2h,0.2,capped_rank,2192,1.2513184336478518,0.14468474070481552,0.9388098762601534,1.3378326641196443,0.64103567758749,-0.2257046616333903,102.22351292566208,0.07155645904796346,-0.028185960637200726,1882,0,1.1833150876018967,0.9062215620149844,0.8,1.0538919255497066,1.4973307861147067
top20pct,67719b4ba52e0ff25c27,A,60,1d,4h,0.2,capped_rank,2192,1.2513184336478518,0.14468474070481552,0.9388098762601534,1.3378326641196443,0.64103567758749,-0.2257046616333903,102.22351292566208,0.07155645904796346,-0.028185960637200726,1882,0,1.1833150876018967,0.9062215620149844,0.8,1.0538919255497066,1.4973307861147067
top4,207b31c6709fbdd94ef3,A,14,3d,30m,0.2,equal,2192,1.2825561364139206,0.14731430028117232,1.2938797025650857,1.9419064798375865,0.9883657330919069,-0.1490483687858427,61.852935090801836,0.04329705456356128,-0.046165612071886034,683,0,1.2406139809378707,1.2660988872581582,0.8,1.0510906681307266,1.0780550242178537
top4,7f6644b30680ed38aee3,A,14,3d,1h,0.2,equal,2192,1.2825561364139206,0.14731430028117232,1.2938797025650857,1.9419064798375865,0.9883657330919069,-0.1490483687858427,61.852935090801836,0.04329705456356128,-0.046165612071886034,683,0,1.2406139809378707,1.2660988872581582,0.8,1.0510906681307266,1.0780550242178537
top4,f36f7dfdfb89f2ca8e4b,A,14,3d,2h,0.2,equal,2192,1.2825561364139206,0.14731430028117232,1.2938797025650857,1.9419064798375865,0.9883657330919069,-0.1490483687858427,61.852935090801836,0.04329705456356128,-0.046165612071886034,683,0,1.2406139809378707,1.2660988872581582,0.8,1.0510906681307266,1.0780550242178537
top4,67504885123903e3efce,A,14,3d,4h,0.2,equal,2192,1.2825561364139206,0.14731430028117232,1.2938797025650857,1.9419064798375865,0.9883657330919069,-0.1490483687858427,61.852935090801836,0.04329705456356128,-0.046165612071886034,683,0,1.2406139809378707,1.2660988872581582,0.8,1.0510906681307266,1.0780550242178537
top4,21d3560805d39bd74ff8,A,14,3d,1d,0.2,equal,2192,1.2825561364139206,0.14731430028117232,1.2938797025650857,1.9419064798375865,0.9883657330919069,-0.1490483687858427,61.852935090801836,0.04329705456356128,-0.046165612071886034,683,0,1.2406139809378707,1.2660988872581582,0.8,1.0510906681307266,1.0780550242178537
top4,658c4dd3922a1e595d4b,A,14,3d,30m,0.15,equal,2192,0.8699410960831142,0.10984752534028375,1.293879702565086,1.9419064798375865,0.9674849955112325,-0.11353925471706028,46.38970131810137,0.032472790922670955,-0.03462420905391452,683,0,0.8441080178506155,1.2660988872581587,0.8,1.0510906681307266,1.0663082349036481
top4,bf3379367dbc03890217,A,14,3d,1h,0.15,equal,2192,0.8699410960831142,0.10984752534028375,1.293879702565086,1.9419064798375865,0.9674849955112325,-0.11353925471706028,46.38970131810137,0.032472790922670955,-0.03462420905391452,683,0,0.8441080178506155,1.2660988872581587,0.8,1.0510906681307266,1.0663082349036481
top4,e21b24303c0cb7e58a8e,A,14,3d,2h,0.15,equal,2192,0.8699410960831142,0.10984752534028375,1.293879702565086,1.9419064798375865,0.9674849955112325,-0.11353925471706028,46.38970131810137,0.032472790922670955,-0.03462420905391452,683,0,0.8441080178506155,1.2660988872581587,0.8,1.0510906681307266,1.0663082349036481
top4,c2970a65217bba98d778,A,14,3d,4h,0.15,equal,2192,0.8699410960831142,0.10984752534028375,1.293879702565086,1.9419064798375865,0.9674849955112325,-0.11353925471706028,46.38970131810137,0.032472790922670955,-0.03462420905391452,683,0,0.8441080178506155,1.2660988872581587,0.8,1.0510906681307266,1.0663082349036481
top4,cf11c2b91e124531f6be,A,14,3d,1d,0.15,equal,2192,0.8699410960831142,0.10984752534028375,1.293879702565086,1.9419064798375865,0.9674849955112325,-0.11353925471706028,46.38970131810137,0.032472790922670955,-0.03462420905391452,683,0,0.8441080178506155,1.2660988872581587,0.8,1.0510906681307266,1.0663082349036481
top4,a394f3d1e0dcb04accd1,A,14,3d,30m,0.1,equal,2192,0.5248564759809811,0.07277908562565827,1.2938797025650857,1.9419064798375865,0.9467000693424804,-0.0768766032479602,30.926467545400918,0.02164852728178064,-0.023082806035943017,683,0,0.5107782735720707,1.2660988872581582,0.8,1.0510906681307266,1.0541926973547693
top4,4eb585f24108447b343f,A,14,3d,1h,0.1,equal,2192,0.5248564759809811,0.07277908562565827,1.2938797025650857,1.9419064798375865,0.9467000693424804,-0.0768766032479602,30.926467545400918,0.02164852728178064,-0.023082806035943017,683,0,0.5107782735720707,1.2660988872581582,0.8,1.0510906681307266,1.0541926973547693
top4,7358da20d8558a14d4fb,A,14,3d,2h,0.1,equal,2192,0.5248564759809811,0.07277908562565827,1.2938797025650857,1.9419064798375865,0.9467000693424804,-0.0768766032479602,30.926467545400918,0.02164852728178064,-0.023082806035943017,683,0,0.5107782735720707,1.2660988872581582,0.8,1.0510906681307266,1.0541926973547693
top4,319e10f53a0e97b04243,A,14,3d,4h,0.1,equal,2192,0.5248564759809811,0.07277908562565827,1.2938797025650857,1.9419064798375865,0.9467000693424804,-0.0768766032479602,30.926467545400918,0.02164852728178064,-0.023082806035943017,683,0,0.5107782735720707,1.2660988872581582,0.8,1.0510906681307266,1.0541926973547693
top4,0e5c1b7bded540d8b595,A,14,3d,1d,0.1,equal,2192,0.5248564759809811,0.07277908562565827,1.2938797025650857,1.9419064798375865,0.9467000693424804,-0.0768766032479602,30.926467545400918,0.02164852728178064,-0.023082806035943017,683,0,0.5107782735720707,1.2660988872581582,0.8,1.0510906681307266,1.0541926973547693
top2,7f27e00cff29702cb8aa,A,7,3d,30m,0.2,equal,2192,0.5660246571286047,0.07754845853194037,1.0839854921263041,1.787478770252379,0.7425273118270005,-0.10443852676762977,50.76972587625543,0.0355388081133788,-0.01607162243998904,689,0,0.5423518854823244,1.0482523993324078,0.8,1.0454862783020185,1.0341620864005168
top2,d1576b8b674d6c90ac01,A,7,3d,1h,0.2,equal,2192,0.5660246571286047,0.07754845853194037,1.0839854921263041,1.787478770252379,0.7425273118270005,-0.10443852676762977,50.76972587625543,0.0355388081133788,-0.01607162243998904,689,0,0.5423518854823244,1.0482523993324078,0.8,1.0454862783020185,1.0341620864005168
top2,1189cf196a4c7db36adc,A,7,3d,2h,0.2,equal,2192,0.5660246571286047,0.07754845853194037,1.0839854921263041,1.787478770252379,0.7425273118270005,-0.10443852676762977,50.76972587625543,0.0355388081133788,-0.01607162243998904,689,0,0.5423518854823244,1.0482523993324078,0.8,1.0454862783020185,1.0341620864005168
top2,41d5d8c6f3e8518f38ae,A,7,3d,4h,0.2,equal,2192,0.5660246571286047,0.07754845853194037,1.0839854921263041,1.787478770252379,0.7425273118270005,-0.10443852676762977,50.76972587625543,0.0355388081133788,-0.01607162243998904,689,0,0.5423518854823244,1.0482523993324078,0.8,1.0454862783020185,1.0341620864005168
top2,a15cf6c823baaf190eac,A,7,3d,1d,0.2,equal,2192,0.5660246571286047,0.07754845853194037,1.0839854921263041,1.787478770252379,0.7425273118270005,-0.10443852676762977,50.76972587625543,0.0355388081133788,-0.01607162243998904,689,0,0.5423518854823244,1.0482523993324078,0.8,1.0454862783020185,1.0341620864005168
top2,5b8469dcc9c1d22dfcf5,A,7,3d,30m,0.1,equal,2192,0.2561749060782905,0.03870755362826439,1.0839854921263041,1.787478770252379,0.7247338977565969,-0.05340933237438328,25.384862938127714,0.0177694040566894,-0.00803581121999452,689,0,0.2466446281710435,1.0482523993324078,0.8,1.0454862783020185,1.0195053640344567
top2,4d4201e925093586250e,A,7,3d,1h,0.1,equal,2192,0.2561749060782905,0.03870755362826439,1.0839854921263041,1.787478770252379,0.7247338977565969,-0.05340933237438328,25.384862938127714,0.0177694040566894,-0.00803581121999452,689,0,0.2466446281710435,1.0482523993324078,0.8,1.0454862783020185,1.0195053640344567
top2,09016cbfe935d158c7bb,A,7,3d,2h,0.1,equal,2192,0.2561749060782905,0.03870755362826439,1.0839854921263041,1.787478770252379,0.7247338977565969,-0.05340933237438328,25.384862938127714,0.0177694040566894,-0.00803581121999452,689,0,0.2466446281710435,1.0482523993324078,0.8,1.0454862783020185,1.0195053640344567
top2,60ed7e3b523bfc08cb4f,A,7,3d,4h,0.1,equal,2192,0.2561749060782905,0.03870755362826439,1.0839854921263041,1.787478770252379,0.7247338977565969,-0.05340933237438328,25.384862938127714,0.0177694040566894,-0.00803581121999452,689,0,0.2466446281710435,1.0482523993324078,0.8,1.0454862783020185,1.0195053640344567
top2,3501ab334d2c2c6d90dd,A,7,3d,1d,0.1,equal,2192,0.2561749060782905,0.03870755362826439,1.0839854921263041,1.787478770252379,0.7247338977565969,-0.05340933237438328,25.384862938127714,0.0177694040566894,-0.00803581121999452,689,0,0.2466446281710435,1.0482523993324078,0.8,1.0454862783020185,1.0195053640344567
top2,50da821a632afe138c7f,A,7,3d,30m,0.15,equal,2192,0.40389924199045946,0.05811673902694259,1.0839854921263044,1.7874787702523791,0.7336429377348179,-0.07921665436647252,38.07729440719156,0.026654106085034095,-0.012053716829991783,689,0,0.3879527751199492,1.048252399332408,0.8,1.0454862783020182,1.0269030173786111
top2,8c254baacbfd57e6cac9,A,7,3d,1h,0.15,equal,2192,0.40389924199045946,0.05811673902694259,1.0839854921263044,1.7874787702523791,0.7336429377348179,-0.07921665436647252,38.07729440719156,0.026654106085034095,-0.012053716829991783,689,0,0.3879527751199492,1.048252399332408,0.8,1.0454862783020182,1.0269030173786111
top2,5c0c09059f464f218bed,A,7,3d,2h,0.15,equal,2192,0.40389924199045946,0.05811673902694259,1.0839854921263044,1.7874787702523791,0.7336429377348179,-0.07921665436647252,38.07729440719156,0.026654106085034095,-0.012053716829991783,689,0,0.3879527751199492,1.048252399332408,0.8,1.0454862783020182,1.0269030173786111
top2,a3d19742ff9ef7af6f5d,A,7,3d,4h,0.15,equal,2192,0.40389924199045946,0.05811673902694259,1.0839854921263044,1.7874787702523791,0.7336429377348179,-0.07921665436647252,38.07729440719156,0.026654106085034095,-0.012053716829991783,689,0,0.3879527751199492,1.048252399332408,0.8,1.0454862783020182,1.0269030173786111
top2,c51830ebefdbb6d21842,A,7,3d,1d,0.15,equal,2192,0.40389924199045946,0.05811673902694259,1.0839854921263044,1.7874787702523791,0.7336429377348179,-0.07921665436647252,38.07729440719156,0.026654106085034095,-0.012053716829991783,689,0,0.3879527751199492,1.048252399332408,0.8,1.0454862783020182,1.0269030173786111
top20pct,dbb26e36f0400bc48bfd,A,60,6h,5m,0.15,equal,2192,0.42510921252345035,0.060762022106485736,0.911386647017129,1.3316348284487427,0.5290590797918753,-0.11484921897643019,39.7939956300948,0.02785579694106636,-0.02913410011121813,1922,0,0.40819972941440485,0.8818090598989204,0.8,1.0446550568869455,1.0036105252657739
top20pct,be562b5778d8f937c0ab,A,60,1d,5m,0.15,equal,2192,0.42510921252345035,0.060762022106485736,0.911386647017129,1.3316348284487427,0.5290590797918753,-0.11484921897643019,39.7939956300948,0.02785579694106636,-0.02913410011121813,1922,0,0.40819972941440485,0.8818090598989204,0.8,1.0446550568869455,1.0036105252657739
top20pct,b9262618c3582204b0a6,A,60,12h,15m,0.15,equal,2192,0.42510921252345035,0.060762022106485736,0.911386647017129,1.3316348284487427,0.5290590797918753,-0.11484921897643019,39.7939956300948,0.02785579694106636,-0.02913410011121813,1922,0,0.40819972941440485,0.8818090598989204,0.8,1.0446550568869455,1.0036105252657739
top20pct,15317ad8d24087c716c6,A,60,1d,15m,0.15,equal,2192,0.42510921252345035,0.060762022106485736,0.911386647017129,1.3316348284487427,0.5290590797918753,-0.11484921897643019,39.7939956300948,0.02785579694106636,-0.02913410011121813,1922,0,0.40819972941440485,0.8818090598989204,0.8,1.0446550568869455,1.0036105252657739
top20pct,1e9f6e55477e89f569b0,A,60,1d,30m,0.15,equal,2192,0.42510921252345035,0.060762022106485736,0.911386647017129,1.3316348284487427,0.5290590797918753,-0.11484921897643019,39.7939956300948,0.02785579694106636,-0.02913410011121813,1922,0,0.40819972941440485,0.8818090598989204,0.8,1.0446550568869455,1.0036105252657739
top20pct,6838a5425e8181e7a1d5,A,60,1d,1h,0.15,equal,2192,0.42510921252345035,0.060762022106485736,0.911386647017129,1.3316348284487427,0.5290590797918753,-0.11484921897643019,39.7939956300948,0.02785579694106636,-0.02913410011121813,1922,0,0.40819972941440485,0.8818090598989204,0.8,1.0446550568869455,1.0036105252657739
top20pct,d52fdff0d4f5cb2ec4b0,A,60,1d,2h,0.15,equal,2192,0.42510921252345035,0.060762022106485736,0.911386647017129,1.3316348284487427,0.5290590797918753,-0.11484921897643019,39.7939956300948,0.02785579694106636,-0.02913410011121813,1922,0,0.40819972941440485,0.8818090598989204,0.8,1.0446550568869455,1.0036105252657739
top20pct,779bb98488030e92dc18,A,60,1d,4h,0.15,equal,2192,0.42510921252345035,0.060762022106485736,0.911386647017129,1.3316348284487427,0.5290590797918753,-0.11484921897643019,39.7939956300948,0.02785579694106636,-0.02913410011121813,1922,0,0.40819972941440485,0.8818090598989204,0.8,1.0446550568869455,1.0036105252657739
top20pct,3d18dcb053ced5bbf64b,A,60,6h,5m,0.2,equal,2192,0.594110668000823,0.08074262707860647,0.9113866470171288,1.3316348284487425,0.5339920562712512,-0.15120567081543201,53.05866084012641,0.03714106258808848,-0.03884546681495751,1922,0,0.5689420840520509,0.8818090598989204,0.8,1.0446550568869453,1.0125512687645377
top20pct,369643f652ad35a51c32,A,60,1d,5m,0.2,equal,2192,0.594110668000823,0.08074262707860647,0.9113866470171288,1.3316348284487425,0.5339920562712512,-0.15120567081543201,53.05866084012641,0.03714106258808848,-0.03884546681495751,1922,0,0.5689420840520509,0.8818090598989204,0.8,1.0446550568869453,1.0125512687645377
top20pct,011022373aa91fa6f9ee,A,60,12h,15m,0.2,equal,2192,0.594110668000823,0.08074262707860647,0.9113866470171288,1.3316348284487425,0.5339920562712512,-0.15120567081543201,53.05866084012641,0.03714106258808848,-0.03884546681495751,1922,0,0.5689420840520509,0.8818090598989204,0.8,1.0446550568869453,1.0125512687645377
top20pct,6154ea1fee459af4c75e,A,60,1d,15m,0.2,equal,2192,0.594110668000823,0.08074262707860647,0.9113866470171288,1.3316348284487425,0.5339920562712512,-0.15120567081543201,53.05866084012641,0.03714106258808848,-0.03884546681495751,1922,0,0.5689420840520509,0.8818090598989204,0.8,1.0446550568869453,1.0125512687645377
top20pct,421375bdab0c9aeb5aa7,A,60,1d,30m,0.2,equal,2192,0.594110668000823,0.08074262707860647,0.9113866470171288,1.3316348284487425,0.5339920562712512,-0.15120567081543201,53.05866084012641,0.03714106258808848,-0.03884546681495751,1922,0,0.5689420840520509,0.8818090598989204,0.8,1.0446550568869453,1.0125512687645377
top20pct,6f364d1527a0435c0329,A,60,1d,1h,0.2,equal,2192,0.594110668000823,0.08074262707860647,0.9113866470171288,1.3316348284487425,0.5339920562712512,-0.15120567081543201,53.05866084012641,0.03714106258808848,-0.03884546681495751,1922,0,0.5689420840520509,0.8818090598989204,0.8,1.0446550568869453,1.0125512687645377
top20pct,8c000f28e156a405933f,A,60,1d,2h,0.2,equal,2192,0.594110668000823,0.08074262707860647,0.9113866470171288,1.3316348284487425,0.5339920562712512,-0.15120567081543201,53.05866084012641,0.03714106258808848,-0.03884546681495751,1922,0,0.5689420840520509,0.8818090598989204,0.8,1.0446550568869453,1.0125512687645377
top20pct,5a9623f900c6c3626d9f,A,60,1d,4h,0.2,equal,2192,0.594110668000823,0.08074262707860647,0.9113866470171288,1.3316348284487425,0.5339920562712512,-0.15120567081543201,53.05866084012641,0.03714106258808848,-0.03884546681495751,1922,0,0.5689420840520509,0.8818090598989204,0.8,1.0446550568869453,1.0125512687645377
top20pct,5620c5f5b6df75befd28,A,60,6h,5m,0.1,equal,2192,0.27020303346864516,0.0406301276018004,0.9113866470171288,1.3316348284487425,0.5240987169399647,-0.07752380665807768,26.529330420063204,0.01857053129404424,-0.019422733407478757,1922,0,0.2601349424212549,0.8818090598989204,0.8,1.0446550568869453,0.9944203559991532
top20pct,3581d96e2bd6302f9f0f,A,60,1d,5m,0.1,equal,2192,0.27020303346864516,0.0406301276018004,0.9113866470171288,1.3316348284487425,0.5240987169399647,-0.07752380665807768,26.529330420063204,0.01857053129404424,-0.019422733407478757,1922,0,0.2601349424212549,0.8818090598989204,0.8,1.0446550568869453,0.9944203559991532
top20pct,544978ff03a3bb2bdfc5,A,60,12h,15m,0.1,equal,2192,0.27020303346864516,0.0406301276018004,0.9113866470171288,1.3316348284487425,0.5240987169399647,-0.07752380665807768,26.529330420063204,0.01857053129404424,-0.019422733407478757,1922,0,0.2601349424212549,0.8818090598989204,0.8,1.0446550568869453,0.9944203559991532
top20pct,50f38cda3a43acccfa7a,A,60,1d,15m,0.1,equal,2192,0.27020303346864516,0.0406301276018004,0.9113866470171288,1.3316348284487425,0.5240987169399647,-0.07752380665807768,26.529330420063204,0.01857053129404424,-0.019422733407478757,1922,0,0.2601349424212549,0.8818090598989204,0.8,1.0446550568869453,0.9944203559991532
top20pct,aaae4d511e8f2af155af,A,60,1d,30m,0.1,equal,2192,0.27020303346864516,0.0406301276018004,0.9113866470171288,1.3316348284487425,0.5240987169399647,-0.07752380665807768,26.529330420063204,0.01857053129404424,-0.019422733407478757,1922,0,0.2601349424212549,0.8818090598989204,0.8,1.0446550568869453,0.9944203559991532
top20pct,0ed15d1d4d28d9cc228c,A,60,1d,1h,0.1,equal,2192,0.27020303346864516,0.0406301276018004,0.9113866470171288,1.3316348284487425,0.5240987169399647,-0.07752380665807768,26.529330420063204,0.01857053129404424,-0.019422733407478757,1922,0,0.2601349424212549,0.8818090598989204,0.8,1.0446550568869453,0.9944203559991532
top20pct,99d0a6f6b1ab955637b1,A,60,1d,2h,0.1,equal,2192,0.27020303346864516,0.0406301276018004,0.9113866470171288,1.3316348284487425,0.5240987169399647,-0.07752380665807768,26.529330420063204,0.01857053129404424,-0.019422733407478757,1922,0,0.2601349424212549,0.8818090598989204,0.8,1.0446550568869453,0.9944203559991532
top20pct,e484cd9de1298863aa69,A,60,1d,4h,0.1,equal,2192,0.27020303346864516,0.0406301276018004,0.9113866470171288,1.3316348284487425,0.5240987169399647,-0.07752380665807768,26.529330420063204,0.01857053129404424,-0.019422733407478757,1922,0,0.2601349424212549,0.8818090598989204,0.8,1.0446550568869453,0.9944203559991532
top20pct,065f1eb2a800995aacbd,A,30,3d,30m,0.2,equal,2192,1.1079192436843037,0.13220850669561912,1.5003064883534862,2.2613366399747536,1.1105973559500668,-0.11904269894692898,34.10823432850164,0.02387576402995115,-0.03708261386944902,678,0,1.0864700974833958,1.4803607797570728,0.8,1.0435275039862106,1.0689132319641796
top20pct,6de5a140230276e879af,A,30,3d,1h,0.2,equal,2192,1.1079192436843037,0.13220850669561912,1.5003064883534862,2.2613366399747536,1.1105973559500668,-0.11904269894692898,34.10823432850164,0.02387576402995115,-0.03708261386944902,678,0,1.0864700974833958,1.4803607797570728,0.8,1.0435275039862106,1.0689132319641796
top20pct,b2f2c061dd10b78c3c8e,A,30,3d,2h,0.2,equal,2192,1.1079192436843037,0.13220850669561912,1.5003064883534862,2.2613366399747536,1.1105973559500668,-0.11904269894692898,34.10823432850164,0.02387576402995115,-0.03708261386944902,678,0,1.0864700974833958,1.4803607797570728,0.8,1.0435275039862106,1.0689132319641796
top20pct,278cf33f9b1012c4c602,A,30,3d,4h,0.2,equal,2192,1.1079192436843037,0.13220850669561912,1.5003064883534862,2.2613366399747536,1.1105973559500668,-0.11904269894692898,34.10823432850164,0.02387576402995115,-0.03708261386944902,678,0,1.0864700974833958,1.4803607797570728,0.8,1.0435275039862106,1.0689132319641796
top20pct,7f891c15f9126c5981f2,A,30,3d,1d,0.2,equal,2192,1.1079192436843037,0.13220850669561912,1.5003064883534862,2.2613366399747536,1.1105973559500668,-0.11904269894692898,34.10823432850164,0.02387576402995115,-0.03708261386944902,678,0,1.0864700974833958,1.4803607797570728,0.8,1.0435275039862106,1.0689132319641796
top20pct,6b6ad07328f978cdd49e,A,30,3d,30m,0.15,equal,2192,0.7565818784243281,0.0983502673667156,1.5003064883534862,2.2613366399747536,1.093815294946067,-0.08991487669000364,25.58117574637623,0.01790682302246336,-0.027811960402086767,678,0,0.7431576710237044,1.480360779757073,0.8,1.0435275039862106,1.0601120277026248
top20pct,1df3aa39b1c2e08e62a5,A,30,3d,1h,0.15,equal,2192,0.7565818784243281,0.0983502673667156,1.5003064883534862,2.2613366399747536,1.093815294946067,-0.08991487669000364,25.58117574637623,0.01790682302246336,-0.027811960402086767,678,0,0.7431576710237044,1.480360779757073,0.8,1.0435275039862106,1.0601120277026248
top20pct,185ad807fe5cc2e255ba,A,30,3d,2h,0.15,equal,2192,0.7565818784243281,0.0983502673667156,1.5003064883534862,2.2613366399747536,1.093815294946067,-0.08991487669000364,25.58117574637623,0.01790682302246336,-0.027811960402086767,678,0,0.7431576710237044,1.480360779757073,0.8,1.0435275039862106,1.0601120277026248
top20pct,deb056eb8c51d486d0f8,A,30,3d,4h,0.15,equal,2192,0.7565818784243281,0.0983502673667156,1.5003064883534862,2.2613366399747536,1.093815294946067,-0.08991487669000364,25.58117574637623,0.01790682302246336,-0.027811960402086767,678,0,0.7431576710237044,1.480360779757073,0.8,1.0435275039862106,1.0601120277026248
top20pct,8cf848026af5d5f163e1,A,30,3d,1d,0.15,equal,2192,0.7565818784243281,0.0983502673667156,1.5003064883534862,2.2613366399747536,1.093815294946067,-0.08991487669000364,25.58117574637623,0.01790682302246336,-0.027811960402086767,678,0,0.7431576710237044,1.480360779757073,0.8,1.0435275039862106,1.0601120277026248
top20pct,270bd32cadd1a4771f5b,A,30,3d,30m,0.1,equal,2192,0.4598187905001405,0.06502100582091908,1.5003064883534862,2.2613366399747536,1.0773654105992334,-0.06035185943528132,17.05411716425082,0.011937882014975575,-0.01854130693472451,678,0,0.45237090494102405,1.4803607797570728,0.8,1.0435275039862106,1.0510436050802845
top20pct,323b4feaced53487329b,A,30,3d,1h,0.1,equal,2192,0.4598187905001405,0.06502100582091908,1.5003064883534862,2.2613366399747536,1.0773654105992334,-0.06035185943528132,17.05411716425082,0.011937882014975575,-0.01854130693472451,678,0,0.45237090494102405,1.4803607797570728,0.8,1.0435275039862106,1.0510436050802845
top20pct,a344912d45590254a457,A,30,3d,2h,0.1,equal,2192,0.4598187905001405,0.06502100582091908,1.5003064883534862,2.2613366399747536,1.0773654105992334,-0.06035185943528132,17.05411716425082,0.011937882014975575,-0.01854130693472451,678,0,0.45237090494102405,1.4803607797570728,0.8,1.0435275039862106,1.0510436050802845
top20pct,b313ea5a8547d7067007,A,30,3d,4h,0.1,equal,2192,0.4598187905001405,0.06502100582091908,1.5003064883534862,2.2613366399747536,1.0773654105992334,-0.06035185943528132,17.05411716425082,0.011937882014975575,-0.01854130693472451,678,0,0.45237090494102405,1.4803607797570728,0.8,1.0435275039862106,1.0510436050802845
top20pct,3454be7a6c8376f4c032,A,30,3d,1d,0.1,equal,2192,0.4598187905001405,0.06502100582091908,1.5003064883534862,2.2613366399747536,1.0773654105992334,-0.06035185943528132,17.05411716425082,0.011937882014975575,-0.01854130693472451,678,0,0.45237090494102405,1.4803607797570728,0.8,1.0435275039862106,1.0510436050802845
top8,ff60c5f119ea390a7111,A,60,3d,30m,0.2,capped_rank,2192,1.3358048435355543,0.15172837063513045,0.998895858738742,1.3403673407032366,0.5265252045535253,-0.2881692449344201,51.5082538345884,0.03605577768421188,-0.04677064042903034,639,0,1.299992229447322,0.9820756945710106,0.8,1.0386194207430621,1.1997762486799335
top8,b1abf51830e3a7c1a1a8,A,60,3d,1h,0.2,capped_rank,2192,1.3358048435355543,0.15172837063513045,0.998895858738742,1.3403673407032366,0.5265252045535253,-0.2881692449344201,51.5082538345884,0.03605577768421188,-0.04677064042903034,639,0,1.299992229447322,0.9820756945710106,0.8,1.0386194207430621,1.1997762486799335
top8,9764fc0783078f72e9d6,A,60,3d,2h,0.2,capped_rank,2192,1.3358048435355543,0.15172837063513045,0.998895858738742,1.3403673407032366,0.5265252045535253,-0.2881692449344201,51.5082538345884,0.03605577768421188,-0.04677064042903034,639,0,1.299992229447322,0.9820756945710106,0.8,1.0386194207430621,1.1997762486799335
top8,e4320329b114cd07af33,A,60,3d,4h,0.2,capped_rank,2192,1.3358048435355543,0.15172837063513045,0.998895858738742,1.3403673407032366,0.5265252045535253,-0.2881692449344201,51.5082538345884,0.03605577768421188,-0.04677064042903034,639,0,1.299992229447322,0.9820756945710106,0.8,1.0386194207430621,1.1997762486799335
top8,b77b66ac466700ef249e,A,60,3d,1d,0.2,capped_rank,2192,1.3358048435355543,0.15172837063513045,0.998895858738742,1.3403673407032366,0.5265252045535253,-0.2881692449344201,51.5082538345884,0.03605577768421188,-0.04677064042903034,639,0,1.299992229447322,0.9820756945710106,0.8,1.0386194207430621,1.1997762486799335
top20pct,28dd546bb97bfbef8ea2,A,14,7d,1h,0.2,inverse_vol,2192,0.9120255483976463,0.11396823991956251,1.190193031798356,1.6967666587463124,1.0945499289871974,-0.10412338158481171,34.136166558550705,0.023895316590985493,-0.03889317570326206,301,0,0.8925399359964379,1.1720192887418026,0.8,1.0384666692763003,1.9356837135103502
top20pct,7482673401a8a5715e24,A,14,7d,2h,0.2,inverse_vol,2192,0.9120255483976463,0.11396823991956251,1.190193031798356,1.6967666587463124,1.0945499289871974,-0.10412338158481171,34.136166558550705,0.023895316590985493,-0.03889317570326206,301,0,0.8925399359964379,1.1720192887418026,0.8,1.0384666692763003,1.9356837135103502
top20pct,42a355e982b6e85feb8f,A,14,7d,4h,0.2,inverse_vol,2192,0.9120255483976463,0.11396823991956251,1.190193031798356,1.6967666587463124,1.0945499289871974,-0.10412338158481171,34.136166558550705,0.023895316590985493,-0.03889317570326206,301,0,0.8925399359964379,1.1720192887418026,0.8,1.0384666692763003,1.9356837135103502
top20pct,90393ffa122b5f9e260c,A,14,7d,1d,0.2,inverse_vol,2192,0.9120255483976463,0.11396823991956251,1.190193031798356,1.6967666587463124,1.0945499289871974,-0.10412338158481171,34.136166558550705,0.023895316590985493,-0.03889317570326206,301,0,0.8925399359964379,1.1720192887418026,0.8,1.0384666692763003,1.9356837135103502
top20pct,03cd026e56ee5c099b3d,A,14,7d,1h,0.1,inverse_vol,2192,0.3920532826173617,0.05662479482068705,1.190193031798356,1.6967666587463124,1.0633803522470935,-0.05324980351670949,17.068083279275353,0.011947658295492746,-0.01944658785163103,301,0,0.38494278264164694,1.1720192887418026,0.8,1.0384666692763003,1.9436732971894681
top20pct,349c2124eb2f8350555f,A,14,7d,2h,0.1,inverse_vol,2192,0.3920532826173617,0.05662479482068705,1.190193031798356,1.6967666587463124,1.0633803522470935,-0.05324980351670949,17.068083279275353,0.011947658295492746,-0.01944658785163103,301,0,0.38494278264164694,1.1720192887418026,0.8,1.0384666692763003,1.9436732971894681
top20pct,d57ecae8429349c43bb6,A,14,7d,4h,0.1,inverse_vol,2192,0.3920532826173617,0.05662479482068705,1.190193031798356,1.6967666587463124,1.0633803522470935,-0.05324980351670949,17.068083279275353,0.011947658295492746,-0.01944658785163103,301,0,0.38494278264164694,1.1720192887418026,0.8,1.0384666692763003,1.9436732971894681
top20pct,f8edc3696449d9445e91,A,14,7d,1d,0.1,inverse_vol,2192,0.3920532826173617,0.05662479482068705,1.190193031798356,1.6967666587463124,1.0633803522470935,-0.05324980351670949,17.068083279275353,0.011947658295492746,-0.01944658785163103,301,0,0.38494278264164694,1.1720192887418026,0.8,1.0384666692763003,1.9436732971894681
top20pct,5b322dc7241f117fa4f6,A,14,7d,1h,0.15,inverse_vol,2192,0.634183746670214,0.08521980648854743,1.190193031798356,1.696766658746313,1.0790242795423954,-0.07897858102385646,25.602124918913027,0.01792148744323912,-0.029169881777446543,301,0,0.6216780324278985,1.1720192887418026,0.8,1.0384666692763,1.9399073516933665
top20pct,754e731bc82599708c0d,A,14,7d,2h,0.15,inverse_vol,2192,0.634183746670214,0.08521980648854743,1.190193031798356,1.696766658746313,1.0790242795423954,-0.07897858102385646,25.602124918913027,0.01792148744323912,-0.029169881777446543,301,0,0.6216780324278985,1.1720192887418026,0.8,1.0384666692763,1.9399073516933665
top20pct,702bf63f05e4bf2c8730,A,14,7d,4h,0.15,inverse_vol,2192,0.634183746670214,0.08521980648854743,1.190193031798356,1.696766658746313,1.0790242795423954,-0.07897858102385646,25.602124918913027,0.01792148744323912,-0.029169881777446543,301,0,0.6216780324278985,1.1720192887418026,0.8,1.0384666692763,1.9399073516933665
top20pct,444d3f8591e6c65cae62,A,14,7d,1d,0.15,inverse_vol,2192,0.634183746670214,0.08521980648854743,1.190193031798356,1.696766658746313,1.0790242795423954,-0.07897858102385646,25.602124918913027,0.01792148744323912,-0.029169881777446543,301,0,0.6216780324278985,1.1720192887418026,0.8,1.0384666692763,1.9399073516933665
top20pct,1816531a97af3bbf15b4,A,90,7d,1h,0.2,inverse_vol,2192,0.6851207784344935,0.09078052558103189,0.9999359049304597,1.4015675686159121,0.6854303615231981,-0.1324431053496008,14.664049834738499,0.01026483488431695,-0.05229853794899461,283,0,0.6777182228687302,0.991805257124168,0.6,1.033174126048549,1.313488889599553
top20pct,010f4274a99efd61a10d,A,90,7d,2h,0.2,inverse_vol,2192,0.6851207784344935,0.09078052558103189,0.9999359049304597,1.4015675686159121,0.6854303615231981,-0.1324431053496008,14.664049834738499,0.01026483488431695,-0.05229853794899461,283,0,0.6777182228687302,0.991805257124168,0.6,1.033174126048549,1.313488889599553
top20pct,f8ae43fd11ff91cdcb47,A,90,7d,4h,0.2,inverse_vol,2192,0.6851207784344935,0.09078052558103189,0.9999359049304597,1.4015675686159121,0.6854303615231981,-0.1324431053496008,14.664049834738499,0.01026483488431695,-0.05229853794899461,283,0,0.6777182228687302,0.991805257124168,0.6,1.033174126048549,1.313488889599553
top20pct,d3c072dc9a350cda8086,A,90,7d,1d,0.2,inverse_vol,2192,0.6851207784344935,0.09078052558103189,0.9999359049304597,1.4015675686159121,0.6854303615231981,-0.1324431053496008,14.664049834738499,0.01026483488431695,-0.05229853794899461,283,0,0.6777182228687302,0.991805257124168,0.6,1.033174126048549,1.313488889599553
top20pct,cc19378e09eb0fa90344,A,90,7d,1h,0.1,inverse_vol,2192,0.3062285491221386,0.04548759887757092,0.9999359049304597,1.4015675686159121,0.6736337935573762,-0.0675257080517837,7.3320249173692496,0.005132417442158475,-0.026149268974497306,283,0,0.30335745163478256,0.991805257124168,0.6,1.033174126048549,1.3014498058245867
top20pct,5c2584aee21dcbdab620,A,90,7d,2h,0.1,inverse_vol,2192,0.3062285491221386,0.04548759887757092,0.9999359049304597,1.4015675686159121,0.6736337935573762,-0.0675257080517837,7.3320249173692496,0.005132417442158475,-0.026149268974497306,283,0,0.30335745163478256,0.991805257124168,0.6,1.033174126048549,1.3014498058245867
top20pct,e834eef8ac8fe96d31e5,A,90,7d,4h,0.1,inverse_vol,2192,0.3062285491221386,0.04548759887757092,0.9999359049304597,1.4015675686159121,0.6736337935573762,-0.0675257080517837,7.3320249173692496,0.005132417442158475,-0.026149268974497306,283,0,0.30335745163478256,0.991805257124168,0.6,1.033174126048549,1.3014498058245867
top20pct,5962d7489c243139359d,A,90,7d,1d,0.1,inverse_vol,2192,0.3062285491221386,0.04548759887757092,0.9999359049304597,1.4015675686159121,0.6736337935573762,-0.0675257080517837,7.3320249173692496,0.005132417442158475,-0.026149268974497306,283,0,0.30335745163478256,0.991805257124168,0.6,1.033174126048549,1.3014498058245867
top20pct,ec39a7910dd5f88acbeb,A,90,7d,1h,0.15,inverse_vol,2192,0.48593652957336153,0.0681704369836762,0.9999359049304596,1.401567568615912,0.679981355329235,-0.10025339143404788,10.998037376053873,0.00769862616323771,-0.03922390346174595,283,0,0.48103913397969955,0.9918052571241679,0.6,1.0331741260485485,1.3076658753589285
top20pct,89ebed1e9cd0f0a5b9f4,A,90,7d,2h,0.15,inverse_vol,2192,0.48593652957336153,0.0681704369836762,0.9999359049304596,1.401567568615912,0.679981355329235,-0.10025339143404788,10.998037376053873,0.00769862616323771,-0.03922390346174595,283,0,0.48103913397969955,0.9918052571241679,0.6,1.0331741260485485,1.3076658753589285
top20pct,1a3bc763ef571e73d2bc,A,90,7d,4h,0.15,inverse_vol,2192,0.48593652957336153,0.0681704369836762,0.9999359049304596,1.401567568615912,0.679981355329235,-0.10025339143404788,10.998037376053873,0.00769862616323771,-0.03922390346174595,283,0,0.48103913397969955,0.9918052571241679,0.6,1.0331741260485485,1.3076658753589285
top20pct,8670d3286f00b8f623c1,A,90,7d,1d,0.15,inverse_vol,2192,0.48593652957336153,0.0681704369836762,0.9999359049304596,1.401567568615912,0.679981355329235,-0.10025339143404788,10.998037376053873,0.00769862616323771,-0.03922390346174595,283,0,0.48103913397969955,0.9918052571241679,0.6,1.0331741260485485,1.3076658753589285
top2,9b46a572df1f29af07b8,A,7,3d,30m,0.2,inverse_vol,2192,0.6238442341943236,0.08407345644595532,1.1129433728595208,1.8357947646707569,0.7562694020197072,-0.11116866056120633,53.18601031895963,0.03723020722327175,-0.015537075907814706,689,0,0.5981389812117572,1.077421216015226,0.8,1.0320231558542057,0.9684709185633767
top2,688113bec954c2500939,A,7,3d,1h,0.2,inverse_vol,2192,0.6238442341943236,0.08407345644595532,1.1129433728595208,1.8357947646707569,0.7562694020197072,-0.11116866056120633,53.18601031895963,0.03723020722327175,-0.015537075907814706,689,0,0.5981389812117572,1.077421216015226,0.8,1.0320231558542057,0.9684709185633767
top2,9d95a9eda500a07df5b9,A,7,3d,2h,0.2,inverse_vol,2192,0.6238442341943236,0.08407345644595532,1.1129433728595208,1.8357947646707569,0.7562694020197072,-0.11116866056120633,53.18601031895963,0.03723020722327175,-0.015537075907814706,689,0,0.5981389812117572,1.077421216015226,0.8,1.0320231558542057,0.9684709185633767
top2,2bfeb5a5ac82a380fe08,A,7,3d,4h,0.2,inverse_vol,2192,0.6238442341943236,0.08407345644595532,1.1129433728595208,1.8357947646707569,0.7562694020197072,-0.11116866056120633,53.18601031895963,0.03723020722327175,-0.015537075907814706,689,0,0.5981389812117572,1.077421216015226,0.8,1.0320231558542057,0.9684709185633767
top2,a0058f50b08055bf00aa,A,7,3d,1d,0.2,inverse_vol,2192,0.6238442341943236,0.08407345644595532,1.1129433728595208,1.8357947646707569,0.7562694020197072,-0.11116866056120633,53.18601031895963,0.03723020722327175,-0.015537075907814706,689,0,0.5981389812117572,1.077421216015226,0.8,1.0320231558542057,0.9684709185633767
top2,9ad2a351cfa8bde01bf1,A,7,3d,30m,0.15,inverse_vol,2192,0.4430499928774587,0.06297407978323677,1.112943372859521,1.835794764670757,0.7461550181910567,-0.08439811868572322,39.889507739219724,0.02792265541745381,-0.011652806930861032,689,0,0.4258836384206708,1.0774212160152257,0.8,1.0320231558542057,0.9614973221150648
top2,29aa7d6b2896129a94cb,A,7,3d,1h,0.15,inverse_vol,2192,0.4430499928774587,0.06297407978323677,1.112943372859521,1.835794764670757,0.7461550181910567,-0.08439811868572322,39.889507739219724,0.02792265541745381,-0.011652806930861032,689,0,0.4258836384206708,1.0774212160152257,0.8,1.0320231558542057,0.9614973221150648
top2,4edf45881853aab35ba6,A,7,3d,2h,0.15,inverse_vol,2192,0.4430499928774587,0.06297407978323677,1.112943372859521,1.835794764670757,0.7461550181910567,-0.08439811868572322,39.889507739219724,0.02792265541745381,-0.011652806930861032,689,0,0.4258836384206708,1.0774212160152257,0.8,1.0320231558542057,0.9614973221150648
top2,7d04afa6cb222e9a79be,A,7,3d,4h,0.15,inverse_vol,2192,0.4430499928774587,0.06297407978323677,1.112943372859521,1.835794764670757,0.7461550181910567,-0.08439811868572322,39.889507739219724,0.02792265541745381,-0.011652806930861032,689,0,0.4258836384206708,1.0774212160152257,0.8,1.0320231558542057,0.9614973221150648
top2,636007933ffb6bc69bfa,A,7,3d,1d,0.15,inverse_vol,2192,0.4430499928774587,0.06297407978323677,1.112943372859521,1.835794764670757,0.7461550181910567,-0.08439811868572322,39.889507739219724,0.02792265541745381,-0.011652806930861032,689,0,0.4258836384206708,1.0774212160152257,0.8,1.0320231558542057,0.9614973221150648
top2,954aa0eda61df2fc5a27,A,7,3d,30m,0.1,inverse_vol,2192,0.27968982784491825,0.041920298802762934,1.1129433728595208,1.8357947646707569,0.736028025609389,-0.05695475898224844,26.593005159479816,0.018615103611635875,-0.007768537953907353,689,0,0.26952102912080567,1.077421216015226,0.8,1.0320231558542057,0.9543851069116501
top2,ec877d0d921d399e0c84,A,7,3d,1h,0.1,inverse_vol,2192,0.27968982784491825,0.041920298802762934,1.1129433728595208,1.8357947646707569,0.736028025609389,-0.05695475898224844,26.593005159479816,0.018615103611635875,-0.007768537953907353,689,0,0.26952102912080567,1.077421216015226,0.8,1.0320231558542057,0.9543851069116501
top2,69a08b7a527650d0e649,A,7,3d,2h,0.1,inverse_vol,2192,0.27968982784491825,0.041920298802762934,1.1129433728595208,1.8357947646707569,0.736028025609389,-0.05695475898224844,26.593005159479816,0.018615103611635875,-0.007768537953907353,689,0,0.26952102912080567,1.077421216015226,0.8,1.0320231558542057,0.9543851069116501
top2,438fc9efefe87e7f7243,A,7,3d,4h,0.1,inverse_vol,2192,0.27968982784491825,0.041920298802762934,1.1129433728595208,1.8357947646707569,0.736028025609389,-0.05695475898224844,26.593005159479816,0.018615103611635875,-0.007768537953907353,689,0,0.26952102912080567,1.077421216015226,0.8,1.0320231558542057,0.9543851069116501
top2,84514e2b3d62496c686c,A,7,3d,1d,0.1,inverse_vol,2192,0.27968982784491825,0.041920298802762934,1.1129433728595208,1.8357947646707569,0.736028025609389,-0.05695475898224844,26.593005159479816,0.018615103611635875,-0.007768537953907353,689,0,0.26952102912080567,1.077421216015226,0.8,1.0320231558542057,0.9543851069116501
top8,0c0100227b7a4f897a8e,A,60,3d,30m,0.15,capped_rank,2192,0.9107767839409293,0.1138470601287076,0.9924004250831725,1.3304895846798641,0.5124190429841607,-0.22217570109358076,39.48213658701607,0.027637495610911247,-0.031743686434216906,646,0,0.8882798977749866,0.9752795300588029,0.8,1.0260124314363683,1.1526617257792722
top8,44a04c6cf132c5d025be,A,60,3d,1h,0.15,capped_rank,2192,0.9107767839409293,0.1138470601287076,0.9924004250831725,1.3304895846798641,0.5124190429841607,-0.22217570109358076,39.48213658701607,0.027637495610911247,-0.031743686434216906,646,0,0.8882798977749866,0.9752795300588029,0.8,1.0260124314363683,1.1526617257792722
top8,c9250217be1aec828e19,A,60,3d,2h,0.15,capped_rank,2192,0.9107767839409293,0.1138470601287076,0.9924004250831725,1.3304895846798641,0.5124190429841607,-0.22217570109358076,39.48213658701607,0.027637495610911247,-0.031743686434216906,646,0,0.8882798977749866,0.9752795300588029,0.8,1.0260124314363683,1.1526617257792722
top8,cd80207614b388bc991c,A,60,3d,4h,0.15,capped_rank,2192,0.9107767839409293,0.1138470601287076,0.9924004250831725,1.3304895846798641,0.5124190429841607,-0.22217570109358076,39.48213658701607,0.027637495610911247,-0.031743686434216906,646,0,0.8882798977749866,0.9752795300588029,0.8,1.0260124314363683,1.1526617257792722
top8,dd92f88acd6ef990b579,A,60,3d,1d,0.15,capped_rank,2192,0.9107767839409293,0.1138470601287076,0.9924004250831725,1.3304895846798641,0.5124190429841607,-0.22217570109358076,39.48213658701607,0.027637495610911247,-0.031743686434216906,646,0,0.8882798977749866,0.9752795300588029,0.8,1.0260124314363683,1.1526617257792722
top20pct,cd6e6268f6b579f09d49,A,14,7d,1h,0.15,equal,2192,0.6011382220032111,0.08153451524256194,1.1671273577045778,1.6723888315357276,1.0295715997404817,-0.07919266155274085,24.45170770902147,0.01711619539631503,-0.028383631800993493,301,0,0.589433676536034,1.1493611755434552,0.8,1.0246004465109277,1.9583267693943174
top20pct,034b4c041e73f491c730,A,14,7d,2h,0.15,equal,2192,0.6011382220032111,0.08153451524256194,1.1671273577045778,1.6723888315357276,1.0295715997404817,-0.07919266155274085,24.45170770902147,0.01711619539631503,-0.028383631800993493,301,0,0.589433676536034,1.1493611755434552,0.8,1.0246004465109277,1.9583267693943174
top20pct,8677c383d22c0fe29719,A,14,7d,4h,0.15,equal,2192,0.6011382220032111,0.08153451524256194,1.1671273577045778,1.6723888315357276,1.0295715997404817,-0.07919266155274085,24.45170770902147,0.01711619539631503,-0.028383631800993493,301,0,0.589433676536034,1.1493611755434552,0.8,1.0246004465109277,1.9583267693943174
top20pct,f2b842c78afa918dee5a,A,14,7d,1d,0.15,equal,2192,0.6011382220032111,0.08153451524256194,1.1671273577045778,1.6723888315357276,1.0295715997404817,-0.07919266155274085,24.45170770902147,0.01711619539631503,-0.028383631800993493,301,0,0.589433676536034,1.1493611755434552,0.8,1.0246004465109277,1.9583267693943174
top20pct,1d0ce5590556ea27a6de,A,14,7d,1h,0.2,equal,2192,0.8612139027567034,0.10898333662992643,1.1671273577045778,1.6723888315357278,1.0439051611398282,-0.104399653040252,32.602276945361965,0.022821593861753375,-0.03784484240132466,301,0,0.8430937095600928,1.149361175543455,0.8,1.0246004465109275,1.95372296399855
top20pct,0b8d07c2eaf8a42a1f25,A,14,7d,2h,0.2,equal,2192,0.8612139027567034,0.10898333662992643,1.1671273577045778,1.6723888315357278,1.0439051611398282,-0.104399653040252,32.602276945361965,0.022821593861753375,-0.03784484240132466,301,0,0.8430937095600928,1.149361175543455,0.8,1.0246004465109275,1.95372296399855
top20pct,915839b9890afaad4994,A,14,7d,4h,0.2,equal,2192,0.8612139027567034,0.10898333662992643,1.1671273577045778,1.6723888315357278,1.0439051611398282,-0.104399653040252,32.602276945361965,0.022821593861753375,-0.03784484240132466,301,0,0.8430937095600928,1.149361175543455,0.8,1.0246004465109275,1.95372296399855
top20pct,2609dfec9067dc1d68b3,A,14,7d,1d,0.2,equal,2192,0.8612139027567034,0.10898333662992643,1.1671273577045778,1.6723888315357278,1.0439051611398282,-0.104399653040252,32.602276945361965,0.022821593861753375,-0.03784484240132466,301,0,0.8430937095600928,1.149361175543455,0.8,1.0246004465109275,1.95372296399855
top20pct,e35b4652b446274561f4,A,14,7d,1h,0.1,equal,2192,0.3730146857749075,0.05420465054146639,1.1671273577045778,1.6723888315357278,1.0151205836638473,-0.05339725291139996,16.301138472680982,0.011410796930876687,-0.01892242120066233,301,0,0.36631569475691306,1.149361175543455,0.8,1.0246004465109275,1.9624597985614904
top20pct,5ff3248633ca999707f1,A,14,7d,2h,0.1,equal,2192,0.3730146857749075,0.05420465054146639,1.1671273577045778,1.6723888315357278,1.0151205836638473,-0.05339725291139996,16.301138472680982,0.011410796930876687,-0.01892242120066233,301,0,0.36631569475691306,1.149361175543455,0.8,1.0246004465109275,1.9624597985614904
top20pct,6b1294e1ba54870f7243,A,14,7d,4h,0.1,equal,2192,0.3730146857749075,0.05420465054146639,1.1671273577045778,1.6723888315357278,1.0151205836638473,-0.05339725291139996,16.301138472680982,0.011410796930876687,-0.01892242120066233,301,0,0.36631569475691306,1.149361175543455,0.8,1.0246004465109275,1.9624597985614904
top20pct,b5a647f359779bb0d3e9,A,14,7d,1d,0.1,equal,2192,0.3730146857749075,0.05420465054146639,1.1671273577045778,1.6723888315357278,1.0151205836638473,-0.05339725291139996,16.301138472680982,0.011410796930876687,-0.01892242120066233,301,0,0.36631569475691306,1.149361175543455,0.8,1.0246004465109275,1.9624597985614904
top4,8cf7bddf4ba6bb03bb71,A,30,6h,5m,0.15,capped_rank,2192,1.378225831257598,0.15518524357637697,1.3137570897034991,1.8916788583235393,0.8688530846412157,-0.17860930267682618,90.42130489567451,0.06329491342697216,-0.017843263317047525,1988,0,1.3145973916403615,1.2743874039442566,0.8,1.0217275893853082,0.9354915981804536
top4,5905d61aece7b1133c4c,A,30,1d,5m,0.15,capped_rank,2192,1.378225831257598,0.15518524357637697,1.3137570897034991,1.8916788583235393,0.8688530846412157,-0.17860930267682618,90.42130489567451,0.06329491342697216,-0.017843263317047525,1988,0,1.3145973916403615,1.2743874039442566,0.8,1.0217275893853082,0.9354915981804536
top4,7ad47a8f0707cd1f8f14,A,30,12h,15m,0.15,capped_rank,2192,1.378225831257598,0.15518524357637697,1.3137570897034991,1.8916788583235393,0.8688530846412157,-0.17860930267682618,90.42130489567451,0.06329491342697216,-0.017843263317047525,1988,0,1.3145973916403615,1.2743874039442566,0.8,1.0217275893853082,0.9354915981804536
top4,b2bf9f64a7df4439a387,A,30,1d,15m,0.15,capped_rank,2192,1.378225831257598,0.15518524357637697,1.3137570897034991,1.8916788583235393,0.8688530846412157,-0.17860930267682618,90.42130489567451,0.06329491342697216,-0.017843263317047525,1988,0,1.3145973916403615,1.2743874039442566,0.8,1.0217275893853082,0.9354915981804536
top4,f7314fd0d4774528bf19,A,30,1d,30m,0.15,capped_rank,2192,1.378225831257598,0.15518524357637697,1.3137570897034991,1.8916788583235393,0.8688530846412157,-0.17860930267682618,90.42130489567451,0.06329491342697216,-0.017843263317047525,1988,0,1.3145973916403615,1.2743874039442566,0.8,1.0217275893853082,0.9354915981804536
top4,33e010f4177e4bc9259f,A,30,1d,1h,0.15,capped_rank,2192,1.378225831257598,0.15518524357637697,1.3137570897034991,1.8916788583235393,0.8688530846412157,-0.17860930267682618,90.42130489567451,0.06329491342697216,-0.017843263317047525,1988,0,1.3145973916403615,1.2743874039442566,0.8,1.0217275893853082,0.9354915981804536
top4,7edb34a6701a110b1d0c,A,30,1d,2h,0.15,capped_rank,2192,1.378225831257598,0.15518524357637697,1.3137570897034991,1.8916788583235393,0.8688530846412157,-0.17860930267682618,90.42130489567451,0.06329491342697216,-0.017843263317047525,1988,0,1.3145973916403615,1.2743874039442566,0.8,1.0217275893853082,0.9354915981804536
top4,08d700ace7dd356741d9,A,30,1d,4h,0.15,capped_rank,2192,1.378225831257598,0.15518524357637697,1.3137570897034991,1.8916788583235393,0.8688530846412157,-0.17860930267682618,90.42130489567451,0.06329491342697216,-0.017843263317047525,1988,0,1.3145973916403615,1.2743874039442566,0.8,1.0217275893853082,0.9354915981804536
top8,7d57806a054f0312c6f8,A,7,3d,30m,0.2,equal,2192,1.1206952840627618,0.1333483016606587,0.9679551397121444,1.2844039954600748,0.8100769326097893,-0.16461189831817125,111.86289652663568,0.07830402756864498,-0.09054372683602205,692,0,1.050721446196953,0.9278348942357754,0.6,1.0197753106711993,0.9697419027087124
top8,f13cd4d97666afff5649,A,7,3d,1h,0.2,equal,2192,1.1206952840627618,0.1333483016606587,0.9679551397121444,1.2844039954600748,0.8100769326097893,-0.16461189831817125,111.86289652663568,0.07830402756864498,-0.09054372683602205,692,0,1.050721446196953,0.9278348942357754,0.6,1.0197753106711993,0.9697419027087124
top8,38a24523322dc7d94db7,A,7,3d,2h,0.2,equal,2192,1.1206952840627618,0.1333483016606587,0.9679551397121444,1.2844039954600748,0.8100769326097893,-0.16461189831817125,111.86289652663568,0.07830402756864498,-0.09054372683602205,692,0,1.050721446196953,0.9278348942357754,0.6,1.0197753106711993,0.9697419027087124
top8,6ed91b9fe8469d1c0d76,A,7,3d,4h,0.2,equal,2192,1.1206952840627618,0.1333483016606587,0.9679551397121444,1.2844039954600748,0.8100769326097893,-0.16461189831817125,111.86289652663568,0.07830402756864498,-0.09054372683602205,692,0,1.050721446196953,0.9278348942357754,0.6,1.0197753106711993,0.9697419027087124
top8,4cf6d2d9a22ca7309e43,A,7,3d,1d,0.2,equal,2192,1.1206952840627618,0.1333483016606587,0.9679551397121444,1.2844039954600748,0.8100769326097893,-0.16461189831817125,111.86289652663568,0.07830402756864498,-0.09054372683602205,692,0,1.050721446196953,0.9278348942357754,0.6,1.0197753106711993,0.9697419027087124
top8,dcc4c15c0c4e5d878bb4,A,7,3d,30m,0.15,equal,2192,0.7767212123916474,0.10043718037915284,0.9679551397121448,1.2844039954600752,0.7981531299740556,-0.12583698115976516,83.89717239497676,0.05872802067648372,-0.06790779512701653,692,0,0.7325676020254064,0.9278348942357754,0.6,1.0197753106711993,0.9585760698250174
top8,1d5e8d40d7428702e3b2,A,7,3d,1h,0.15,equal,2192,0.7767212123916474,0.10043718037915284,0.9679551397121448,1.2844039954600752,0.7981531299740556,-0.12583698115976516,83.89717239497676,0.05872802067648372,-0.06790779512701653,692,0,0.7325676020254064,0.9278348942357754,0.6,1.0197753106711993,0.9585760698250174
top8,3b9612ab6bb5df3657b5,A,7,3d,2h,0.15,equal,2192,0.7767212123916474,0.10043718037915284,0.9679551397121448,1.2844039954600752,0.7981531299740556,-0.12583698115976516,83.89717239497676,0.05872802067648372,-0.06790779512701653,692,0,0.7325676020254064,0.9278348942357754,0.6,1.0197753106711993,0.9585760698250174
top8,be9c55fe204dc020092c,A,7,3d,4h,0.15,equal,2192,0.7767212123916474,0.10043718037915284,0.9679551397121448,1.2844039954600752,0.7981531299740556,-0.12583698115976516,83.89717239497676,0.05872802067648372,-0.06790779512701653,692,0,0.7325676020254064,0.9278348942357754,0.6,1.0197753106711993,0.9585760698250174
top8,ce744a19b974ffd80de6,A,7,3d,1d,0.15,equal,2192,0.7767212123916474,0.10043718037915284,0.9679551397121448,1.2844039954600752,0.7981531299740556,-0.12583698115976516,83.89717239497676,0.05872802067648372,-0.06790779512701653,692,0,0.7325676020254064,0.9278348942357754,0.6,1.0197753106711993,0.9585760698250174
top8,34326814a53e8ded04c8,A,7,3d,30m,0.1,equal,2192,0.477701136337249,0.0671823793468147,0.9679551397121444,1.2844039954600748,0.7856621214518742,-0.08551052356026045,55.93144826331784,0.03915201378432249,-0.045271863418011024,692,0,0.4531157719370673,0.9278348942357754,0.6,1.0197753106711993,0.9467876819821657
top8,f13313949eb87a705e76,A,7,3d,1h,0.1,equal,2192,0.477701136337249,0.0671823793468147,0.9679551397121444,1.2844039954600748,0.7856621214518742,-0.08551052356026045,55.93144826331784,0.03915201378432249,-0.045271863418011024,692,0,0.4531157719370673,0.9278348942357754,0.6,1.0197753106711993,0.9467876819821657
top8,c29d50a86c5a0ec3115a,A,7,3d,2h,0.1,equal,2192,0.477701136337249,0.0671823793468147,0.9679551397121444,1.2844039954600748,0.7856621214518742,-0.08551052356026045,55.93144826331784,0.03915201378432249,-0.045271863418011024,692,0,0.4531157719370673,0.9278348942357754,0.6,1.0197753106711993,0.9467876819821657
top8,d2fec8f3d0760ff52418,A,7,3d,4h,0.1,equal,2192,0.477701136337249,0.0671823793468147,0.9679551397121444,1.2844039954600748,0.7856621214518742,-0.08551052356026045,55.93144826331784,0.03915201378432249,-0.045271863418011024,692,0,0.4531157719370673,0.9278348942357754,0.6,1.0197753106711993,0.9467876819821657
top8,125db019028aa9b1d552,A,7,3d,1d,0.1,equal,2192,0.477701136337249,0.0671823793468147,0.9679551397121444,1.2844039954600748,0.7856621214518742,-0.08551052356026045,55.93144826331784,0.03915201378432249,-0.045271863418011024,692,0,0.4531157719370673,0.9278348942357754,0.6,1.0197753106711993,0.9467876819821657
top4,847e141c6d0821edf4be,A,30,6h,5m,0.1,capped_rank,2192,0.8037955142883881,0.10321186964162754,1.316939745020612,1.890610391963791,0.8795582311329028,-0.11734512393646401,61.4752774479971,0.043032694213597976,-0.011736378121594636,1998,0,0.770839892732144,1.2769294820435493,0.8,1.0184236240078575,0.9149466271489923
top4,26c32ad783a7742c70c8,A,30,1d,5m,0.1,capped_rank,2192,0.8037955142883881,0.10321186964162754,1.316939745020612,1.890610391963791,0.8795582311329028,-0.11734512393646401,61.4752774479971,0.043032694213597976,-0.011736378121594636,1998,0,0.770839892732144,1.2769294820435493,0.8,1.0184236240078575,0.9149466271489923
top4,f1b8d1cd70b142468d8e,A,30,12h,15m,0.1,capped_rank,2192,0.8037955142883881,0.10321186964162754,1.316939745020612,1.890610391963791,0.8795582311329028,-0.11734512393646401,61.4752774479971,0.043032694213597976,-0.011736378121594636,1998,0,0.770839892732144,1.2769294820435493,0.8,1.0184236240078575,0.9149466271489923
top4,f481a99b576ae4e987f1,A,30,1d,15m,0.1,capped_rank,2192,0.8037955142883881,0.10321186964162754,1.316939745020612,1.890610391963791,0.8795582311329028,-0.11734512393646401,61.4752774479971,0.043032694213597976,-0.011736378121594636,1998,0,0.770839892732144,1.2769294820435493,0.8,1.0184236240078575,0.9149466271489923
top4,b3bdc5719bc882a1a7cc,A,30,1d,30m,0.1,capped_rank,2192,0.8037955142883881,0.10321186964162754,1.316939745020612,1.890610391963791,0.8795582311329028,-0.11734512393646401,61.4752774479971,0.043032694213597976,-0.011736378121594636,1998,0,0.770839892732144,1.2769294820435493,0.8,1.0184236240078575,0.9149466271489923
top4,dd5f3952212a3730b7e2,A,30,1d,1h,0.1,capped_rank,2192,0.8037955142883881,0.10321186964162754,1.316939745020612,1.890610391963791,0.8795582311329028,-0.11734512393646401,61.4752774479971,0.043032694213597976,-0.011736378121594636,1998,0,0.770839892732144,1.2769294820435493,0.8,1.0184236240078575,0.9149466271489923
top4,8c3ae59964c827076029,A,30,1d,2h,0.1,capped_rank,2192,0.8037955142883881,0.10321186964162754,1.316939745020612,1.890610391963791,0.8795582311329028,-0.11734512393646401,61.4752774479971,0.043032694213597976,-0.011736378121594636,1998,0,0.770839892732144,1.2769294820435493,0.8,1.0184236240078575,0.9149466271489923
top4,b4f169de9901ed17b8a6,A,30,1d,4h,0.1,capped_rank,2192,0.8037955142883881,0.10321186964162754,1.316939745020612,1.890610391963791,0.8795582311329028,-0.11734512393646401,61.4752774479971,0.043032694213597976,-0.011736378121594636,1998,0,0.770839892732144,1.2769294820435493,0.8,1.0184236240078575,0.9149466271489923
top4,296e1b5963466107344c,A,14,6h,5m,0.2,inverse_vol,2192,1.187894258573754,0.13925081411235385,1.1777531505290613,1.684966554925041,0.7274728845808849,-0.1914171882744189,126.31740028569801,0.0884221801999886,-0.05519408074154408,2004,0,1.1065514770550857,1.1235153662316335,0.8,1.0160604564176337,1.0155745070372137
top4,a7cc0af2570c46988ee6,A,14,1d,5m,0.2,inverse_vol,2192,1.187894258573754,0.13925081411235385,1.1777531505290613,1.684966554925041,0.7274728845808849,-0.1914171882744189,126.31740028569801,0.0884221801999886,-0.05519408074154408,2004,0,1.1065514770550857,1.1235153662316335,0.8,1.0160604564176337,1.0155745070372137
top4,feb136e31fb41a0ac90d,A,14,12h,15m,0.2,inverse_vol,2192,1.187894258573754,0.13925081411235385,1.1777531505290613,1.684966554925041,0.7274728845808849,-0.1914171882744189,126.31740028569801,0.0884221801999886,-0.05519408074154408,2004,0,1.1065514770550857,1.1235153662316335,0.8,1.0160604564176337,1.0155745070372137
top4,90a8d25fb1b140e83acd,A,14,1d,15m,0.2,inverse_vol,2192,1.187894258573754,0.13925081411235385,1.1777531505290613,1.684966554925041,0.7274728845808849,-0.1914171882744189,126.31740028569801,0.0884221801999886,-0.05519408074154408,2004,0,1.1065514770550857,1.1235153662316335,0.8,1.0160604564176337,1.0155745070372137
top4,999634b368b7e120e3d1,A,14,1d,30m,0.2,inverse_vol,2192,1.187894258573754,0.13925081411235385,1.1777531505290613,1.684966554925041,0.7274728845808849,-0.1914171882744189,126.31740028569801,0.0884221801999886,-0.05519408074154408,2004,0,1.1065514770550857,1.1235153662316335,0.8,1.0160604564176337,1.0155745070372137
top4,33eb93228df09b2fa46b,A,14,1d,1h,0.2,inverse_vol,2192,1.187894258573754,0.13925081411235385,1.1777531505290613,1.684966554925041,0.7274728845808849,-0.1914171882744189,126.31740028569801,0.0884221801999886,-0.05519408074154408,2004,0,1.1065514770550857,1.1235153662316335,0.8,1.0160604564176337,1.0155745070372137
top4,7635b53b10800d563991,A,14,1d,2h,0.2,inverse_vol,2192,1.187894258573754,0.13925081411235385,1.1777531505290613,1.684966554925041,0.7274728845808849,-0.1914171882744189,126.31740028569801,0.0884221801999886,-0.05519408074154408,2004,0,1.1065514770550857,1.1235153662316335,0.8,1.0160604564176337,1.0155745070372137
top4,b21d6507f350a4d1dd70,A,14,1d,4h,0.2,inverse_vol,2192,1.187894258573754,0.13925081411235385,1.1777531505290613,1.684966554925041,0.7274728845808849,-0.1914171882744189,126.31740028569801,0.0884221801999886,-0.05519408074154408,2004,0,1.1065514770550857,1.1235153662316335,0.8,1.0160604564176337,1.0155745070372137
top4,c23815387ff9d34499f3,A,14,6h,5m,0.15,inverse_vol,2192,0.8127585685915801,0.10412279423251491,1.1777531505290613,1.6849665549250414,0.7159212072100908,-0.14543890191251108,94.7380502142735,0.06631663514999145,-0.04139556055615806,2004,0,0.7619709530141159,1.1235153662316333,0.8,1.0160604564176337,1.0048145260030097
top4,873c9bd2ac28ea926699,A,14,1d,5m,0.15,inverse_vol,2192,0.8127585685915801,0.10412279423251491,1.1777531505290613,1.6849665549250414,0.7159212072100908,-0.14543890191251108,94.7380502142735,0.06631663514999145,-0.04139556055615806,2004,0,0.7619709530141159,1.1235153662316333,0.8,1.0160604564176337,1.0048145260030097
top4,ed250ab11441b621c974,A,14,12h,15m,0.15,inverse_vol,2192,0.8127585685915801,0.10412279423251491,1.1777531505290613,1.6849665549250414,0.7159212072100908,-0.14543890191251108,94.7380502142735,0.06631663514999145,-0.04139556055615806,2004,0,0.7619709530141159,1.1235153662316333,0.8,1.0160604564176337,1.0048145260030097
top4,b7884366d59d1a6863bb,A,14,1d,15m,0.15,inverse_vol,2192,0.8127585685915801,0.10412279423251491,1.1777531505290613,1.6849665549250414,0.7159212072100908,-0.14543890191251108,94.7380502142735,0.06631663514999145,-0.04139556055615806,2004,0,0.7619709530141159,1.1235153662316333,0.8,1.0160604564176337,1.0048145260030097
top4,ef2b29c47593e6083d94,A,14,1d,30m,0.15,inverse_vol,2192,0.8127585685915801,0.10412279423251491,1.1777531505290613,1.6849665549250414,0.7159212072100908,-0.14543890191251108,94.7380502142735,0.06631663514999145,-0.04139556055615806,2004,0,0.7619709530141159,1.1235153662316333,0.8,1.0160604564176337,1.0048145260030097
top4,eef4ec7d8847e4342e44,A,14,1d,1h,0.15,inverse_vol,2192,0.8127585685915801,0.10412279423251491,1.1777531505290613,1.6849665549250414,0.7159212072100908,-0.14543890191251108,94.7380502142735,0.06631663514999145,-0.04139556055615806,2004,0,0.7619709530141159,1.1235153662316333,0.8,1.0160604564176337,1.0048145260030097
top4,a80832895d83e0a6dbf2,A,14,1d,2h,0.15,inverse_vol,2192,0.8127585685915801,0.10412279423251491,1.1777531505290613,1.6849665549250414,0.7159212072100908,-0.14543890191251108,94.7380502142735,0.06631663514999145,-0.04139556055615806,2004,0,0.7619709530141159,1.1235153662316333,0.8,1.0160604564176337,1.0048145260030097
top4,bb98ccc4176488a51e42,A,14,1d,4h,0.15,inverse_vol,2192,0.8127585685915801,0.10412279423251491,1.1777531505290613,1.6849665549250414,0.7159212072100908,-0.14543890191251108,94.7380502142735,0.06631663514999145,-0.04139556055615806,2004,0,0.7619709530141159,1.1235153662316333,0.8,1.0160604564176337,1.0048145260030097
top4,2245b27ce153f3e206cf,A,14,6h,5m,0.1,inverse_vol,2192,0.4943134899983763,0.069170807900935,1.1777531505290613,1.684966554925041,0.7046512513795256,-0.09816318038961314,63.15870014284901,0.0442110900999943,-0.02759704037077204,2004,0,0.4662696025667523,1.1235153662316335,0.8,1.0160604564176337,0.99366274603653
top4,dc0fd7060b1c1f8e8fdb,A,14,1d,5m,0.1,inverse_vol,2192,0.4943134899983763,0.069170807900935,1.1777531505290613,1.684966554925041,0.7046512513795256,-0.09816318038961314,63.15870014284901,0.0442110900999943,-0.02759704037077204,2004,0,0.4662696025667523,1.1235153662316335,0.8,1.0160604564176337,0.99366274603653
top4,1372f18f7acacdb38743,A,14,12h,15m,0.1,inverse_vol,2192,0.4943134899983763,0.069170807900935,1.1777531505290613,1.684966554925041,0.7046512513795256,-0.09816318038961314,63.15870014284901,0.0442110900999943,-0.02759704037077204,2004,0,0.4662696025667523,1.1235153662316335,0.8,1.0160604564176337,0.99366274603653
top4,cb6aedc2ac78992d7302,A,14,1d,15m,0.1,inverse_vol,2192,0.4943134899983763,0.069170807900935,1.1777531505290613,1.684966554925041,0.7046512513795256,-0.09816318038961314,63.15870014284901,0.0442110900999943,-0.02759704037077204,2004,0,0.4662696025667523,1.1235153662316335,0.8,1.0160604564176337,0.99366274603653
top4,baed6bf6f51cd837a168,A,14,1d,30m,0.1,inverse_vol,2192,0.4943134899983763,0.069170807900935,1.1777531505290613,1.684966554925041,0.7046512513795256,-0.09816318038961314,63.15870014284901,0.0442110900999943,-0.02759704037077204,2004,0,0.4662696025667523,1.1235153662316335,0.8,1.0160604564176337,0.99366274603653
top4,6342582555e1314a0891,A,14,1d,1h,0.1,inverse_vol,2192,0.4943134899983763,0.069170807900935,1.1777531505290613,1.684966554925041,0.7046512513795256,-0.09816318038961314,63.15870014284901,0.0442110900999943,-0.02759704037077204,2004,0,0.4662696025667523,1.1235153662316335,0.8,1.0160604564176337,0.99366274603653
top4,0a4531075fdca918003b,A,14,1d,2h,0.1,inverse_vol,2192,0.4943134899983763,0.069170807900935,1.1777531505290613,1.684966554925041,0.7046512513795256,-0.09816318038961314,63.15870014284901,0.0442110900999943,-0.02759704037077204,2004,0,0.4662696025667523,1.1235153662316335,0.8,1.0160604564176337,0.99366274603653
top4,a0eeeca5b9edd63a53ee,A,14,1d,4h,0.1,inverse_vol,2192,0.4943134899983763,0.069170807900935,1.1777531505290613,1.684966554925041,0.7046512513795256,-0.09816318038961314,63.15870014284901,0.0442110900999943,-0.02759704037077204,2004,0,0.4662696025667523,1.1235153662316335,0.8,1.0160604564176337,0.99366274603653
top20pct,7098d9f38e412c8f5bf8,A,60,6h,5m,0.15,capped_rank,2192,0.8520648516774387,0.10807374062835828,0.9263579901391189,1.317493296588365,0.6218839759440791,-0.17378441125499666,78.91005721367407,0.05523704004957184,-0.018183605889538892,1911,0,0.8087280301131667,0.8929464644597661,0.8,1.015743506379841,1.5125755164147046
top20pct,7ee1f54e045a79a4e9c8,A,60,1d,5m,0.15,capped_rank,2192,0.8520648516774387,0.10807374062835828,0.9263579901391189,1.317493296588365,0.6218839759440791,-0.17378441125499666,78.91005721367407,0.05523704004957184,-0.018183605889538892,1911,0,0.8087280301131667,0.8929464644597661,0.8,1.015743506379841,1.5125755164147046
top20pct,bc7c9145e3ae08f08215,A,60,12h,15m,0.15,capped_rank,2192,0.8520648516774387,0.10807374062835828,0.9263579901391189,1.317493296588365,0.6218839759440791,-0.17378441125499666,78.91005721367407,0.05523704004957184,-0.018183605889538892,1911,0,0.8087280301131667,0.8929464644597661,0.8,1.015743506379841,1.5125755164147046
top20pct,fe19308a996aee220f84,A,60,1d,15m,0.15,capped_rank,2192,0.8520648516774387,0.10807374062835828,0.9263579901391189,1.317493296588365,0.6218839759440791,-0.17378441125499666,78.91005721367407,0.05523704004957184,-0.018183605889538892,1911,0,0.8087280301131667,0.8929464644597661,0.8,1.015743506379841,1.5125755164147046
top20pct,53408fc341c1efb664c1,A,60,1d,30m,0.15,capped_rank,2192,0.8520648516774387,0.10807374062835828,0.9263579901391189,1.317493296588365,0.6218839759440791,-0.17378441125499666,78.91005721367407,0.05523704004957184,-0.018183605889538892,1911,0,0.8087280301131667,0.8929464644597661,0.8,1.015743506379841,1.5125755164147046
top20pct,a9691f13c32f6d8d4223,A,60,1d,1h,0.15,capped_rank,2192,0.8520648516774387,0.10807374062835828,0.9263579901391189,1.317493296588365,0.6218839759440791,-0.17378441125499666,78.91005721367407,0.05523704004957184,-0.018183605889538892,1911,0,0.8087280301131667,0.8929464644597661,0.8,1.015743506379841,1.5125755164147046
top20pct,51e270995d0fbfb99309,A,60,1d,2h,0.15,capped_rank,2192,0.8520648516774387,0.10807374062835828,0.9263579901391189,1.317493296588365,0.6218839759440791,-0.17378441125499666,78.91005721367407,0.05523704004957184,-0.018183605889538892,1911,0,0.8087280301131667,0.8929464644597661,0.8,1.015743506379841,1.5125755164147046
top20pct,1118af4bcbc2359f98eb,A,60,1d,4h,0.15,capped_rank,2192,0.8520648516774387,0.10807374062835828,0.9263579901391189,1.317493296588365,0.6218839759440791,-0.17378441125499666,78.91005721367407,0.05523704004957184,-0.018183605889538892,1911,0,0.8087280301131667,0.8929464644597661,0.8,1.015743506379841,1.5125755164147046
top20pct,b567bface84b6a03e688,A,60,6h,5m,0.1,capped_rank,2192,0.5185086910361765,0.07203416405512142,0.9185170773466271,1.304131285360865,0.6070873831575123,-0.1186553469131012,54.200993185389166,0.03794069522977242,-0.01227813645018314,1919,0,0.49401386516203094,0.8841926393827452,0.8,1.0157435063798403,1.504338177468383
top20pct,9749823dfee2fe7818ee,A,60,1d,5m,0.1,capped_rank,2192,0.5185086910361765,0.07203416405512142,0.9185170773466271,1.304131285360865,0.6070873831575123,-0.1186553469131012,54.200993185389166,0.03794069522977242,-0.01227813645018314,1919,0,0.49401386516203094,0.8841926393827452,0.8,1.0157435063798403,1.504338177468383
top20pct,1dae4dba40f9be2640d8,A,60,12h,15m,0.1,capped_rank,2192,0.5185086910361765,0.07203416405512142,0.9185170773466271,1.304131285360865,0.6070873831575123,-0.1186553469131012,54.200993185389166,0.03794069522977242,-0.01227813645018314,1919,0,0.49401386516203094,0.8841926393827452,0.8,1.0157435063798403,1.504338177468383
top20pct,d6fed0a6f72a8cc682a7,A,60,1d,15m,0.1,capped_rank,2192,0.5185086910361765,0.07203416405512142,0.9185170773466271,1.304131285360865,0.6070873831575123,-0.1186553469131012,54.200993185389166,0.03794069522977242,-0.01227813645018314,1919,0,0.49401386516203094,0.8841926393827452,0.8,1.0157435063798403,1.504338177468383
top20pct,bec3b3be050c38d0e36c,A,60,1d,30m,0.1,capped_rank,2192,0.5185086910361765,0.07203416405512142,0.9185170773466271,1.304131285360865,0.6070873831575123,-0.1186553469131012,54.200993185389166,0.03794069522977242,-0.01227813645018314,1919,0,0.49401386516203094,0.8841926393827452,0.8,1.0157435063798403,1.504338177468383
top20pct,81b03709a9445e59378b,A,60,1d,1h,0.1,capped_rank,2192,0.5185086910361765,0.07203416405512142,0.9185170773466271,1.304131285360865,0.6070873831575123,-0.1186553469131012,54.200993185389166,0.03794069522977242,-0.01227813645018314,1919,0,0.49401386516203094,0.8841926393827452,0.8,1.0157435063798403,1.504338177468383
top20pct,cf6e6c956d05a3cab4dc,A,60,1d,2h,0.1,capped_rank,2192,0.5185086910361765,0.07203416405512142,0.9185170773466271,1.304131285360865,0.6070873831575123,-0.1186553469131012,54.200993185389166,0.03794069522977242,-0.01227813645018314,1919,0,0.49401386516203094,0.8841926393827452,0.8,1.0157435063798403,1.504338177468383
top20pct,7da093b23abac4f9fa75,A,60,1d,4h,0.1,capped_rank,2192,0.5185086910361765,0.07203416405512142,0.9185170773466271,1.304131285360865,0.6070873831575123,-0.1186553469131012,54.200993185389166,0.03794069522977242,-0.01227813645018314,1919,0,0.49401386516203094,0.8841926393827452,0.8,1.0157435063798403,1.504338177468383
top4,121a009cfdb766b75cde,A,90,3d,30m,0.2,inverse_vol,2192,0.9703046569652687,0.11955158249114506,1.053842636480462,1.4573213085464847,0.5465528715450074,-0.2187374519745804,29.163822990453113,0.02041467609331718,-0.0687478488748667,649,0,0.9531454772216641,1.0409735982461459,0.8,1.0150221567283009,1.2602466268150052
top4,f00d64601be0ff3e6d01,A,90,3d,1h,0.2,inverse_vol,2192,0.9703046569652687,0.11955158249114506,1.053842636480462,1.4573213085464847,0.5465528715450074,-0.2187374519745804,29.163822990453113,0.02041467609331718,-0.0687478488748667,649,0,0.9531454772216641,1.0409735982461459,0.8,1.0150221567283009,1.2602466268150052
top4,e26d84c43511412d627d,A,90,3d,2h,0.2,inverse_vol,2192,0.9703046569652687,0.11955158249114506,1.053842636480462,1.4573213085464847,0.5465528715450074,-0.2187374519745804,29.163822990453113,0.02041467609331718,-0.0687478488748667,649,0,0.9531454772216641,1.0409735982461459,0.8,1.0150221567283009,1.2602466268150052
top4,2ab3da0a657595cc6db3,A,90,3d,4h,0.2,inverse_vol,2192,0.9703046569652687,0.11955158249114506,1.053842636480462,1.4573213085464847,0.5465528715450074,-0.2187374519745804,29.163822990453113,0.02041467609331718,-0.0687478488748667,649,0,0.9531454772216641,1.0409735982461459,0.8,1.0150221567283009,1.2602466268150052
top4,82339829a5633e29701d,A,90,3d,1d,0.2,inverse_vol,2192,0.9703046569652687,0.11955158249114506,1.053842636480462,1.4573213085464847,0.5465528715450074,-0.2187374519745804,29.163822990453113,0.02041467609331718,-0.0687478488748667,649,0,0.9531454772216641,1.0409735982461459,0.8,1.0150221567283009,1.2602466268150052
top4,e13834cdac29a8f3af86,A,90,3d,30m,0.15,inverse_vol,2192,0.6750854733144342,0.08969617512471029,1.0538426364804618,1.4573213085464847,0.5362175833979843,-0.1672757065449254,21.87286724283983,0.015311007069987882,-0.05156088665615002,649,0,0.6641318347449354,1.040973598246146,0.8,1.0150221567283009,1.2545186325855064
top4,4f25032f81f96fbe0b12,A,90,3d,1h,0.15,inverse_vol,2192,0.6750854733144342,0.08969617512471029,1.0538426364804618,1.4573213085464847,0.5362175833979843,-0.1672757065449254,21.87286724283983,0.015311007069987882,-0.05156088665615002,649,0,0.6641318347449354,1.040973598246146,0.8,1.0150221567283009,1.2545186325855064
top4,6a2578d64843ad84c2dd,A,90,3d,2h,0.15,inverse_vol,2192,0.6750854733144342,0.08969617512471029,1.0538426364804618,1.4573213085464847,0.5362175833979843,-0.1672757065449254,21.87286724283983,0.015311007069987882,-0.05156088665615002,649,0,0.6641318347449354,1.040973598246146,0.8,1.0150221567283009,1.2545186325855064
top4,17962b676392c4fb6dbf,A,90,3d,4h,0.15,inverse_vol,2192,0.6750854733144342,0.08969617512471029,1.0538426364804618,1.4573213085464847,0.5362175833979843,-0.1672757065449254,21.87286724283983,0.015311007069987882,-0.05156088665615002,649,0,0.6641318347449354,1.040973598246146,0.8,1.0150221567283009,1.2545186325855064
top4,55e58bd578dc658cbab0,A,90,3d,1d,0.15,inverse_vol,2192,0.6750854733144342,0.08969617512471029,1.0538426364804618,1.4573213085464847,0.5362175833979843,-0.1672757065449254,21.87286724283983,0.015311007069987882,-0.05156088665615002,649,0,0.6641318347449354,1.040973598246146,0.8,1.0150221567283009,1.2545186325855064
top4,a15c6bc12692e0a4aeb3,A,90,3d,30m,0.1,inverse_vol,2192,0.41726415047682575,0.05978744309855055,1.053842636480462,1.4573213085464847,0.526041529142177,-0.11365536708869117,14.581911495226556,0.01020733804665859,-0.03437392443743335,649,0,0.41107857071520226,1.0409735982461459,0.8,1.0150221567283009,1.2482895885877223
top4,8f19434e658f4fa0cbf8,A,90,3d,1h,0.1,inverse_vol,2192,0.41726415047682575,0.05978744309855055,1.053842636480462,1.4573213085464847,0.526041529142177,-0.11365536708869117,14.581911495226556,0.01020733804665859,-0.03437392443743335,649,0,0.41107857071520226,1.0409735982461459,0.8,1.0150221567283009,1.2482895885877223
top4,193bfc3a9bde27b3ab6b,A,90,3d,2h,0.1,inverse_vol,2192,0.41726415047682575,0.05978744309855055,1.053842636480462,1.4573213085464847,0.526041529142177,-0.11365536708869117,14.581911495226556,0.01020733804665859,-0.03437392443743335,649,0,0.41107857071520226,1.0409735982461459,0.8,1.0150221567283009,1.2482895885877223
top4,14ad8d8a68d60774e0d5,A,90,3d,4h,0.1,inverse_vol,2192,0.41726415047682575,0.05978744309855055,1.053842636480462,1.4573213085464847,0.526041529142177,-0.11365536708869117,14.581911495226556,0.01020733804665859,-0.03437392443743335,649,0,0.41107857071520226,1.0409735982461459,0.8,1.0150221567283009,1.2482895885877223
top4,66442c4c8afadf0a9d02,A,90,3d,1d,0.1,inverse_vol,2192,0.41726415047682575,0.05978744309855055,1.053842636480462,1.4573213085464847,0.526041529142177,-0.11365536708869117,14.581911495226556,0.01020733804665859,-0.03437392443743335,649,0,0.41107857071520226,1.0409735982461459,0.8,1.0150221567283009,1.2482895885877223
top8,5c67d98d46839172ca80,A,7,3d,30m,0.1,capped_rank,2192,0.5708902222529277,0.07810521105861623,0.9730431810620505,1.3884908818610442,0.6441882464039271,-0.12124594246266596,69.56940805467352,0.048698585638271466,-0.0364743305354908,691,0,0.5384455537544983,0.9298714265345489,0.8,1.00881989424321,1.016240061312559
top8,2cf1d6ed2be9dd6cadf2,A,7,3d,1h,0.1,capped_rank,2192,0.5708902222529277,0.07810521105861623,0.9730431810620505,1.3884908818610442,0.6441882464039271,-0.12124594246266596,69.56940805467352,0.048698585638271466,-0.0364743305354908,691,0,0.5384455537544983,0.9298714265345489,0.8,1.00881989424321,1.016240061312559
top8,873987b036a886e8d951,A,7,3d,2h,0.1,capped_rank,2192,0.5708902222529277,0.07810521105861623,0.9730431810620505,1.3884908818610442,0.6441882464039271,-0.12124594246266596,69.56940805467352,0.048698585638271466,-0.0364743305354908,691,0,0.5384455537544983,0.9298714265345489,0.8,1.00881989424321,1.016240061312559
top8,dd939ea0e5432dfa7ad4,A,7,3d,4h,0.1,capped_rank,2192,0.5708902222529277,0.07810521105861623,0.9730431810620505,1.3884908818610442,0.6441882464039271,-0.12124594246266596,69.56940805467352,0.048698585638271466,-0.0364743305354908,691,0,0.5384455537544983,0.9298714265345489,0.8,1.00881989424321,1.016240061312559
top8,69e4e2d9676a1b9659af,A,7,3d,1d,0.1,capped_rank,2192,0.5708902222529277,0.07810521105861623,0.9730431810620505,1.3884908818610442,0.6441882464039271,-0.12124594246266596,69.56940805467352,0.048698585638271466,-0.0364743305354908,691,0,0.5384455537544983,0.9298714265345489,0.8,1.00881989424321,1.016240061312559
top2,4e5690b94ebf67eb658c,A,7,7d,1h,0.2,inverse_vol,2192,0.3856368005999222,0.05581224493654302,0.8346591882552917,1.2306613851965102,0.44996003800141404,-0.12403822611546589,32.52561854838761,0.022767932983871322,-0.021852436176578404,302,0,0.37217713319080326,0.8105621113435052,0.8,1.0041585937819555,0.9722173408594691
top2,0eaa2c04583c203c7a78,A,7,7d,2h,0.2,inverse_vol,2192,0.3856368005999222,0.05581224493654302,0.8346591882552917,1.2306613851965102,0.44996003800141404,-0.12403822611546589,32.52561854838761,0.022767932983871322,-0.021852436176578404,302,0,0.37217713319080326,0.8105621113435052,0.8,1.0041585937819555,0.9722173408594691
top2,d544904a086539af9849,A,7,7d,4h,0.2,inverse_vol,2192,0.3856368005999222,0.05581224493654302,0.8346591882552917,1.2306613851965102,0.44996003800141404,-0.12403822611546589,32.52561854838761,0.022767932983871322,-0.021852436176578404,302,0,0.37217713319080326,0.8105621113435052,0.8,1.0041585937819555,0.9722173408594691
top2,fa3359598333ee0a715c,A,7,7d,1d,0.2,inverse_vol,2192,0.3856368005999222,0.05581224493654302,0.8346591882552917,1.2306613851965102,0.44996003800141404,-0.12403822611546589,32.52561854838761,0.022767932983871322,-0.021852436176578404,302,0,0.37217713319080326,0.8105621113435052,0.8,1.0041585937819555,0.9722173408594691
top2,8a9958f901d9e1084d4c,A,7,7d,1h,0.1,inverse_vol,2192,0.1812012943339547,0.028118058742226282,0.8346591882552917,1.2306613851965102,0.4459737042762315,-0.06304869204757024,16.262809274193806,0.011383966491935661,-0.010926218088289202,302,0,0.17545142910117417,0.8105621113435052,0.8,1.0041585937819555,0.9606010906550355
top2,a3c89108e9e8891802c2,A,7,7d,2h,0.1,inverse_vol,2192,0.1812012943339547,0.028118058742226282,0.8346591882552917,1.2306613851965102,0.4459737042762315,-0.06304869204757024,16.262809274193806,0.011383966491935661,-0.010926218088289202,302,0,0.17545142910117417,0.8105621113435052,0.8,1.0041585937819555,0.9606010906550355
top2,442e3b108fe2c2b2ad38,A,7,7d,4h,0.1,inverse_vol,2192,0.1812012943339547,0.028118058742226282,0.8346591882552917,1.2306613851965102,0.4459737042762315,-0.06304869204757024,16.262809274193806,0.011383966491935661,-0.010926218088289202,302,0,0.17545142910117417,0.8105621113435052,0.8,1.0041585937819555,0.9606010906550355
top2,d55c0e1cbbdfa20b59ab,A,7,7d,1d,0.1,inverse_vol,2192,0.1812012943339547,0.028118058742226282,0.8346591882552917,1.2306613851965102,0.4459737042762315,-0.06304869204757024,16.262809274193806,0.011383966491935661,-0.010926218088289202,302,0,0.17545142910117417,0.8105621113435052,0.8,1.0041585937819555,0.9606010906550355
top2,ec3963496b21345f4250,A,7,7d,1h,0.15,inverse_vol,2192,0.28044536298745726,0.04202270587125567,0.8346591882552916,1.2306613851965102,0.44795823401248297,-0.09380942838096074,24.394213911290706,0.017075949737903492,-0.0163893271324338,302,0,0.2711064545217807,0.8105621113435051,0.8,1.0041585937819553,0.9664639772430766
top2,934cb2568fc3affc6543,A,7,7d,2h,0.15,inverse_vol,2192,0.28044536298745726,0.04202270587125567,0.8346591882552916,1.2306613851965102,0.44795823401248297,-0.09380942838096074,24.394213911290706,0.017075949737903492,-0.0163893271324338,302,0,0.2711064545217807,0.8105621113435051,0.8,1.0041585937819553,0.9664639772430766
top2,2cfb4bd4f0d1a29ae16e,A,7,7d,4h,0.15,inverse_vol,2192,0.28044536298745726,0.04202270587125567,0.8346591882552916,1.2306613851965102,0.44795823401248297,-0.09380942838096074,24.394213911290706,0.017075949737903492,-0.0163893271324338,302,0,0.2711064545217807,0.8105621113435051,0.8,1.0041585937819553,0.9664639772430766
top2,3703b79ee6828305e927,A,7,7d,1d,0.15,inverse_vol,2192,0.28044536298745726,0.04202270587125567,0.8346591882552916,1.2306613851965102,0.44795823401248297,-0.09380942838096074,24.394213911290706,0.017075949737903492,-0.0163893271324338,302,0,0.2711064545217807,0.8105621113435051,0.8,1.0041585937819553,0.9664639772430766
top8,32dae4969465a237b6c4,A,14,7d,1h,0.15,capped_rank,2192,1.0255422548683413,0.12471788888180102,1.0349852151279082,1.4166556852441772,0.5821416143723581,-0.21423977568802888,45.37428074025263,0.03176199651817684,-0.03467317832972869,300,0,0.9981498747189705,1.016106890318951,0.8,1.0036643731934083,0.9568508338691543
top8,72c4f2f831a7dada57ce,A,14,7d,2h,0.15,capped_rank,2192,1.0255422548683413,0.12471788888180102,1.0349852151279082,1.4166556852441772,0.5821416143723581,-0.21423977568802888,45.37428074025263,0.03176199651817684,-0.03467317832972869,300,0,0.9981498747189705,1.016106890318951,0.8,1.0036643731934083,0.9568508338691543
top8,05e9ccf91f1091dd01fe,A,14,7d,4h,0.15,capped_rank,2192,1.0255422548683413,0.12471788888180102,1.0349852151279082,1.4166556852441772,0.5821416143723581,-0.21423977568802888,45.37428074025263,0.03176199651817684,-0.03467317832972869,300,0,0.9981498747189705,1.016106890318951,0.8,1.0036643731934083,0.9568508338691543
top8,8739a06e4c720f8c0236,A,14,7d,1d,0.15,capped_rank,2192,1.0255422548683413,0.12471788888180102,1.0349852151279082,1.4166556852441772,0.5821416143723581,-0.21423977568802888,45.37428074025263,0.03176199651817684,-0.03467317832972869,300,0,0.9981498747189705,1.016106890318951,0.8,1.0036643731934083,0.9568508338691543
top8,fdcd6bbd7498c0950d45,A,14,7d,1h,0.1,capped_rank,2192,0.6245758589556225,0.08415477198088106,1.023232028276151,1.3942826926345975,0.580522368570754,-0.14496387484270434,30.992827243598917,0.02169497907051924,-0.020353488461958516,300,0,0.60953863916682,1.0043374471511117,0.8,1.0036643731934083,0.9442275661534537
top8,2a605e4144646a3d6426,A,14,7d,2h,0.1,capped_rank,2192,0.6245758589556225,0.08415477198088106,1.023232028276151,1.3942826926345975,0.580522368570754,-0.14496387484270434,30.992827243598917,0.02169497907051924,-0.020353488461958516,300,0,0.60953863916682,1.0043374471511117,0.8,1.0036643731934083,0.9442275661534537
top8,5ac05af03f2b1b9e6886,A,14,7d,4h,0.1,capped_rank,2192,0.6245758589556225,0.08415477198088106,1.023232028276151,1.3942826926345975,0.580522368570754,-0.14496387484270434,30.992827243598917,0.02169497907051924,-0.020353488461958516,300,0,0.60953863916682,1.0043374471511117,0.8,1.0036643731934083,0.9442275661534537
top8,5c1fd853c0ab8aa091ac,A,14,7d,1d,0.1,capped_rank,2192,0.6245758589556225,0.08415477198088106,1.023232028276151,1.3942826926345975,0.580522368570754,-0.14496387484270434,30.992827243598917,0.02169497907051924,-0.020353488461958516,300,0,0.60953863916682,1.0043374471511117,0.8,1.0036643731934083,0.9442275661534537
top8,ae23b9c2819dd3341fba,A,14,7d,1h,0.2,capped_rank,2192,1.4874415432528143,0.16385434556378686,1.0432217710103235,1.43227408173329,0.5999882440265116,-0.27309592678710326,58.92201351501387,0.04124540946050971,-0.051110208772783564,300,0,1.4438465494713535,1.0244400299807643,0.8,1.0030888583221367,0.9788794393393995
top8,4cdcc5eb263fe5f9a337,A,14,7d,2h,0.2,capped_rank,2192,1.4874415432528143,0.16385434556378686,1.0432217710103235,1.43227408173329,0.5999882440265116,-0.27309592678710326,58.92201351501387,0.04124540946050971,-0.051110208772783564,300,0,1.4438465494713535,1.0244400299807643,0.8,1.0030888583221367,0.9788794393393995
top8,ecb64d47639710320b7c,A,14,7d,4h,0.2,capped_rank,2192,1.4874415432528143,0.16385434556378686,1.0432217710103235,1.43227408173329,0.5999882440265116,-0.27309592678710326,58.92201351501387,0.04124540946050971,-0.051110208772783564,300,0,1.4438465494713535,1.0244400299807643,0.8,1.0030888583221367,0.9788794393393995
top8,e808b1a6bbaa75b258fb,A,14,7d,1d,0.2,capped_rank,2192,1.4874415432528143,0.16385434556378686,1.0432217710103235,1.43227408173329,0.5999882440265116,-0.27309592678710326,58.92201351501387,0.04124540946050971,-0.051110208772783564,300,0,1.4438465494713535,1.0244400299807643,0.8,1.0030888583221367,0.9788794393393995
top4,edc212c0109a8caeadd6,A,7,7d,1h,0.2,capped_rank,2192,0.5582070108482213,0.07665088121150698,0.5479422560788759,0.7481135923726819,0.22022697907426972,-0.3480540010752139,85.738358808126,0.060016851165688195,-0.0730418002514796,307,0,0.5185966960328747,0.5206261439205557,0.8,1.0020896556341827,0.9312858345923718
top4,4af12d112db43dd7ff87,A,7,7d,2h,0.2,capped_rank,2192,0.5582070108482213,0.07665088121150698,0.5479422560788759,0.7481135923726819,0.22022697907426972,-0.3480540010752139,85.738358808126,0.060016851165688195,-0.0730418002514796,307,0,0.5185966960328747,0.5206261439205557,0.8,1.0020896556341827,0.9312858345923718
top4,1d8339d6ab1197f6c761,A,7,7d,4h,0.2,capped_rank,2192,0.5582070108482213,0.07665088121150698,0.5479422560788759,0.7481135923726819,0.22022697907426972,-0.3480540010752139,85.738358808126,0.060016851165688195,-0.0730418002514796,307,0,0.5185966960328747,0.5206261439205557,0.8,1.0020896556341827,0.9312858345923718
top4,69ee9be16513b5a94f0c,A,7,7d,1d,0.2,capped_rank,2192,0.5582070108482213,0.07665088121150698,0.5479422560788759,0.7481135923726819,0.22022697907426972,-0.3480540010752139,85.738358808126,0.060016851165688195,-0.0730418002514796,307,0,0.5185966960328747,0.5206261439205557,0.8,1.0020896556341827,0.9312858345923718
top4,89b83c199b5116b5be5b,A,7,7d,1h,0.15,capped_rank,2192,0.4093155110522899,0.058795400216395954,0.5407742660907037,0.738565351080073,0.21593156364241442,-0.27228719703878923,65.03262893550809,0.04552284025485566,-0.05443012050725866,307,0,0.3820650225801898,0.5132931349799712,0.8,1.0019677212443372,0.9180866007071201
top4,64b23cdcdbf063283036,A,7,7d,2h,0.15,capped_rank,2192,0.4093155110522899,0.058795400216395954,0.5407742660907037,0.738565351080073,0.21593156364241442,-0.27228719703878923,65.03262893550809,0.04552284025485566,-0.05443012050725866,307,0,0.3820650225801898,0.5132931349799712,0.8,1.0019677212443372,0.9180866007071201
top4,6681e4e24520b0286217,A,7,7d,4h,0.15,capped_rank,2192,0.4093155110522899,0.058795400216395954,0.5407742660907037,0.738565351080073,0.21593156364241442,-0.27228719703878923,65.03262893550809,0.04552284025485566,-0.05443012050725866,307,0,0.3820650225801898,0.5132931349799712,0.8,1.0019677212443372,0.9180866007071201
top4,a461796bf3a4237cb809,A,7,7d,1d,0.15,capped_rank,2192,0.4093155110522899,0.058795400216395954,0.5407742660907037,0.738565351080073,0.21593156364241442,-0.27228719703878923,65.03262893550809,0.04552284025485566,-0.05443012050725866,307,0,0.3820650225801898,0.5132931349799712,0.8,1.0019677212443372,0.9180866007071201
top4,941cc51f3512385324f8,A,7,7d,1h,0.1,capped_rank,2192,0.2620021519461857,0.039508347630003327,0.5260524063835599,0.7164759279805335,0.2079622514937849,-0.18997845688924975,44.035848171289274,0.030825093719902493,-0.035581974418164936,307,0,0.24543084816921334,0.4983426058995288,0.8,1.0019677212443372,0.9044260856596616
top4,ebac637e2f301e190b23,A,7,7d,2h,0.1,capped_rank,2192,0.2620021519461857,0.039508347630003327,0.5260524063835599,0.7164759279805335,0.2079622514937849,-0.18997845688924975,44.035848171289274,0.030825093719902493,-0.035581974418164936,307,0,0.24543084816921334,0.4983426058995288,0.8,1.0019677212443372,0.9044260856596616
top4,1f0141c71cd574d22d82,A,7,7d,4h,0.1,capped_rank,2192,0.2620021519461857,0.039508347630003327,0.5260524063835599,0.7164759279805335,0.2079622514937849,-0.18997845688924975,44.035848171289274,0.030825093719902493,-0.035581974418164936,307,0,0.24543084816921334,0.4983426058995288,0.8,1.0019677212443372,0.9044260856596616
top4,0f3075584810ad7a0aca,A,7,7d,1d,0.1,capped_rank,2192,0.2620021519461857,0.039508347630003327,0.5260524063835599,0.7164759279805335,0.2079622514937849,-0.18997845688924975,44.035848171289274,0.030825093719902493,-0.035581974418164936,307,0,0.24543084816921334,0.4983426058995288,0.8,1.0019677212443372,0.9044260856596616
top20pct,32a8ed2795bbde047910,A,14,7d,1h,0.2,capped_rank,2192,1.3626367075614305,0.153920908825532,0.9654794655223602,1.4066159804948215,0.693170972019475,-0.2220533101337191,61.44214377877266,0.04300950064514086,-0.029803258068132714,300,0,1.31946936365101,0.9464366708468679,0.8,1.0019280884597521,1.0461021041995904
top20pct,2d15557d4cfe8ae4254a,A,14,7d,2h,0.2,capped_rank,2192,1.3626367075614305,0.153920908825532,0.9654794655223602,1.4066159804948215,0.693170972019475,-0.2220533101337191,61.44214377877266,0.04300950064514086,-0.029803258068132714,300,0,1.31946936365101,0.9464366708468679,0.8,1.0019280884597521,1.0461021041995904
top20pct,388b05d84525824f8729,A,14,7d,4h,0.2,capped_rank,2192,1.3626367075614305,0.153920908825532,0.9654794655223602,1.4066159804948215,0.693170972019475,-0.2220533101337191,61.44214377877266,0.04300950064514086,-0.029803258068132714,300,0,1.31946936365101,0.9464366708468679,0.8,1.0019280884597521,1.0461021041995904
top20pct,75c4dc2eda54f69938e2,A,14,7d,1d,0.2,capped_rank,2192,1.3626367075614305,0.153920908825532,0.9654794655223602,1.4066159804948215,0.693170972019475,-0.2220533101337191,61.44214377877266,0.04300950064514086,-0.029803258068132714,300,0,1.31946936365101,0.9464366708468679,0.8,1.0019280884597521,1.0461021041995904
top4,e724267fbadac17ec167,A,60,3d,30m,0.15,equal,2192,0.8436350364435456,0.10723232970948904,1.2517883854905232,1.8773862244599842,0.8025543768428334,-0.13361378718203498,24.089407456897675,0.016862585219828374,-0.0388977548586272,648,0,0.8303657005386269,1.237541750903444,0.8,0.9988418325484878,1.488671442475393
top4,c5bb997cddc8b1527c5d,A,60,3d,1h,0.15,equal,2192,0.8436350364435456,0.10723232970948904,1.2517883854905232,1.8773862244599842,0.8025543768428334,-0.13361378718203498,24.089407456897675,0.016862585219828374,-0.0388977548586272,648,0,0.8303657005386269,1.237541750903444,0.8,0.9988418325484878,1.488671442475393
top4,0c1bde626f6057183191,A,60,3d,2h,0.15,equal,2192,0.8436350364435456,0.10723232970948904,1.2517883854905232,1.8773862244599842,0.8025543768428334,-0.13361378718203498,24.089407456897675,0.016862585219828374,-0.0388977548586272,648,0,0.8303657005386269,1.237541750903444,0.8,0.9988418325484878,1.488671442475393
top4,34997783dcd63616a6b7,A,60,3d,4h,0.15,equal,2192,0.8436350364435456,0.10723232970948904,1.2517883854905232,1.8773862244599842,0.8025543768428334,-0.13361378718203498,24.089407456897675,0.016862585219828374,-0.0388977548586272,648,0,0.8303657005386269,1.237541750903444,0.8,0.9988418325484878,1.488671442475393
top4,1f26ae30d3a1f5d87adf,A,60,3d,1d,0.15,equal,2192,0.8436350364435456,0.10723232970948904,1.2517883854905232,1.8773862244599842,0.8025543768428334,-0.13361378718203498,24.089407456897675,0.016862585219828374,-0.0388977548586272,648,0,0.8303657005386269,1.237541750903444,0.8,0.9988418325484878,1.488671442475393
top4,a4795689750132bc863f,A,60,3d,30m,0.2,equal,2192,1.239456530112645,0.14367824643550575,1.2517883854905236,1.8773862244599844,0.8162918410683379,-0.17601333151567955,32.11920994253024,0.02248344695977117,-0.05186367314483626,648,0,1.217994554721864,1.2375417509034443,0.8,0.9988418325484874,1.489890762445761
top4,99d236cc957429906ef8,A,60,3d,1h,0.2,equal,2192,1.239456530112645,0.14367824643550575,1.2517883854905236,1.8773862244599844,0.8162918410683379,-0.17601333151567955,32.11920994253024,0.02248344695977117,-0.05186367314483626,648,0,1.217994554721864,1.2375417509034443,0.8,0.9988418325484874,1.489890762445761
top4,d1008d2810cec6a022a2,A,60,3d,2h,0.2,equal,2192,1.239456530112645,0.14367824643550575,1.2517883854905236,1.8773862244599844,0.8162918410683379,-0.17601333151567955,32.11920994253024,0.02248344695977117,-0.05186367314483626,648,0,1.217994554721864,1.2375417509034443,0.8,0.9988418325484874,1.489890762445761
top4,3f116fde13dc42108c51,A,60,3d,4h,0.2,equal,2192,1.239456530112645,0.14367824643550575,1.2517883854905236,1.8773862244599844,0.8162918410683379,-0.17601333151567955,32.11920994253024,0.02248344695977117,-0.05186367314483626,648,0,1.217994554721864,1.2375417509034443,0.8,0.9988418325484874,1.489890762445761
top4,cb49baa0918da9ec1bcc,A,60,3d,1d,0.2,equal,2192,1.239456530112645,0.14367824643550575,1.2517883854905236,1.8773862244599844,0.8162918410683379,-0.17601333151567955,32.11920994253024,0.02248344695977117,-0.05186367314483626,648,0,1.217994554721864,1.2375417509034443,0.8,0.9988418325484874,1.489890762445761
top4,a210e8621be0a504139e,A,60,3d,30m,0.1,equal,2192,0.5106607877821316,0.07110960504868635,1.2517883854905236,1.8773862244599844,0.7891409233558989,-0.09011014755930513,16.05960497126512,0.011241723479885585,-0.02593183657241813,648,0,0.5034024294272754,1.2375417509034443,0.8,0.9988418325484874,1.4869430302623272
top4,de0bd3e6562bc08a27d0,A,60,3d,1h,0.1,equal,2192,0.5106607877821316,0.07110960504868635,1.2517883854905236,1.8773862244599844,0.7891409233558989,-0.09011014755930513,16.05960497126512,0.011241723479885585,-0.02593183657241813,648,0,0.5034024294272754,1.2375417509034443,0.8,0.9988418325484874,1.4869430302623272
top4,685d949d64e07f50cf64,A,60,3d,2h,0.1,equal,2192,0.5106607877821316,0.07110960504868635,1.2517883854905236,1.8773862244599844,0.7891409233558989,-0.09011014755930513,16.05960497126512,0.011241723479885585,-0.02593183657241813,648,0,0.5034024294272754,1.2375417509034443,0.8,0.9988418325484874,1.4869430302623272
top4,3dead63ba276a92aff70,A,60,3d,4h,0.1,equal,2192,0.5106607877821316,0.07110960504868635,1.2517883854905236,1.8773862244599844,0.7891409233558989,-0.09011014755930513,16.05960497126512,0.011241723479885585,-0.02593183657241813,648,0,0.5034024294272754,1.2375417509034443,0.8,0.9988418325484874,1.4869430302623272
top4,a826fcc8d900b7940fa3,A,60,3d,1d,0.1,equal,2192,0.5106607877821316,0.07110960504868635,1.2517883854905236,1.8773862244599844,0.7891409233558989,-0.09011014755930513,16.05960497126512,0.011241723479885585,-0.02593183657241813,648,0,0.5034024294272754,1.2375417509034443,0.8,0.9988418325484874,1.4869430302623272
top8,993aa424e58d468504df,A,60,3d,30m,0.15,equal,2192,0.8790846232788314,0.11074934192071839,1.1018839204852102,1.4946343740053902,0.6260938579133798,-0.17688936015091938,31.088970754406972,0.021762279528084884,-0.06256494535735868,648,0,0.8616468162549693,1.0863482877077493,0.8,0.9978167199232032,1.5850808134561392
top8,af833426729791adc753,A,60,3d,1h,0.15,equal,2192,0.8790846232788314,0.11074934192071839,1.1018839204852102,1.4946343740053902,0.6260938579133798,-0.17688936015091938,31.088970754406972,0.021762279528084884,-0.06256494535735868,648,0,0.8616468162549693,1.0863482877077493,0.8,0.9978167199232032,1.5850808134561392
top8,fae2b7b97849536b89e3,A,60,3d,2h,0.15,equal,2192,0.8790846232788314,0.11074934192071839,1.1018839204852102,1.4946343740053902,0.6260938579133798,-0.17688936015091938,31.088970754406972,0.021762279528084884,-0.06256494535735868,648,0,0.8616468162549693,1.0863482877077493,0.8,0.9978167199232032,1.5850808134561392
top8,02dde708e9fe17ad0e02,A,60,3d,4h,0.15,equal,2192,0.8790846232788314,0.11074934192071839,1.1018839204852102,1.4946343740053902,0.6260938579133798,-0.17688936015091938,31.088970754406972,0.021762279528084884,-0.06256494535735868,648,0,0.8616468162549693,1.0863482877077493,0.8,0.9978167199232032,1.5850808134561392
top8,851d267ccdd490732158,A,60,3d,1d,0.15,equal,2192,0.8790846232788314,0.11074934192071839,1.1018839204852102,1.4946343740053902,0.6260938579133798,-0.17688936015091938,31.088970754406972,0.021762279528084884,-0.06256494535735868,648,0,0.8616468162549693,1.0863482877077493,0.8,0.9978167199232032,1.5850808134561392
top8,34d8483c506805e2077e,A,60,3d,30m,0.2,equal,2192,1.2881548257850355,0.14778241913366563,1.1018839204852098,1.49463437400539,0.6383848254368824,-0.23149425431992354,41.45196100587597,0.029016372704113183,-0.08341992714314492,648,0,1.2598897582727715,1.0863482877077495,0.8,0.9978167199232026,1.5819179450215166
top8,5df666eac4e122abf910,A,60,3d,1h,0.2,equal,2192,1.2881548257850355,0.14778241913366563,1.1018839204852098,1.49463437400539,0.6383848254368824,-0.23149425431992354,41.45196100587597,0.029016372704113183,-0.08341992714314492,648,0,1.2598897582727715,1.0863482877077495,0.8,0.9978167199232026,1.5819179450215166
top8,794585c3ea2e118f601b,A,60,3d,2h,0.2,equal,2192,1.2881548257850355,0.14778241913366563,1.1018839204852098,1.49463437400539,0.6383848254368824,-0.23149425431992354,41.45196100587597,0.029016372704113183,-0.08341992714314492,648,0,1.2598897582727715,1.0863482877077495,0.8,0.9978167199232026,1.5819179450215166
top8,be05289d56a7b22896cb,A,60,3d,4h,0.2,equal,2192,1.2881548257850355,0.14778241913366563,1.1018839204852098,1.49463437400539,0.6383848254368824,-0.23149425431992354,41.45196100587597,0.029016372704113183,-0.08341992714314492,648,0,1.2598897582727715,1.0863482877077495,0.8,0.9978167199232026,1.5819179450215166
top8,873adba74fc235cc833a,A,60,3d,1d,0.2,equal,2192,1.2881548257850355,0.14778241913366563,1.1018839204852098,1.49463437400539,0.6383848254368824,-0.23149425431992354,41.45196100587597,0.029016372704113183,-0.08341992714314492,648,0,1.2598897582727715,1.0863482877077495,0.8,0.9978167199232026,1.5819179450215166
top8,813b1892cfd2ada67b81,A,60,3d,30m,0.1,equal,2192,0.5329285026505,0.073722625329258,1.1018839204852098,1.49463437400539,0.6140583886850545,-0.12005800537490863,20.725980502937986,0.014508186352056592,-0.04170996357157246,648,0,0.523429026538121,1.0863482877077495,0.8,0.9978167199232026,1.5870374308387616
top8,a7e62b64cece9a49c108,A,60,3d,1h,0.1,equal,2192,0.5329285026505,0.073722625329258,1.1018839204852098,1.49463437400539,0.6140583886850545,-0.12005800537490863,20.725980502937986,0.014508186352056592,-0.04170996357157246,648,0,0.523429026538121,1.0863482877077495,0.8,0.9978167199232026,1.5870374308387616
top8,b4a1b03c540860e9b403,A,60,3d,2h,0.1,equal,2192,0.5329285026505,0.073722625329258,1.1018839204852098,1.49463437400539,0.6140583886850545,-0.12005800537490863,20.725980502937986,0.014508186352056592,-0.04170996357157246,648,0,0.523429026538121,1.0863482877077495,0.8,0.9978167199232026,1.5870374308387616
top8,2c9907224c226a5887c5,A,60,3d,4h,0.1,equal,2192,0.5329285026505,0.073722625329258,1.1018839204852098,1.49463437400539,0.6140583886850545,-0.12005800537490863,20.725980502937986,0.014508186352056592,-0.04170996357157246,648,0,0.523429026538121,1.0863482877077495,0.8,0.9978167199232026,1.5870374308387616
top8,84b34f18f33d23f029fa,A,60,3d,1d,0.1,equal,2192,0.5329285026505,0.073722625329258,1.1018839204852098,1.49463437400539,0.6140583886850545,-0.12005800537490863,20.725980502937986,0.014508186352056592,-0.04170996357157246,648,0,0.523429026538121,1.0863482877077495,0.8,0.9978167199232026,1.5870374308387616
top4,89d481adf34a87f46e88,A,60,3d,30m,0.2,capped_rank,2192,1.5928714575261598,0.17192704010219106,1.0799348268390083,1.5248859155077368,0.6051180267220779,-0.2841214978068315,51.038441729456906,0.03572690921061984,-0.04032501975918917,639,0,1.553483711110208,1.0638416749703221,0.8,0.996725521806309,1.0459485464107556
top4,b2c725b81e42e7c71efc,A,60,3d,1h,0.2,capped_rank,2192,1.5928714575261598,0.17192704010219106,1.0799348268390083,1.5248859155077368,0.6051180267220779,-0.2841214978068315,51.038441729456906,0.03572690921061984,-0.04032501975918917,639,0,1.553483711110208,1.0638416749703221,0.8,0.996725521806309,1.0459485464107556
top4,f7de922a5c91b79b6817,A,60,3d,2h,0.2,capped_rank,2192,1.5928714575261598,0.17192704010219106,1.0799348268390083,1.5248859155077368,0.6051180267220779,-0.2841214978068315,51.038441729456906,0.03572690921061984,-0.04032501975918917,639,0,1.553483711110208,1.0638416749703221,0.8,0.996725521806309,1.0459485464107556
top4,588243e5e86d285e684d,A,60,3d,4h,0.2,capped_rank,2192,1.5928714575261598,0.17192704010219106,1.0799348268390083,1.5248859155077368,0.6051180267220779,-0.2841214978068315,51.038441729456906,0.03572690921061984,-0.04032501975918917,639,0,1.553483711110208,1.0638416749703221,0.8,0.996725521806309,1.0459485464107556
top4,2ebcf92f26f55d0d66d5,A,60,3d,1d,0.2,capped_rank,2192,1.5928714575261598,0.17192704010219106,1.0799348268390083,1.5248859155077368,0.6051180267220779,-0.2841214978068315,51.038441729456906,0.03572690921061984,-0.04032501975918917,639,0,1.553483711110208,1.0638416749703221,0.8,0.996725521806309,1.0459485464107556
top4,03c7f86d05f491248a1f,A,30,6h,5m,0.2,inverse_vol,2192,1.4651880830426403,0.16211405940672696,1.4440866859061379,2.172964857048005,0.783982486859054,-0.20678275615086816,79.76656769758429,0.05583659738830899,-0.04324160054391647,2002,0,1.406918450303913,1.4072262144234624,0.8,0.9890103318313912,0.8117634670629522
top4,7dd9b908f6cc81c4b762,A,30,1d,5m,0.2,inverse_vol,2192,1.4651880830426403,0.16211405940672696,1.4440866859061379,2.172964857048005,0.783982486859054,-0.20678275615086816,79.76656769758429,0.05583659738830899,-0.04324160054391647,2002,0,1.406918450303913,1.4072262144234624,0.8,0.9890103318313912,0.8117634670629522
top4,5d70da5fc9219acef57f,A,30,12h,15m,0.2,inverse_vol,2192,1.4651880830426403,0.16211405940672696,1.4440866859061379,2.172964857048005,0.783982486859054,-0.20678275615086816,79.76656769758429,0.05583659738830899,-0.04324160054391647,2002,0,1.406918450303913,1.4072262144234624,0.8,0.9890103318313912,0.8117634670629522
top4,3ccf35565b518b514e6c,A,30,1d,15m,0.2,inverse_vol,2192,1.4651880830426403,0.16211405940672696,1.4440866859061379,2.172964857048005,0.783982486859054,-0.20678275615086816,79.76656769758429,0.05583659738830899,-0.04324160054391647,2002,0,1.406918450303913,1.4072262144234624,0.8,0.9890103318313912,0.8117634670629522
top4,ee0db19e2bc13ae6cf3e,A,30,1d,30m,0.2,inverse_vol,2192,1.4651880830426403,0.16211405940672696,1.4440866859061379,2.172964857048005,0.783982486859054,-0.20678275615086816,79.76656769758429,0.05583659738830899,-0.04324160054391647,2002,0,1.406918450303913,1.4072262144234624,0.8,0.9890103318313912,0.8117634670629522
top4,2acf1dc279166624cf74,A,30,1d,1h,0.2,inverse_vol,2192,1.4651880830426403,0.16211405940672696,1.4440866859061379,2.172964857048005,0.783982486859054,-0.20678275615086816,79.76656769758429,0.05583659738830899,-0.04324160054391647,2002,0,1.406918450303913,1.4072262144234624,0.8,0.9890103318313912,0.8117634670629522
top4,731da7b9d76836695758,A,30,1d,2h,0.2,inverse_vol,2192,1.4651880830426403,0.16211405940672696,1.4440866859061379,2.172964857048005,0.783982486859054,-0.20678275615086816,79.76656769758429,0.05583659738830899,-0.04324160054391647,2002,0,1.406918450303913,1.4072262144234624,0.8,0.9890103318313912,0.8117634670629522
top4,ac29bb30bf82eeb8160a,A,30,1d,4h,0.2,inverse_vol,2192,1.4651880830426403,0.16211405940672696,1.4440866859061379,2.172964857048005,0.783982486859054,-0.20678275615086816,79.76656769758429,0.05583659738830899,-0.04324160054391647,2002,0,1.406918450303913,1.4072262144234624,0.8,0.9890103318313912,0.8117634670629522
top4,6c9e24ef69350f3c4dee,A,30,6h,5m,0.15,inverse_vol,2192,0.9796585860997622,0.1204348647668001,1.4433139672033988,2.1719988476126053,0.7617938225970405,-0.1580937797004236,59.92492577318821,0.04194744804123174,-0.03246390872426269,2002,0,0.9443974573958664,1.4063897256880045,0.8,0.9890103318313912,0.798287824637266
top4,a34b295719e62657c5e3,A,30,1d,5m,0.15,inverse_vol,2192,0.9796585860997622,0.1204348647668001,1.4433139672033988,2.1719988476126053,0.7617938225970405,-0.1580937797004236,59.92492577318821,0.04194744804123174,-0.03246390872426269,2002,0,0.9443974573958664,1.4063897256880045,0.8,0.9890103318313912,0.798287824637266
top4,771b296b992401c05a08,A,30,12h,15m,0.15,inverse_vol,2192,0.9796585860997622,0.1204348647668001,1.4433139672033988,2.1719988476126053,0.7617938225970405,-0.1580937797004236,59.92492577318821,0.04194744804123174,-0.03246390872426269,2002,0,0.9443974573958664,1.4063897256880045,0.8,0.9890103318313912,0.798287824637266
top4,44731ce0ba49bb0eba31,A,30,1d,15m,0.15,inverse_vol,2192,0.9796585860997622,0.1204348647668001,1.4433139672033988,2.1719988476126053,0.7617938225970405,-0.1580937797004236,59.92492577318821,0.04194744804123174,-0.03246390872426269,2002,0,0.9443974573958664,1.4063897256880045,0.8,0.9890103318313912,0.798287824637266
top4,8e78ab909152eb59d73a,A,30,1d,30m,0.15,inverse_vol,2192,0.9796585860997622,0.1204348647668001,1.4433139672033988,2.1719988476126053,0.7617938225970405,-0.1580937797004236,59.92492577318821,0.04194744804123174,-0.03246390872426269,2002,0,0.9443974573958664,1.4063897256880045,0.8,0.9890103318313912,0.798287824637266
top4,c6c1532db91f2034bbdf,A,30,1d,1h,0.15,inverse_vol,2192,0.9796585860997622,0.1204348647668001,1.4433139672033988,2.1719988476126053,0.7617938225970405,-0.1580937797004236,59.92492577318821,0.04194744804123174,-0.03246390872426269,2002,0,0.9443974573958664,1.4063897256880045,0.8,0.9890103318313912,0.798287824637266
top4,ef78eaef904ceee9565a,A,30,1d,2h,0.15,inverse_vol,2192,0.9796585860997622,0.1204348647668001,1.4433139672033988,2.1719988476126053,0.7617938225970405,-0.1580937797004236,59.92492577318821,0.04194744804123174,-0.03246390872426269,2002,0,0.9443974573958664,1.4063897256880045,0.8,0.9890103318313912,0.798287824637266
top4,3b969215e3447173475c,A,30,1d,4h,0.15,inverse_vol,2192,0.9796585860997622,0.1204348647668001,1.4433139672033988,2.1719988476126053,0.7617938225970405,-0.1580937797004236,59.92492577318821,0.04194744804123174,-0.03246390872426269,2002,0,0.9443974573958664,1.4063897256880045,0.8,0.9890103318313912,0.798287824637266
top4,66c38e8385a0038eb181,A,30,6h,5m,0.1,inverse_vol,2192,0.5827947619607625,0.07946137697686928,1.4417578755393763,2.169985721878908,0.7398429440103673,-0.10740303414417074,40.08328384879214,0.028058298694154497,-0.02168621690460891,2002,0,0.5638792696450721,1.4047054063275435,0.8,0.9890103318313912,0.7765184571130275
top4,ef81bf41dad1291bb54e,A,30,1d,5m,0.1,inverse_vol,2192,0.5827947619607625,0.07946137697686928,1.4417578755393763,2.169985721878908,0.7398429440103673,-0.10740303414417074,40.08328384879214,0.028058298694154497,-0.02168621690460891,2002,0,0.5638792696450721,1.4047054063275435,0.8,0.9890103318313912,0.7765184571130275
top4,3c3a94e4f0afe582bcf6,A,30,12h,15m,0.1,inverse_vol,2192,0.5827947619607625,0.07946137697686928,1.4417578755393763,2.169985721878908,0.7398429440103673,-0.10740303414417074,40.08328384879214,0.028058298694154497,-0.02168621690460891,2002,0,0.5638792696450721,1.4047054063275435,0.8,0.9890103318313912,0.7765184571130275
top4,4520ef040eaed58fbc03,A,30,1d,15m,0.1,inverse_vol,2192,0.5827947619607625,0.07946137697686928,1.4417578755393763,2.169985721878908,0.7398429440103673,-0.10740303414417074,40.08328384879214,0.028058298694154497,-0.02168621690460891,2002,0,0.5638792696450721,1.4047054063275435,0.8,0.9890103318313912,0.7765184571130275
top4,da6a632407110f4a9cb7,A,30,1d,30m,0.1,inverse_vol,2192,0.5827947619607625,0.07946137697686928,1.4417578755393763,2.169985721878908,0.7398429440103673,-0.10740303414417074,40.08328384879214,0.028058298694154497,-0.02168621690460891,2002,0,0.5638792696450721,1.4047054063275435,0.8,0.9890103318313912,0.7765184571130275
top4,28ae53a137fba4dcacd5,A,30,1d,1h,0.1,inverse_vol,2192,0.5827947619607625,0.07946137697686928,1.4417578755393763,2.169985721878908,0.7398429440103673,-0.10740303414417074,40.08328384879214,0.028058298694154497,-0.02168621690460891,2002,0,0.5638792696450721,1.4047054063275435,0.8,0.9890103318313912,0.7765184571130275
top4,6bcea1ce349023280c61,A,30,1d,2h,0.1,inverse_vol,2192,0.5827947619607625,0.07946137697686928,1.4417578755393763,2.169985721878908,0.7398429440103673,-0.10740303414417074,40.08328384879214,0.028058298694154497,-0.02168621690460891,2002,0,0.5638792696450721,1.4047054063275435,0.8,0.9890103318313912,0.7765184571130275
top4,5d5983edeeff87cbbe70,A,30,1d,4h,0.1,inverse_vol,2192,0.5827947619607625,0.07946137697686928,1.4417578755393763,2.169985721878908,0.7398429440103673,-0.10740303414417074,40.08328384879214,0.028058298694154497,-0.02168621690460891,2002,0,0.5638792696450721,1.4047054063275435,0.8,0.9890103318313912,0.7765184571130275
top20pct,0dd40621a987deb3659c,A,14,7d,1h,0.15,capped_rank,2192,0.9375924639235396,0.1164348618147153,0.9487264666525076,1.3720274702862234,0.6605174820287604,-0.1762782439263969,47.494117953302975,0.03324588256731208,-0.019054293630381785,300,0,0.9101709888761733,0.9295394489504409,0.8,0.9861101135379936,1.0073908942774445
top20pct,b690702313d5229f667e,A,14,7d,2h,0.15,capped_rank,2192,0.9375924639235396,0.1164348618147153,0.9487264666525076,1.3720274702862234,0.6605174820287604,-0.1762782439263969,47.494117953302975,0.03324588256731208,-0.019054293630381785,300,0,0.9101709888761733,0.9295394489504409,0.8,0.9861101135379936,1.0073908942774445
top20pct,ac168c59f7749dac333b,A,14,7d,4h,0.15,capped_rank,2192,0.9375924639235396,0.1164348618147153,0.9487264666525076,1.3720274702862234,0.6605174820287604,-0.1762782439263969,47.494117953302975,0.03324588256731208,-0.019054293630381785,300,0,0.9101709888761733,0.9295394489504409,0.8,0.9861101135379936,1.0073908942774445
top20pct,e9e4381a4eb5e1c95d8a,A,14,7d,1d,0.15,capped_rank,2192,0.9375924639235396,0.1164348618147153,0.9487264666525076,1.3720274702862234,0.6605174820287604,-0.1762782439263969,47.494117953302975,0.03324588256731208,-0.019054293630381785,300,0,0.9101709888761733,0.9295394489504409,0.8,0.9861101135379936,1.0073908942774445
top20pct,a360af82e1982593ebb1,A,14,7d,1h,0.1,capped_rank,2192,0.5745728161135408,0.07852564479821389,0.9333079442596784,1.3377433418009101,0.656220335552335,-0.11966353455370982,32.55692686052109,0.022789848802364766,-0.010056971178603307,300,0,0.5592648214423002,0.9140517225550748,0.8,0.9861101135379936,0.9965091678775955
top20pct,3ee1a4e9ea9b7b8c16a8,A,14,7d,2h,0.1,capped_rank,2192,0.5745728161135408,0.07852564479821389,0.9333079442596784,1.3377433418009101,0.656220335552335,-0.11966353455370982,32.55692686052109,0.022789848802364766,-0.010056971178603307,300,0,0.5592648214423002,0.9140517225550748,0.8,0.9861101135379936,0.9965091678775955
top20pct,4dbda5264dbb0ae066d2,A,14,7d,4h,0.1,capped_rank,2192,0.5745728161135408,0.07852564479821389,0.9333079442596784,1.3377433418009101,0.656220335552335,-0.11966353455370982,32.55692686052109,0.022789848802364766,-0.010056971178603307,300,0,0.5592648214423002,0.9140517225550748,0.8,0.9861101135379936,0.9965091678775955
top20pct,411fca0447d629484b59,A,14,7d,1d,0.1,capped_rank,2192,0.5745728161135408,0.07852564479821389,0.9333079442596784,1.3377433418009101,0.656220335552335,-0.11966353455370982,32.55692686052109,0.022789848802364766,-0.010056971178603307,300,0,0.5592648214423002,0.9140517225550748,0.8,0.9861101135379936,0.9965091678775955
top4,e9c351172874c244d426,A,60,3d,30m,0.15,capped_rank,2192,1.068226041058507,0.12863021981253042,1.0734795898770984,1.5138532015518127,0.5877054086450046,-0.21886853161534836,39.12977750816745,0.027390844255717223,-0.026909470931836023,646,0,1.0440943480588825,1.0570905788079408,0.8,0.9848423718769747,1.0299078917131124
top4,422fd7b6899880fa5cdb,A,60,3d,1h,0.15,capped_rank,2192,1.068226041058507,0.12863021981253042,1.0734795898770984,1.5138532015518127,0.5877054086450046,-0.21886853161534836,39.12977750816745,0.027390844255717223,-0.026909470931836023,646,0,1.0440943480588825,1.0570905788079408,0.8,0.9848423718769747,1.0299078917131124
top4,347f77ba2cfbb5c32619,A,60,3d,2h,0.15,capped_rank,2192,1.068226041058507,0.12863021981253042,1.0734795898770984,1.5138532015518127,0.5877054086450046,-0.21886853161534836,39.12977750816745,0.027390844255717223,-0.026909470931836023,646,0,1.0440943480588825,1.0570905788079408,0.8,0.9848423718769747,1.0299078917131124
top4,10b15a59ab808a6bf260,A,60,3d,4h,0.15,capped_rank,2192,1.068226041058507,0.12863021981253042,1.0734795898770984,1.5138532015518127,0.5877054086450046,-0.21886853161534836,39.12977750816745,0.027390844255717223,-0.026909470931836023,646,0,1.0440943480588825,1.0570905788079408,0.8,0.9848423718769747,1.0299078917131124
top4,11d492e037fa01c606eb,A,60,3d,1d,0.15,capped_rank,2192,1.068226041058507,0.12863021981253042,1.0734795898770984,1.5138532015518127,0.5877054086450046,-0.21886853161534836,39.12977750816745,0.027390844255717223,-0.026909470931836023,646,0,1.0440943480588825,1.0570905788079408,0.8,0.9848423718769747,1.0299078917131124
top8,b06fc175131b4274530a,A,14,7d,1h,0.15,equal,2192,0.827066360832655,0.10556916073181921,1.0823317591131625,1.448330730375665,0.7213944856056062,-0.14634040436723683,35.34128101872123,0.02473889671310486,-0.060399218965517684,301,0,0.8077915730637153,1.064037605613202,0.8,0.9846008237912768,1.0947709442202929
top8,c40e56abc223c7b41449,A,14,7d,2h,0.15,equal,2192,0.827066360832655,0.10556916073181921,1.0823317591131625,1.448330730375665,0.7213944856056062,-0.14634040436723683,35.34128101872123,0.02473889671310486,-0.060399218965517684,301,0,0.8077915730637153,1.064037605613202,0.8,0.9846008237912768,1.0947709442202929
top8,86e89c5947e1f39f234d,A,14,7d,4h,0.15,equal,2192,0.827066360832655,0.10556916073181921,1.0823317591131625,1.448330730375665,0.7213944856056062,-0.14634040436723683,35.34128101872123,0.02473889671310486,-0.060399218965517684,301,0,0.8077915730637153,1.064037605613202,0.8,0.9846008237912768,1.0947709442202929
top8,d9f98688b5a0d906ecf3,A,14,7d,1d,0.15,equal,2192,0.827066360832655,0.10556916073181921,1.0823317591131625,1.448330730375665,0.7213944856056062,-0.14634040436723683,35.34128101872123,0.02473889671310486,-0.060399218965517684,301,0,0.8077915730637153,1.064037605613202,0.8,0.9846008237912768,1.0947709442202929
top8,397f8036732feefd0cb3,A,14,7d,1h,0.2,equal,2192,1.2056018923648,0.14078100563142315,1.0823317591131623,1.4483307303756645,0.7292855190518187,-0.19303962844958134,47.12170802496164,0.03298519561747315,-0.08053229195402359,301,0,1.1746287470532812,1.064037605613202,0.8,0.9846008237912763,1.0987551634860793
top8,8b3b0edbbd6e74cc1834,A,14,7d,2h,0.2,equal,2192,1.2056018923648,0.14078100563142315,1.0823317591131623,1.4483307303756645,0.7292855190518187,-0.19303962844958134,47.12170802496164,0.03298519561747315,-0.08053229195402359,301,0,1.1746287470532812,1.064037605613202,0.8,0.9846008237912763,1.0987551634860793
top8,a2857b83991455dfe49a,A,14,7d,4h,0.2,equal,2192,1.2056018923648,0.14078100563142315,1.0823317591131623,1.4483307303756645,0.7292855190518187,-0.19303962844958134,47.12170802496164,0.03298519561747315,-0.08053229195402359,301,0,1.1746287470532812,1.064037605613202,0.8,0.9846008237912763,1.0987551634860793
top8,3fef08fb32e32fa94887,A,14,7d,1d,0.2,equal,2192,1.2056018923648,0.14078100563142315,1.0823317591131623,1.4483307303756645,0.7292855190518187,-0.19303962844958134,47.12170802496164,0.03298519561747315,-0.08053229195402359,301,0,1.1746287470532812,1.064037605613202,0.8,0.9846008237912763,1.0987551634860793
top8,7c8abe53927800b68c57,A,14,7d,1h,0.1,equal,2192,0.503981219559789,0.07031952816398146,1.0823317591131623,1.4483307303756645,0.7137007882984705,-0.09852802367169833,23.56085401248082,0.016492597808736575,-0.040266145977011794,301,0,0.49338610337386135,1.064037605613202,0.8,0.9846008237912763,1.0901777905250127
top8,73337085f9aaeb5bca74,A,14,7d,2h,0.1,equal,2192,0.503981219559789,0.07031952816398146,1.0823317591131623,1.4483307303756645,0.7137007882984705,-0.09852802367169833,23.56085401248082,0.016492597808736575,-0.040266145977011794,301,0,0.49338610337386135,1.064037605613202,0.8,0.9846008237912763,1.0901777905250127
top8,08c2e65c25974e76af9b,A,14,7d,4h,0.1,equal,2192,0.503981219559789,0.07031952816398146,1.0823317591131623,1.4483307303756645,0.7137007882984705,-0.09852802367169833,23.56085401248082,0.016492597808736575,-0.040266145977011794,301,0,0.49338610337386135,1.064037605613202,0.8,0.9846008237912763,1.0901777905250127
top8,8d50210f14181ccc0852,A,14,7d,1d,0.1,equal,2192,0.503981219559789,0.07031952816398146,1.0823317591131623,1.4483307303756645,0.7137007882984705,-0.09852802367169833,23.56085401248082,0.016492597808736575,-0.040266145977011794,301,0,0.49338610337386135,1.064037605613202,0.8,0.9846008237912763,1.0901777905250127
top4,f64be51cf7d3aaa0432b,A,90,3d,30m,0.2,capped_rank,2192,1.5327787944563958,0.1673600752149691,1.1019299733960992,1.5982303993390903,0.636725562152626,-0.2628449133550761,43.36943184038003,0.030358602288266024,-0.08100457651548065,641,0,1.5000510421019708,1.0875585872133624,0.8,0.9833274649630689,1.142830667321635
top4,07dd7dfecad264f2988d,A,90,3d,1h,0.2,capped_rank,2192,1.5327787944563958,0.1673600752149691,1.1019299733960992,1.5982303993390903,0.636725562152626,-0.2628449133550761,43.36943184038003,0.030358602288266024,-0.08100457651548065,641,0,1.5000510421019708,1.0875585872133624,0.8,0.9833274649630689,1.142830667321635
top4,7d970f1158a1108e87f8,A,90,3d,2h,0.2,capped_rank,2192,1.5327787944563958,0.1673600752149691,1.1019299733960992,1.5982303993390903,0.636725562152626,-0.2628449133550761,43.36943184038003,0.030358602288266024,-0.08100457651548065,641,0,1.5000510421019708,1.0875585872133624,0.8,0.9833274649630689,1.142830667321635
top4,babcc7423f1a55ec0b89,A,90,3d,4h,0.2,capped_rank,2192,1.5327787944563958,0.1673600752149691,1.1019299733960992,1.5982303993390903,0.636725562152626,-0.2628449133550761,43.36943184038003,0.030358602288266024,-0.08100457651548065,641,0,1.5000510421019708,1.0875585872133624,0.8,0.9833274649630689,1.142830667321635
top4,26198350f028164a1074,A,90,3d,1d,0.2,capped_rank,2192,1.5327787944563958,0.1673600752149691,1.1019299733960992,1.5982303993390903,0.636725562152626,-0.2628449133550761,43.36943184038003,0.030358602288266024,-0.08100457651548065,641,0,1.5000510421019708,1.0875585872133624,0.8,0.9833274649630689,1.142830667321635
top4,b0e64739ec1ff1db4def,A,90,3d,30m,0.1,capped_rank,2192,0.6361247302669648,0.08543433061373218,1.1168973185347362,1.6144405552479593,0.6491411695238749,-0.13161132681878063,22.856940797894588,0.01599985855852621,-0.04097990957894668,647,0,0.6249468863395111,1.1018806798899898,0.8,0.9833274649630689,1.1311305585286135
top4,8d1306cc4b12a6036156,A,90,3d,1h,0.1,capped_rank,2192,0.6361247302669648,0.08543433061373218,1.1168973185347362,1.6144405552479593,0.6491411695238749,-0.13161132681878063,22.856940797894588,0.01599985855852621,-0.04097990957894668,647,0,0.6249468863395111,1.1018806798899898,0.8,0.9833274649630689,1.1311305585286135
top4,00253e6363f39cb08427,A,90,3d,2h,0.1,capped_rank,2192,0.6361247302669648,0.08543433061373218,1.1168973185347362,1.6144405552479593,0.6491411695238749,-0.13161132681878063,22.856940797894588,0.01599985855852621,-0.04097990957894668,647,0,0.6249468863395111,1.1018806798899898,0.8,0.9833274649630689,1.1311305585286135
top4,cb8f4d7fec027245b54f,A,90,3d,4h,0.1,capped_rank,2192,0.6361247302669648,0.08543433061373218,1.1168973185347362,1.6144405552479593,0.6491411695238749,-0.13161132681878063,22.856940797894588,0.01599985855852621,-0.04097990957894668,647,0,0.6249468863395111,1.1018806798899898,0.8,0.9833274649630689,1.1311305585286135
top4,dffafb55c1e3799bd709,A,90,3d,1d,0.1,capped_rank,2192,0.6361247302669648,0.08543433061373218,1.1168973185347362,1.6144405552479593,0.6491411695238749,-0.13161132681878063,22.856940797894588,0.01599985855852621,-0.04097990957894668,647,0,0.6249468863395111,1.1018806798899898,0.8,0.9833274649630689,1.1311305585286135
top4,67366f8816933d2bd29e,A,90,3d,30m,0.15,capped_rank,2192,1.042320740407098,0.12626390184594283,1.1052019338504349,1.6015436044757727,0.6323820555754097,-0.19966395430220463,33.33061803791049,0.023331432626537342,-0.06106167137933145,642,0,1.0220076070696336,1.0905254171558172,0.8,0.9833274649630688,1.1373750359152628
top4,5f93bf7aecd27a755e02,A,90,3d,1h,0.15,capped_rank,2192,1.042320740407098,0.12626390184594283,1.1052019338504349,1.6015436044757727,0.6323820555754097,-0.19966395430220463,33.33061803791049,0.023331432626537342,-0.06106167137933145,642,0,1.0220076070696336,1.0905254171558172,0.8,0.9833274649630688,1.1373750359152628
top4,764147986d42beea3dfe,A,90,3d,2h,0.15,capped_rank,2192,1.042320740407098,0.12626390184594283,1.1052019338504349,1.6015436044757727,0.6323820555754097,-0.19966395430220463,33.33061803791049,0.023331432626537342,-0.06106167137933145,642,0,1.0220076070696336,1.0905254171558172,0.8,0.9833274649630688,1.1373750359152628
top4,94750ffba6883c1b8e36,A,90,3d,4h,0.15,capped_rank,2192,1.042320740407098,0.12626390184594283,1.1052019338504349,1.6015436044757727,0.6323820555754097,-0.19966395430220463,33.33061803791049,0.023331432626537342,-0.06106167137933145,642,0,1.0220076070696336,1.0905254171558172,0.8,0.9833274649630688,1.1373750359152628
top4,bcfdb889c277e3d9b422,A,90,3d,1d,0.15,capped_rank,2192,1.042320740407098,0.12626390184594283,1.1052019338504349,1.6015436044757727,0.6323820555754097,-0.19966395430220463,33.33061803791049,0.023331432626537342,-0.06106167137933145,642,0,1.0220076070696336,1.0905254171558172,0.8,0.9833274649630688,1.1373750359152628
top4,cae068023a33c54ad739,A,30,6h,5m,0.2,capped_rank,2192,2.115615737481245,0.20832083070054574,1.3187237239982008,1.9029342841377341,0.9080531116312702,-0.22941480848659634,118.29108934084778,0.08280376253859344,-0.025098137790206858,1971,0,2.0070294870804584,1.2799003771844881,0.8,0.9816391132705247,0.8981783040595579
top4,d11127913a33950c0425,A,30,1d,5m,0.2,capped_rank,2192,2.115615737481245,0.20832083070054574,1.3187237239982008,1.9029342841377341,0.9080531116312702,-0.22941480848659634,118.29108934084778,0.08280376253859344,-0.025098137790206858,1971,0,2.0070294870804584,1.2799003771844881,0.8,0.9816391132705247,0.8981783040595579
top4,e1b6d85e83881c9a2402,A,30,12h,15m,0.2,capped_rank,2192,2.115615737481245,0.20832083070054574,1.3187237239982008,1.9029342841377341,0.9080531116312702,-0.22941480848659634,118.29108934084778,0.08280376253859344,-0.025098137790206858,1971,0,2.0070294870804584,1.2799003771844881,0.8,0.9816391132705247,0.8981783040595579
top4,cc450dde610ac9781eb7,A,30,1d,15m,0.2,capped_rank,2192,2.115615737481245,0.20832083070054574,1.3187237239982008,1.9029342841377341,0.9080531116312702,-0.22941480848659634,118.29108934084778,0.08280376253859344,-0.025098137790206858,1971,0,2.0070294870804584,1.2799003771844881,0.8,0.9816391132705247,0.8981783040595579
top4,b3a962b0c705d1711b3e,A,30,1d,30m,0.2,capped_rank,2192,2.115615737481245,0.20832083070054574,1.3187237239982008,1.9029342841377341,0.9080531116312702,-0.22941480848659634,118.29108934084778,0.08280376253859344,-0.025098137790206858,1971,0,2.0070294870804584,1.2799003771844881,0.8,0.9816391132705247,0.8981783040595579
top4,aecdca2f6ad096d5f651,A,30,1d,1h,0.2,capped_rank,2192,2.115615737481245,0.20832083070054574,1.3187237239982008,1.9029342841377341,0.9080531116312702,-0.22941480848659634,118.29108934084778,0.08280376253859344,-0.025098137790206858,1971,0,2.0070294870804584,1.2799003771844881,0.8,0.9816391132705247,0.8981783040595579
top4,47c6e67a1ee25a96664b,A,30,1d,2h,0.2,capped_rank,2192,2.115615737481245,0.20832083070054574,1.3187237239982008,1.9029342841377341,0.9080531116312702,-0.22941480848659634,118.29108934084778,0.08280376253859344,-0.025098137790206858,1971,0,2.0070294870804584,1.2799003771844881,0.8,0.9816391132705247,0.8981783040595579
top4,79187b8501f3448554d8,A,30,1d,4h,0.2,capped_rank,2192,2.115615737481245,0.20832083070054574,1.3187237239982008,1.9029342841377341,0.9080531116312702,-0.22941480848659634,118.29108934084778,0.08280376253859344,-0.025098137790206858,1971,0,2.0070294870804584,1.2799003771844881,0.8,0.9816391132705247,0.8981783040595579
top20pct,764dd99296423ab036a1,A,90,6h,5m,0.15,equal,2192,0.6401118682781006,0.08587433813534906,1.2370041292868914,1.7677875028901402,0.8952887532735339,-0.09591803518290398,32.156122481931135,0.02250928573735179,-0.0354254004745784,1933,0,0.6243716566577526,1.2136164391144812,0.8,0.971908845118757,0.9539673514826801
top20pct,695fff2891c2342aecae,A,90,1d,5m,0.15,equal,2192,0.6401118682781006,0.08587433813534906,1.2370041292868914,1.7677875028901402,0.8952887532735339,-0.09591803518290398,32.156122481931135,0.02250928573735179,-0.0354254004745784,1933,0,0.6243716566577526,1.2136164391144812,0.8,0.971908845118757,0.9539673514826801
top20pct,2deb21edc9626be18963,A,90,12h,15m,0.15,equal,2192,0.6401118682781006,0.08587433813534906,1.2370041292868914,1.7677875028901402,0.8952887532735339,-0.09591803518290398,32.156122481931135,0.02250928573735179,-0.0354254004745784,1933,0,0.6243716566577526,1.2136164391144812,0.8,0.971908845118757,0.9539673514826801
top20pct,25375a7091eba97487a9,A,90,1d,15m,0.15,equal,2192,0.6401118682781006,0.08587433813534906,1.2370041292868914,1.7677875028901402,0.8952887532735339,-0.09591803518290398,32.156122481931135,0.02250928573735179,-0.0354254004745784,1933,0,0.6243716566577526,1.2136164391144812,0.8,0.971908845118757,0.9539673514826801
top20pct,9decc12e47f8a1d88826,A,90,1d,30m,0.15,equal,2192,0.6401118682781006,0.08587433813534906,1.2370041292868914,1.7677875028901402,0.8952887532735339,-0.09591803518290398,32.156122481931135,0.02250928573735179,-0.0354254004745784,1933,0,0.6243716566577526,1.2136164391144812,0.8,0.971908845118757,0.9539673514826801
top20pct,5992e6843ec0395438e0,A,90,1d,1h,0.15,equal,2192,0.6401118682781006,0.08587433813534906,1.2370041292868914,1.7677875028901402,0.8952887532735339,-0.09591803518290398,32.156122481931135,0.02250928573735179,-0.0354254004745784,1933,0,0.6243716566577526,1.2136164391144812,0.8,0.971908845118757,0.9539673514826801
top20pct,ff4fa8046f494dc67878,A,90,1d,2h,0.15,equal,2192,0.6401118682781006,0.08587433813534906,1.2370041292868914,1.7677875028901402,0.8952887532735339,-0.09591803518290398,32.156122481931135,0.02250928573735179,-0.0354254004745784,1933,0,0.6243716566577526,1.2136164391144812,0.8,0.971908845118757,0.9539673514826801
top20pct,cf114a5db0889e02e43a,A,90,1d,4h,0.15,equal,2192,0.6401118682781006,0.08587433813534906,1.2370041292868914,1.7677875028901402,0.8952887532735339,-0.09591803518290398,32.156122481931135,0.02250928573735179,-0.0354254004745784,1933,0,0.6243716566577526,1.2136164391144812,0.8,0.971908845118757,0.9539673514826801
top20pct,dd89646405a3f5120e47,A,90,6h,5m,0.2,equal,2192,0.9221160708613265,0.11494500912400807,1.2370041292868914,1.7677875028901402,0.9068185408251894,-0.12675635085649006,42.87482997590818,0.030012380983135724,-0.047233867299437876,1933,0,0.8975626913558119,1.2136164391144815,0.8,0.9719088451187567,0.960811332708973
top20pct,8f9cca9beeaf6c2ff6eb,A,90,1d,5m,0.2,equal,2192,0.9221160708613265,0.11494500912400807,1.2370041292868914,1.7677875028901402,0.9068185408251894,-0.12675635085649006,42.87482997590818,0.030012380983135724,-0.047233867299437876,1933,0,0.8975626913558119,1.2136164391144815,0.8,0.9719088451187567,0.960811332708973
top20pct,607e8e36eb7dad5d86af,A,90,12h,15m,0.2,equal,2192,0.9221160708613265,0.11494500912400807,1.2370041292868914,1.7677875028901402,0.9068185408251894,-0.12675635085649006,42.87482997590818,0.030012380983135724,-0.047233867299437876,1933,0,0.8975626913558119,1.2136164391144815,0.8,0.9719088451187567,0.960811332708973
top20pct,3e826effbc4101cab4da,A,90,1d,15m,0.2,equal,2192,0.9221160708613265,0.11494500912400807,1.2370041292868914,1.7677875028901402,0.9068185408251894,-0.12675635085649006,42.87482997590818,0.030012380983135724,-0.047233867299437876,1933,0,0.8975626913558119,1.2136164391144815,0.8,0.9719088451187567,0.960811332708973
top20pct,e0a9be1c3dfd9241e747,A,90,1d,30m,0.2,equal,2192,0.9221160708613265,0.11494500912400807,1.2370041292868914,1.7677875028901402,0.9068185408251894,-0.12675635085649006,42.87482997590818,0.030012380983135724,-0.047233867299437876,1933,0,0.8975626913558119,1.2136164391144815,0.8,0.9719088451187567,0.960811332708973
top20pct,a36886e7b3740bdfcdcf,A,90,1d,1h,0.2,equal,2192,0.9221160708613265,0.11494500912400807,1.2370041292868914,1.7677875028901402,0.9068185408251894,-0.12675635085649006,42.87482997590818,0.030012380983135724,-0.047233867299437876,1933,0,0.8975626913558119,1.2136164391144815,0.8,0.9719088451187567,0.960811332708973
top20pct,cabffbf064e488d58786,A,90,1d,2h,0.2,equal,2192,0.9221160708613265,0.11494500912400807,1.2370041292868914,1.7677875028901402,0.9068185408251894,-0.12675635085649006,42.87482997590818,0.030012380983135724,-0.047233867299437876,1933,0,0.8975626913558119,1.2136164391144815,0.8,0.9719088451187567,0.960811332708973
top20pct,81699b935097c48dc244,A,90,1d,4h,0.2,equal,2192,0.9221160708613265,0.11494500912400807,1.2370041292868914,1.7677875028901402,0.9068185408251894,-0.12675635085649006,42.87482997590818,0.030012380983135724,-0.047233867299437876,1933,0,0.8975626913558119,1.2136164391144815,0.8,0.9719088451187567,0.960811332708973
top20pct,01c03ff33ec56da86c8b,A,90,6h,5m,0.1,equal,2192,0.3951146630506732,0.0570113725934871,1.2370041292868914,1.7677875028901402,0.8838645730970527,-0.06450238456070234,21.43741498795409,0.015006190491567862,-0.023616933649718938,1933,0,0.3861733263226983,1.2136164391144815,0.8,0.9719088451187567,0.9467984803212836
top20pct,37f6fcf19dc2c29cfd5c,A,90,1d,5m,0.1,equal,2192,0.3951146630506732,0.0570113725934871,1.2370041292868914,1.7677875028901402,0.8838645730970527,-0.06450238456070234,21.43741498795409,0.015006190491567862,-0.023616933649718938,1933,0,0.3861733263226983,1.2136164391144815,0.8,0.9719088451187567,0.9467984803212836
top20pct,5fe19c0135122974c54b,A,90,12h,15m,0.1,equal,2192,0.3951146630506732,0.0570113725934871,1.2370041292868914,1.7677875028901402,0.8838645730970527,-0.06450238456070234,21.43741498795409,0.015006190491567862,-0.023616933649718938,1933,0,0.3861733263226983,1.2136164391144815,0.8,0.9719088451187567,0.9467984803212836
top20pct,22dcb738f6e015922254,A,90,1d,15m,0.1,equal,2192,0.3951146630506732,0.0570113725934871,1.2370041292868914,1.7677875028901402,0.8838645730970527,-0.06450238456070234,21.43741498795409,0.015006190491567862,-0.023616933649718938,1933,0,0.3861733263226983,1.2136164391144815,0.8,0.9719088451187567,0.9467984803212836
top20pct,acfd3c4f5d6b84f76e44,A,90,1d,30m,0.1,equal,2192,0.3951146630506732,0.0570113725934871,1.2370041292868914,1.7677875028901402,0.8838645730970527,-0.06450238456070234,21.43741498795409,0.015006190491567862,-0.023616933649718938,1933,0,0.3861733263226983,1.2136164391144815,0.8,0.9719088451187567,0.9467984803212836
top20pct,b21897e5fe04e2ee279f,A,90,1d,1h,0.1,equal,2192,0.3951146630506732,0.0570113725934871,1.2370041292868914,1.7677875028901402,0.8838645730970527,-0.06450238456070234,21.43741498795409,0.015006190491567862,-0.023616933649718938,1933,0,0.3861733263226983,1.2136164391144815,0.8,0.9719088451187567,0.9467984803212836
top20pct,1b2a99a3eedb6bda4b75,A,90,1d,2h,0.1,equal,2192,0.3951146630506732,0.0570113725934871,1.2370041292868914,1.7677875028901402,0.8838645730970527,-0.06450238456070234,21.43741498795409,0.015006190491567862,-0.023616933649718938,1933,0,0.3861733263226983,1.2136164391144815,0.8,0.9719088451187567,0.9467984803212836
top20pct,ff8a561bdfdf7bccf682,A,90,1d,4h,0.1,equal,2192,0.3951146630506732,0.0570113725934871,1.2370041292868914,1.7677875028901402,0.8838645730970527,-0.06450238456070234,21.43741498795409,0.015006190491567862,-0.023616933649718938,1933,0,0.3861733263226983,1.2136164391144815,0.8,0.9719088451187567,0.9467984803212836
top4,c4739a1ab3f734fd2450,A,90,7d,1h,0.1,capped_rank,2192,0.6992053124563684,0.09229336722049175,1.157264986329981,1.668193227945531,0.6530739886911844,-0.14132145640259763,13.709303246329402,0.009596512272430583,-0.043149221428297066,283,0,0.6922278472783874,1.148505474491915,0.8,0.9679826587363071,1.054360714781095
top4,52681540ff7fd1918200,A,90,7d,2h,0.1,capped_rank,2192,0.6992053124563684,0.09229336722049175,1.157264986329981,1.668193227945531,0.6530739886911844,-0.14132145640259763,13.709303246329402,0.009596512272430583,-0.043149221428297066,283,0,0.6922278472783874,1.148505474491915,0.8,0.9679826587363071,1.054360714781095
top4,78580e42a72591fa3b6c,A,90,7d,4h,0.1,capped_rank,2192,0.6992053124563684,0.09229336722049175,1.157264986329981,1.668193227945531,0.6530739886911844,-0.14132145640259763,13.709303246329402,0.009596512272430583,-0.043149221428297066,283,0,0.6922278472783874,1.148505474491915,0.8,0.9679826587363071,1.054360714781095
top4,44897a06d5abf589fbfa,A,90,7d,1d,0.1,capped_rank,2192,0.6992053124563684,0.09229336722049175,1.157264986329981,1.668193227945531,0.6530739886911844,-0.14132145640259763,13.709303246329402,0.009596512272430583,-0.043149221428297066,283,0,0.6922278472783874,1.148505474491915,0.8,0.9679826587363071,1.054360714781095
top8,eca6d73b9e0207e6ed5e,A,60,3d,30m,0.1,capped_rank,2192,0.5477987828542552,0.07545002485582186,0.9800886466196453,1.3082178956409243,0.4884323054519306,-0.15447386262874319,26.829795111597736,0.018780856578118416,-0.021301714012678497,646,0,0.5353920533454559,0.9627280298137604,0.8,0.9625447643600258,1.1630603684466314
top8,6f8dfd624de055481b9e,A,60,3d,1h,0.1,capped_rank,2192,0.5477987828542552,0.07545002485582186,0.9800886466196453,1.3082178956409243,0.4884323054519306,-0.15447386262874319,26.829795111597736,0.018780856578118416,-0.021301714012678497,646,0,0.5353920533454559,0.9627280298137604,0.8,0.9625447643600258,1.1630603684466314
top8,6124190e243519efa302,A,60,3d,2h,0.1,capped_rank,2192,0.5477987828542552,0.07545002485582186,0.9800886466196453,1.3082178956409243,0.4884323054519306,-0.15447386262874319,26.829795111597736,0.018780856578118416,-0.021301714012678497,646,0,0.5353920533454559,0.9627280298137604,0.8,0.9625447643600258,1.1630603684466314
top8,1f37bb5bd4f7a589fe2d,A,60,3d,4h,0.1,capped_rank,2192,0.5477987828542552,0.07545002485582186,0.9800886466196453,1.3082178956409243,0.4884323054519306,-0.15447386262874319,26.829795111597736,0.018780856578118416,-0.021301714012678497,646,0,0.5353920533454559,0.9627280298137604,0.8,0.9625447643600258,1.1630603684466314
top8,f79a03408cfcf65a2cfc,A,60,3d,1d,0.1,capped_rank,2192,0.5477987828542552,0.07545002485582186,0.9800886466196453,1.3082178956409243,0.4884323054519306,-0.15447386262874319,26.829795111597736,0.018780856578118416,-0.021301714012678497,646,0,0.5353920533454559,0.9627280298137604,0.8,0.9625447643600258,1.1630603684466314
top8,5ce05549ddf0b18ffde1,A,14,3d,30m,0.2,inverse_vol,2192,1.5700976997257645,0.17020674909240419,1.1915308422413133,1.5865300788823022,0.9609255490848362,-0.17712792552399637,83.06733726871491,0.05814713608810043,-0.09865624388208669,683,0,1.5068679632580806,1.1619387230430673,0.8,0.9615063264375427,0.9055488043853293
top8,f1d43bc407f8ccac5df0,A,14,3d,1h,0.2,inverse_vol,2192,1.5700976997257645,0.17020674909240419,1.1915308422413133,1.5865300788823022,0.9609255490848362,-0.17712792552399637,83.06733726871491,0.05814713608810043,-0.09865624388208669,683,0,1.5068679632580806,1.1619387230430673,0.8,0.9615063264375427,0.9055488043853293
top8,aa8bb4d8b9bf339e4931,A,14,3d,2h,0.2,inverse_vol,2192,1.5700976997257645,0.17020674909240419,1.1915308422413133,1.5865300788823022,0.9609255490848362,-0.17712792552399637,83.06733726871491,0.05814713608810043,-0.09865624388208669,683,0,1.5068679632580806,1.1619387230430673,0.8,0.9615063264375427,0.9055488043853293
top8,0777abe6047ee35c4489,A,14,3d,4h,0.2,inverse_vol,2192,1.5700976997257645,0.17020674909240419,1.1915308422413133,1.5865300788823022,0.9609255490848362,-0.17712792552399637,83.06733726871491,0.05814713608810043,-0.09865624388208669,683,0,1.5068679632580806,1.1619387230430673,0.8,0.9615063264375427,0.9055488043853293
top8,3b50775ef0791e129e99,A,14,3d,1d,0.2,inverse_vol,2192,1.5700976997257645,0.17020674909240419,1.1915308422413133,1.5865300788823022,0.9609255490848362,-0.17712792552399637,83.06733726871491,0.05814713608810043,-0.09865624388208669,683,0,1.5068679632580806,1.1619387230430673,0.8,0.9615063264375427,0.9055488043853293
top8,f5a172a39e45b0357e80,A,14,3d,30m,0.1,inverse_vol,2192,0.6270629075702099,0.08443096390507265,1.1915308422413133,1.5865300788823022,0.95072742068039,-0.0888066990269929,41.533668634357454,0.029073568044050216,-0.04932812194104334,683,0,0.6069198285707103,1.1619387230430673,0.8,0.9615063264375427,0.8929303176919656
top8,313846bc1da51b5f00a6,A,14,3d,1h,0.1,inverse_vol,2192,0.6270629075702099,0.08443096390507265,1.1915308422413133,1.5865300788823022,0.95072742068039,-0.0888066990269929,41.533668634357454,0.029073568044050216,-0.04932812194104334,683,0,0.6069198285707103,1.1619387230430673,0.8,0.9615063264375427,0.8929303176919656
top8,974a99c25d3319a32624,A,14,3d,2h,0.1,inverse_vol,2192,0.6270629075702099,0.08443096390507265,1.1915308422413133,1.5865300788823022,0.95072742068039,-0.0888066990269929,41.533668634357454,0.029073568044050216,-0.04932812194104334,683,0,0.6069198285707103,1.1619387230430673,0.8,0.9615063264375427,0.8929303176919656
top8,182e9a406fd47aa134d0,A,14,3d,4h,0.1,inverse_vol,2192,0.6270629075702099,0.08443096390507265,1.1915308422413133,1.5865300788823022,0.95072742068039,-0.0888066990269929,41.533668634357454,0.029073568044050216,-0.04932812194104334,683,0,0.6069198285707103,1.1619387230430673,0.8,0.9615063264375427,0.8929303176919656
top8,d6c31e5f6643abe71620,A,14,3d,1d,0.1,inverse_vol,2192,0.6270629075702099,0.08443096390507265,1.1915308422413133,1.5865300788823022,0.95072742068039,-0.0888066990269929,41.533668634357454,0.029073568044050216,-0.04932812194104334,683,0,0.6069198285707103,1.1619387230430673,0.8,0.9615063264375427,0.8929303176919656
top8,fc7c8432bab833335fd7,A,14,3d,30m,0.15,inverse_vol,2192,1.0525051817066857,0.12719716691340377,1.191530842241313,1.586530078882302,0.9554956997227643,-0.13312165292874667,62.300502951536174,0.04361035206607533,-0.07399218291156501,683,0,1.0145120904622318,1.1619387230430678,0.8,0.9615063264375426,0.8995413441406361
top8,c3aef4bd32fb8eb63bbd,A,14,3d,1h,0.15,inverse_vol,2192,1.0525051817066857,0.12719716691340377,1.191530842241313,1.586530078882302,0.9554956997227643,-0.13312165292874667,62.300502951536174,0.04361035206607533,-0.07399218291156501,683,0,1.0145120904622318,1.1619387230430678,0.8,0.9615063264375426,0.8995413441406361
top8,814549b2a72814aa8719,A,14,3d,2h,0.15,inverse_vol,2192,1.0525051817066857,0.12719716691340377,1.191530842241313,1.586530078882302,0.9554956997227643,-0.13312165292874667,62.300502951536174,0.04361035206607533,-0.07399218291156501,683,0,1.0145120904622318,1.1619387230430678,0.8,0.9615063264375426,0.8995413441406361
top8,917e402ad196bc9afa09,A,14,3d,4h,0.15,inverse_vol,2192,1.0525051817066857,0.12719716691340377,1.191530842241313,1.586530078882302,0.9554956997227643,-0.13312165292874667,62.300502951536174,0.04361035206607533,-0.07399218291156501,683,0,1.0145120904622318,1.1619387230430678,0.8,0.9615063264375426,0.8995413441406361
top8,393a15e3940e09f2977f,A,14,3d,1d,0.15,inverse_vol,2192,1.0525051817066857,0.12719716691340377,1.191530842241313,1.586530078882302,0.9554956997227643,-0.13312165292874667,62.300502951536174,0.04361035206607533,-0.07399218291156501,683,0,1.0145120904622318,1.1619387230430678,0.8,0.9615063264375426,0.8995413441406361
top20pct,261b48613d716a367f46,A,90,3d,30m,0.2,equal,2192,1.0034077876936123,0.12266194984329148,1.3074626073238234,1.8801183254227418,1.000726316908677,-0.1225729230567294,23.138415180142417,0.01619689062609969,-0.04782396375779113,648,0,0.9895659491091355,1.2950236905586927,0.8,0.9547899137460797,0.8640292332808499
top20pct,6108ab35249955cbdc89,A,90,3d,1h,0.2,equal,2192,1.0034077876936123,0.12266194984329148,1.3074626073238234,1.8801183254227418,1.000726316908677,-0.1225729230567294,23.138415180142417,0.01619689062609969,-0.04782396375779113,648,0,0.9895659491091355,1.2950236905586927,0.8,0.9547899137460797,0.8640292332808499
top20pct,b1acaa55b6e65091ce66,A,90,3d,2h,0.2,equal,2192,1.0034077876936123,0.12266194984329148,1.3074626073238234,1.8801183254227418,1.000726316908677,-0.1225729230567294,23.138415180142417,0.01619689062609969,-0.04782396375779113,648,0,0.9895659491091355,1.2950236905586927,0.8,0.9547899137460797,0.8640292332808499
top20pct,86682b97963d4cdd7003,A,90,3d,4h,0.2,equal,2192,1.0034077876936123,0.12266194984329148,1.3074626073238234,1.8801183254227418,1.000726316908677,-0.1225729230567294,23.138415180142417,0.01619689062609969,-0.04782396375779113,648,0,0.9895659491091355,1.2950236905586927,0.8,0.9547899137460797,0.8640292332808499
top20pct,5504c7580193a43b4d19,A,90,3d,1d,0.2,equal,2192,1.0034077876936123,0.12266194984329148,1.3074626073238234,1.8801183254227418,1.000726316908677,-0.1225729230567294,23.138415180142417,0.01619689062609969,-0.04782396375779113,648,0,0.9895659491091355,1.2950236905586927,0.8,0.9547899137460797,0.8640292332808499
top20pct,647106596ab8957dfe44,A,90,3d,30m,0.15,equal,2192,0.6919301928989328,0.0915132459307364,1.3074626073238234,1.8801183254227416,0.9827116323930735,-0.09312319394030755,17.35381138510681,0.012147667969574769,-0.03586797281834335,648,0,0.6831526635822807,1.295023690558693,0.8,0.9547899137460797,0.8557035684491725
top20pct,1f812ef1c309e0b2a87d,A,90,3d,1h,0.15,equal,2192,0.6919301928989328,0.0915132459307364,1.3074626073238234,1.8801183254227416,0.9827116323930735,-0.09312319394030755,17.35381138510681,0.012147667969574769,-0.03586797281834335,648,0,0.6831526635822807,1.295023690558693,0.8,0.9547899137460797,0.8557035684491725
top20pct,8f95ba27f4afb6cfde94,A,90,3d,2h,0.15,equal,2192,0.6919301928989328,0.0915132459307364,1.3074626073238234,1.8801183254227416,0.9827116323930735,-0.09312319394030755,17.35381138510681,0.012147667969574769,-0.03586797281834335,648,0,0.6831526635822807,1.295023690558693,0.8,0.9547899137460797,0.8557035684491725
top20pct,ed230292c8f7ff6f902d,A,90,3d,4h,0.15,equal,2192,0.6919301928989328,0.0915132459307364,1.3074626073238234,1.8801183254227416,0.9827116323930735,-0.09312319394030755,17.35381138510681,0.012147667969574769,-0.03586797281834335,648,0,0.6831526635822807,1.295023690558693,0.8,0.9547899137460797,0.8557035684491725
top20pct,014b343f8dbdd3e8af79,A,90,3d,1d,0.15,equal,2192,0.6919301928989328,0.0915132459307364,1.3074626073238234,1.8801183254227416,0.9827116323930735,-0.09312319394030755,17.35381138510681,0.012147667969574769,-0.03586797281834335,648,0,0.6831526635822807,1.295023690558693,0.8,0.9547899137460797,0.8557035684491725
top20pct,20b9a01bb658c3c576a0,A,90,3d,30m,0.1,equal,2192,0.4243845721821493,0.060672188944635996,1.3074626073238234,1.8801183254227418,0.9647825109439824,-0.06288690793666218,11.569207590071208,0.008098445313049846,-0.023911981878895566,648,0,0.41945246730652985,1.2950236905586927,0.8,0.9547899137460797,0.8470074289714017
top20pct,cff487fe6013ddfed27d,A,90,3d,1h,0.1,equal,2192,0.4243845721821493,0.060672188944635996,1.3074626073238234,1.8801183254227418,0.9647825109439824,-0.06288690793666218,11.569207590071208,0.008098445313049846,-0.023911981878895566,648,0,0.41945246730652985,1.2950236905586927,0.8,0.9547899137460797,0.8470074289714017
top20pct,f5a156a1ec1b36f60f76,A,90,3d,2h,0.1,equal,2192,0.4243845721821493,0.060672188944635996,1.3074626073238234,1.8801183254227418,0.9647825109439824,-0.06288690793666218,11.569207590071208,0.008098445313049846,-0.023911981878895566,648,0,0.41945246730652985,1.2950236905586927,0.8,0.9547899137460797,0.8470074289714017
top20pct,b2423dfca33e4f5077a4,A,90,3d,4h,0.1,equal,2192,0.4243845721821493,0.060672188944635996,1.3074626073238234,1.8801183254227418,0.9647825109439824,-0.06288690793666218,11.569207590071208,0.008098445313049846,-0.023911981878895566,648,0,0.41945246730652985,1.2950236905586927,0.8,0.9547899137460797,0.8470074289714017
top20pct,2005fcc6e8fb80ba7175,A,90,3d,1d,0.1,equal,2192,0.4243845721821493,0.060672188944635996,1.3074626073238234,1.8801183254227418,0.9647825109439824,-0.06288690793666218,11.569207590071208,0.008098445313049846,-0.023911981878895566,648,0,0.41945246730652985,1.2950236905586927,0.8,0.9547899137460797,0.8470074289714017
top20pct,e1f086e3c24403469a8f,A,90,6h,5m,0.15,inverse_vol,2192,0.6371241792564417,0.08554471040280931,1.2208131261854123,1.7426161776738456,0.817437590480787,-0.1046498367569505,33.43324164594651,0.023403269152162558,-0.038341146948141586,1933,0,0.6207918111973727,1.1967424992851767,0.8,0.9489781550927539,0.9483396095517529
top20pct,237da20d6a9f5126cf8c,A,90,1d,5m,0.15,inverse_vol,2192,0.6371241792564417,0.08554471040280931,1.2208131261854123,1.7426161776738456,0.817437590480787,-0.1046498367569505,33.43324164594651,0.023403269152162558,-0.038341146948141586,1933,0,0.6207918111973727,1.1967424992851767,0.8,0.9489781550927539,0.9483396095517529
top20pct,35bb4fa27fd0b902226f,A,90,12h,15m,0.15,inverse_vol,2192,0.6371241792564417,0.08554471040280931,1.2208131261854123,1.7426161776738456,0.817437590480787,-0.1046498367569505,33.43324164594651,0.023403269152162558,-0.038341146948141586,1933,0,0.6207918111973727,1.1967424992851767,0.8,0.9489781550927539,0.9483396095517529
top20pct,75bcb922919b3a9c26a5,A,90,1d,15m,0.15,inverse_vol,2192,0.6371241792564417,0.08554471040280931,1.2208131261854123,1.7426161776738456,0.817437590480787,-0.1046498367569505,33.43324164594651,0.023403269152162558,-0.038341146948141586,1933,0,0.6207918111973727,1.1967424992851767,0.8,0.9489781550927539,0.9483396095517529
top20pct,83fc3d22c5f81a35aeec,A,90,1d,30m,0.15,inverse_vol,2192,0.6371241792564417,0.08554471040280931,1.2208131261854123,1.7426161776738456,0.817437590480787,-0.1046498367569505,33.43324164594651,0.023403269152162558,-0.038341146948141586,1933,0,0.6207918111973727,1.1967424992851767,0.8,0.9489781550927539,0.9483396095517529
top20pct,0a6c0997e7749d7d122e,A,90,1d,1h,0.15,inverse_vol,2192,0.6371241792564417,0.08554471040280931,1.2208131261854123,1.7426161776738456,0.817437590480787,-0.1046498367569505,33.43324164594651,0.023403269152162558,-0.038341146948141586,1933,0,0.6207918111973727,1.1967424992851767,0.8,0.9489781550927539,0.9483396095517529
top20pct,4833828f50e4c2152139,A,90,1d,2h,0.15,inverse_vol,2192,0.6371241792564417,0.08554471040280931,1.2208131261854123,1.7426161776738456,0.817437590480787,-0.1046498367569505,33.43324164594651,0.023403269152162558,-0.038341146948141586,1933,0,0.6207918111973727,1.1967424992851767,0.8,0.9489781550927539,0.9483396095517529
top20pct,1a0f5659ce642f59884b,A,90,1d,4h,0.15,inverse_vol,2192,0.6371241792564417,0.08554471040280931,1.2208131261854123,1.7426161776738456,0.817437590480787,-0.1046498367569505,33.43324164594651,0.023403269152162558,-0.038341146948141586,1933,0,0.6207918111973727,1.1967424992851767,0.8,0.9489781550927539,0.9483396095517529
top20pct,e9ef5fa97a1c11678596,A,90,6h,5m,0.2,inverse_vol,2192,0.9171931389906318,0.11446900139225002,1.2208131261854123,1.7426161776738456,0.8283933907603949,-0.1381819346568871,44.577655527928684,0.031204358869550076,-0.051121529264188795,1933,0,0.8917365694329535,1.196742499285177,0.8,0.9489781550927533,0.953319640160926
top20pct,77690224f6ae00c41a33,A,90,1d,5m,0.2,inverse_vol,2192,0.9171931389906318,0.11446900139225002,1.2208131261854123,1.7426161776738456,0.8283933907603949,-0.1381819346568871,44.577655527928684,0.031204358869550076,-0.051121529264188795,1933,0,0.8917365694329535,1.196742499285177,0.8,0.9489781550927533,0.953319640160926
top20pct,83a38cc313db5eb75cb0,A,90,12h,15m,0.2,inverse_vol,2192,0.9171931389906318,0.11446900139225002,1.2208131261854123,1.7426161776738456,0.8283933907603949,-0.1381819346568871,44.577655527928684,0.031204358869550076,-0.051121529264188795,1933,0,0.8917365694329535,1.196742499285177,0.8,0.9489781550927533,0.953319640160926
top20pct,ca7bccf2eb1466f32bcc,A,90,1d,15m,0.2,inverse_vol,2192,0.9171931389906318,0.11446900139225002,1.2208131261854123,1.7426161776738456,0.8283933907603949,-0.1381819346568871,44.577655527928684,0.031204358869550076,-0.051121529264188795,1933,0,0.8917365694329535,1.196742499285177,0.8,0.9489781550927533,0.953319640160926
top20pct,54ce60cac0ef5a330f9d,A,90,1d,30m,0.2,inverse_vol,2192,0.9171931389906318,0.11446900139225002,1.2208131261854123,1.7426161776738456,0.8283933907603949,-0.1381819346568871,44.577655527928684,0.031204358869550076,-0.051121529264188795,1933,0,0.8917365694329535,1.196742499285177,0.8,0.9489781550927533,0.953319640160926
top20pct,55f39852aa485040735a,A,90,1d,1h,0.2,inverse_vol,2192,0.9171931389906318,0.11446900139225002,1.2208131261854123,1.7426161776738456,0.8283933907603949,-0.1381819346568871,44.577655527928684,0.031204358869550076,-0.051121529264188795,1933,0,0.8917365694329535,1.196742499285177,0.8,0.9489781550927533,0.953319640160926
top20pct,89cf5fa845c44a4aff06,A,90,1d,2h,0.2,inverse_vol,2192,0.9171931389906318,0.11446900139225002,1.2208131261854123,1.7426161776738456,0.8283933907603949,-0.1381819346568871,44.577655527928684,0.031204358869550076,-0.051121529264188795,1933,0,0.8917365694329535,1.196742499285177,0.8,0.9489781550927533,0.953319640160926
top20pct,bfc95b17fbbeaf3454ef,A,90,1d,4h,0.2,inverse_vol,2192,0.9171931389906318,0.11446900139225002,1.2208131261854123,1.7426161776738456,0.8283933907603949,-0.1381819346568871,44.577655527928684,0.031204358869550076,-0.051121529264188795,1933,0,0.8917365694329535,1.196742499285177,0.8,0.9489781550927533,0.953319640160926
top20pct,f5f79037bf5ecc05066b,A,90,6h,5m,0.1,inverse_vol,2192,0.3935118847269812,0.056809069018550984,1.2208131261854123,1.7426161776738456,0.8066203419214317,-0.07042851024960195,22.288827763964342,0.015602179434775038,-0.025560764632094397,1933,0,0.384227315183026,1.196742499285177,0.8,0.9489781550927533,0.9430265520580056
top20pct,d30c1fcfcb64550ec205,A,90,1d,5m,0.1,inverse_vol,2192,0.3935118847269812,0.056809069018550984,1.2208131261854123,1.7426161776738456,0.8066203419214317,-0.07042851024960195,22.288827763964342,0.015602179434775038,-0.025560764632094397,1933,0,0.384227315183026,1.196742499285177,0.8,0.9489781550927533,0.9430265520580056
top20pct,4d1cdcd985b25d927080,A,90,12h,15m,0.1,inverse_vol,2192,0.3935118847269812,0.056809069018550984,1.2208131261854123,1.7426161776738456,0.8066203419214317,-0.07042851024960195,22.288827763964342,0.015602179434775038,-0.025560764632094397,1933,0,0.384227315183026,1.196742499285177,0.8,0.9489781550927533,0.9430265520580056
top20pct,3dc307f2e85ddad45fa5,A,90,1d,15m,0.1,inverse_vol,2192,0.3935118847269812,0.056809069018550984,1.2208131261854123,1.7426161776738456,0.8066203419214317,-0.07042851024960195,22.288827763964342,0.015602179434775038,-0.025560764632094397,1933,0,0.384227315183026,1.196742499285177,0.8,0.9489781550927533,0.9430265520580056
top20pct,b895b07e226664b0ba00,A,90,1d,30m,0.1,inverse_vol,2192,0.3935118847269812,0.056809069018550984,1.2208131261854123,1.7426161776738456,0.8066203419214317,-0.07042851024960195,22.288827763964342,0.015602179434775038,-0.025560764632094397,1933,0,0.384227315183026,1.196742499285177,0.8,0.9489781550927533,0.9430265520580056
top20pct,a778f4e659fa85fb4d1c,A,90,1d,1h,0.1,inverse_vol,2192,0.3935118847269812,0.056809069018550984,1.2208131261854123,1.7426161776738456,0.8066203419214317,-0.07042851024960195,22.288827763964342,0.015602179434775038,-0.025560764632094397,1933,0,0.384227315183026,1.196742499285177,0.8,0.9489781550927533,0.9430265520580056
top20pct,2ecc0902f024dfc60110,A,90,1d,2h,0.1,inverse_vol,2192,0.3935118847269812,0.056809069018550984,1.2208131261854123,1.7426161776738456,0.8066203419214317,-0.07042851024960195,22.288827763964342,0.015602179434775038,-0.025560764632094397,1933,0,0.384227315183026,1.196742499285177,0.8,0.9489781550927533,0.9430265520580056
top20pct,664df0fa8fbe4180d371,A,90,1d,4h,0.1,inverse_vol,2192,0.3935118847269812,0.056809069018550984,1.2208131261854123,1.7426161776738456,0.8066203419214317,-0.07042851024960195,22.288827763964342,0.015602179434775038,-0.025560764632094397,1933,0,0.384227315183026,1.196742499285177,0.8,0.9489781550927533,0.9430265520580056
top8,4ed470b5f75f23917f55,A,14,3d,30m,0.15,equal,2192,1.0343265081586273,0.1255286182862203,1.2396664928703605,1.6667860255698905,1.023194120005507,-0.122683091929364,55.9343109199647,0.03915401764397529,-0.062315013499779984,683,0,1.0004854845990754,1.211560401999349,0.8,0.9431133982157474,0.8504547301532221
top8,c652e8e9eff6f8f84ae3,A,14,3d,1h,0.15,equal,2192,1.0343265081586273,0.1255286182862203,1.2396664928703605,1.6667860255698905,1.023194120005507,-0.122683091929364,55.9343109199647,0.03915401764397529,-0.062315013499779984,683,0,1.0004854845990754,1.211560401999349,0.8,0.9431133982157474,0.8504547301532221
top8,16f745aab76901a77d2d,A,14,3d,2h,0.15,equal,2192,1.0343265081586273,0.1255286182862203,1.2396664928703605,1.6667860255698905,1.023194120005507,-0.122683091929364,55.9343109199647,0.03915401764397529,-0.062315013499779984,683,0,1.0004854845990754,1.211560401999349,0.8,0.9431133982157474,0.8504547301532221
top8,a6a134cfa1a7634e26ca,A,14,3d,4h,0.15,equal,2192,1.0343265081586273,0.1255286182862203,1.2396664928703605,1.6667860255698905,1.023194120005507,-0.122683091929364,55.9343109199647,0.03915401764397529,-0.062315013499779984,683,0,1.0004854845990754,1.211560401999349,0.8,0.9431133982157474,0.8504547301532221
top8,255d2f8a066ce54753d7,A,14,3d,1d,0.15,equal,2192,1.0343265081586273,0.1255286182862203,1.2396664928703605,1.6667860255698905,1.023194120005507,-0.122683091929364,55.9343109199647,0.03915401764397529,-0.062315013499779984,683,0,1.0004854845990754,1.211560401999349,0.8,0.9431133982157474,0.8504547301532221
top8,14f6698585bcdc25a16a,A,14,3d,30m,0.2,equal,2192,1.54379489430206,0.16820399648371387,1.2396664928703605,1.6667860255698905,1.0285998708221522,-0.16352714136476576,74.5790812266196,0.05220535685863373,-0.08308668466637333,683,0,1.48753564676539,1.2115604019993491,0.8,0.943113398215747,0.8572554050380811
top8,7144f8fdc46a412bd187,A,14,3d,1h,0.2,equal,2192,1.54379489430206,0.16820399648371387,1.2396664928703605,1.6667860255698905,1.0285998708221522,-0.16352714136476576,74.5790812266196,0.05220535685863373,-0.08308668466637333,683,0,1.48753564676539,1.2115604019993491,0.8,0.943113398215747,0.8572554050380811
top8,363515ad87f6bd047974,A,14,3d,2h,0.2,equal,2192,1.54379489430206,0.16820399648371387,1.2396664928703605,1.6667860255698905,1.0285998708221522,-0.16352714136476576,74.5790812266196,0.05220535685863373,-0.08308668466637333,683,0,1.48753564676539,1.2115604019993491,0.8,0.943113398215747,0.8572554050380811
top8,4e1ff8a033c76740fd07,A,14,3d,4h,0.2,equal,2192,1.54379489430206,0.16820399648371387,1.2396664928703605,1.6667860255698905,1.0285998708221522,-0.16352714136476576,74.5790812266196,0.05220535685863373,-0.08308668466637333,683,0,1.48753564676539,1.2115604019993491,0.8,0.943113398215747,0.8572554050380811
top8,1f7f67074c0bc25db966,A,14,3d,1d,0.2,equal,2192,1.54379489430206,0.16820399648371387,1.2396664928703605,1.6667860255698905,1.0285998708221522,-0.16352714136476576,74.5790812266196,0.05220535685863373,-0.08308668466637333,683,0,1.48753564676539,1.2115604019993491,0.8,0.943113398215747,0.8572554050380811
top8,c9c6d6cac5f763100f75,A,14,3d,30m,0.1,equal,2192,0.6161694130657549,0.08321860240871604,1.2396664928703605,1.6667860255698905,1.0185160907410238,-0.08170573166710615,37.2895406133098,0.026102678429316864,-0.04154334233318666,683,0,0.5981942531946107,1.2115604019993491,0.8,0.943113398215747,0.8430591170527454
top8,bbff2fced03ca095132e,A,14,3d,1h,0.1,equal,2192,0.6161694130657549,0.08321860240871604,1.2396664928703605,1.6667860255698905,1.0185160907410238,-0.08170573166710615,37.2895406133098,0.026102678429316864,-0.04154334233318666,683,0,0.5981942531946107,1.2115604019993491,0.8,0.943113398215747,0.8430591170527454
top8,fb37053c9687309d1fb6,A,14,3d,2h,0.1,equal,2192,0.6161694130657549,0.08321860240871604,1.2396664928703605,1.6667860255698905,1.0185160907410238,-0.08170573166710615,37.2895406133098,0.026102678429316864,-0.04154334233318666,683,0,0.5981942531946107,1.2115604019993491,0.8,0.943113398215747,0.8430591170527454
top8,89ffe89989b13d932fd4,A,14,3d,4h,0.1,equal,2192,0.6161694130657549,0.08321860240871604,1.2396664928703605,1.6667860255698905,1.0185160907410238,-0.08170573166710615,37.2895406133098,0.026102678429316864,-0.04154334233318666,683,0,0.5981942531946107,1.2115604019993491,0.8,0.943113398215747,0.8430591170527454
top8,0f66bb876080d8a01d52,A,14,3d,1d,0.1,equal,2192,0.6161694130657549,0.08321860240871604,1.2396664928703605,1.6667860255698905,1.0185160907410238,-0.08170573166710615,37.2895406133098,0.026102678429316864,-0.04154334233318666,683,0,0.5981942531946107,1.2115604019993491,0.8,0.943113398215747,0.8430591170527454
top8,003d43de7853028d85ca,A,90,6h,5m,0.1,capped_rank,2192,0.5436066526696504,0.0749644529587794,0.9945188415601434,1.4129341491767347,0.49734544892964305,-0.15072914232976975,43.755492595212374,0.03062884481664866,-0.04326268040914091,1930,0,0.5234807202626772,0.9655995754237048,0.8,0.9377433316803545,0.871785206411409
top8,cd6ffc309e9b3f4ffd85,A,90,1d,5m,0.1,capped_rank,2192,0.5436066526696504,0.0749644529587794,0.9945188415601434,1.4129341491767347,0.49734544892964305,-0.15072914232976975,43.755492595212374,0.03062884481664866,-0.04326268040914091,1930,0,0.5234807202626772,0.9655995754237048,0.8,0.9377433316803545,0.871785206411409
top8,043dbd5221182a9f533d,A,90,12h,15m,0.1,capped_rank,2192,0.5436066526696504,0.0749644529587794,0.9945188415601434,1.4129341491767347,0.49734544892964305,-0.15072914232976975,43.755492595212374,0.03062884481664866,-0.04326268040914091,1930,0,0.5234807202626772,0.9655995754237048,0.8,0.9377433316803545,0.871785206411409
top8,ec10e0b2ce2a3cbf476d,A,90,1d,15m,0.1,capped_rank,2192,0.5436066526696504,0.0749644529587794,0.9945188415601434,1.4129341491767347,0.49734544892964305,-0.15072914232976975,43.755492595212374,0.03062884481664866,-0.04326268040914091,1930,0,0.5234807202626772,0.9655995754237048,0.8,0.9377433316803545,0.871785206411409
top8,2058567530ef2245819a,A,90,1d,30m,0.1,capped_rank,2192,0.5436066526696504,0.0749644529587794,0.9945188415601434,1.4129341491767347,0.49734544892964305,-0.15072914232976975,43.755492595212374,0.03062884481664866,-0.04326268040914091,1930,0,0.5234807202626772,0.9655995754237048,0.8,0.9377433316803545,0.871785206411409
top8,8e6281a9cd4abecc2e9a,A,90,1d,1h,0.1,capped_rank,2192,0.5436066526696504,0.0749644529587794,0.9945188415601434,1.4129341491767347,0.49734544892964305,-0.15072914232976975,43.755492595212374,0.03062884481664866,-0.04326268040914091,1930,0,0.5234807202626772,0.9655995754237048,0.8,0.9377433316803545,0.871785206411409
top8,b915b3dc0bc5adb7fb2a,A,90,1d,2h,0.1,capped_rank,2192,0.5436066526696504,0.0749644529587794,0.9945188415601434,1.4129341491767347,0.49734544892964305,-0.15072914232976975,43.755492595212374,0.03062884481664866,-0.04326268040914091,1930,0,0.5234807202626772,0.9655995754237048,0.8,0.9377433316803545,0.871785206411409
top8,cb6570f3e4e9af11a9f0,A,90,1d,4h,0.1,capped_rank,2192,0.5436066526696504,0.0749644529587794,0.9945188415601434,1.4129341491767347,0.49734544892964305,-0.15072914232976975,43.755492595212374,0.03062884481664866,-0.04326268040914091,1930,0,0.5234807202626772,0.9655995754237048,0.8,0.9377433316803545,0.871785206411409
top4,f5e56a51efeb16b2f952,A,60,3d,30m,0.15,inverse_vol,2192,0.8835255299438187,0.11118602499090668,1.2657244010814497,1.8849758809278574,0.818690282369205,-0.13580963080341668,25.651639719186072,0.01795614780343025,-0.04212639716342682,648,0,0.869093326235117,1.2509082514126326,0.8,0.935026450412264,1.3097571778361348
top4,5fd174fb95c59b68a2ee,A,60,3d,1h,0.15,inverse_vol,2192,0.8835255299438187,0.11118602499090668,1.2657244010814497,1.8849758809278574,0.818690282369205,-0.13580963080341668,25.651639719186072,0.01795614780343025,-0.04212639716342682,648,0,0.869093326235117,1.2509082514126326,0.8,0.935026450412264,1.3097571778361348
top4,bb7632b88e623d87f573,A,60,3d,2h,0.15,inverse_vol,2192,0.8835255299438187,0.11118602499090668,1.2657244010814497,1.8849758809278574,0.818690282369205,-0.13580963080341668,25.651639719186072,0.01795614780343025,-0.04212639716342682,648,0,0.869093326235117,1.2509082514126326,0.8,0.935026450412264,1.3097571778361348
top4,5882158b5219dd38546d,A,60,3d,4h,0.15,inverse_vol,2192,0.8835255299438187,0.11118602499090668,1.2657244010814497,1.8849758809278574,0.818690282369205,-0.13580963080341668,25.651639719186072,0.01795614780343025,-0.04212639716342682,648,0,0.869093326235117,1.2509082514126326,0.8,0.935026450412264,1.3097571778361348
top4,ecc2abf99121bc271b12,A,60,3d,1d,0.15,inverse_vol,2192,0.8835255299438187,0.11118602499090668,1.2657244010814497,1.8849758809278574,0.818690282369205,-0.13580963080341668,25.651639719186072,0.01795614780343025,-0.04212639716342682,648,0,0.869093326235117,1.2509082514126326,0.8,0.935026450412264,1.3097571778361348
top4,100a5f537fb05aae38ff,A,60,3d,30m,0.2,inverse_vol,2192,1.3032017884973928,0.14903581504121566,1.26572440108145,1.8849758809278574,0.8329542600558725,-0.17892436858563965,34.2021862922481,0.023941530404573672,-0.05616852955123575,648,0,1.2797048017058783,1.2509082514126324,0.8,0.9350264504122633,1.3097813098088962
top4,7c664d959258a61d2a1e,A,60,3d,1h,0.2,inverse_vol,2192,1.3032017884973928,0.14903581504121566,1.26572440108145,1.8849758809278574,0.8329542600558725,-0.17892436858563965,34.2021862922481,0.023941530404573672,-0.05616852955123575,648,0,1.2797048017058783,1.2509082514126324,0.8,0.9350264504122633,1.3097813098088962
top4,829f1428a7a8d66e012b,A,60,3d,2h,0.2,inverse_vol,2192,1.3032017884973928,0.14903581504121566,1.26572440108145,1.8849758809278574,0.8329542600558725,-0.17892436858563965,34.2021862922481,0.023941530404573672,-0.05616852955123575,648,0,1.2797048017058783,1.2509082514126324,0.8,0.9350264504122633,1.3097813098088962
top4,cedaf0e2eee05429b0e0,A,60,3d,4h,0.2,inverse_vol,2192,1.3032017884973928,0.14903581504121566,1.26572440108145,1.8849758809278574,0.8329542600558725,-0.17892436858563965,34.2021862922481,0.023941530404573672,-0.05616852955123575,648,0,1.2797048017058783,1.2509082514126324,0.8,0.9350264504122633,1.3097813098088962
top4,f611834c63be66745afd,A,60,3d,1d,0.2,inverse_vol,2192,1.3032017884973928,0.14903581504121566,1.26572440108145,1.8849758809278574,0.8329542600558725,-0.17892436858563965,34.2021862922481,0.023941530404573672,-0.05616852955123575,648,0,1.2797048017058783,1.2509082514126324,0.8,0.9350264504122633,1.3097813098088962
top4,875cab96decc10ea0f3a,A,60,3d,30m,0.1,inverse_vol,2192,0.532735051058308,0.07370006124722983,1.26572440108145,1.8849758809278574,0.8047837207054535,-0.09157747522853243,17.10109314612405,0.011970765202286836,-0.028084264775617877,648,0,0.5248942696051595,1.2509082514126324,0.8,0.9350264504122633,1.3091698789834343
top4,a284776e3a4b1c3a3285,A,60,3d,1h,0.1,inverse_vol,2192,0.532735051058308,0.07370006124722983,1.26572440108145,1.8849758809278574,0.8047837207054535,-0.09157747522853243,17.10109314612405,0.011970765202286836,-0.028084264775617877,648,0,0.5248942696051595,1.2509082514126324,0.8,0.9350264504122633,1.3091698789834343
top4,abe2896dc15278a49ce8,A,60,3d,2h,0.1,inverse_vol,2192,0.532735051058308,0.07370006124722983,1.26572440108145,1.8849758809278574,0.8047837207054535,-0.09157747522853243,17.10109314612405,0.011970765202286836,-0.028084264775617877,648,0,0.5248942696051595,1.2509082514126324,0.8,0.9350264504122633,1.3091698789834343
top4,006a27fd6f606fc84486,A,60,3d,4h,0.1,inverse_vol,2192,0.532735051058308,0.07370006124722983,1.26572440108145,1.8849758809278574,0.8047837207054535,-0.09157747522853243,17.10109314612405,0.011970765202286836,-0.028084264775617877,648,0,0.5248942696051595,1.2509082514126324,0.8,0.9350264504122633,1.3091698789834343
top4,e857e4583c3a9c823c40,A,60,3d,1d,0.1,inverse_vol,2192,0.532735051058308,0.07370006124722983,1.26572440108145,1.8849758809278574,0.8047837207054535,-0.09157747522853243,17.10109314612405,0.011970765202286836,-0.028084264775617877,648,0,0.5248942696051595,1.2509082514126324,0.8,0.9350264504122633,1.3091698789834343
top4,8ecdd128909473fa75cd,A,7,3d,30m,0.2,capped_rank,2192,1.1566762872213725,0.13652781549318638,0.8687866954486094,1.2822424233372847,0.5604326519010581,-0.2436114580941472,138.75569089730897,0.09712898362811626,-0.06354076765610758,690,0,1.0687373886984872,0.8260529810297804,0.8,0.9306763273376634,0.7985234330512837
top4,c036be29c315bfe29124,A,7,3d,1h,0.2,capped_rank,2192,1.1566762872213725,0.13652781549318638,0.8687866954486094,1.2822424233372847,0.5604326519010581,-0.2436114580941472,138.75569089730897,0.09712898362811626,-0.06354076765610758,690,0,1.0687373886984872,0.8260529810297804,0.8,0.9306763273376634,0.7985234330512837
top4,4d4a34adc9223b28a7fd,A,7,3d,2h,0.2,capped_rank,2192,1.1566762872213725,0.13652781549318638,0.8687866954486094,1.2822424233372847,0.5604326519010581,-0.2436114580941472,138.75569089730897,0.09712898362811626,-0.06354076765610758,690,0,1.0687373886984872,0.8260529810297804,0.8,0.9306763273376634,0.7985234330512837
top4,9b836711ceeb3b8c28ff,A,7,3d,4h,0.2,capped_rank,2192,1.1566762872213725,0.13652781549318638,0.8687866954486094,1.2822424233372847,0.5604326519010581,-0.2436114580941472,138.75569089730897,0.09712898362811626,-0.06354076765610758,690,0,1.0687373886984872,0.8260529810297804,0.8,0.9306763273376634,0.7985234330512837
top4,7363b774010fef16dd4f,A,7,3d,1d,0.2,capped_rank,2192,1.1566762872213725,0.13652781549318638,0.8687866954486094,1.2822424233372847,0.5604326519010581,-0.2436114580941472,138.75569089730897,0.09712898362811626,-0.06354076765610758,690,0,1.0687373886984872,0.8260529810297804,0.8,0.9306763273376634,0.7985234330512837
top4,e393314ed03fab8e0ca0,A,7,3d,30m,0.15,capped_rank,2192,0.7873053681622666,0.1015260575901562,0.8482121949737785,1.2431775942187222,0.5223152654819901,-0.19437696789594772,105.54591918918095,0.07388214343242666,-0.047038279405496375,691,0,0.7315944948262036,0.8052271055377094,0.8,0.9293076768528766,0.7872974728196286
top4,a3cefbbe4fa1dca97845,A,7,3d,1h,0.15,capped_rank,2192,0.7873053681622666,0.1015260575901562,0.8482121949737785,1.2431775942187222,0.5223152654819901,-0.19437696789594772,105.54591918918095,0.07388214343242666,-0.047038279405496375,691,0,0.7315944948262036,0.8052271055377094,0.8,0.9293076768528766,0.7872974728196286
top4,97710e2d7b810ff94204,A,7,3d,2h,0.15,capped_rank,2192,0.7873053681622666,0.1015260575901562,0.8482121949737785,1.2431775942187222,0.5223152654819901,-0.19437696789594772,105.54591918918095,0.07388214343242666,-0.047038279405496375,691,0,0.7315944948262036,0.8052271055377094,0.8,0.9293076768528766,0.7872974728196286
top4,ac17b23a14a967000b66,A,7,3d,4h,0.15,capped_rank,2192,0.7873053681622666,0.1015260575901562,0.8482121949737785,1.2431775942187222,0.5223152654819901,-0.19437696789594772,105.54591918918095,0.07388214343242666,-0.047038279405496375,691,0,0.7315944948262036,0.8052271055377094,0.8,0.9293076768528766,0.7872974728196286
top4,555b81d8195429a60d4d,A,7,3d,1d,0.15,capped_rank,2192,0.7873053681622666,0.1015260575901562,0.8482121949737785,1.2431775942187222,0.5223152654819901,-0.19437696789594772,105.54591918918095,0.07388214343242666,-0.047038279405496375,691,0,0.7315944948262036,0.8052271055377094,0.8,0.9293076768528766,0.7872974728196286
top4,184c8c817be3eee0507e,A,7,3d,30m,0.1,capped_rank,2192,0.4770779958355613,0.06710743020436771,0.8302877738451321,1.2135066616375616,0.5037003736448356,-0.13322886723067207,71.31408580323715,0.049919860062266,-0.03134632553133723,691,0,0.44581098026582033,0.7869187204285536,0.8,0.9289931369166122,0.7762125722605031
top4,99be87b6256ce46215fb,A,7,3d,1h,0.1,capped_rank,2192,0.4770779958355613,0.06710743020436771,0.8302877738451321,1.2135066616375616,0.5037003736448356,-0.13322886723067207,71.31408580323715,0.049919860062266,-0.03134632553133723,691,0,0.44581098026582033,0.7869187204285536,0.8,0.9289931369166122,0.7762125722605031
top4,668bbd110edadc6aeb2a,A,7,3d,2h,0.1,capped_rank,2192,0.4770779958355613,0.06710743020436771,0.8302877738451321,1.2135066616375616,0.5037003736448356,-0.13322886723067207,71.31408580323715,0.049919860062266,-0.03134632553133723,691,0,0.44581098026582033,0.7869187204285536,0.8,0.9289931369166122,0.7762125722605031
top4,6d672e46d677b4f5f5c5,A,7,3d,4h,0.1,capped_rank,2192,0.4770779958355613,0.06710743020436771,0.8302877738451321,1.2135066616375616,0.5037003736448356,-0.13322886723067207,71.31408580323715,0.049919860062266,-0.03134632553133723,691,0,0.44581098026582033,0.7869187204285536,0.8,0.9289931369166122,0.7762125722605031
top4,3aa0ee89155bd6f1aad2,A,7,3d,1d,0.1,capped_rank,2192,0.4770779958355613,0.06710743020436771,0.8302877738451321,1.2135066616375616,0.5037003736448356,-0.13322886723067207,71.31408580323715,0.049919860062266,-0.03134632553133723,691,0,0.44581098026582033,0.7869187204285536,0.8,0.9289931369166122,0.7762125722605031
top4,00b13f1c03ecfb3ea368,A,60,3d,30m,0.1,capped_rank,2192,0.6326712928128011,0.08505249766593281,1.061370239848984,1.4894804285761147,0.5592468145347917,-0.1520840091627228,26.594889059031992,0.018616422341322394,-0.018078903677757902,646,0,0.6196994072944371,1.0447438601832033,0.8,0.9233244803495724,1.0388909949906022
top4,136af736aed8ae03311b,A,60,3d,1h,0.1,capped_rank,2192,0.6326712928128011,0.08505249766593281,1.061370239848984,1.4894804285761147,0.5592468145347917,-0.1520840091627228,26.594889059031992,0.018616422341322394,-0.018078903677757902,646,0,0.6196994072944371,1.0447438601832033,0.8,0.9233244803495724,1.0388909949906022
top4,32403e059133d0329337,A,60,3d,2h,0.1,capped_rank,2192,0.6326712928128011,0.08505249766593281,1.061370239848984,1.4894804285761147,0.5592468145347917,-0.1520840091627228,26.594889059031992,0.018616422341322394,-0.018078903677757902,646,0,0.6196994072944371,1.0447438601832033,0.8,0.9233244803495724,1.0388909949906022
top4,e0bd51154ff5ed8a73ae,A,60,3d,4h,0.1,capped_rank,2192,0.6326712928128011,0.08505249766593281,1.061370239848984,1.4894804285761147,0.5592468145347917,-0.1520840091627228,26.594889059031992,0.018616422341322394,-0.018078903677757902,646,0,0.6196994072944371,1.0447438601832033,0.8,0.9233244803495724,1.0388909949906022
top4,0c8860a4c702947db70d,A,60,3d,1d,0.1,capped_rank,2192,0.6326712928128011,0.08505249766593281,1.061370239848984,1.4894804285761147,0.5592468145347917,-0.1520840091627228,26.594889059031992,0.018616422341322394,-0.018078903677757902,646,0,0.6196994072944371,1.0447438601832033,0.8,0.9233244803495724,1.0388909949906022
top4,d6d71d079a02d9fbf536,A,7,7d,1h,0.15,inverse_vol,2192,0.38539469518507796,0.0557815246170259,0.6715197946292968,0.8996224980945265,0.3092481667909118,-0.18037786673361522,45.65915883489046,0.031961411184423326,-0.04313159712178112,307,0,0.3665362425205918,0.6449785200473553,0.8,0.9227222274061638,0.798483137107636
top4,0f9197a7ff54f85428ed,A,7,7d,2h,0.15,inverse_vol,2192,0.38539469518507796,0.0557815246170259,0.6715197946292968,0.8996224980945265,0.3092481667909118,-0.18037786673361522,45.65915883489046,0.031961411184423326,-0.04313159712178112,307,0,0.3665362425205918,0.6449785200473553,0.8,0.9227222274061638,0.798483137107636
top4,dc6d8e5ff126c0c9ed0f,A,7,7d,4h,0.15,inverse_vol,2192,0.38539469518507796,0.0557815246170259,0.6715197946292968,0.8996224980945265,0.3092481667909118,-0.18037786673361522,45.65915883489046,0.031961411184423326,-0.04313159712178112,307,0,0.3665362425205918,0.6449785200473553,0.8,0.9227222274061638,0.798483137107636
top4,4449921b3f8cdb4038b5,A,7,7d,1d,0.15,inverse_vol,2192,0.38539469518507796,0.0557815246170259,0.6715197946292968,0.8996224980945265,0.3092481667909118,-0.18037786673361522,45.65915883489046,0.031961411184423326,-0.04313159712178112,307,0,0.3665362425205918,0.6449785200473553,0.8,0.9227222274061638,0.798483137107636
top4,12e28a370f9b91a8230b,A,7,7d,1h,0.2,inverse_vol,2192,0.5290902076642947,0.07327448450952634,0.6715197946292966,0.8996224980945261,0.31124928044318567,-0.2354205748048359,60.87887844652063,0.04261521491256444,-0.05750879616237485,307,0,0.5013949919220433,0.6449785200473553,0.8,0.9227222274061637,0.8061266212237718
top4,6a66a24b604949a92a62,A,7,7d,2h,0.2,inverse_vol,2192,0.5290902076642947,0.07327448450952634,0.6715197946292966,0.8996224980945261,0.31124928044318567,-0.2354205748048359,60.87887844652063,0.04261521491256444,-0.05750879616237485,307,0,0.5013949919220433,0.6449785200473553,0.8,0.9227222274061637,0.8061266212237718
top4,5aaf208958f38b2fc344,A,7,7d,4h,0.2,inverse_vol,2192,0.5290902076642947,0.07327448450952634,0.6715197946292966,0.8996224980945261,0.31124928044318567,-0.2354205748048359,60.87887844652063,0.04261521491256444,-0.05750879616237485,307,0,0.5013949919220433,0.6449785200473553,0.8,0.9227222274061637,0.8061266212237718
top4,17bab9f1a84ec58f2700,A,7,7d,1d,0.2,inverse_vol,2192,0.5290902076642947,0.07327448450952634,0.6715197946292966,0.8996224980945261,0.31124928044318567,-0.2354205748048359,60.87887844652063,0.04261521491256444,-0.05750879616237485,307,0,0.5013949919220433,0.6449785200473553,0.8,0.9227222274061637,0.8061266212237718
top4,ee42bc90c0be24902c93,A,7,7d,1h,0.1,inverse_vol,2192,0.24895854164613995,0.03771156107231066,0.6715197946292966,0.8996224980945261,0.30713369407869345,-0.1227854898350822,30.439439223260315,0.02130760745628222,-0.028754398081187425,307,0,0.2376008028193637,0.6449785200473553,0.8,0.9227222274061637,0.7904768640882559
top4,3f38b65d3e74217f8b9c,A,7,7d,2h,0.1,inverse_vol,2192,0.24895854164613995,0.03771156107231066,0.6715197946292966,0.8996224980945261,0.30713369407869345,-0.1227854898350822,30.439439223260315,0.02130760745628222,-0.028754398081187425,307,0,0.2376008028193637,0.6449785200473553,0.8,0.9227222274061637,0.7904768640882559
top4,f79c3c123b02f34902ca,A,7,7d,4h,0.1,inverse_vol,2192,0.24895854164613995,0.03771156107231066,0.6715197946292966,0.8996224980945261,0.30713369407869345,-0.1227854898350822,30.439439223260315,0.02130760745628222,-0.028754398081187425,307,0,0.2376008028193637,0.6449785200473553,0.8,0.9227222274061637,0.7904768640882559
top4,2e7e4ca418dbdb518ca9,A,7,7d,1d,0.1,inverse_vol,2192,0.24895854164613995,0.03771156107231066,0.6715197946292966,0.8996224980945261,0.30713369407869345,-0.1227854898350822,30.439439223260315,0.02130760745628222,-0.028754398081187425,307,0,0.2376008028193637,0.6449785200473553,0.8,0.9227222274061637,0.7904768640882559
top8,3a3595ceea808ae9078f,A,90,7d,1h,0.1,capped_rank,2192,0.6105664572411138,0.08259238220883369,1.0615491044094951,1.4868398524932107,0.5577674024873924,-0.1480767464009347,15.064898733673306,0.010545429113571314,-0.04580901287798746,283,0,0.6033012198050764,1.0517743361128917,0.8,0.9157918721509806,0.9668097521695341
top8,d6ce5786641ff15dd791,A,90,7d,2h,0.1,capped_rank,2192,0.6105664572411138,0.08259238220883369,1.0615491044094951,1.4868398524932107,0.5577674024873924,-0.1480767464009347,15.064898733673306,0.010545429113571314,-0.04580901287798746,283,0,0.6033012198050764,1.0517743361128917,0.8,0.9157918721509806,0.9668097521695341
top8,4d8012b4702b0bf916dd,A,90,7d,4h,0.1,capped_rank,2192,0.6105664572411138,0.08259238220883369,1.0615491044094951,1.4868398524932107,0.5577674024873924,-0.1480767464009347,15.064898733673306,0.010545429113571314,-0.04580901287798746,283,0,0.6033012198050764,1.0517743361128917,0.8,0.9157918721509806,0.9668097521695341
top8,04274828407633487188,A,90,7d,1d,0.1,capped_rank,2192,0.6105664572411138,0.08259238220883369,1.0615491044094951,1.4868398524932107,0.5577674024873924,-0.1480767464009347,15.064898733673306,0.010545429113571314,-0.04580901287798746,283,0,0.6033012198050764,1.0517743361128917,0.8,0.9157918721509806,0.9668097521695341
top8,bd3a7b726b735ba027bf,A,30,6h,5m,0.15,capped_rank,2192,1.1676509450406165,0.13748880643392258,1.204301797035144,1.6703401509020175,0.668669172798453,-0.20561558993144102,92.99242903345271,0.0650947003234169,-0.02385356313232646,1988,0,1.1080213914343608,1.1628204029724243,0.8,0.9056364733158889,0.7851422256156296
top8,87188ce8a73a797514d9,A,30,1d,5m,0.15,capped_rank,2192,1.1676509450406165,0.13748880643392258,1.204301797035144,1.6703401509020175,0.668669172798453,-0.20561558993144102,92.99242903345271,0.0650947003234169,-0.02385356313232646,1988,0,1.1080213914343608,1.1628204029724243,0.8,0.9056364733158889,0.7851422256156296
top8,96ff0edede81d4a4c00d,A,30,12h,15m,0.15,capped_rank,2192,1.1676509450406165,0.13748880643392258,1.204301797035144,1.6703401509020175,0.668669172798453,-0.20561558993144102,92.99242903345271,0.0650947003234169,-0.02385356313232646,1988,0,1.1080213914343608,1.1628204029724243,0.8,0.9056364733158889,0.7851422256156296
top8,86d0c287c459da3149b2,A,30,1d,15m,0.15,capped_rank,2192,1.1676509450406165,0.13748880643392258,1.204301797035144,1.6703401509020175,0.668669172798453,-0.20561558993144102,92.99242903345271,0.0650947003234169,-0.02385356313232646,1988,0,1.1080213914343608,1.1628204029724243,0.8,0.9056364733158889,0.7851422256156296
top8,89d2809cb84b9eb4d47f,A,30,1d,30m,0.15,capped_rank,2192,1.1676509450406165,0.13748880643392258,1.204301797035144,1.6703401509020175,0.668669172798453,-0.20561558993144102,92.99242903345271,0.0650947003234169,-0.02385356313232646,1988,0,1.1080213914343608,1.1628204029724243,0.8,0.9056364733158889,0.7851422256156296
top8,3c1f0d0c49892de18150,A,30,1d,1h,0.15,capped_rank,2192,1.1676509450406165,0.13748880643392258,1.204301797035144,1.6703401509020175,0.668669172798453,-0.20561558993144102,92.99242903345271,0.0650947003234169,-0.02385356313232646,1988,0,1.1080213914343608,1.1628204029724243,0.8,0.9056364733158889,0.7851422256156296
top8,961468f1509ded4c3dca,A,30,1d,2h,0.15,capped_rank,2192,1.1676509450406165,0.13748880643392258,1.204301797035144,1.6703401509020175,0.668669172798453,-0.20561558993144102,92.99242903345271,0.0650947003234169,-0.02385356313232646,1988,0,1.1080213914343608,1.1628204029724243,0.8,0.9056364733158889,0.7851422256156296
top8,b6716034eb444a54689a,A,30,1d,4h,0.15,capped_rank,2192,1.1676509450406165,0.13748880643392258,1.204301797035144,1.6703401509020175,0.668669172798453,-0.20561558993144102,92.99242903345271,0.0650947003234169,-0.02385356313232646,1988,0,1.1080213914343608,1.1628204029724243,0.8,0.9056364733158889,0.7851422256156296
top8,083877ef09d659afb29b,A,30,6h,5m,0.1,capped_rank,2192,0.695012672820706,0.09184412526537322,1.2078499502597289,1.6707325346929889,0.6711402475171808,-0.13684788776286594,63.1893602065159,0.04423255214456113,-0.015743244665113926,1998,0,0.663186132724453,1.1657250073072243,0.8,0.9023304370957594,0.7704364249147948
top8,cd54a70de27e66c8de09,A,30,1d,5m,0.1,capped_rank,2192,0.695012672820706,0.09184412526537322,1.2078499502597289,1.6707325346929889,0.6711402475171808,-0.13684788776286594,63.1893602065159,0.04423255214456113,-0.015743244665113926,1998,0,0.663186132724453,1.1657250073072243,0.8,0.9023304370957594,0.7704364249147948
top8,7ce05d10c4eaa5927ef2,A,30,12h,15m,0.1,capped_rank,2192,0.695012672820706,0.09184412526537322,1.2078499502597289,1.6707325346929889,0.6711402475171808,-0.13684788776286594,63.1893602065159,0.04423255214456113,-0.015743244665113926,1998,0,0.663186132724453,1.1657250073072243,0.8,0.9023304370957594,0.7704364249147948
top8,d1fd584ad8e1581e2afe,A,30,1d,15m,0.1,capped_rank,2192,0.695012672820706,0.09184412526537322,1.2078499502597289,1.6707325346929889,0.6711402475171808,-0.13684788776286594,63.1893602065159,0.04423255214456113,-0.015743244665113926,1998,0,0.663186132724453,1.1657250073072243,0.8,0.9023304370957594,0.7704364249147948
top8,a9385892dbacc890e341,A,30,1d,30m,0.1,capped_rank,2192,0.695012672820706,0.09184412526537322,1.2078499502597289,1.6707325346929889,0.6711402475171808,-0.13684788776286594,63.1893602065159,0.04423255214456113,-0.015743244665113926,1998,0,0.663186132724453,1.1657250073072243,0.8,0.9023304370957594,0.7704364249147948
top8,15362c32fb991ebdd64e,A,30,1d,1h,0.1,capped_rank,2192,0.695012672820706,0.09184412526537322,1.2078499502597289,1.6707325346929889,0.6711402475171808,-0.13684788776286594,63.1893602065159,0.04423255214456113,-0.015743244665113926,1998,0,0.663186132724453,1.1657250073072243,0.8,0.9023304370957594,0.7704364249147948
top8,4c4a1e57d0001b74afb3,A,30,1d,2h,0.1,capped_rank,2192,0.695012672820706,0.09184412526537322,1.2078499502597289,1.6707325346929889,0.6711402475171808,-0.13684788776286594,63.1893602065159,0.04423255214456113,-0.015743244665113926,1998,0,0.663186132724453,1.1657250073072243,0.8,0.9023304370957594,0.7704364249147948
top8,1061b7172440f7f99d40,A,30,1d,4h,0.1,capped_rank,2192,0.695012672820706,0.09184412526537322,1.2078499502597289,1.6707325346929889,0.6711402475171808,-0.13684788776286594,63.1893602065159,0.04423255214456113,-0.015743244665113926,1998,0,0.663186132724453,1.1657250073072243,0.8,0.9023304370957594,0.7704364249147948
top8,bfd24be9224a846ef6dd,A,90,6h,5m,0.15,capped_rank,2192,0.8792695583911216,0.1107675441090723,0.9850152467100806,1.3984800403347164,0.4982701769910759,-0.22230418199613855,63.88765872089352,0.04472136110462546,-0.06476362624614937,1916,0,0.8436039456535365,0.9568189317863794,0.8,0.8961824208515092,0.8177138543076403
top8,3ea58f66018bcbb6edd9,A,90,1d,5m,0.15,capped_rank,2192,0.8792695583911216,0.1107675441090723,0.9850152467100806,1.3984800403347164,0.4982701769910759,-0.22230418199613855,63.88765872089352,0.04472136110462546,-0.06476362624614937,1916,0,0.8436039456535365,0.9568189317863794,0.8,0.8961824208515092,0.8177138543076403
top8,a508f2ccf94df4aa100a,A,90,12h,15m,0.15,capped_rank,2192,0.8792695583911216,0.1107675441090723,0.9850152467100806,1.3984800403347164,0.4982701769910759,-0.22230418199613855,63.88765872089352,0.04472136110462546,-0.06476362624614937,1916,0,0.8436039456535365,0.9568189317863794,0.8,0.8961824208515092,0.8177138543076403
top8,792b6c5a05e858e92346,A,90,1d,15m,0.15,capped_rank,2192,0.8792695583911216,0.1107675441090723,0.9850152467100806,1.3984800403347164,0.4982701769910759,-0.22230418199613855,63.88765872089352,0.04472136110462546,-0.06476362624614937,1916,0,0.8436039456535365,0.9568189317863794,0.8,0.8961824208515092,0.8177138543076403
top8,4356bce2c574d23ef1c6,A,90,1d,30m,0.15,capped_rank,2192,0.8792695583911216,0.1107675441090723,0.9850152467100806,1.3984800403347164,0.4982701769910759,-0.22230418199613855,63.88765872089352,0.04472136110462546,-0.06476362624614937,1916,0,0.8436039456535365,0.9568189317863794,0.8,0.8961824208515092,0.8177138543076403
top8,1055eedd9965273a968b,A,90,1d,1h,0.15,capped_rank,2192,0.8792695583911216,0.1107675441090723,0.9850152467100806,1.3984800403347164,0.4982701769910759,-0.22230418199613855,63.88765872089352,0.04472136110462546,-0.06476362624614937,1916,0,0.8436039456535365,0.9568189317863794,0.8,0.8961824208515092,0.8177138543076403
top8,1192c37954a0dab6f4fb,A,90,1d,2h,0.15,capped_rank,2192,0.8792695583911216,0.1107675441090723,0.9850152467100806,1.3984800403347164,0.4982701769910759,-0.22230418199613855,63.88765872089352,0.04472136110462546,-0.06476362624614937,1916,0,0.8436039456535365,0.9568189317863794,0.8,0.8961824208515092,0.8177138543076403
top8,e699d07703c591eeeca2,A,90,1d,4h,0.15,capped_rank,2192,0.8792695583911216,0.1107675441090723,0.9850152467100806,1.3984800403347164,0.4982701769910759,-0.22230418199613855,63.88765872089352,0.04472136110462546,-0.06476362624614937,1916,0,0.8436039456535365,0.9568189317863794,0.8,0.8961824208515092,0.8177138543076403
top2,80a9f490ee12950a7c16,A,7,7d,1h,0.2,equal,2192,0.3489841344230009,0.05110968345457234,0.8022772354241133,1.1745665358493633,0.41513686840481234,-0.12311525991648076,31.10165203860626,0.02177115642702438,-0.022363658844460912,302,0,0.33645162015355656,0.7781436666726754,0.8,0.8869140079732099,0.8204913029301272
top2,962fc95daa546772f9b3,A,7,7d,2h,0.2,equal,2192,0.3489841344230009,0.05110968345457234,0.8022772354241133,1.1745665358493633,0.41513686840481234,-0.12311525991648076,31.10165203860626,0.02177115642702438,-0.022363658844460912,302,0,0.33645162015355656,0.7781436666726754,0.8,0.8869140079732099,0.8204913029301272
top2,eb4094aa7577c585fa9b,A,7,7d,4h,0.2,equal,2192,0.3489841344230009,0.05110968345457234,0.8022772354241133,1.1745665358493633,0.41513686840481234,-0.12311525991648076,31.10165203860626,0.02177115642702438,-0.022363658844460912,302,0,0.33645162015355656,0.7781436666726754,0.8,0.8869140079732099,0.8204913029301272
top2,a4d33e023356ccfd1edd,A,7,7d,1d,0.2,equal,2192,0.3489841344230009,0.05110968345457234,0.8022772354241133,1.1745665358493633,0.41513686840481234,-0.12311525991648076,31.10165203860626,0.02177115642702438,-0.022363658844460912,302,0,0.33645162015355656,0.7781436666726754,0.8,0.8869140079732099,0.8204913029301272
top2,53c1ddb643a07a32ebe0,A,7,7d,1h,0.15,equal,2192,0.25466949211990886,0.03850017288167096,0.8022772354241131,1.1745665358493629,0.4132859132075905,-0.093156267008628,23.326239028954692,0.016328367320268284,-0.01677274413334568,302,0,0.24591786394881954,0.7781436666726754,0.8,0.8869140079732099,0.8172979200935173
top2,c24f0ae80555bfc68efd,A,7,7d,2h,0.15,equal,2192,0.25466949211990886,0.03850017288167096,0.8022772354241131,1.1745665358493629,0.4132859132075905,-0.093156267008628,23.326239028954692,0.016328367320268284,-0.01677274413334568,302,0,0.24591786394881954,0.7781436666726754,0.8,0.8869140079732099,0.8172979200935173
top2,fb0ec85b58b3d29b76ba,A,7,7d,4h,0.15,equal,2192,0.25466949211990886,0.03850017288167096,0.8022772354241131,1.1745665358493629,0.4132859132075905,-0.093156267008628,23.326239028954692,0.016328367320268284,-0.01677274413334568,302,0,0.24591786394881954,0.7781436666726754,0.8,0.8869140079732099,0.8172979200935173
top2,f0682a691b8682f5108a,A,7,7d,1d,0.15,equal,2192,0.25466949211990886,0.03850017288167096,0.8022772354241131,1.1745665358493629,0.4132859132075905,-0.093156267008628,23.326239028954692,0.016328367320268284,-0.01677274413334568,302,0,0.24591786394881954,0.7781436666726754,0.8,0.8869140079732099,0.8172979200935173
top2,c06f0f174a955067f10b,A,7,7d,1h,0.1,equal,2192,0.16511689626074877,0.025773536527212038,0.8022772354241133,1.1745665358493633,0.4114425825889144,-0.06264187912937347,15.55082601930313,0.01088557821351219,-0.011181829422230456,302,0,0.15969307193923532,0.7781436666726754,0.8,0.8869140079732099,0.813998121359175
top2,5f6fbd97d0c44d9115c0,A,7,7d,2h,0.1,equal,2192,0.16511689626074877,0.025773536527212038,0.8022772354241133,1.1745665358493633,0.4114425825889144,-0.06264187912937347,15.55082601930313,0.01088557821351219,-0.011181829422230456,302,0,0.15969307193923532,0.7781436666726754,0.8,0.8869140079732099,0.813998121359175
top2,281fe3de53e6522dde92,A,7,7d,4h,0.1,equal,2192,0.16511689626074877,0.025773536527212038,0.8022772354241133,1.1745665358493633,0.4114425825889144,-0.06264187912937347,15.55082601930313,0.01088557821351219,-0.011181829422230456,302,0,0.15969307193923532,0.7781436666726754,0.8,0.8869140079732099,0.813998121359175
top2,e3ae9c664583a5e651df,A,7,7d,1d,0.1,equal,2192,0.16511689626074877,0.025773536527212038,0.8022772354241133,1.1745665358493633,0.4114425825889144,-0.06264187912937347,15.55082601930313,0.01088557821351219,-0.011181829422230456,302,0,0.15969307193923532,0.7781436666726754,0.8,0.8869140079732099,0.813998121359175
top4,9fa0ea60badb3cead87f,A,30,6h,5m,0.2,equal,2192,1.356340593608333,0.15340829912515952,1.4193725162829443,2.1252341388467877,0.7390841936108589,-0.20756539031861876,74.03100541561913,0.05182170379093339,-0.037104431490152565,2002,0,1.3046013591478003,1.3839336450267443,0.8,0.8843542293168655,0.7863496009247031
top4,4568a7da531ba9225fda,A,30,1d,5m,0.2,equal,2192,1.356340593608333,0.15340829912515952,1.4193725162829443,2.1252341388467877,0.7390841936108589,-0.20756539031861876,74.03100541561913,0.05182170379093339,-0.037104431490152565,2002,0,1.3046013591478003,1.3839336450267443,0.8,0.8843542293168655,0.7863496009247031
top4,0d5f6f3ae5c07e096ebb,A,30,12h,15m,0.2,equal,2192,1.356340593608333,0.15340829912515952,1.4193725162829443,2.1252341388467877,0.7390841936108589,-0.20756539031861876,74.03100541561913,0.05182170379093339,-0.037104431490152565,2002,0,1.3046013591478003,1.3839336450267443,0.8,0.8843542293168655,0.7863496009247031
top4,ea02d791629ddba6b6f7,A,30,1d,15m,0.2,equal,2192,1.356340593608333,0.15340829912515952,1.4193725162829443,2.1252341388467877,0.7390841936108589,-0.20756539031861876,74.03100541561913,0.05182170379093339,-0.037104431490152565,2002,0,1.3046013591478003,1.3839336450267443,0.8,0.8843542293168655,0.7863496009247031
top4,bfe9f05f08994800e94f,A,30,1d,30m,0.2,equal,2192,1.356340593608333,0.15340829912515952,1.4193725162829443,2.1252341388467877,0.7390841936108589,-0.20756539031861876,74.03100541561913,0.05182170379093339,-0.037104431490152565,2002,0,1.3046013591478003,1.3839336450267443,0.8,0.8843542293168655,0.7863496009247031
top4,dfbf2b90b5dc0867faea,A,30,1d,1h,0.2,equal,2192,1.356340593608333,0.15340829912515952,1.4193725162829443,2.1252341388467877,0.7390841936108589,-0.20756539031861876,74.03100541561913,0.05182170379093339,-0.037104431490152565,2002,0,1.3046013591478003,1.3839336450267443,0.8,0.8843542293168655,0.7863496009247031
top4,4ec5eb7f358b782a0a19,A,30,1d,2h,0.2,equal,2192,1.356340593608333,0.15340829912515952,1.4193725162829443,2.1252341388467877,0.7390841936108589,-0.20756539031861876,74.03100541561913,0.05182170379093339,-0.037104431490152565,2002,0,1.3046013591478003,1.3839336450267443,0.8,0.8843542293168655,0.7863496009247031
top4,754e110356eeae81805a,A,30,1d,4h,0.2,equal,2192,1.356340593608333,0.15340829912515952,1.4193725162829443,2.1252341388467877,0.7390841936108589,-0.20756539031861876,74.03100541561913,0.05182170379093339,-0.037104431490152565,2002,0,1.3046013591478003,1.3839336450267443,0.8,0.8843542293168655,0.7863496009247031
top4,c388418aeb3505552d81,A,30,6h,5m,0.15,equal,2192,0.913427043828926,0.11410416215074903,1.4191865286027625,2.1249992428957336,0.7183439478478548,-0.15884335420741413,55.62325406171434,0.03893627784320004,-0.027843323617614418,2002,0,0.8817704094689995,1.383681724599283,0.8,0.8843542293168655,0.7800669781926157
top4,5f1b262e0b1af45e9d86,A,30,1d,5m,0.15,equal,2192,0.913427043828926,0.11410416215074903,1.4191865286027625,2.1249992428957336,0.7183439478478548,-0.15884335420741413,55.62325406171434,0.03893627784320004,-0.027843323617614418,2002,0,0.8817704094689995,1.383681724599283,0.8,0.8843542293168655,0.7800669781926157
top4,0f79b26a1ea3c0aa045c,A,30,12h,15m,0.15,equal,2192,0.913427043828926,0.11410416215074903,1.4191865286027625,2.1249992428957336,0.7183439478478548,-0.15884335420741413,55.62325406171434,0.03893627784320004,-0.027843323617614418,2002,0,0.8817704094689995,1.383681724599283,0.8,0.8843542293168655,0.7800669781926157
top4,1296107c4bd8dfa089d1,A,30,1d,15m,0.15,equal,2192,0.913427043828926,0.11410416215074903,1.4191865286027625,2.1249992428957336,0.7183439478478548,-0.15884335420741413,55.62325406171434,0.03893627784320004,-0.027843323617614418,2002,0,0.8817704094689995,1.383681724599283,0.8,0.8843542293168655,0.7800669781926157
top4,4cbc634f559160803af4,A,30,1d,30m,0.15,equal,2192,0.913427043828926,0.11410416215074903,1.4191865286027625,2.1249992428957336,0.7183439478478548,-0.15884335420741413,55.62325406171434,0.03893627784320004,-0.027843323617614418,2002,0,0.8817704094689995,1.383681724599283,0.8,0.8843542293168655,0.7800669781926157
top4,d768f7744ed4738c94cf,A,30,1d,1h,0.15,equal,2192,0.913427043828926,0.11410416215074903,1.4191865286027625,2.1249992428957336,0.7183439478478548,-0.15884335420741413,55.62325406171434,0.03893627784320004,-0.027843323617614418,2002,0,0.8817704094689995,1.383681724599283,0.8,0.8843542293168655,0.7800669781926157
top4,345e31630e282df6409a,A,30,1d,2h,0.15,equal,2192,0.913427043828926,0.11410416215074903,1.4191865286027625,2.1249992428957336,0.7183439478478548,-0.15884335420741413,55.62325406171434,0.03893627784320004,-0.027843323617614418,2002,0,0.8817704094689995,1.383681724599283,0.8,0.8843542293168655,0.7800669781926157
top4,28006e2e996573283a4a,A,30,1d,4h,0.15,equal,2192,0.913427043828926,0.11410416215074903,1.4191865286027625,2.1249992428957336,0.7183439478478548,-0.15884335420741413,55.62325406171434,0.03893627784320004,-0.027843323617614418,2002,0,0.8817704094689995,1.383681724599283,0.8,0.8843542293168655,0.7800669781926157
top4,bbab6fdecf847bdbaa05,A,30,6h,5m,0.1,equal,2192,0.547416893080668,0.07540583620552677,1.4188141272230912,2.1245262183381834,0.6980580664096977,-0.10802229761968007,37.21550270780956,0.026050851895466694,-0.018582215745076285,2002,0,0.5302394160406818,1.3831771348049382,0.8,0.8843542293168655,0.7715314902381581
top4,e270ce6fa51a21373243,A,30,1d,5m,0.1,equal,2192,0.547416893080668,0.07540583620552677,1.4188141272230912,2.1245262183381834,0.6980580664096977,-0.10802229761968007,37.21550270780956,0.026050851895466694,-0.018582215745076285,2002,0,0.5302394160406818,1.3831771348049382,0.8,0.8843542293168655,0.7715314902381581
top4,460ebec16f38ce296bc4,A,30,12h,15m,0.1,equal,2192,0.547416893080668,0.07540583620552677,1.4188141272230912,2.1245262183381834,0.6980580664096977,-0.10802229761968007,37.21550270780956,0.026050851895466694,-0.018582215745076285,2002,0,0.5302394160406818,1.3831771348049382,0.8,0.8843542293168655,0.7715314902381581
top4,b793b9853a2704564349,A,30,1d,15m,0.1,equal,2192,0.547416893080668,0.07540583620552677,1.4188141272230912,2.1245262183381834,0.6980580664096977,-0.10802229761968007,37.21550270780956,0.026050851895466694,-0.018582215745076285,2002,0,0.5302394160406818,1.3831771348049382,0.8,0.8843542293168655,0.7715314902381581
top4,29d1a190741f2088ce04,A,30,1d,30m,0.1,equal,2192,0.547416893080668,0.07540583620552677,1.4188141272230912,2.1245262183381834,0.6980580664096977,-0.10802229761968007,37.21550270780956,0.026050851895466694,-0.018582215745076285,2002,0,0.5302394160406818,1.3831771348049382,0.8,0.8843542293168655,0.7715314902381581
top4,0de9c1bd28f9e2cc6432,A,30,1d,1h,0.1,equal,2192,0.547416893080668,0.07540583620552677,1.4188141272230912,2.1245262183381834,0.6980580664096977,-0.10802229761968007,37.21550270780956,0.026050851895466694,-0.018582215745076285,2002,0,0.5302394160406818,1.3831771348049382,0.8,0.8843542293168655,0.7715314902381581
top4,687770d9bd315c354f5f,A,30,1d,2h,0.1,equal,2192,0.547416893080668,0.07540583620552677,1.4188141272230912,2.1245262183381834,0.6980580664096977,-0.10802229761968007,37.21550270780956,0.026050851895466694,-0.018582215745076285,2002,0,0.5302394160406818,1.3831771348049382,0.8,0.8843542293168655,0.7715314902381581
top4,fd93ab48121ff1e7876f,A,30,1d,4h,0.1,equal,2192,0.547416893080668,0.07540583620552677,1.4188141272230912,2.1245262183381834,0.6980580664096977,-0.10802229761968007,37.21550270780956,0.026050851895466694,-0.018582215745076285,2002,0,0.5302394160406818,1.3831771348049382,0.8,0.8843542293168655,0.7715314902381581
top8,46a645a07066a64c56e0,A,90,6h,5m,0.2,capped_rank,2192,1.2670691996799794,0.1460143996875165,0.9809859299913254,1.3921861971245066,0.5055478438721063,-0.2888240973775279,83.10062453385206,0.058170437173696424,-0.0860371344716046,1910,0,1.2112696281899598,0.9534085761891701,0.8,0.8823963528589318,0.8052386215525927
top8,228e1c74b6570c90968b,A,90,1d,5m,0.2,capped_rank,2192,1.2670691996799794,0.1460143996875165,0.9809859299913254,1.3921861971245066,0.5055478438721063,-0.2888240973775279,83.10062453385206,0.058170437173696424,-0.0860371344716046,1910,0,1.2112696281899598,0.9534085761891701,0.8,0.8823963528589318,0.8052386215525927
top8,0d8d576b760cfe74fd0f,A,90,12h,15m,0.2,capped_rank,2192,1.2670691996799794,0.1460143996875165,0.9809859299913254,1.3921861971245066,0.5055478438721063,-0.2888240973775279,83.10062453385206,0.058170437173696424,-0.0860371344716046,1910,0,1.2112696281899598,0.9534085761891701,0.8,0.8823963528589318,0.8052386215525927
top8,8c27e50aea112cfdff9c,A,90,1d,15m,0.2,capped_rank,2192,1.2670691996799794,0.1460143996875165,0.9809859299913254,1.3921861971245066,0.5055478438721063,-0.2888240973775279,83.10062453385206,0.058170437173696424,-0.0860371344716046,1910,0,1.2112696281899598,0.9534085761891701,0.8,0.8823963528589318,0.8052386215525927
top8,f8b85c841821939a3cc5,A,90,1d,30m,0.2,capped_rank,2192,1.2670691996799794,0.1460143996875165,0.9809859299913254,1.3921861971245066,0.5055478438721063,-0.2888240973775279,83.10062453385206,0.058170437173696424,-0.0860371344716046,1910,0,1.2112696281899598,0.9534085761891701,0.8,0.8823963528589318,0.8052386215525927
top8,880f3f40f368382b0d8f,A,90,1d,1h,0.2,capped_rank,2192,1.2670691996799794,0.1460143996875165,0.9809859299913254,1.3921861971245066,0.5055478438721063,-0.2888240973775279,83.10062453385206,0.058170437173696424,-0.0860371344716046,1910,0,1.2112696281899598,0.9534085761891701,0.8,0.8823963528589318,0.8052386215525927
top8,6ab550ddc71490ea3d0c,A,90,1d,2h,0.2,capped_rank,2192,1.2670691996799794,0.1460143996875165,0.9809859299913254,1.3921861971245066,0.5055478438721063,-0.2888240973775279,83.10062453385206,0.058170437173696424,-0.0860371344716046,1910,0,1.2112696281899598,0.9534085761891701,0.8,0.8823963528589318,0.8052386215525927
top8,c42640161884811cf2a7,A,90,1d,4h,0.2,capped_rank,2192,1.2670691996799794,0.1460143996875165,0.9809859299913254,1.3921861971245066,0.5055478438721063,-0.2888240973775279,83.10062453385206,0.058170437173696424,-0.0860371344716046,1910,0,1.2112696281899598,0.9534085761891701,0.8,0.8823963528589318,0.8052386215525927
top4,bae4ec81571ff74e68a4,A,90,6h,5m,0.1,capped_rank,2192,0.5938791652877473,0.08071649111610157,1.058282334804278,1.529029173888965,0.5290745909237897,-0.15256164726256594,39.67208803738811,0.027770461626171673,-0.040153838944467224,1930,0,0.575021871345688,1.0321685703922958,0.8,0.8819754697688665,0.7999015807386805
top4,0470bc2b967ff69f98ce,A,90,1d,5m,0.1,capped_rank,2192,0.5938791652877473,0.08071649111610157,1.058282334804278,1.529029173888965,0.5290745909237897,-0.15256164726256594,39.67208803738811,0.027770461626171673,-0.040153838944467224,1930,0,0.575021871345688,1.0321685703922958,0.8,0.8819754697688665,0.7999015807386805
top4,69199117a57951500810,A,90,12h,15m,0.1,capped_rank,2192,0.5938791652877473,0.08071649111610157,1.058282334804278,1.529029173888965,0.5290745909237897,-0.15256164726256594,39.67208803738811,0.027770461626171673,-0.040153838944467224,1930,0,0.575021871345688,1.0321685703922958,0.8,0.8819754697688665,0.7999015807386805
top4,a4eb0aba1357044a1cf8,A,90,1d,15m,0.1,capped_rank,2192,0.5938791652877473,0.08071649111610157,1.058282334804278,1.529029173888965,0.5290745909237897,-0.15256164726256594,39.67208803738811,0.027770461626171673,-0.040153838944467224,1930,0,0.575021871345688,1.0321685703922958,0.8,0.8819754697688665,0.7999015807386805
top4,52f77b6ce3d4af87379d,A,90,1d,30m,0.1,capped_rank,2192,0.5938791652877473,0.08071649111610157,1.058282334804278,1.529029173888965,0.5290745909237897,-0.15256164726256594,39.67208803738811,0.027770461626171673,-0.040153838944467224,1930,0,0.575021871345688,1.0321685703922958,0.8,0.8819754697688665,0.7999015807386805
top4,7947059be64ac790d352,A,90,1d,1h,0.1,capped_rank,2192,0.5938791652877473,0.08071649111610157,1.058282334804278,1.529029173888965,0.5290745909237897,-0.15256164726256594,39.67208803738811,0.027770461626171673,-0.040153838944467224,1930,0,0.575021871345688,1.0321685703922958,0.8,0.8819754697688665,0.7999015807386805
top4,5880ff26dce4dfd2443f,A,90,1d,2h,0.1,capped_rank,2192,0.5938791652877473,0.08071649111610157,1.058282334804278,1.529029173888965,0.5290745909237897,-0.15256164726256594,39.67208803738811,0.027770461626171673,-0.040153838944467224,1930,0,0.575021871345688,1.0321685703922958,0.8,0.8819754697688665,0.7999015807386805
top4,b5a8973dccaa78581d7e,A,90,1d,4h,0.1,capped_rank,2192,0.5938791652877473,0.08071649111610157,1.058282334804278,1.529029173888965,0.5290745909237897,-0.15256164726256594,39.67208803738811,0.027770461626171673,-0.040153838944467224,1930,0,0.575021871345688,1.0321685703922958,0.8,0.8819754697688665,0.7999015807386805
top8,5ba0b478c2b953309a89,A,30,6h,5m,0.2,capped_rank,2192,1.7554904572210854,0.18385781389176814,1.2089497106010603,1.6797779545413793,0.6992667834592087,-0.2629294258512329,121.71925485788535,0.08520347840051976,-0.033111870877245424,1971,0,1.656703046948429,1.1680094684199287,0.8,0.8638287213248186,0.7447175966836637
top8,f0cc83a0f3cfffe6e7af,A,30,1d,5m,0.2,capped_rank,2192,1.7554904572210854,0.18385781389176814,1.2089497106010603,1.6797779545413793,0.6992667834592087,-0.2629294258512329,121.71925485788535,0.08520347840051976,-0.033111870877245424,1971,0,1.656703046948429,1.1680094684199287,0.8,0.8638287213248186,0.7447175966836637
top8,470085585dec1bb9dc5e,A,30,12h,15m,0.2,capped_rank,2192,1.7554904572210854,0.18385781389176814,1.2089497106010603,1.6797779545413793,0.6992667834592087,-0.2629294258512329,121.71925485788535,0.08520347840051976,-0.033111870877245424,1971,0,1.656703046948429,1.1680094684199287,0.8,0.8638287213248186,0.7447175966836637
top8,495230fc33dbfd37db90,A,30,1d,15m,0.2,capped_rank,2192,1.7554904572210854,0.18385781389176814,1.2089497106010603,1.6797779545413793,0.6992667834592087,-0.2629294258512329,121.71925485788535,0.08520347840051976,-0.033111870877245424,1971,0,1.656703046948429,1.1680094684199287,0.8,0.8638287213248186,0.7447175966836637
top8,ae34f94403f95eaa75e7,A,30,1d,30m,0.2,capped_rank,2192,1.7554904572210854,0.18385781389176814,1.2089497106010603,1.6797779545413793,0.6992667834592087,-0.2629294258512329,121.71925485788535,0.08520347840051976,-0.033111870877245424,1971,0,1.656703046948429,1.1680094684199287,0.8,0.8638287213248186,0.7447175966836637
top8,a79ee46c0ef7b85a411f,A,30,1d,1h,0.2,capped_rank,2192,1.7554904572210854,0.18385781389176814,1.2089497106010603,1.6797779545413793,0.6992667834592087,-0.2629294258512329,121.71925485788535,0.08520347840051976,-0.033111870877245424,1971,0,1.656703046948429,1.1680094684199287,0.8,0.8638287213248186,0.7447175966836637
top8,b9a267a91d52496a4a80,A,30,1d,2h,0.2,capped_rank,2192,1.7554904572210854,0.18385781389176814,1.2089497106010603,1.6797779545413793,0.6992667834592087,-0.2629294258512329,121.71925485788535,0.08520347840051976,-0.033111870877245424,1971,0,1.656703046948429,1.1680094684199287,0.8,0.8638287213248186,0.7447175966836637
top8,faefd60b5b773d089d49,A,30,1d,4h,0.2,capped_rank,2192,1.7554904572210854,0.18385781389176814,1.2089497106010603,1.6797779545413793,0.6992667834592087,-0.2629294258512329,121.71925485788535,0.08520347840051976,-0.033111870877245424,1971,0,1.656703046948429,1.1680094684199287,0.8,0.8638287213248186,0.7447175966836637
top4,8e4e8cfaf450382aeea3,A,90,7d,1h,0.15,capped_rank,2192,1.1506845843484728,0.13600143343401383,1.137387661978547,1.636627296585956,0.6259076839814383,-0.21728672920086256,20.16538668205478,0.014115770677438345,-0.06462777696589647,283,0,1.137704459309293,1.1287908097597543,0.8,0.8567331817264031,0.8390617018089096
top4,0536da7933ec4819c760,A,90,7d,2h,0.15,capped_rank,2192,1.1506845843484728,0.13600143343401383,1.137387661978547,1.636627296585956,0.6259076839814383,-0.21728672920086256,20.16538668205478,0.014115770677438345,-0.06462777696589647,283,0,1.137704459309293,1.1287908097597543,0.8,0.8567331817264031,0.8390617018089096
top4,1bb44aff14e62c2b4657,A,90,7d,4h,0.15,capped_rank,2192,1.1506845843484728,0.13600143343401383,1.137387661978547,1.636627296585956,0.6259076839814383,-0.21728672920086256,20.16538668205478,0.014115770677438345,-0.06462777696589647,283,0,1.137704459309293,1.1287908097597543,0.8,0.8567331817264031,0.8390617018089096
top4,880be4d0581df4081e12,A,90,7d,1d,0.15,capped_rank,2192,1.1506845843484728,0.13600143343401383,1.137387661978547,1.636627296585956,0.6259076839814383,-0.21728672920086256,20.16538668205478,0.014115770677438345,-0.06462777696589647,283,0,1.137704459309293,1.1287908097597543,0.8,0.8567331817264031,0.8390617018089096
top8,cf6e9edf1e3b5417072d,A,90,3d,30m,0.15,capped_rank,2192,1.1125916903616573,0.1326260180473091,1.1579143530388953,1.6565304143454842,0.6565226026262981,-0.20201287437288995,34.9228575261429,0.02444600026830003,-0.06502290981807496,642,0,1.0905816471835315,1.1424935470137227,0.8,0.8488124967168034,0.9781393998512018
top8,a0e616cd2e3efb5a5786,A,90,3d,1h,0.15,capped_rank,2192,1.1125916903616573,0.1326260180473091,1.1579143530388953,1.6565304143454842,0.6565226026262981,-0.20201287437288995,34.9228575261429,0.02444600026830003,-0.06502290981807496,642,0,1.0905816471835315,1.1424935470137227,0.8,0.8488124967168034,0.9781393998512018
top8,9e8a1122daa0c68a23b4,A,90,3d,2h,0.15,capped_rank,2192,1.1125916903616573,0.1326260180473091,1.1579143530388953,1.6565304143454842,0.6565226026262981,-0.20201287437288995,34.9228575261429,0.02444600026830003,-0.06502290981807496,642,0,1.0905816471835315,1.1424935470137227,0.8,0.8488124967168034,0.9781393998512018
top8,9d3145df397b1cbb7e42,A,90,3d,4h,0.15,capped_rank,2192,1.1125916903616573,0.1326260180473091,1.1579143530388953,1.6565304143454842,0.6565226026262981,-0.20201287437288995,34.9228575261429,0.02444600026830003,-0.06502290981807496,642,0,1.0905816471835315,1.1424935470137227,0.8,0.8488124967168034,0.9781393998512018
top8,89602d45ccf3969a9bfd,A,90,3d,1d,0.15,capped_rank,2192,1.1125916903616573,0.1326260180473091,1.1579143530388953,1.6565304143454842,0.6565226026262981,-0.20201287437288995,34.9228575261429,0.02444600026830003,-0.06502290981807496,642,0,1.0905816471835315,1.1424935470137227,0.8,0.8488124967168034,0.9781393998512018
top8,a8b295a3041d8a3ef574,A,90,3d,30m,0.2,capped_rank,2192,1.6498805845980353,0.17617882911376426,1.154807939127677,1.653438785755468,0.6629229447099693,-0.26576064461133264,45.492417824689916,0.03184469247728294,-0.08628622776713867,641,0,1.6139762112922953,1.139690517340163,0.8,0.8488124967168028,0.9766390482855535
top8,387b2f3bb676014192cb,A,90,3d,1h,0.2,capped_rank,2192,1.6498805845980353,0.17617882911376426,1.154807939127677,1.653438785755468,0.6629229447099693,-0.26576064461133264,45.492417824689916,0.03184469247728294,-0.08628622776713867,641,0,1.6139762112922953,1.139690517340163,0.8,0.8488124967168028,0.9766390482855535
top8,ba513193441388173d62,A,90,3d,2h,0.2,capped_rank,2192,1.6498805845980353,0.17617882911376426,1.154807939127677,1.653438785755468,0.6629229447099693,-0.26576064461133264,45.492417824689916,0.03184469247728294,-0.08628622776713867,641,0,1.6139762112922953,1.139690517340163,0.8,0.8488124967168028,0.9766390482855535
top8,0ca5e7f18233d356d8ae,A,90,3d,4h,0.2,capped_rank,2192,1.6498805845980353,0.17617882911376426,1.154807939127677,1.653438785755468,0.6629229447099693,-0.26576064461133264,45.492417824689916,0.03184469247728294,-0.08628622776713867,641,0,1.6139762112922953,1.139690517340163,0.8,0.8488124967168028,0.9766390482855535
top8,21b49c3a315914fead32,A,90,3d,1d,0.2,capped_rank,2192,1.6498805845980353,0.17617882911376426,1.154807939127677,1.653438785755468,0.6629229447099693,-0.26576064461133264,45.492417824689916,0.03184469247728294,-0.08628622776713867,641,0,1.6139762112922953,1.139690517340163,0.8,0.8488124967168028,0.9766390482855535
top8,5a0fa8bb435a776e12ae,A,90,3d,30m,0.1,capped_rank,2192,0.6733647395509463,0.08950970019704996,1.169364037462082,1.6688578637138978,0.6715300943101775,-0.1332921650949953,23.918433790049527,0.01674290365303467,-0.04362073520477568,647,0,0.6614036319959695,1.1536062846733404,0.8,0.8488124967168028,0.9788077459188069
top8,55b93009e4afc202a9d8,A,90,3d,1h,0.1,capped_rank,2192,0.6733647395509463,0.08950970019704996,1.169364037462082,1.6688578637138978,0.6715300943101775,-0.1332921650949953,23.918433790049527,0.01674290365303467,-0.04362073520477568,647,0,0.6614036319959695,1.1536062846733404,0.8,0.8488124967168028,0.9788077459188069
top8,d3d0bfdb2fd689fc294f,A,90,3d,2h,0.1,capped_rank,2192,0.6733647395509463,0.08950970019704996,1.169364037462082,1.6688578637138978,0.6715300943101775,-0.1332921650949953,23.918433790049527,0.01674290365303467,-0.04362073520477568,647,0,0.6614036319959695,1.1536062846733404,0.8,0.8488124967168028,0.9788077459188069
top8,8d51d0604358d2f80354,A,90,3d,4h,0.1,capped_rank,2192,0.6733647395509463,0.08950970019704996,1.169364037462082,1.6688578637138978,0.6715300943101775,-0.1332921650949953,23.918433790049527,0.01674290365303467,-0.04362073520477568,647,0,0.6614036319959695,1.1536062846733404,0.8,0.8488124967168028,0.9788077459188069
top8,3213405ef2565d042878,A,90,3d,1d,0.1,capped_rank,2192,0.6733647395509463,0.08950970019704996,1.169364037462082,1.6688578637138978,0.6715300943101775,-0.1332921650949953,23.918433790049527,0.01674290365303467,-0.04362073520477568,647,0,0.6614036319959695,1.1536062846733404,0.8,0.8488124967168028,0.9788077459188069
top20pct,71d6eed13b02150319ab,A,14,6h,5m,0.2,capped_rank,2192,1.9143182255962299,0.1949567517613624,1.1240983665909172,1.6819964059902834,0.8022824603279168,-0.24300263485964502,204.56731507840604,0.14319712055488423,-0.02999677193047738,1959,0,1.7408683753157583,1.064420459855299,0.8,0.8417642918497548,0.8703273377476802
top20pct,e420532e21c759f5cfc7,A,14,1d,5m,0.2,capped_rank,2192,1.9143182255962299,0.1949567517613624,1.1240983665909172,1.6819964059902834,0.8022824603279168,-0.24300263485964502,204.56731507840604,0.14319712055488423,-0.02999677193047738,1959,0,1.7408683753157583,1.064420459855299,0.8,0.8417642918497548,0.8703273377476802
top20pct,2c34feb789995bebe3be,A,14,12h,15m,0.2,capped_rank,2192,1.9143182255962299,0.1949567517613624,1.1240983665909172,1.6819964059902834,0.8022824603279168,-0.24300263485964502,204.56731507840604,0.14319712055488423,-0.02999677193047738,1959,0,1.7408683753157583,1.064420459855299,0.8,0.8417642918497548,0.8703273377476802
top20pct,fe27f8c3922e451ec9a4,A,14,1d,15m,0.2,capped_rank,2192,1.9143182255962299,0.1949567517613624,1.1240983665909172,1.6819964059902834,0.8022824603279168,-0.24300263485964502,204.56731507840604,0.14319712055488423,-0.02999677193047738,1959,0,1.7408683753157583,1.064420459855299,0.8,0.8417642918497548,0.8703273377476802
top20pct,ec758169222945876f39,A,14,1d,30m,0.2,capped_rank,2192,1.9143182255962299,0.1949567517613624,1.1240983665909172,1.6819964059902834,0.8022824603279168,-0.24300263485964502,204.56731507840604,0.14319712055488423,-0.02999677193047738,1959,0,1.7408683753157583,1.064420459855299,0.8,0.8417642918497548,0.8703273377476802
top20pct,d641af354a129108b51f,A,14,1d,1h,0.2,capped_rank,2192,1.9143182255962299,0.1949567517613624,1.1240983665909172,1.6819964059902834,0.8022824603279168,-0.24300263485964502,204.56731507840604,0.14319712055488423,-0.02999677193047738,1959,0,1.7408683753157583,1.064420459855299,0.8,0.8417642918497548,0.8703273377476802
top20pct,ce09ace36f65e89634ab,A,14,1d,2h,0.2,capped_rank,2192,1.9143182255962299,0.1949567517613624,1.1240983665909172,1.6819964059902834,0.8022824603279168,-0.24300263485964502,204.56731507840604,0.14319712055488423,-0.02999677193047738,1959,0,1.7408683753157583,1.064420459855299,0.8,0.8417642918497548,0.8703273377476802
top20pct,1fa84dda051d6e4467af,A,14,1d,4h,0.2,capped_rank,2192,1.9143182255962299,0.1949567517613624,1.1240983665909172,1.6819964059902834,0.8022824603279168,-0.24300263485964502,204.56731507840604,0.14319712055488423,-0.02999677193047738,1959,0,1.7408683753157583,1.064420459855299,0.8,0.8417642918497548,0.8703273377476802
top20pct,cb78156cf82c2c84e447,A,14,6h,5m,0.1,capped_rank,2192,0.7280482326241342,0.0953590951251384,1.081647395393533,1.5853448527496947,0.7407250692275236,-0.1287375020594147,107.12112330788639,0.07498478631552047,-0.014024242242422633,1988,0,0.6734006988213181,1.0205570125993562,0.8,0.8413403723209925,0.877390712917968
top20pct,d0d52748371442aa9634,A,14,1d,5m,0.1,capped_rank,2192,0.7280482326241342,0.0953590951251384,1.081647395393533,1.5853448527496947,0.7407250692275236,-0.1287375020594147,107.12112330788639,0.07498478631552047,-0.014024242242422633,1988,0,0.6734006988213181,1.0205570125993562,0.8,0.8413403723209925,0.877390712917968
top20pct,1965b9e2ee1deb107d47,A,14,12h,15m,0.1,capped_rank,2192,0.7280482326241342,0.0953590951251384,1.081647395393533,1.5853448527496947,0.7407250692275236,-0.1287375020594147,107.12112330788639,0.07498478631552047,-0.014024242242422633,1988,0,0.6734006988213181,1.0205570125993562,0.8,0.8413403723209925,0.877390712917968
top20pct,b9a221e324ef2b954fc4,A,14,1d,15m,0.1,capped_rank,2192,0.7280482326241342,0.0953590951251384,1.081647395393533,1.5853448527496947,0.7407250692275236,-0.1287375020594147,107.12112330788639,0.07498478631552047,-0.014024242242422633,1988,0,0.6734006988213181,1.0205570125993562,0.8,0.8413403723209925,0.877390712917968
top20pct,e0f1258559a2686e0642,A,14,1d,30m,0.1,capped_rank,2192,0.7280482326241342,0.0953590951251384,1.081647395393533,1.5853448527496947,0.7407250692275236,-0.1287375020594147,107.12112330788639,0.07498478631552047,-0.014024242242422633,1988,0,0.6734006988213181,1.0205570125993562,0.8,0.8413403723209925,0.877390712917968
top20pct,6dbe67736127d676d938,A,14,1d,1h,0.1,capped_rank,2192,0.7280482326241342,0.0953590951251384,1.081647395393533,1.5853448527496947,0.7407250692275236,-0.1287375020594147,107.12112330788639,0.07498478631552047,-0.014024242242422633,1988,0,0.6734006988213181,1.0205570125993562,0.8,0.8413403723209925,0.877390712917968
top20pct,047343b5cf1fcd1f075d,A,14,1d,2h,0.1,capped_rank,2192,0.7280482326241342,0.0953590951251384,1.081647395393533,1.5853448527496947,0.7407250692275236,-0.1287375020594147,107.12112330788639,0.07498478631552047,-0.014024242242422633,1988,0,0.6734006988213181,1.0205570125993562,0.8,0.8413403723209925,0.877390712917968
top20pct,0822006d00e283fdd1b7,A,14,1d,4h,0.1,capped_rank,2192,0.7280482326241342,0.0953590951251384,1.081647395393533,1.5853448527496947,0.7407250692275236,-0.1287375020594147,107.12112330788639,0.07498478631552047,-0.014024242242422633,1988,0,0.6734006988213181,1.0205570125993562,0.8,0.8413403723209925,0.877390712917968
top4,ada5b7dac91aa8752865,A,90,6h,5m,0.15,capped_rank,2192,0.9714655106468695,0.11966139047385549,1.048934972469379,1.5145751784366626,0.5322727560560322,-0.22481216465127285,57.76255188415712,0.04043378631890998,-0.060100364049138835,1916,0,0.9375958196931573,1.0235445367307947,0.8,0.839834418875263,0.7458664298550447
top4,148ef6e41d6b73a80192,A,90,1d,5m,0.15,capped_rank,2192,0.9714655106468695,0.11966139047385549,1.048934972469379,1.5145751784366626,0.5322727560560322,-0.22481216465127285,57.76255188415712,0.04043378631890998,-0.060100364049138835,1916,0,0.9375958196931573,1.0235445367307947,0.8,0.839834418875263,0.7458664298550447
top4,312c2b0d987a760cb8d9,A,90,12h,15m,0.15,capped_rank,2192,0.9714655106468695,0.11966139047385549,1.048934972469379,1.5145751784366626,0.5322727560560322,-0.22481216465127285,57.76255188415712,0.04043378631890998,-0.060100364049138835,1916,0,0.9375958196931573,1.0235445367307947,0.8,0.839834418875263,0.7458664298550447
top4,4796e4a6a8c9244abbc7,A,90,1d,15m,0.15,capped_rank,2192,0.9714655106468695,0.11966139047385549,1.048934972469379,1.5145751784366626,0.5322727560560322,-0.22481216465127285,57.76255188415712,0.04043378631890998,-0.060100364049138835,1916,0,0.9375958196931573,1.0235445367307947,0.8,0.839834418875263,0.7458664298550447
top4,6e9d62692890f750caaa,A,90,1d,30m,0.15,capped_rank,2192,0.9714655106468695,0.11966139047385549,1.048934972469379,1.5145751784366626,0.5322727560560322,-0.22481216465127285,57.76255188415712,0.04043378631890998,-0.060100364049138835,1916,0,0.9375958196931573,1.0235445367307947,0.8,0.839834418875263,0.7458664298550447
top4,a07c11303d96c8a3f097,A,90,1d,1h,0.15,capped_rank,2192,0.9714655106468695,0.11966139047385549,1.048934972469379,1.5145751784366626,0.5322727560560322,-0.22481216465127285,57.76255188415712,0.04043378631890998,-0.060100364049138835,1916,0,0.9375958196931573,1.0235445367307947,0.8,0.839834418875263,0.7458664298550447
top4,eac960d1c138027f10e6,A,90,1d,2h,0.15,capped_rank,2192,0.9714655106468695,0.11966139047385549,1.048934972469379,1.5145751784366626,0.5322727560560322,-0.22481216465127285,57.76255188415712,0.04043378631890998,-0.060100364049138835,1916,0,0.9375958196931573,1.0235445367307947,0.8,0.839834418875263,0.7458664298550447
top4,5ca99658913872a67956,A,90,1d,4h,0.15,capped_rank,2192,0.9714655106468695,0.11966139047385549,1.048934972469379,1.5145751784366626,0.5322727560560322,-0.22481216465127285,57.76255188415712,0.04043378631890998,-0.060100364049138835,1916,0,0.9375958196931573,1.0235445367307947,0.8,0.839834418875263,0.7458664298550447
top20pct,9b20f6cc8ed53ec57d4e,A,14,6h,5m,0.15,capped_rank,2192,1.2456826889867956,0.14420709473465432,1.0997313432814466,1.6290286315556575,0.7426250062391474,-0.19418561659397626,157.53713268437303,0.11027599287906112,-0.02141936521904047,1976,0,1.1420295663676123,1.039188344618841,0.8,0.8397930531189128,0.8800180503755897
top20pct,fb9da4b13058ef5d7be5,A,14,1d,5m,0.15,capped_rank,2192,1.2456826889867956,0.14420709473465432,1.0997313432814466,1.6290286315556575,0.7426250062391474,-0.19418561659397626,157.53713268437303,0.11027599287906112,-0.02141936521904047,1976,0,1.1420295663676123,1.039188344618841,0.8,0.8397930531189128,0.8800180503755897
top20pct,e6a23bb909dfe4a4ad17,A,14,12h,15m,0.15,capped_rank,2192,1.2456826889867956,0.14420709473465432,1.0997313432814466,1.6290286315556575,0.7426250062391474,-0.19418561659397626,157.53713268437303,0.11027599287906112,-0.02141936521904047,1976,0,1.1420295663676123,1.039188344618841,0.8,0.8397930531189128,0.8800180503755897
top20pct,fbe9564d00d2893fbf64,A,14,1d,15m,0.15,capped_rank,2192,1.2456826889867956,0.14420709473465432,1.0997313432814466,1.6290286315556575,0.7426250062391474,-0.19418561659397626,157.53713268437303,0.11027599287906112,-0.02141936521904047,1976,0,1.1420295663676123,1.039188344618841,0.8,0.8397930531189128,0.8800180503755897
top20pct,3454ab009598377b5231,A,14,1d,30m,0.15,capped_rank,2192,1.2456826889867956,0.14420709473465432,1.0997313432814466,1.6290286315556575,0.7426250062391474,-0.19418561659397626,157.53713268437303,0.11027599287906112,-0.02141936521904047,1976,0,1.1420295663676123,1.039188344618841,0.8,0.8397930531189128,0.8800180503755897
top20pct,4f371c5f6784e6145d24,A,14,1d,1h,0.15,capped_rank,2192,1.2456826889867956,0.14420709473465432,1.0997313432814466,1.6290286315556575,0.7426250062391474,-0.19418561659397626,157.53713268437303,0.11027599287906112,-0.02141936521904047,1976,0,1.1420295663676123,1.039188344618841,0.8,0.8397930531189128,0.8800180503755897
top20pct,b52e0180eaf72a65a463,A,14,1d,2h,0.15,capped_rank,2192,1.2456826889867956,0.14420709473465432,1.0997313432814466,1.6290286315556575,0.7426250062391474,-0.19418561659397626,157.53713268437303,0.11027599287906112,-0.02141936521904047,1976,0,1.1420295663676123,1.039188344618841,0.8,0.8397930531189128,0.8800180503755897
top20pct,de6637dca488f9935e7e,A,14,1d,4h,0.15,capped_rank,2192,1.2456826889867956,0.14420709473465432,1.0997313432814466,1.6290286315556575,0.7426250062391474,-0.19418561659397626,157.53713268437303,0.11027599287906112,-0.02141936521904047,1976,0,1.1420295663676123,1.039188344618841,0.8,0.8397930531189128,0.8800180503755897
top2,ad9bb869a4a2492f67e6,A,7,7d,1h,0.1,capped_rank,2192,0.4384515329439469,0.06240929432658948,0.7493617225113228,1.1153081624525782,0.37522649979866113,-0.16632432506786443,43.09980115137598,0.030169860805963185,-0.029983292338947896,302,0,0.4199630575610671,0.724098108015626,0.8,0.8290135802056438,0.8370343384084011
top2,71d425d5da1b1a040ab7,A,7,7d,2h,0.1,capped_rank,2192,0.4384515329439469,0.06240929432658948,0.7493617225113228,1.1153081624525782,0.37522649979866113,-0.16632432506786443,43.09980115137598,0.030169860805963185,-0.029983292338947896,302,0,0.4199630575610671,0.724098108015626,0.8,0.8290135802056438,0.8370343384084011
top2,db4903e96b25b200adc4,A,7,7d,4h,0.1,capped_rank,2192,0.4384515329439469,0.06240929432658948,0.7493617225113228,1.1153081624525782,0.37522649979866113,-0.16632432506786443,43.09980115137598,0.030169860805963185,-0.029983292338947896,302,0,0.4199630575610671,0.724098108015626,0.8,0.8290135802056438,0.8370343384084011
top2,b1e829f4ed4b581fbbc2,A,7,7d,1d,0.1,capped_rank,2192,0.4384515329439469,0.06240929432658948,0.7493617225113228,1.1153081624525782,0.37522649979866113,-0.16632432506786443,43.09980115137598,0.030169860805963185,-0.029983292338947896,302,0,0.4199630575610671,0.724098108015626,0.8,0.8290135802056438,0.8370343384084011
top2,fa594cc319d35cef74ea,A,7,6h,5m,0.2,equal,2192,0.5926957551417729,0.08058283820967826,1.0918371118534773,1.7524982188765903,0.8137699469004036,-0.09902410197945133,94.15404822546157,0.0659078337578231,-0.015412685501087663,2011,0,0.5483351911028373,1.027579257790698,0.8,0.8278444856202726,0.6395834643032156
top2,038c1ef908c3950a310b,A,7,1d,5m,0.2,equal,2192,0.5926957551417729,0.08058283820967826,1.0918371118534773,1.7524982188765903,0.8137699469004036,-0.09902410197945133,94.15404822546157,0.0659078337578231,-0.015412685501087663,2011,0,0.5483351911028373,1.027579257790698,0.8,0.8278444856202726,0.6395834643032156
top2,a9c497da873239ee9dfb,A,7,12h,15m,0.2,equal,2192,0.5926957551417729,0.08058283820967826,1.0918371118534773,1.7524982188765903,0.8137699469004036,-0.09902410197945133,94.15404822546157,0.0659078337578231,-0.015412685501087663,2011,0,0.5483351911028373,1.027579257790698,0.8,0.8278444856202726,0.6395834643032156
top2,9de92ee19c7dae3bda70,A,7,1d,15m,0.2,equal,2192,0.5926957551417729,0.08058283820967826,1.0918371118534773,1.7524982188765903,0.8137699469004036,-0.09902410197945133,94.15404822546157,0.0659078337578231,-0.015412685501087663,2011,0,0.5483351911028373,1.027579257790698,0.8,0.8278444856202726,0.6395834643032156
top2,9096098ea47ed3f4f2be,A,7,1d,30m,0.2,equal,2192,0.5926957551417729,0.08058283820967826,1.0918371118534773,1.7524982188765903,0.8137699469004036,-0.09902410197945133,94.15404822546157,0.0659078337578231,-0.015412685501087663,2011,0,0.5483351911028373,1.027579257790698,0.8,0.8278444856202726,0.6395834643032156
top2,728cc76fecc554b52a43,A,7,1d,1h,0.2,equal,2192,0.5926957551417729,0.08058283820967826,1.0918371118534773,1.7524982188765903,0.8137699469004036,-0.09902410197945133,94.15404822546157,0.0659078337578231,-0.015412685501087663,2011,0,0.5483351911028373,1.027579257790698,0.8,0.8278444856202726,0.6395834643032156
top2,a924915d448bb21d995e,A,7,1d,2h,0.2,equal,2192,0.5926957551417729,0.08058283820967826,1.0918371118534773,1.7524982188765903,0.8137699469004036,-0.09902410197945133,94.15404822546157,0.0659078337578231,-0.015412685501087663,2011,0,0.5483351911028373,1.027579257790698,0.8,0.8278444856202726,0.6395834643032156
top2,7370337b2eb8e6e3f236,A,7,1d,4h,0.2,equal,2192,0.5926957551417729,0.08058283820967826,1.0918371118534773,1.7524982188765903,0.8137699469004036,-0.09902410197945133,94.15404822546157,0.0659078337578231,-0.015412685501087663,2011,0,0.5483351911028373,1.027579257790698,0.8,0.8278444856202726,0.6395834643032156
top2,c9fbaf420343be717085,A,7,6h,5m,0.1,equal,2192,0.2671263852275272,0.04020998934976383,1.0918371118534773,1.7524982188765903,0.7990528710050414,-0.050322063544040674,47.07702411273078,0.03295391687891155,-0.007706342750543832,2011,0,0.24935600965369087,1.027579257790698,0.8,0.8278444856202726,0.6315137624040393
top2,85b47186636b54fad5b2,A,7,1d,5m,0.1,equal,2192,0.2671263852275272,0.04020998934976383,1.0918371118534773,1.7524982188765903,0.7990528710050414,-0.050322063544040674,47.07702411273078,0.03295391687891155,-0.007706342750543832,2011,0,0.24935600965369087,1.027579257790698,0.8,0.8278444856202726,0.6315137624040393
top2,58fe003cc18933a14413,A,7,12h,15m,0.1,equal,2192,0.2671263852275272,0.04020998934976383,1.0918371118534773,1.7524982188765903,0.7990528710050414,-0.050322063544040674,47.07702411273078,0.03295391687891155,-0.007706342750543832,2011,0,0.24935600965369087,1.027579257790698,0.8,0.8278444856202726,0.6315137624040393
top2,17e2efb04a2e6d71b694,A,7,1d,15m,0.1,equal,2192,0.2671263852275272,0.04020998934976383,1.0918371118534773,1.7524982188765903,0.7990528710050414,-0.050322063544040674,47.07702411273078,0.03295391687891155,-0.007706342750543832,2011,0,0.24935600965369087,1.027579257790698,0.8,0.8278444856202726,0.6315137624040393
top2,18bcb32c6250745a8c9c,A,7,1d,30m,0.1,equal,2192,0.2671263852275272,0.04020998934976383,1.0918371118534773,1.7524982188765903,0.7990528710050414,-0.050322063544040674,47.07702411273078,0.03295391687891155,-0.007706342750543832,2011,0,0.24935600965369087,1.027579257790698,0.8,0.8278444856202726,0.6315137624040393
top2,aae8c9ab98bf067bb4c4,A,7,1d,1h,0.1,equal,2192,0.2671263852275272,0.04020998934976383,1.0918371118534773,1.7524982188765903,0.7990528710050414,-0.050322063544040674,47.07702411273078,0.03295391687891155,-0.007706342750543832,2011,0,0.24935600965369087,1.027579257790698,0.8,0.8278444856202726,0.6315137624040393
top2,78bf8f080c6e8af92faa,A,7,1d,2h,0.1,equal,2192,0.2671263852275272,0.04020998934976383,1.0918371118534773,1.7524982188765903,0.7990528710050414,-0.050322063544040674,47.07702411273078,0.03295391687891155,-0.007706342750543832,2011,0,0.24935600965369087,1.027579257790698,0.8,0.8278444856202726,0.6315137624040393
top2,7e0d337dd3167dae62ea,A,7,1d,4h,0.1,equal,2192,0.2671263852275272,0.04020998934976383,1.0918371118534773,1.7524982188765903,0.7990528710050414,-0.050322063544040674,47.07702411273078,0.03295391687891155,-0.007706342750543832,2011,0,0.24935600965369087,1.027579257790698,0.8,0.8278444856202726,0.6315137624040393
top2,b3da5c76c82090a72f78,A,7,6h,5m,0.15,equal,2192,0.4220452807723498,0.06038192840418155,1.0918371118534773,1.7524982188765903,0.8064208652838447,-0.07487644603903976,70.61553616909617,0.04943087531836731,-0.011559514125815745,2011,0,0.3922355019267556,1.0275792577906981,0.8,0.8278444856202725,0.635631187537136
top2,e5e060600e25e33ec10b,A,7,1d,5m,0.15,equal,2192,0.4220452807723498,0.06038192840418155,1.0918371118534773,1.7524982188765903,0.8064208652838447,-0.07487644603903976,70.61553616909617,0.04943087531836731,-0.011559514125815745,2011,0,0.3922355019267556,1.0275792577906981,0.8,0.8278444856202725,0.635631187537136
top2,4f6ebe6048dedc37c609,A,7,12h,15m,0.15,equal,2192,0.4220452807723498,0.06038192840418155,1.0918371118534773,1.7524982188765903,0.8064208652838447,-0.07487644603903976,70.61553616909617,0.04943087531836731,-0.011559514125815745,2011,0,0.3922355019267556,1.0275792577906981,0.8,0.8278444856202725,0.635631187537136
top2,5b2ed83399d5e328e45e,A,7,1d,15m,0.15,equal,2192,0.4220452807723498,0.06038192840418155,1.0918371118534773,1.7524982188765903,0.8064208652838447,-0.07487644603903976,70.61553616909617,0.04943087531836731,-0.011559514125815745,2011,0,0.3922355019267556,1.0275792577906981,0.8,0.8278444856202725,0.635631187537136
top2,1d2536ab8ae86b27e66b,A,7,1d,30m,0.15,equal,2192,0.4220452807723498,0.06038192840418155,1.0918371118534773,1.7524982188765903,0.8064208652838447,-0.07487644603903976,70.61553616909617,0.04943087531836731,-0.011559514125815745,2011,0,0.3922355019267556,1.0275792577906981,0.8,0.8278444856202725,0.635631187537136
top2,5d96ca15ff2d206ee203,A,7,1d,1h,0.15,equal,2192,0.4220452807723498,0.06038192840418155,1.0918371118534773,1.7524982188765903,0.8064208652838447,-0.07487644603903976,70.61553616909617,0.04943087531836731,-0.011559514125815745,2011,0,0.3922355019267556,1.0275792577906981,0.8,0.8278444856202725,0.635631187537136
top2,e9d07d63953cfb28725e,A,7,1d,2h,0.15,equal,2192,0.4220452807723498,0.06038192840418155,1.0918371118534773,1.7524982188765903,0.8064208652838447,-0.07487644603903976,70.61553616909617,0.04943087531836731,-0.011559514125815745,2011,0,0.3922355019267556,1.0275792577906981,0.8,0.8278444856202725,0.635631187537136
top2,b379209d83fb7a71a85f,A,7,1d,4h,0.15,equal,2192,0.4220452807723498,0.06038192840418155,1.0918371118534773,1.7524982188765903,0.8064208652838447,-0.07487644603903976,70.61553616909617,0.04943087531836731,-0.011559514125815745,2011,0,0.3922355019267556,1.0275792577906981,0.8,0.8278444856202725,0.635631187537136
top4,85b0ecb4d82e33118026,A,90,6h,5m,0.2,capped_rank,2192,1.4154997905526852,0.1581805239665588,1.044863441253129,1.5082149809863825,0.5416861705103798,-0.2920150680928778,74.86196707941515,0.0524033769555906,-0.079816942937432,1910,0,1.3618527252892751,1.0201201188161741,0.8,0.8256887784397802,0.7315261656875878
top4,29e99a32cc2a57066d91,A,90,1d,5m,0.2,capped_rank,2192,1.4154997905526852,0.1581805239665588,1.044863441253129,1.5082149809863825,0.5416861705103798,-0.2920150680928778,74.86196707941515,0.0524033769555906,-0.079816942937432,1910,0,1.3618527252892751,1.0201201188161741,0.8,0.8256887784397802,0.7315261656875878
top4,89ec9f81e5cf9423a20d,A,90,12h,15m,0.2,capped_rank,2192,1.4154997905526852,0.1581805239665588,1.044863441253129,1.5082149809863825,0.5416861705103798,-0.2920150680928778,74.86196707941515,0.0524033769555906,-0.079816942937432,1910,0,1.3618527252892751,1.0201201188161741,0.8,0.8256887784397802,0.7315261656875878
top4,029521aafc2b3ce34e93,A,90,1d,15m,0.2,capped_rank,2192,1.4154997905526852,0.1581805239665588,1.044863441253129,1.5082149809863825,0.5416861705103798,-0.2920150680928778,74.86196707941515,0.0524033769555906,-0.079816942937432,1910,0,1.3618527252892751,1.0201201188161741,0.8,0.8256887784397802,0.7315261656875878
top4,9be199aa9894b4782d48,A,90,1d,30m,0.2,capped_rank,2192,1.4154997905526852,0.1581805239665588,1.044863441253129,1.5082149809863825,0.5416861705103798,-0.2920150680928778,74.86196707941515,0.0524033769555906,-0.079816942937432,1910,0,1.3618527252892751,1.0201201188161741,0.8,0.8256887784397802,0.7315261656875878
top4,ad475cc54c21087d831b,A,90,1d,1h,0.2,capped_rank,2192,1.4154997905526852,0.1581805239665588,1.044863441253129,1.5082149809863825,0.5416861705103798,-0.2920150680928778,74.86196707941515,0.0524033769555906,-0.079816942937432,1910,0,1.3618527252892751,1.0201201188161741,0.8,0.8256887784397802,0.7315261656875878
top4,cd3b4e55ae82ec36157c,A,90,1d,2h,0.2,capped_rank,2192,1.4154997905526852,0.1581805239665588,1.044863441253129,1.5082149809863825,0.5416861705103798,-0.2920150680928778,74.86196707941515,0.0524033769555906,-0.079816942937432,1910,0,1.3618527252892751,1.0201201188161741,0.8,0.8256887784397802,0.7315261656875878
top4,258059c3ccf670b02e63,A,90,1d,4h,0.2,capped_rank,2192,1.4154997905526852,0.1581805239665588,1.044863441253129,1.5082149809863825,0.5416861705103798,-0.2920150680928778,74.86196707941515,0.0524033769555906,-0.079816942937432,1910,0,1.3618527252892751,1.0201201188161741,0.8,0.8256887784397802,0.7315261656875878
top2,99764daead30645f452c,A,7,7d,1h,0.15,capped_rank,2192,0.6801569735499302,0.09024484349183037,0.7432166383495131,1.1047508699241173,0.3746348241085177,-0.24088749279135302,63.34626106534415,0.04434238274574091,-0.04458875874684837,302,0,0.6485063611640289,0.7181932185328702,0.8,0.8142771779226995,0.8210792995304301
top2,251af7b0eefd7b4a68dc,A,7,7d,2h,0.15,capped_rank,2192,0.6801569735499302,0.09024484349183037,0.7432166383495131,1.1047508699241173,0.3746348241085177,-0.24088749279135302,63.34626106534415,0.04434238274574091,-0.04458875874684837,302,0,0.6485063611640289,0.7181932185328702,0.8,0.8142771779226995,0.8210792995304301
top2,96cefbf114ad5a5c5dac,A,7,7d,4h,0.15,capped_rank,2192,0.6801569735499302,0.09024484349183037,0.7432166383495131,1.1047508699241173,0.3746348241085177,-0.24088749279135302,63.34626106534415,0.04434238274574091,-0.04458875874684837,302,0,0.6485063611640289,0.7181932185328702,0.8,0.8142771779226995,0.8210792995304301
top2,811bdc9dfd254e68aa5c,A,7,7d,1d,0.15,capped_rank,2192,0.6801569735499302,0.09024484349183037,0.7432166383495131,1.1047508699241173,0.3746348241085177,-0.24088749279135302,63.34626106534415,0.04434238274574091,-0.04458875874684837,302,0,0.6485063611640289,0.7181932185328702,0.8,0.8142771779226995,0.8210792995304301
top8,3eaa87e7bd955d20906a,A,90,7d,1h,0.15,capped_rank,2192,0.9855723766702598,0.12099150495267064,1.0411855578268077,1.4556101938478427,0.5341631578459943,-0.22650664534889908,22.198779913070634,0.015539145939149445,-0.06861746414043207,283,0,0.972386359363671,1.0315735739432277,0.8,0.8008024859114385,0.756831065542737
top8,ce9ccc544a791f262d75,A,90,7d,2h,0.15,capped_rank,2192,0.9855723766702598,0.12099150495267064,1.0411855578268077,1.4556101938478427,0.5341631578459943,-0.22650664534889908,22.198779913070634,0.015539145939149445,-0.06861746414043207,283,0,0.972386359363671,1.0315735739432277,0.8,0.8008024859114385,0.756831065542737
top8,fd5653f53a1de7f14060,A,90,7d,4h,0.15,capped_rank,2192,0.9855723766702598,0.12099150495267064,1.0411855578268077,1.4556101938478427,0.5341631578459943,-0.22650664534889908,22.198779913070634,0.015539145939149445,-0.06861746414043207,283,0,0.972386359363671,1.0315735739432277,0.8,0.8008024859114385,0.756831065542737
top8,840bfc34b7cbe32948ea,A,90,7d,1d,0.15,capped_rank,2192,0.9855723766702598,0.12099150495267064,1.0411855578268077,1.4556101938478427,0.5341631578459943,-0.22650664534889908,22.198779913070634,0.015539145939149445,-0.06861746414043207,283,0,0.972386359363671,1.0315735739432277,0.8,0.8008024859114385,0.756831065542737
top20pct,2643f5c5b2457936f7af,A,30,3d,30m,0.2,capped_rank,2192,2.266346425665909,0.2178642108745854,1.3530155918931528,2.0353170997583456,1.0487736736153919,-0.20773234145318653,68.39745591028216,0.04787821913719751,-0.020130588666719358,670,0,2.2000191608065327,1.3308463588008868,0.8,0.7972105899237226,0.6598944751324607
top20pct,b1384ca4621866d739c0,A,30,3d,1h,0.2,capped_rank,2192,2.266346425665909,0.2178642108745854,1.3530155918931528,2.0353170997583456,1.0487736736153919,-0.20773234145318653,68.39745591028216,0.04787821913719751,-0.020130588666719358,670,0,2.2000191608065327,1.3308463588008868,0.8,0.7972105899237226,0.6598944751324607
top20pct,fc5b3150884bdb365974,A,30,3d,2h,0.2,capped_rank,2192,2.266346425665909,0.2178642108745854,1.3530155918931528,2.0353170997583456,1.0487736736153919,-0.20773234145318653,68.39745591028216,0.04787821913719751,-0.020130588666719358,670,0,2.2000191608065327,1.3308463588008868,0.8,0.7972105899237226,0.6598944751324607
top20pct,988a0b3fd46942d585da,A,30,3d,4h,0.2,capped_rank,2192,2.266346425665909,0.2178642108745854,1.3530155918931528,2.0353170997583456,1.0487736736153919,-0.20773234145318653,68.39745591028216,0.04787821913719751,-0.020130588666719358,670,0,2.2000191608065327,1.3308463588008868,0.8,0.7972105899237226,0.6598944751324607
top20pct,c756c466c35a68596264,A,30,3d,1d,0.2,capped_rank,2192,2.266346425665909,0.2178642108745854,1.3530155918931528,2.0353170997583456,1.0487736736153919,-0.20773234145318653,68.39745591028216,0.04787821913719751,-0.020130588666719358,670,0,2.2000191608065327,1.3308463588008868,0.8,0.7972105899237226,0.6598944751324607
top4,7e91c6a2c9fe7e0c0fee,A,90,7d,1h,0.2,capped_rank,2192,1.6959430994085731,0.17955887590353337,1.127131219863217,1.620595451963261,0.6229185141859442,-0.2882541966796225,26.452329790020094,0.01851663085301407,-0.08603577905554069,283,0,1.6746157879066974,1.118669726940764,0.8,0.7954982663404382,0.7385841789356252
top4,eb88e98ce576c538a512,A,90,7d,2h,0.2,capped_rank,2192,1.6959430994085731,0.17955887590353337,1.127131219863217,1.620595451963261,0.6229185141859442,-0.2882541966796225,26.452329790020094,0.01851663085301407,-0.08603577905554069,283,0,1.6746157879066974,1.118669726940764,0.8,0.7954982663404382,0.7385841789356252
top4,80c769972248223e282e,A,90,7d,4h,0.2,capped_rank,2192,1.6959430994085731,0.17955887590353337,1.127131219863217,1.620595451963261,0.6229185141859442,-0.2882541966796225,26.452329790020094,0.01851663085301407,-0.08603577905554069,283,0,1.6746157879066974,1.118669726940764,0.8,0.7954982663404382,0.7385841789356252
top4,88f6172879bbeb67712f,A,90,7d,1d,0.2,capped_rank,2192,1.6959430994085731,0.17955887590353337,1.127131219863217,1.620595451963261,0.6229185141859442,-0.2882541966796225,26.452329790020094,0.01851663085301407,-0.08603577905554069,283,0,1.6746157879066974,1.118669726940764,0.8,0.7954982663404382,0.7385841789356252
top2,1bbaaea326a68b06ffc0,A,7,6h,5m,0.2,inverse_vol,2192,0.6723137106275068,0.08939572215906155,1.1404269180235393,1.8456766680225545,0.8578398673216058,-0.10421026763209051,98.86295231500758,0.0692040666205053,-0.014308366456971325,2011,0,0.6234423884331499,1.0766862220762734,0.8,0.7945036664591398,0.62660637306265
top2,6886291b90e152c618c3,A,7,1d,5m,0.2,inverse_vol,2192,0.6723137106275068,0.08939572215906155,1.1404269180235393,1.8456766680225545,0.8578398673216058,-0.10421026763209051,98.86295231500758,0.0692040666205053,-0.014308366456971325,2011,0,0.6234423884331499,1.0766862220762734,0.8,0.7945036664591398,0.62660637306265
top2,255e2f72bff6dba42f61,A,7,12h,15m,0.2,inverse_vol,2192,0.6723137106275068,0.08939572215906155,1.1404269180235393,1.8456766680225545,0.8578398673216058,-0.10421026763209051,98.86295231500758,0.0692040666205053,-0.014308366456971325,2011,0,0.6234423884331499,1.0766862220762734,0.8,0.7945036664591398,0.62660637306265
top2,1c3fc39498c4ffac3b6b,A,7,1d,15m,0.2,inverse_vol,2192,0.6723137106275068,0.08939572215906155,1.1404269180235393,1.8456766680225545,0.8578398673216058,-0.10421026763209051,98.86295231500758,0.0692040666205053,-0.014308366456971325,2011,0,0.6234423884331499,1.0766862220762734,0.8,0.7945036664591398,0.62660637306265
top2,e226d2dd7bc40f8650fe,A,7,1d,30m,0.2,inverse_vol,2192,0.6723137106275068,0.08939572215906155,1.1404269180235393,1.8456766680225545,0.8578398673216058,-0.10421026763209051,98.86295231500758,0.0692040666205053,-0.014308366456971325,2011,0,0.6234423884331499,1.0766862220762734,0.8,0.7945036664591398,0.62660637306265
top2,1e978722a016b55be806,A,7,1d,1h,0.2,inverse_vol,2192,0.6723137106275068,0.08939572215906155,1.1404269180235393,1.8456766680225545,0.8578398673216058,-0.10421026763209051,98.86295231500758,0.0692040666205053,-0.014308366456971325,2011,0,0.6234423884331499,1.0766862220762734,0.8,0.7945036664591398,0.62660637306265
top2,1ac2260a664b4af92206,A,7,1d,2h,0.2,inverse_vol,2192,0.6723137106275068,0.08939572215906155,1.1404269180235393,1.8456766680225545,0.8578398673216058,-0.10421026763209051,98.86295231500758,0.0692040666205053,-0.014308366456971325,2011,0,0.6234423884331499,1.0766862220762734,0.8,0.7945036664591398,0.62660637306265
top2,7de63d759582fbb53493,A,7,1d,4h,0.2,inverse_vol,2192,0.6723137106275068,0.08939572215906155,1.1404269180235393,1.8456766680225545,0.8578398673216058,-0.10421026763209051,98.86295231500758,0.0692040666205053,-0.014308366456971325,2011,0,0.6234423884331499,1.0766862220762734,0.8,0.7945036664591398,0.62660637306265
top2,480266635184fd2b9e27,A,7,6h,5m,0.15,inverse_vol,2192,0.47556528388043007,0.06692537684337507,1.1404269180235393,1.8456766680225545,0.8489203736322881,-0.07883587073899578,74.14721423625568,0.05190304996537898,-0.010731274842728495,2011,0,0.4431047275699185,1.0766862220762738,0.8,0.7945036664591398,0.6280443517747429
top2,d508f0fce9593470a759,A,7,1d,5m,0.15,inverse_vol,2192,0.47556528388043007,0.06692537684337507,1.1404269180235393,1.8456766680225545,0.8489203736322881,-0.07883587073899578,74.14721423625568,0.05190304996537898,-0.010731274842728495,2011,0,0.4431047275699185,1.0766862220762738,0.8,0.7945036664591398,0.6280443517747429
top2,8d43bf63708f3dbe216b,A,7,12h,15m,0.15,inverse_vol,2192,0.47556528388043007,0.06692537684337507,1.1404269180235393,1.8456766680225545,0.8489203736322881,-0.07883587073899578,74.14721423625568,0.05190304996537898,-0.010731274842728495,2011,0,0.4431047275699185,1.0766862220762738,0.8,0.7945036664591398,0.6280443517747429
top2,857884737ef1887f905d,A,7,1d,15m,0.15,inverse_vol,2192,0.47556528388043007,0.06692537684337507,1.1404269180235393,1.8456766680225545,0.8489203736322881,-0.07883587073899578,74.14721423625568,0.05190304996537898,-0.010731274842728495,2011,0,0.4431047275699185,1.0766862220762738,0.8,0.7945036664591398,0.6280443517747429
top2,9f2f09f70fda2ad80ab5,A,7,1d,30m,0.15,inverse_vol,2192,0.47556528388043007,0.06692537684337507,1.1404269180235393,1.8456766680225545,0.8489203736322881,-0.07883587073899578,74.14721423625568,0.05190304996537898,-0.010731274842728495,2011,0,0.4431047275699185,1.0766862220762738,0.8,0.7945036664591398,0.6280443517747429
top2,524fd1f75b67e36bb737,A,7,1d,1h,0.15,inverse_vol,2192,0.47556528388043007,0.06692537684337507,1.1404269180235393,1.8456766680225545,0.8489203736322881,-0.07883587073899578,74.14721423625568,0.05190304996537898,-0.010731274842728495,2011,0,0.4431047275699185,1.0766862220762738,0.8,0.7945036664591398,0.6280443517747429
top2,e0bb298585c36a5a8831,A,7,1d,2h,0.15,inverse_vol,2192,0.47556528388043007,0.06692537684337507,1.1404269180235393,1.8456766680225545,0.8489203736322881,-0.07883587073899578,74.14721423625568,0.05190304996537898,-0.010731274842728495,2011,0,0.4431047275699185,1.0766862220762738,0.8,0.7945036664591398,0.6280443517747429
top2,cf6888b25d1a6860a076,A,7,1d,4h,0.15,inverse_vol,2192,0.47556528388043007,0.06692537684337507,1.1404269180235393,1.8456766680225545,0.8489203736322881,-0.07883587073899578,74.14721423625568,0.05190304996537898,-0.010731274842728495,2011,0,0.4431047275699185,1.0766862220762738,0.8,0.7945036664591398,0.6280443517747429
top2,5e1d141e8f69053cee3f,A,7,6h,5m,0.1,inverse_vol,2192,0.2990363330994559,0.044526841977980514,1.1404269180235393,1.8456766680225545,0.8400004317473206,-0.05300811796650906,49.43147615750379,0.03460203331025265,-0.007154183228485662,2011,0,0.27991445193323106,1.0766862220762734,0.8,0.7945036664591398,0.6292524048953914
top2,b273c8e8be8eee10cabb,A,7,1d,5m,0.1,inverse_vol,2192,0.2990363330994559,0.044526841977980514,1.1404269180235393,1.8456766680225545,0.8400004317473206,-0.05300811796650906,49.43147615750379,0.03460203331025265,-0.007154183228485662,2011,0,0.27991445193323106,1.0766862220762734,0.8,0.7945036664591398,0.6292524048953914
top2,c75c47932a143770fe63,A,7,12h,15m,0.1,inverse_vol,2192,0.2990363330994559,0.044526841977980514,1.1404269180235393,1.8456766680225545,0.8400004317473206,-0.05300811796650906,49.43147615750379,0.03460203331025265,-0.007154183228485662,2011,0,0.27991445193323106,1.0766862220762734,0.8,0.7945036664591398,0.6292524048953914
top2,60ab691208a1b44a40f3,A,7,1d,15m,0.1,inverse_vol,2192,0.2990363330994559,0.044526841977980514,1.1404269180235393,1.8456766680225545,0.8400004317473206,-0.05300811796650906,49.43147615750379,0.03460203331025265,-0.007154183228485662,2011,0,0.27991445193323106,1.0766862220762734,0.8,0.7945036664591398,0.6292524048953914
top2,7053465594b79d2e8bac,A,7,1d,30m,0.1,inverse_vol,2192,0.2990363330994559,0.044526841977980514,1.1404269180235393,1.8456766680225545,0.8400004317473206,-0.05300811796650906,49.43147615750379,0.03460203331025265,-0.007154183228485662,2011,0,0.27991445193323106,1.0766862220762734,0.8,0.7945036664591398,0.6292524048953914
top2,a03f894d8beadedd700b,A,7,1d,1h,0.1,inverse_vol,2192,0.2990363330994559,0.044526841977980514,1.1404269180235393,1.8456766680225545,0.8400004317473206,-0.05300811796650906,49.43147615750379,0.03460203331025265,-0.007154183228485662,2011,0,0.27991445193323106,1.0766862220762734,0.8,0.7945036664591398,0.6292524048953914
top2,7a222fdeeb2e92fbd4fd,A,7,1d,2h,0.1,inverse_vol,2192,0.2990363330994559,0.044526841977980514,1.1404269180235393,1.8456766680225545,0.8400004317473206,-0.05300811796650906,49.43147615750379,0.03460203331025265,-0.007154183228485662,2011,0,0.27991445193323106,1.0766862220762734,0.8,0.7945036664591398,0.6292524048953914
top2,b5d3335d1d97b44a8039,A,7,1d,4h,0.1,inverse_vol,2192,0.2990363330994559,0.044526841977980514,1.1404269180235393,1.8456766680225545,0.8400004317473206,-0.05300811796650906,49.43147615750379,0.03460203331025265,-0.007154183228485662,2011,0,0.27991445193323106,1.0766862220762734,0.8,0.7945036664591398,0.6292524048953914
top20pct,6e58140cf8393f9a0694,A,30,3d,30m,0.1,capped_rank,2192,0.8354124969371484,0.10640851271525609,1.3379553103816293,1.997148382991327,0.9871026379960351,-0.10779883329182582,35.023164023155616,0.02451621481620893,-0.009485837117823252,678,0,0.8162313067939813,1.3154304548126605,0.8,0.7929087523515634,0.6477974839561579
top20pct,a8478c1db62942eb3891,A,30,3d,1h,0.1,capped_rank,2192,0.8354124969371484,0.10640851271525609,1.3379553103816293,1.997148382991327,0.9871026379960351,-0.10779883329182582,35.023164023155616,0.02451621481620893,-0.009485837117823252,678,0,0.8162313067939813,1.3154304548126605,0.8,0.7929087523515634,0.6477974839561579
top20pct,8ca4b7004bb7f490a6e3,A,30,3d,2h,0.1,capped_rank,2192,0.8354124969371484,0.10640851271525609,1.3379553103816293,1.997148382991327,0.9871026379960351,-0.10779883329182582,35.023164023155616,0.02451621481620893,-0.009485837117823252,678,0,0.8162313067939813,1.3154304548126605,0.8,0.7929087523515634,0.6477974839561579
top20pct,25763dad52f351b7668b,A,30,3d,4h,0.1,capped_rank,2192,0.8354124969371484,0.10640851271525609,1.3379553103816293,1.997148382991327,0.9871026379960351,-0.10779883329182582,35.023164023155616,0.02451621481620893,-0.009485837117823252,678,0,0.8162313067939813,1.3154304548126605,0.8,0.7929087523515634,0.6477974839561579
top20pct,fd467592bacc1e4f2d15,A,30,3d,1d,0.1,capped_rank,2192,0.8354124969371484,0.10640851271525609,1.3379553103816293,1.997148382991327,0.9871026379960351,-0.10779883329182582,35.023164023155616,0.02451621481620893,-0.009485837117823252,678,0,0.8162313067939813,1.3154304548126605,0.8,0.7929087523515634,0.6477974839561579
top20pct,4ad850da8668a1a77dbf,A,30,3d,30m,0.15,capped_rank,2192,1.4509390250053422,0.16099285254680873,1.3411045259791068,2.008462264145519,0.9995669476578766,-0.1610626010834364,51.98467614723745,0.03638927330306622,-0.014142632770786426,674,0,1.4130177274375821,1.3187305910840506,0.8,0.792908752351563,0.6530573883827686
top20pct,fc4a303476551c2a2b78,A,30,3d,1h,0.15,capped_rank,2192,1.4509390250053422,0.16099285254680873,1.3411045259791068,2.008462264145519,0.9995669476578766,-0.1610626010834364,51.98467614723745,0.03638927330306622,-0.014142632770786426,674,0,1.4130177274375821,1.3187305910840506,0.8,0.792908752351563,0.6530573883827686
top20pct,e25ac881d0a80414f84b,A,30,3d,2h,0.15,capped_rank,2192,1.4509390250053422,0.16099285254680873,1.3411045259791068,2.008462264145519,0.9995669476578766,-0.1610626010834364,51.98467614723745,0.03638927330306622,-0.014142632770786426,674,0,1.4130177274375821,1.3187305910840506,0.8,0.792908752351563,0.6530573883827686
top20pct,ee07fd941cf5d0e4d99e,A,30,3d,4h,0.15,capped_rank,2192,1.4509390250053422,0.16099285254680873,1.3411045259791068,2.008462264145519,0.9995669476578766,-0.1610626010834364,51.98467614723745,0.03638927330306622,-0.014142632770786426,674,0,1.4130177274375821,1.3187305910840506,0.8,0.792908752351563,0.6530573883827686
top20pct,888b8dadead70302cb8f,A,30,3d,1d,0.15,capped_rank,2192,1.4509390250053422,0.16099285254680873,1.3411045259791068,2.008462264145519,0.9995669476578766,-0.1610626010834364,51.98467614723745,0.03638927330306622,-0.014142632770786426,674,0,1.4130177274375821,1.3187305910840506,0.8,0.792908752351563,0.6530573883827686
top4,452b802b3818829f547c,A,90,6h,5m,0.15,equal,2192,0.6131440594937101,0.08288069576306789,1.016008933433433,1.4003119915050848,0.39828364957937357,-0.20809464774815134,34.66762930229197,0.024267340511604382,-0.04677489212729942,1935,0,0.5964528193312828,0.994733936434864,0.8,0.7927842047061742,0.85773187240653
top4,2a6d162bc135fc474edc,A,90,1d,5m,0.15,equal,2192,0.6131440594937101,0.08288069576306789,1.016008933433433,1.4003119915050848,0.39828364957937357,-0.20809464774815134,34.66762930229197,0.024267340511604382,-0.04677489212729942,1935,0,0.5964528193312828,0.994733936434864,0.8,0.7927842047061742,0.85773187240653
top4,26009621bcf7da318541,A,90,12h,15m,0.15,equal,2192,0.6131440594937101,0.08288069576306789,1.016008933433433,1.4003119915050848,0.39828364957937357,-0.20809464774815134,34.66762930229197,0.024267340511604382,-0.04677489212729942,1935,0,0.5964528193312828,0.994733936434864,0.8,0.7927842047061742,0.85773187240653
top4,38601681e9d64c43d12d,A,90,1d,15m,0.15,equal,2192,0.6131440594937101,0.08288069576306789,1.016008933433433,1.4003119915050848,0.39828364957937357,-0.20809464774815134,34.66762930229197,0.024267340511604382,-0.04677489212729942,1935,0,0.5964528193312828,0.994733936434864,0.8,0.7927842047061742,0.85773187240653
top4,49d0ae87ff46c30841e9,A,90,1d,30m,0.15,equal,2192,0.6131440594937101,0.08288069576306789,1.016008933433433,1.4003119915050848,0.39828364957937357,-0.20809464774815134,34.66762930229197,0.024267340511604382,-0.04677489212729942,1935,0,0.5964528193312828,0.994733936434864,0.8,0.7927842047061742,0.85773187240653
top4,3de7e71130de185fd140,A,90,1d,1h,0.15,equal,2192,0.6131440594937101,0.08288069576306789,1.016008933433433,1.4003119915050848,0.39828364957937357,-0.20809464774815134,34.66762930229197,0.024267340511604382,-0.04677489212729942,1935,0,0.5964528193312828,0.994733936434864,0.8,0.7927842047061742,0.85773187240653
top4,49bfb4a152991c78dfa8,A,90,1d,2h,0.15,equal,2192,0.6131440594937101,0.08288069576306789,1.016008933433433,1.4003119915050848,0.39828364957937357,-0.20809464774815134,34.66762930229197,0.024267340511604382,-0.04677489212729942,1935,0,0.5964528193312828,0.994733936434864,0.8,0.7927842047061742,0.85773187240653
top4,14aa25cfbc937e79c601,A,90,1d,4h,0.15,equal,2192,0.6131440594937101,0.08288069576306789,1.016008933433433,1.4003119915050848,0.39828364957937357,-0.20809464774815134,34.66762930229197,0.024267340511604382,-0.04677489212729942,1935,0,0.5964528193312828,0.994733936434864,0.8,0.7927842047061742,0.85773187240653
top4,a801d4e97feaacf6d7bd,A,90,6h,5m,0.2,equal,2192,0.8751211291493697,0.11035887671584566,1.016008933433433,1.4003119915050846,0.40997306201129396,-0.2691856781380565,46.223505736389306,0.03235645401547252,-0.062366522836399235,1935,0,0.8492957832741186,0.9947339364348639,0.8,0.792784204706174,0.8573530171867682
top4,ea0c958c2b1e706c05a9,A,90,1d,5m,0.2,equal,2192,0.8751211291493697,0.11035887671584566,1.016008933433433,1.4003119915050846,0.40997306201129396,-0.2691856781380565,46.223505736389306,0.03235645401547252,-0.062366522836399235,1935,0,0.8492957832741186,0.9947339364348639,0.8,0.792784204706174,0.8573530171867682
top4,82d4dd574f0e5b97885c,A,90,12h,15m,0.2,equal,2192,0.8751211291493697,0.11035887671584566,1.016008933433433,1.4003119915050846,0.40997306201129396,-0.2691856781380565,46.223505736389306,0.03235645401547252,-0.062366522836399235,1935,0,0.8492957832741186,0.9947339364348639,0.8,0.792784204706174,0.8573530171867682
top4,a9bc69170bdefa9e984d,A,90,1d,15m,0.2,equal,2192,0.8751211291493697,0.11035887671584566,1.016008933433433,1.4003119915050846,0.40997306201129396,-0.2691856781380565,46.223505736389306,0.03235645401547252,-0.062366522836399235,1935,0,0.8492957832741186,0.9947339364348639,0.8,0.792784204706174,0.8573530171867682
top4,17a93d2bc28c2e81e6f2,A,90,1d,30m,0.2,equal,2192,0.8751211291493697,0.11035887671584566,1.016008933433433,1.4003119915050846,0.40997306201129396,-0.2691856781380565,46.223505736389306,0.03235645401547252,-0.062366522836399235,1935,0,0.8492957832741186,0.9947339364348639,0.8,0.792784204706174,0.8573530171867682
top4,a98559561222af9f8d9b,A,90,1d,1h,0.2,equal,2192,0.8751211291493697,0.11035887671584566,1.016008933433433,1.4003119915050846,0.40997306201129396,-0.2691856781380565,46.223505736389306,0.03235645401547252,-0.062366522836399235,1935,0,0.8492957832741186,0.9947339364348639,0.8,0.792784204706174,0.8573530171867682
top4,bad7de9bf66ac49a8dde,A,90,1d,2h,0.2,equal,2192,0.8751211291493697,0.11035887671584566,1.016008933433433,1.4003119915050846,0.40997306201129396,-0.2691856781380565,46.223505736389306,0.03235645401547252,-0.062366522836399235,1935,0,0.8492957832741186,0.9947339364348639,0.8,0.792784204706174,0.8573530171867682
top4,e37c7cb10aaaa23d2c80,A,90,1d,4h,0.2,equal,2192,0.8751211291493697,0.11035887671584566,1.016008933433433,1.4003119915050846,0.40997306201129396,-0.2691856781380565,46.223505736389306,0.03235645401547252,-0.062366522836399235,1935,0,0.8492957832741186,0.9947339364348639,0.8,0.792784204706174,0.8573530171867682
top4,ad1ab10d3de549abdb39,A,90,6h,5m,0.1,equal,2192,0.3816047602293917,0.05530004237379771,1.016008933433433,1.4003119915050846,0.38678012420851154,-0.1429753984565807,23.111752868194653,0.01617822700773626,-0.031183261418199618,1935,0,0.3720581684316602,0.9947339364348639,0.8,0.792784204706174,0.8576063637582751
top4,57fb3399f81923849cb1,A,90,1d,5m,0.1,equal,2192,0.3816047602293917,0.05530004237379771,1.016008933433433,1.4003119915050846,0.38678012420851154,-0.1429753984565807,23.111752868194653,0.01617822700773626,-0.031183261418199618,1935,0,0.3720581684316602,0.9947339364348639,0.8,0.792784204706174,0.8576063637582751
top4,9deab3533e41f56ae337,A,90,12h,15m,0.1,equal,2192,0.3816047602293917,0.05530004237379771,1.016008933433433,1.4003119915050846,0.38678012420851154,-0.1429753984565807,23.111752868194653,0.01617822700773626,-0.031183261418199618,1935,0,0.3720581684316602,0.9947339364348639,0.8,0.792784204706174,0.8576063637582751
top4,a8a0e2a31c738f721398,A,90,1d,15m,0.1,equal,2192,0.3816047602293917,0.05530004237379771,1.016008933433433,1.4003119915050846,0.38678012420851154,-0.1429753984565807,23.111752868194653,0.01617822700773626,-0.031183261418199618,1935,0,0.3720581684316602,0.9947339364348639,0.8,0.792784204706174,0.8576063637582751
top4,91d843bcc430b1e939c9,A,90,1d,30m,0.1,equal,2192,0.3816047602293917,0.05530004237379771,1.016008933433433,1.4003119915050846,0.38678012420851154,-0.1429753984565807,23.111752868194653,0.01617822700773626,-0.031183261418199618,1935,0,0.3720581684316602,0.9947339364348639,0.8,0.792784204706174,0.8576063637582751
top4,2eb55255e05a086f9dbd,A,90,1d,1h,0.1,equal,2192,0.3816047602293917,0.05530004237379771,1.016008933433433,1.4003119915050846,0.38678012420851154,-0.1429753984565807,23.111752868194653,0.01617822700773626,-0.031183261418199618,1935,0,0.3720581684316602,0.9947339364348639,0.8,0.792784204706174,0.8576063637582751
top4,7c46c3f9861c2899519c,A,90,1d,2h,0.1,equal,2192,0.3816047602293917,0.05530004237379771,1.016008933433433,1.4003119915050846,0.38678012420851154,-0.1429753984565807,23.111752868194653,0.01617822700773626,-0.031183261418199618,1935,0,0.3720581684316602,0.9947339364348639,0.8,0.792784204706174,0.8576063637582751
top4,3395866b81c7217e6a39,A,90,1d,4h,0.1,equal,2192,0.3816047602293917,0.05530004237379771,1.016008933433433,1.4003119915050846,0.38678012420851154,-0.1429753984565807,23.111752868194653,0.01617822700773626,-0.031183261418199618,1935,0,0.3720581684316602,0.9947339364348639,0.8,0.792784204706174,0.8576063637582751
top4,68002667c1e4f10a8032,A,30,3d,30m,0.2,inverse_vol,2192,1.1858118697035294,0.13907018843240238,1.2774188148183852,1.95664321788042,0.6887054160874324,-0.201929860262268,44.55355369982515,0.031187487589877605,-0.04666935997330134,678,0,1.1568047413610394,1.2565352326791595,0.8,0.7857915881975848,0.7653812256419431
top4,cac17e7bb1564772ffd6,A,30,3d,1h,0.2,inverse_vol,2192,1.1858118697035294,0.13907018843240238,1.2774188148183852,1.95664321788042,0.6887054160874324,-0.201929860262268,44.55355369982515,0.031187487589877605,-0.04666935997330134,678,0,1.1568047413610394,1.2565352326791595,0.8,0.7857915881975848,0.7653812256419431
top4,4f908798da0769d6f6de,A,30,3d,2h,0.2,inverse_vol,2192,1.1858118697035294,0.13907018843240238,1.2774188148183852,1.95664321788042,0.6887054160874324,-0.201929860262268,44.55355369982515,0.031187487589877605,-0.04666935997330134,678,0,1.1568047413610394,1.2565352326791595,0.8,0.7857915881975848,0.7653812256419431
top4,b801e615232c7e6dc75a,A,30,3d,4h,0.2,inverse_vol,2192,1.1858118697035294,0.13907018843240238,1.2774188148183852,1.95664321788042,0.6887054160874324,-0.201929860262268,44.55355369982515,0.031187487589877605,-0.04666935997330134,678,0,1.1568047413610394,1.2565352326791595,0.8,0.7857915881975848,0.7653812256419431
top4,34accbad6fb82114b286,A,30,3d,1d,0.2,inverse_vol,2192,1.1858118697035294,0.13907018843240238,1.2774188148183852,1.95664321788042,0.6887054160874324,-0.201929860262268,44.55355369982515,0.031187487589877605,-0.04666935997330134,678,0,1.1568047413610394,1.2565352326791595,0.8,0.7857915881975848,0.7653812256419431
top4,26d93f4794bddd4b318b,A,30,3d,30m,0.15,inverse_vol,2192,0.8091548151169867,0.10375699322980703,1.277418814818385,1.9566432178804198,0.6724458012295907,-0.15429792711930645,33.41516527486886,0.0233906156924082,-0.03500201997997599,678,0,0.7911162117886184,1.2565352326791597,0.8,0.7857915881975848,0.7630878356486765
top4,b157dc97481111393444,A,30,3d,1h,0.15,inverse_vol,2192,0.8091548151169867,0.10375699322980703,1.277418814818385,1.9566432178804198,0.6724458012295907,-0.15429792711930645,33.41516527486886,0.0233906156924082,-0.03500201997997599,678,0,0.7911162117886184,1.2565352326791597,0.8,0.7857915881975848,0.7630878356486765
top4,6e487fe2f2ab3bab0e93,A,30,3d,2h,0.15,inverse_vol,2192,0.8091548151169867,0.10375699322980703,1.277418814818385,1.9566432178804198,0.6724458012295907,-0.15429792711930645,33.41516527486886,0.0233906156924082,-0.03500201997997599,678,0,0.7911162117886184,1.2565352326791597,0.8,0.7857915881975848,0.7630878356486765
top4,8c990a09740526c1a84d,A,30,3d,4h,0.15,inverse_vol,2192,0.8091548151169867,0.10375699322980703,1.277418814818385,1.9566432178804198,0.6724458012295907,-0.15429792711930645,33.41516527486886,0.0233906156924082,-0.03500201997997599,678,0,0.7911162117886184,1.2565352326791597,0.8,0.7857915881975848,0.7630878356486765
top4,2f9a502599c2802e4c3e,A,30,3d,1d,0.15,inverse_vol,2192,0.8091548151169867,0.10375699322980703,1.277418814818385,1.9566432178804198,0.6724458012295907,-0.15429792711930645,33.41516527486886,0.0233906156924082,-0.03500201997997599,678,0,0.7911162117886184,1.2565352326791597,0.8,0.7857915881975848,0.7630878356486765
top4,7f2586b6c52370f175cf,A,30,3d,30m,0.1,inverse_vol,2192,0.49106625016801275,0.06878358083899183,1.2774188148183852,1.95664321788042,0.6565404400109791,-0.1047667084115056,22.276776849912576,0.015593743794938802,-0.02333467998665067,678,0,0.4811371603814867,1.2565352326791595,0.8,0.7857915881975848,0.7603757641601736
top4,a4cc248b814de487c1ff,A,30,3d,1h,0.1,inverse_vol,2192,0.49106625016801275,0.06878358083899183,1.2774188148183852,1.95664321788042,0.6565404400109791,-0.1047667084115056,22.276776849912576,0.015593743794938802,-0.02333467998665067,678,0,0.4811371603814867,1.2565352326791595,0.8,0.7857915881975848,0.7603757641601736
top4,5b235c98dabb53d86214,A,30,3d,2h,0.1,inverse_vol,2192,0.49106625016801275,0.06878358083899183,1.2774188148183852,1.95664321788042,0.6565404400109791,-0.1047667084115056,22.276776849912576,0.015593743794938802,-0.02333467998665067,678,0,0.4811371603814867,1.2565352326791595,0.8,0.7857915881975848,0.7603757641601736
top4,1951d2e2ee33296ec302,A,30,3d,4h,0.1,inverse_vol,2192,0.49106625016801275,0.06878358083899183,1.2774188148183852,1.95664321788042,0.6565404400109791,-0.1047667084115056,22.276776849912576,0.015593743794938802,-0.02333467998665067,678,0,0.4811371603814867,1.2565352326791595,0.8,0.7857915881975848,0.7603757641601736
top4,5a4985dfdfb7d94b4712,A,30,3d,1d,0.1,inverse_vol,2192,0.49106625016801275,0.06878358083899183,1.2774188148183852,1.95664321788042,0.6565404400109791,-0.1047667084115056,22.276776849912576,0.015593743794938802,-0.02333467998665067,678,0,0.4811371603814867,1.2565352326791595,0.8,0.7857915881975848,0.7603757641601736
top20pct,05271804e5c4d642fa63,A,7,3d,30m,0.15,equal,2192,0.6571270142224628,0.08774211177142299,1.151621528506764,1.7038125231899632,0.9268689318077281,-0.09466506941849295,56.68386384575291,0.03967870469202704,-0.03044072584617655,689,0,0.6291904346630472,1.1141015979106632,0.8,0.7788775068048188,0.7237760661847205
top20pct,2d090d936728175f7ca5,A,7,3d,1h,0.15,equal,2192,0.6571270142224628,0.08774211177142299,1.151621528506764,1.7038125231899632,0.9268689318077281,-0.09466506941849295,56.68386384575291,0.03967870469202704,-0.03044072584617655,689,0,0.6291904346630472,1.1141015979106632,0.8,0.7788775068048188,0.7237760661847205
top20pct,5087cb851cfe2ed9f437,A,7,3d,2h,0.15,equal,2192,0.6571270142224628,0.08774211177142299,1.151621528506764,1.7038125231899632,0.9268689318077281,-0.09466506941849295,56.68386384575291,0.03967870469202704,-0.03044072584617655,689,0,0.6291904346630472,1.1141015979106632,0.8,0.7788775068048188,0.7237760661847205
top20pct,af6e0c9160e4840b36a6,A,7,3d,4h,0.15,equal,2192,0.6571270142224628,0.08774211177142299,1.151621528506764,1.7038125231899632,0.9268689318077281,-0.09466506941849295,56.68386384575291,0.03967870469202704,-0.03044072584617655,689,0,0.6291904346630472,1.1141015979106632,0.8,0.7788775068048188,0.7237760661847205
top20pct,c124d2ff83b510367771,A,7,3d,1d,0.15,equal,2192,0.6571270142224628,0.08774211177142299,1.151621528506764,1.7038125231899632,0.9268689318077281,-0.09466506941849295,56.68386384575291,0.03967870469202704,-0.03044072584617655,689,0,0.6291904346630472,1.1141015979106632,0.8,0.7788775068048188,0.7237760661847205
top20pct,78e4e30c4b8b2faf756f,A,7,3d,30m,0.2,equal,2192,0.9461428900339619,0.11725372953718849,1.1516215285067637,1.7038125231899635,0.9415213255496211,-0.12453645642995992,75.57848512767055,0.05290493958936939,-0.04058763446156873,689,0,0.902523134850258,1.1141015979106634,0.8,0.7788775068048186,0.725856559706758
top20pct,a1c3d74ba1c813555e4b,A,7,3d,1h,0.2,equal,2192,0.9461428900339619,0.11725372953718849,1.1516215285067637,1.7038125231899635,0.9415213255496211,-0.12453645642995992,75.57848512767055,0.05290493958936939,-0.04058763446156873,689,0,0.902523134850258,1.1141015979106634,0.8,0.7788775068048186,0.725856559706758
top20pct,f81147e7f3ef2119d46d,A,7,3d,2h,0.2,equal,2192,0.9461428900339619,0.11725372953718849,1.1516215285067637,1.7038125231899635,0.9415213255496211,-0.12453645642995992,75.57848512767055,0.05290493958936939,-0.04058763446156873,689,0,0.902523134850258,1.1141015979106634,0.8,0.7788775068048186,0.725856559706758
top20pct,a8c9f8344d8e769f5fda,A,7,3d,4h,0.2,equal,2192,0.9461428900339619,0.11725372953718849,1.1516215285067637,1.7038125231899635,0.9415213255496211,-0.12453645642995992,75.57848512767055,0.05290493958936939,-0.04058763446156873,689,0,0.902523134850258,1.1141015979106634,0.8,0.7788775068048186,0.725856559706758
top20pct,18213cfbd3887a5e4406,A,7,3d,1d,0.2,equal,2192,0.9461428900339619,0.11725372953718849,1.1516215285067637,1.7038125231899635,0.9415213255496211,-0.12453645642995992,75.57848512767055,0.05290493958936939,-0.04058763446156873,689,0,0.902523134850258,1.1141015979106634,0.8,0.7788775068048186,0.725856559706758
top20pct,49cd9c177c52e73d88ad,A,7,3d,30m,0.1,equal,2192,0.4056894199044243,0.05834129028135249,1.1516215285067637,1.7038125231899635,0.9121107985444596,-0.06396294219348475,37.78924256383527,0.026452469794684696,-0.020293817230784366,689,0,0.38984535607345294,1.1141015979106634,0.8,0.7788775068048186,0.7212328010138334
top20pct,502ac388e975ac647d80,A,7,3d,1h,0.1,equal,2192,0.4056894199044243,0.05834129028135249,1.1516215285067637,1.7038125231899635,0.9121107985444596,-0.06396294219348475,37.78924256383527,0.026452469794684696,-0.020293817230784366,689,0,0.38984535607345294,1.1141015979106634,0.8,0.7788775068048186,0.7212328010138334
top20pct,54802b0644599c5ac912,A,7,3d,2h,0.1,equal,2192,0.4056894199044243,0.05834129028135249,1.1516215285067637,1.7038125231899635,0.9121107985444596,-0.06396294219348475,37.78924256383527,0.026452469794684696,-0.020293817230784366,689,0,0.38984535607345294,1.1141015979106634,0.8,0.7788775068048186,0.7212328010138334
top20pct,6c71e745fc1d6f503e1b,A,7,3d,4h,0.1,equal,2192,0.4056894199044243,0.05834129028135249,1.1516215285067637,1.7038125231899635,0.9121107985444596,-0.06396294219348475,37.78924256383527,0.026452469794684696,-0.020293817230784366,689,0,0.38984535607345294,1.1141015979106634,0.8,0.7788775068048186,0.7212328010138334
top20pct,7fbb200190321e9ff3f4,A,7,3d,1d,0.1,equal,2192,0.4056894199044243,0.05834129028135249,1.1516215285067637,1.7038125231899635,0.9121107985444596,-0.06396294219348475,37.78924256383527,0.026452469794684696,-0.020293817230784366,689,0,0.38984535607345294,1.1141015979106634,0.8,0.7788775068048186,0.7212328010138334
top2,76688d552f5f49a77086,A,7,7d,1h,0.2,capped_rank,2192,0.9281875004156974,0.11553066990852767,0.7347101496053386,1.0905990269319037,0.37320912146524865,-0.3095601454084109,83.00208473263356,0.05810145931284348,-0.05880350811877916,302,0,0.8807218822399872,0.7099010471332308,0.8,0.7775102581065402,0.7745809523762812
top2,2b3fae9bee6e93aa1db1,A,7,7d,2h,0.2,capped_rank,2192,0.9281875004156974,0.11553066990852767,0.7347101496053386,1.0905990269319037,0.37320912146524865,-0.3095601454084109,83.00208473263356,0.05810145931284348,-0.05880350811877916,302,0,0.8807218822399872,0.7099010471332308,0.8,0.7775102581065402,0.7745809523762812
top2,4d611c477d038e8cdc97,A,7,7d,4h,0.2,capped_rank,2192,0.9281875004156974,0.11553066990852767,0.7347101496053386,1.0905990269319037,0.37320912146524865,-0.3095601454084109,83.00208473263356,0.05810145931284348,-0.05880350811877916,302,0,0.8807218822399872,0.7099010471332308,0.8,0.7775102581065402,0.7745809523762812
top2,eb6ff7750afba7e93d89,A,7,7d,1d,0.2,capped_rank,2192,0.9281875004156974,0.11553066990852767,0.7347101496053386,1.0905990269319037,0.37320912146524865,-0.3095601454084109,83.00208473263356,0.05810145931284348,-0.05880350811877916,302,0,0.8807218822399872,0.7099010471332308,0.8,0.7775102581065402,0.7745809523762812
top20pct,db90d41504b76f5d7d31,A,7,3d,30m,0.2,inverse_vol,2192,0.9444947925092415,0.11709612611831255,1.124967729381432,1.6458867240142254,0.9116201660569173,-0.12844837189681213,78.80362890267659,0.05516254023187362,-0.04170877196503428,689,0,0.8990749374338409,1.0867981439504626,0.8,0.7658621805876408,0.6428846378824383
top20pct,5ac4c2f56daf206794a8,A,7,3d,1h,0.2,inverse_vol,2192,0.9444947925092415,0.11709612611831255,1.124967729381432,1.6458867240142254,0.9116201660569173,-0.12844837189681213,78.80362890267659,0.05516254023187362,-0.04170877196503428,689,0,0.8990749374338409,1.0867981439504626,0.8,0.7658621805876408,0.6428846378824383
top20pct,103add70f2440bf3e715,A,7,3d,2h,0.2,inverse_vol,2192,0.9444947925092415,0.11709612611831255,1.124967729381432,1.6458867240142254,0.9116201660569173,-0.12844837189681213,78.80362890267659,0.05516254023187362,-0.04170877196503428,689,0,0.8990749374338409,1.0867981439504626,0.8,0.7658621805876408,0.6428846378824383
top20pct,41f308ed0b6d0d627aed,A,7,3d,4h,0.2,inverse_vol,2192,0.9444947925092415,0.11709612611831255,1.124967729381432,1.6458867240142254,0.9116201660569173,-0.12844837189681213,78.80362890267659,0.05516254023187362,-0.04170877196503428,689,0,0.8990749374338409,1.0867981439504626,0.8,0.7658621805876408,0.6428846378824383
top20pct,8ba927a1ff097dd246cf,A,7,3d,1d,0.2,inverse_vol,2192,0.9444947925092415,0.11709612611831255,1.124967729381432,1.6458867240142254,0.9116201660569173,-0.12844837189681213,78.80362890267659,0.05516254023187362,-0.04170877196503428,689,0,0.8990749374338409,1.0867981439504626,0.8,0.7658621805876408,0.6428846378824383
top20pct,12f66aa2acdd0ef667aa,A,7,3d,30m,0.1,inverse_vol,2192,0.405630357363737,0.05833388556531638,1.124967729381432,1.6458867240142254,0.8848916832279321,-0.06592206331121164,39.401814451338296,0.02758127011593681,-0.02085438598251714,689,0,0.389115024870744,1.0867981439504626,0.8,0.7658621805876408,0.6375475818789099
top20pct,fb5fe7bdb5d0c9771955,A,7,3d,1h,0.1,inverse_vol,2192,0.405630357363737,0.05833388556531638,1.124967729381432,1.6458867240142254,0.8848916832279321,-0.06592206331121164,39.401814451338296,0.02758127011593681,-0.02085438598251714,689,0,0.389115024870744,1.0867981439504626,0.8,0.7658621805876408,0.6375475818789099
top20pct,f33704b5f1aceeee7d4c,A,7,3d,2h,0.1,inverse_vol,2192,0.405630357363737,0.05833388556531638,1.124967729381432,1.6458867240142254,0.8848916832279321,-0.06592206331121164,39.401814451338296,0.02758127011593681,-0.02085438598251714,689,0,0.389115024870744,1.0867981439504626,0.8,0.7658621805876408,0.6375475818789099
top20pct,8fc460994a5444b911e6,A,7,3d,4h,0.1,inverse_vol,2192,0.405630357363737,0.05833388556531638,1.124967729381432,1.6458867240142254,0.8848916832279321,-0.06592206331121164,39.401814451338296,0.02758127011593681,-0.02085438598251714,689,0,0.389115024870744,1.0867981439504626,0.8,0.7658621805876408,0.6375475818789099
top20pct,7a375fe2ce4002c782d5,A,7,3d,1d,0.1,inverse_vol,2192,0.405630357363737,0.05833388556531638,1.124967729381432,1.6458867240142254,0.8848916832279321,-0.06592206331121164,39.401814451338296,0.02758127011593681,-0.02085438598251714,689,0,0.389115024870744,1.0867981439504626,0.8,0.7658621805876408,0.6375475818789099
top20pct,d3df910ec0350612788f,A,7,3d,30m,0.15,inverse_vol,2192,0.6565486811161181,0.08767889043274857,1.124967729381432,1.6458867240142254,0.8983161454786066,-0.09760360077468588,59.10272167700744,0.04137190517390521,-0.0312815789737757,689,0,0.6274410879864627,1.086798143950462,0.8,0.7658621805876403,0.6404402081898048
top20pct,151c36cdb1552954d352,A,7,3d,1h,0.15,inverse_vol,2192,0.6565486811161181,0.08767889043274857,1.124967729381432,1.6458867240142254,0.8983161454786066,-0.09760360077468588,59.10272167700744,0.04137190517390521,-0.0312815789737757,689,0,0.6274410879864627,1.086798143950462,0.8,0.7658621805876403,0.6404402081898048
top20pct,adc24ecbbb6af616909b,A,7,3d,2h,0.15,inverse_vol,2192,0.6565486811161181,0.08767889043274857,1.124967729381432,1.6458867240142254,0.8983161454786066,-0.09760360077468588,59.10272167700744,0.04137190517390521,-0.0312815789737757,689,0,0.6274410879864627,1.086798143950462,0.8,0.7658621805876403,0.6404402081898048
top20pct,4b907a765ababad71162,A,7,3d,4h,0.15,inverse_vol,2192,0.6565486811161181,0.08767889043274857,1.124967729381432,1.6458867240142254,0.8983161454786066,-0.09760360077468588,59.10272167700744,0.04137190517390521,-0.0312815789737757,689,0,0.6274410879864627,1.086798143950462,0.8,0.7658621805876403,0.6404402081898048
top20pct,f8eb151c2b4bced6ab32,A,7,3d,1d,0.15,inverse_vol,2192,0.6565486811161181,0.08767889043274857,1.124967729381432,1.6458867240142254,0.8983161454786066,-0.09760360077468588,59.10272167700744,0.04137190517390521,-0.0312815789737757,689,0,0.6274410879864627,1.086798143950462,0.8,0.7658621805876403,0.6404402081898048
top4,467be9f75c500e2772fb,A,7,7d,1h,0.2,equal,2192,0.4488117081363239,0.06367962348975231,0.6101831542323782,0.8166312852818649,0.2661438380912174,-0.23926769804802672,58.37450205964874,0.04086215144175412,-0.055314270694215226,307,0,0.4236407080912139,0.5838650933494562,0.8,0.7610279648640353,0.617442439312966
top4,bb8748515521afb00da9,A,7,7d,2h,0.2,equal,2192,0.4488117081363239,0.06367962348975231,0.6101831542323782,0.8166312852818649,0.2661438380912174,-0.23926769804802672,58.37450205964874,0.04086215144175412,-0.055314270694215226,307,0,0.4236407080912139,0.5838650933494562,0.8,0.7610279648640353,0.617442439312966
top4,8e9823637eb9993f537f,A,7,7d,4h,0.2,equal,2192,0.4488117081363239,0.06367962348975231,0.6101831542323782,0.8166312852818649,0.2661438380912174,-0.23926769804802672,58.37450205964874,0.04086215144175412,-0.055314270694215226,307,0,0.4236407080912139,0.5838650933494562,0.8,0.7610279648640353,0.617442439312966
top4,563cce219653baafbe84,A,7,7d,1d,0.2,equal,2192,0.4488117081363239,0.06367962348975231,0.6101831542323782,0.8166312852818649,0.2661438380912174,-0.23926769804802672,58.37450205964874,0.04086215144175412,-0.055314270694215226,307,0,0.4236407080912139,0.5838650933494562,0.8,0.7610279648640353,0.617442439312966
top4,d090815198bd957a0da2,A,7,7d,1h,0.15,equal,2192,0.3298214868893823,0.04860856161117755,0.6101831542323782,0.8166312852818646,0.2650728658863146,-0.1833781117076878,43.78087654473656,0.030646613581315586,-0.04148570302066141,307,0,0.3124593536729403,0.5838650933494562,0.8,0.7610279648640353,0.6146643588290508
top4,fff1016ba123fefeaa9f,A,7,7d,2h,0.15,equal,2192,0.3298214868893823,0.04860856161117755,0.6101831542323782,0.8166312852818646,0.2650728658863146,-0.1833781117076878,43.78087654473656,0.030646613581315586,-0.04148570302066141,307,0,0.3124593536729403,0.5838650933494562,0.8,0.7610279648640353,0.6146643588290508
top4,69f6aff4675892bbd4d5,A,7,7d,4h,0.15,equal,2192,0.3298214868893823,0.04860856161117755,0.6101831542323782,0.8166312852818646,0.2650728658863146,-0.1833781117076878,43.78087654473656,0.030646613581315586,-0.04148570302066141,307,0,0.3124593536729403,0.5838650933494562,0.8,0.7610279648640353,0.6146643588290508
top4,6bf6d3008173631d7d0a,A,7,7d,1d,0.15,equal,2192,0.3298214868893823,0.04860856161117755,0.6101831542323782,0.8166312852818646,0.2650728658863146,-0.1833781117076878,43.78087654473656,0.030646613581315586,-0.04148570302066141,307,0,0.3124593536729403,0.5838650933494562,0.8,0.7610279648640353,0.6146643588290508
top4,6e86067aae59dd97e7da,A,7,7d,1h,0.1,equal,2192,0.21493120997634652,0.03294950174143474,0.6101831542323782,0.8166312852818649,0.263892321168139,-0.1248596457660508,29.18725102982437,0.02043107572087706,-0.027657135347107613,307,0,0.2043354331949796,0.5838650933494562,0.8,0.7610279648640353,0.6115220675278257
top4,308a85433dd2ae8aaddb,A,7,7d,2h,0.1,equal,2192,0.21493120997634652,0.03294950174143474,0.6101831542323782,0.8166312852818649,0.263892321168139,-0.1248596457660508,29.18725102982437,0.02043107572087706,-0.027657135347107613,307,0,0.2043354331949796,0.5838650933494562,0.8,0.7610279648640353,0.6115220675278257
top4,45e87c713d7a6d949afc,A,7,7d,4h,0.1,equal,2192,0.21493120997634652,0.03294950174143474,0.6101831542323782,0.8166312852818649,0.263892321168139,-0.1248596457660508,29.18725102982437,0.02043107572087706,-0.027657135347107613,307,0,0.2043354331949796,0.5838650933494562,0.8,0.7610279648640353,0.6115220675278257
top4,6234bf46da7304384290,A,7,7d,1d,0.1,equal,2192,0.21493120997634652,0.03294950174143474,0.6101831542323782,0.8166312852818649,0.263892321168139,-0.1248596457660508,29.18725102982437,0.02043107572087706,-0.027657135347107613,307,0,0.2043354331949796,0.5838650933494562,0.8,0.7610279648640353,0.6115220675278257
top20pct,0bc5468cf5c4280614a9,A,60,3d,30m,0.2,inverse_vol,2192,0.7282800644153973,0.09538356330611975,1.0345702967187993,1.4677761834869576,0.5624714107470403,-0.16957939814120881,29.021022618718447,0.020314715833102914,-0.042191904347040544,646,0,0.7133059567952962,1.0188906709888015,0.8,0.7416733668112602,1.0430053170631637
top20pct,79ac5eedd8a6242ed9eb,A,60,3d,1h,0.2,inverse_vol,2192,0.7282800644153973,0.09538356330611975,1.0345702967187993,1.4677761834869576,0.5624714107470403,-0.16957939814120881,29.021022618718447,0.020314715833102914,-0.042191904347040544,646,0,0.7133059567952962,1.0188906709888015,0.8,0.7416733668112602,1.0430053170631637
top20pct,3a6ba7ebae1252fc14fb,A,60,3d,2h,0.2,inverse_vol,2192,0.7282800644153973,0.09538356330611975,1.0345702967187993,1.4677761834869576,0.5624714107470403,-0.16957939814120881,29.021022618718447,0.020314715833102914,-0.042191904347040544,646,0,0.7133059567952962,1.0188906709888015,0.8,0.7416733668112602,1.0430053170631637
top20pct,9c9910ad126420d72ef2,A,60,3d,4h,0.2,inverse_vol,2192,0.7282800644153973,0.09538356330611975,1.0345702967187993,1.4677761834869576,0.5624714107470403,-0.16957939814120881,29.021022618718447,0.020314715833102914,-0.042191904347040544,646,0,0.7133059567952962,1.0188906709888015,0.8,0.7416733668112602,1.0430053170631637
top20pct,cec1e1d7339e6dae34bb,A,60,3d,1d,0.2,inverse_vol,2192,0.7282800644153973,0.09538356330611975,1.0345702967187993,1.4677761834869576,0.5624714107470403,-0.16957939814120881,29.021022618718447,0.020314715833102914,-0.042191904347040544,646,0,0.7133059567952962,1.0188906709888015,0.8,0.7416733668112602,1.0430053170631637
top20pct,ce65aef334ed3ac425c4,A,60,3d,30m,0.1,inverse_vol,2192,0.3230535968514592,0.047718031379660575,1.0345702967187993,1.4677761834869576,0.5455213820089836,-0.08747233922148034,14.510511309359224,0.010157357916551457,-0.021095952173520272,646,0,0.3173081579964181,1.0188906709888015,0.8,0.7416733668112602,1.0569360285971159
top20pct,e9c44c4f37c2bf8c45dc,A,60,3d,1h,0.1,inverse_vol,2192,0.3230535968514592,0.047718031379660575,1.0345702967187993,1.4677761834869576,0.5455213820089836,-0.08747233922148034,14.510511309359224,0.010157357916551457,-0.021095952173520272,646,0,0.3173081579964181,1.0188906709888015,0.8,0.7416733668112602,1.0569360285971159
top20pct,ff85d6fd682c78a92c17,A,60,3d,2h,0.1,inverse_vol,2192,0.3230535968514592,0.047718031379660575,1.0345702967187993,1.4677761834869576,0.5455213820089836,-0.08747233922148034,14.510511309359224,0.010157357916551457,-0.021095952173520272,646,0,0.3173081579964181,1.0188906709888015,0.8,0.7416733668112602,1.0569360285971159
top20pct,6084b91ed7d362289ee0,A,60,3d,4h,0.1,inverse_vol,2192,0.3230535968514592,0.047718031379660575,1.0345702967187993,1.4677761834869576,0.5455213820089836,-0.08747233922148034,14.510511309359224,0.010157357916551457,-0.021095952173520272,646,0,0.3173081579964181,1.0188906709888015,0.8,0.7416733668112602,1.0569360285971159
top20pct,f7dfd6dfb50fea8bce75,A,60,3d,1d,0.1,inverse_vol,2192,0.3230535968514592,0.047718031379660575,1.0345702967187993,1.4677761834869576,0.5455213820089836,-0.08747233922148034,14.510511309359224,0.010157357916551457,-0.021095952173520272,646,0,0.3173081579964181,1.0188906709888015,0.8,0.7416733668112602,1.0569360285971159
top20pct,56784b09d478b8e4a7b2,A,60,3d,30m,0.15,inverse_vol,2192,0.5145635509717175,0.07156988745648296,1.0345702967187993,1.4677761834869576,0.5539713395930597,-0.1291942061642707,21.765766964038832,0.015236036874827183,-0.0316439282602804,646,0,0.5047098606049247,1.0188906709888015,0.8,0.74167336681126,1.0501948024022434
top20pct,f326357f4fbd180912e6,A,60,3d,1h,0.15,inverse_vol,2192,0.5145635509717175,0.07156988745648296,1.0345702967187993,1.4677761834869576,0.5539713395930597,-0.1291942061642707,21.765766964038832,0.015236036874827183,-0.0316439282602804,646,0,0.5047098606049247,1.0188906709888015,0.8,0.74167336681126,1.0501948024022434
top20pct,7794d956769b5c29ddad,A,60,3d,2h,0.15,inverse_vol,2192,0.5145635509717175,0.07156988745648296,1.0345702967187993,1.4677761834869576,0.5539713395930597,-0.1291942061642707,21.765766964038832,0.015236036874827183,-0.0316439282602804,646,0,0.5047098606049247,1.0188906709888015,0.8,0.74167336681126,1.0501948024022434
top20pct,127698ab0505a0f6ae5e,A,60,3d,4h,0.15,inverse_vol,2192,0.5145635509717175,0.07156988745648296,1.0345702967187993,1.4677761834869576,0.5539713395930597,-0.1291942061642707,21.765766964038832,0.015236036874827183,-0.0316439282602804,646,0,0.5047098606049247,1.0188906709888015,0.8,0.74167336681126,1.0501948024022434
top20pct,0d72e59674b5ccc2f004,A,60,3d,1d,0.15,inverse_vol,2192,0.5145635509717175,0.07156988745648296,1.0345702967187993,1.4677761834869576,0.5539713395930597,-0.1291942061642707,21.765766964038832,0.015236036874827183,-0.0316439282602804,646,0,0.5047098606049247,1.0188906709888015,0.8,0.74167336681126,1.0501948024022434
top8,fe591bf3c446d043546b,A,90,7d,1h,0.2,capped_rank,2192,1.425115477580083,0.15894697171696626,1.0306657482878034,1.4396887290394695,0.5308608586024613,-0.29941362061502963,29.1635207647079,0.02041446453529553,-0.09135536195492147,283,0,1.4039771281886737,1.0211898648836437,0.8,0.7374816426208389,0.6578242675458003
top8,15c4b6e0e863dada13c2,A,90,7d,2h,0.2,capped_rank,2192,1.425115477580083,0.15894697171696626,1.0306657482878034,1.4396887290394695,0.5308608586024613,-0.29941362061502963,29.1635207647079,0.02041446453529553,-0.09135536195492147,283,0,1.4039771281886737,1.0211898648836437,0.8,0.7374816426208389,0.6578242675458003
top8,dc69a2a67fd5b19b1d02,A,90,7d,4h,0.2,capped_rank,2192,1.425115477580083,0.15894697171696626,1.0306657482878034,1.4396887290394695,0.5308608586024613,-0.29941362061502963,29.1635207647079,0.02041446453529553,-0.09135536195492147,283,0,1.4039771281886737,1.0211898648836437,0.8,0.7374816426208389,0.6578242675458003
top8,5f15f83fdcabf6114d0e,A,90,7d,1d,0.2,capped_rank,2192,1.425115477580083,0.15894697171696626,1.0306657482878034,1.4396887290394695,0.5308608586024613,-0.29941362061502963,29.1635207647079,0.02041446453529553,-0.09135536195492147,283,0,1.4039771281886737,1.0211898648836437,0.8,0.7374816426208389,0.6578242675458003
top20pct,2a521b6c6645024a41ff,A,60,3d,30m,0.2,equal,2192,0.6887226702798066,0.09116841041462065,1.0132991704751615,1.4289956860870967,0.541030341884955,-0.16850886790746156,27.53698708280166,0.019275890957961162,-0.03891478487002149,646,0,0.6748372522689836,0.9980940006150862,0.8,0.71716062945477,0.9384074221742952
top20pct,bb29ae5b38694795ccbb,A,60,3d,1h,0.2,equal,2192,0.6887226702798066,0.09116841041462065,1.0132991704751615,1.4289956860870967,0.541030341884955,-0.16850886790746156,27.53698708280166,0.019275890957961162,-0.03891478487002149,646,0,0.6748372522689836,0.9980940006150862,0.8,0.71716062945477,0.9384074221742952
top20pct,7e9700cc42a1b9f64ebb,A,60,3d,2h,0.2,equal,2192,0.6887226702798066,0.09116841041462065,1.0132991704751615,1.4289956860870967,0.541030341884955,-0.16850886790746156,27.53698708280166,0.019275890957961162,-0.03891478487002149,646,0,0.6748372522689836,0.9980940006150862,0.8,0.71716062945477,0.9384074221742952
top20pct,2e81db253306a2c8243b,A,60,3d,4h,0.2,equal,2192,0.6887226702798066,0.09116841041462065,1.0132991704751615,1.4289956860870967,0.541030341884955,-0.16850886790746156,27.53698708280166,0.019275890957961162,-0.03891478487002149,646,0,0.6748372522689836,0.9980940006150862,0.8,0.71716062945477,0.9384074221742952
top20pct,73bd4f450b7fa0aa66d9,A,60,3d,1d,0.2,equal,2192,0.6887226702798066,0.09116841041462065,1.0132991704751615,1.4289956860870967,0.541030341884955,-0.16850886790746156,27.53698708280166,0.019275890957961162,-0.03891478487002149,646,0,0.6748372522689836,0.9980940006150862,0.8,0.71716062945477,0.9384074221742952
top20pct,718a20f6144798159f94,A,60,3d,30m,0.15,equal,2192,0.48817304383292837,0.06843797902447002,1.0132991704751615,1.4289956860870974,0.532915596223775,-0.1284217979534088,20.652740312101244,0.014456918218470869,-0.029186088652516116,646,0,0.4789850391774684,0.9980940006150865,0.8,0.71716062945477,0.9447554925926746
top20pct,1fa4a03279a565e8ab22,A,60,3d,1h,0.15,equal,2192,0.48817304383292837,0.06843797902447002,1.0132991704751615,1.4289956860870974,0.532915596223775,-0.1284217979534088,20.652740312101244,0.014456918218470869,-0.029186088652516116,646,0,0.4789850391774684,0.9980940006150865,0.8,0.71716062945477,0.9447554925926746
top20pct,25606d6b1450e7dee08d,A,60,3d,2h,0.15,equal,2192,0.48817304383292837,0.06843797902447002,1.0132991704751615,1.4289956860870974,0.532915596223775,-0.1284217979534088,20.652740312101244,0.014456918218470869,-0.029186088652516116,646,0,0.4789850391774684,0.9980940006150865,0.8,0.71716062945477,0.9447554925926746
top20pct,9f76976e8fc09b18d3d7,A,60,3d,4h,0.15,equal,2192,0.48817304383292837,0.06843797902447002,1.0132991704751615,1.4289956860870974,0.532915596223775,-0.1284217979534088,20.652740312101244,0.014456918218470869,-0.029186088652516116,646,0,0.4789850391774684,0.9980940006150865,0.8,0.71716062945477,0.9447554925926746
top20pct,cda0b16b8aef986d2b38,A,60,3d,1d,0.15,equal,2192,0.48817304383292837,0.06843797902447002,1.0132991704751615,1.4289956860870974,0.532915596223775,-0.1284217979534088,20.652740312101244,0.014456918218470869,-0.029186088652516116,646,0,0.4789850391774684,0.9980940006150865,0.8,0.71716062945477,0.9447554925926746
top20pct,2eac292480b30f65471f,A,60,3d,30m,0.1,equal,2192,0.3074545147220016,0.04565092682691407,1.0132991704751615,1.4289956860870967,0.5248361265278578,-0.08698129667430765,13.76849354140083,0.009637945478980581,-0.019457392435010747,646,0,0.3020667176677658,0.9980940006150862,0.8,0.71716062945477,0.9506777122076283
top20pct,ed2969b479f4e60bb99e,A,60,3d,1h,0.1,equal,2192,0.3074545147220016,0.04565092682691407,1.0132991704751615,1.4289956860870967,0.5248361265278578,-0.08698129667430765,13.76849354140083,0.009637945478980581,-0.019457392435010747,646,0,0.3020667176677658,0.9980940006150862,0.8,0.71716062945477,0.9506777122076283
top20pct,90e159b4381afd0c88f9,A,60,3d,2h,0.1,equal,2192,0.3074545147220016,0.04565092682691407,1.0132991704751615,1.4289956860870967,0.5248361265278578,-0.08698129667430765,13.76849354140083,0.009637945478980581,-0.019457392435010747,646,0,0.3020667176677658,0.9980940006150862,0.8,0.71716062945477,0.9506777122076283
top20pct,3a7b84b7f71465b32536,A,60,3d,4h,0.1,equal,2192,0.3074545147220016,0.04565092682691407,1.0132991704751615,1.4289956860870967,0.5248361265278578,-0.08698129667430765,13.76849354140083,0.009637945478980581,-0.019457392435010747,646,0,0.3020667176677658,0.9980940006150862,0.8,0.71716062945477,0.9506777122076283
top20pct,531d890f55527470dd10,A,60,3d,1d,0.1,equal,2192,0.3074545147220016,0.04565092682691407,1.0132991704751615,1.4289956860870967,0.5248361265278578,-0.08698129667430765,13.76849354140083,0.009637945478980581,-0.019457392435010747,646,0,0.3020667176677658,0.9980940006150862,0.8,0.71716062945477,0.9506777122076283
top20pct,a60d50738e78baac68ac,A,90,3d,30m,0.2,inverse_vol,2192,0.9694113510199138,0.11946704578229173,1.2491383889254242,1.7573082772540858,0.9668443211871,-0.12356389044681881,23.95117053389256,0.016765819373724795,-0.05185014888572934,648,0,0.9553261166978746,1.2365245211635933,0.8,0.7062598905560783,0.6196399191559069
top20pct,18e1473e40a929132bb6,A,90,3d,1h,0.2,inverse_vol,2192,0.9694113510199138,0.11946704578229173,1.2491383889254242,1.7573082772540858,0.9668443211871,-0.12356389044681881,23.95117053389256,0.016765819373724795,-0.05185014888572934,648,0,0.9553261166978746,1.2365245211635933,0.8,0.7062598905560783,0.6196399191559069
top20pct,9f041410836b6d662124,A,90,3d,2h,0.2,inverse_vol,2192,0.9694113510199138,0.11946704578229173,1.2491383889254242,1.7573082772540858,0.9668443211871,-0.12356389044681881,23.95117053389256,0.016765819373724795,-0.05185014888572934,648,0,0.9553261166978746,1.2365245211635933,0.8,0.7062598905560783,0.6196399191559069
top20pct,21f8d86f75cd44fe2c7a,A,90,3d,4h,0.2,inverse_vol,2192,0.9694113510199138,0.11946704578229173,1.2491383889254242,1.7573082772540858,0.9668443211871,-0.12356389044681881,23.95117053389256,0.016765819373724795,-0.05185014888572934,648,0,0.9553261166978746,1.2365245211635933,0.8,0.7062598905560783,0.6196399191559069
top20pct,d56a01016b8e7c236587,A,90,3d,1d,0.2,inverse_vol,2192,0.9694113510199138,0.11946704578229173,1.2491383889254242,1.7573082772540858,0.9668443211871,-0.12356389044681881,23.95117053389256,0.016765819373724795,-0.05185014888572934,648,0,0.9553261166978746,1.2365245211635933,0.8,0.7062598905560783,0.6196399191559069
top20pct,a95b9b2ba905d2ffd3f9,A,90,3d,30m,0.1,inverse_vol,2192,0.412679670443985,0.059215837354332335,1.2491383889254242,1.7573082772540858,0.9338421727256808,-0.06341096930918666,11.97558526694628,0.008382909686862398,-0.02592507444286467,648,0,0.4076162127765195,1.2365245211635933,0.8,0.7062598905560783,0.6189758225934207
top20pct,66c66293e71d9f53bc86,A,90,3d,1h,0.1,inverse_vol,2192,0.412679670443985,0.059215837354332335,1.2491383889254242,1.7573082772540858,0.9338421727256808,-0.06341096930918666,11.97558526694628,0.008382909686862398,-0.02592507444286467,648,0,0.4076162127765195,1.2365245211635933,0.8,0.7062598905560783,0.6189758225934207
top20pct,6580c4df7452046a09ee,A,90,3d,2h,0.1,inverse_vol,2192,0.412679670443985,0.059215837354332335,1.2491383889254242,1.7573082772540858,0.9338421727256808,-0.06341096930918666,11.97558526694628,0.008382909686862398,-0.02592507444286467,648,0,0.4076162127765195,1.2365245211635933,0.8,0.7062598905560783,0.6189758225934207
top20pct,921277446557d410a9c8,A,90,3d,4h,0.1,inverse_vol,2192,0.412679670443985,0.059215837354332335,1.2491383889254242,1.7573082772540858,0.9338421727256808,-0.06341096930918666,11.97558526694628,0.008382909686862398,-0.02592507444286467,648,0,0.4076162127765195,1.2365245211635933,0.8,0.7062598905560783,0.6189758225934207
top20pct,9b664c88015752540ae3,A,90,3d,1d,0.1,inverse_vol,2192,0.412679670443985,0.059215837354332335,1.2491383889254242,1.7573082772540858,0.9338421727256808,-0.06341096930918666,11.97558526694628,0.008382909686862398,-0.02592507444286467,648,0,0.4076162127765195,1.2365245211635933,0.8,0.7062598905560783,0.6189758225934207
top20pct,49579eda0c81eead1c14,A,90,3d,30m,0.15,inverse_vol,2192,0.6707356692718667,0.08922448048629072,1.2491383889254242,1.7573082772540853,0.9503326594012657,-0.09388762935128891,17.963377900419417,0.012574364530293595,-0.038887611664296995,648,0,0.6617634786689033,1.2365245211635936,0.8,0.7062598905560781,0.6195567695760623
top20pct,b994cdad84fbad94d204,A,90,3d,1h,0.15,inverse_vol,2192,0.6707356692718667,0.08922448048629072,1.2491383889254242,1.7573082772540853,0.9503326594012657,-0.09388762935128891,17.963377900419417,0.012574364530293595,-0.038887611664296995,648,0,0.6617634786689033,1.2365245211635936,0.8,0.7062598905560781,0.6195567695760623
top20pct,81139a24f877c8bd7d6f,A,90,3d,2h,0.15,inverse_vol,2192,0.6707356692718667,0.08922448048629072,1.2491383889254242,1.7573082772540853,0.9503326594012657,-0.09388762935128891,17.963377900419417,0.012574364530293595,-0.038887611664296995,648,0,0.6617634786689033,1.2365245211635936,0.8,0.7062598905560781,0.6195567695760623
top20pct,edc9e497a3ff81e49ca3,A,90,3d,4h,0.15,inverse_vol,2192,0.6707356692718667,0.08922448048629072,1.2491383889254242,1.7573082772540853,0.9503326594012657,-0.09388762935128891,17.963377900419417,0.012574364530293595,-0.038887611664296995,648,0,0.6617634786689033,1.2365245211635936,0.8,0.7062598905560781,0.6195567695760623
top20pct,14a3948903c400e56f04,A,90,3d,1d,0.15,inverse_vol,2192,0.6707356692718667,0.08922448048629072,1.2491383889254242,1.7573082772540853,0.9503326594012657,-0.09388762935128891,17.963377900419417,0.012574364530293595,-0.038887611664296995,648,0,0.6617634786689033,1.2365245211635936,0.8,0.7062598905560781,0.6195567695760623
top4,ae5451203974f46e02dd,A,90,7d,1h,0.15,equal,2192,0.5961096156070513,0.08096817077873997,0.9633092153769331,1.2808703921219704,0.3834244730929152,-0.2111711078993097,12.661797464920355,0.008863258225444247,-0.047877434973843,283,0,0.5900524480764799,0.9557304054573814,0.8,0.7036868525075209,0.7799693786675267
top4,ae09c6a629f45337801e,A,90,7d,2h,0.15,equal,2192,0.5961096156070513,0.08096817077873997,0.9633092153769331,1.2808703921219704,0.3834244730929152,-0.2111711078993097,12.661797464920355,0.008863258225444247,-0.047877434973843,283,0,0.5900524480764799,0.9557304054573814,0.8,0.7036868525075209,0.7799693786675267
top4,a062038ad60e8fa066f1,A,90,7d,4h,0.15,equal,2192,0.5961096156070513,0.08096817077873997,0.9633092153769331,1.2808703921219704,0.3834244730929152,-0.2111711078993097,12.661797464920355,0.008863258225444247,-0.047877434973843,283,0,0.5900524480764799,0.9557304054573814,0.8,0.7036868525075209,0.7799693786675267
top4,78aa075027521788a7fc,A,90,7d,1d,0.15,equal,2192,0.5961096156070513,0.08096817077873997,0.9633092153769331,1.2808703921219704,0.3834244730929152,-0.2111711078993097,12.661797464920355,0.008863258225444247,-0.047877434973843,283,0,0.5900524480764799,0.9557304054573814,0.8,0.7036868525075209,0.7799693786675267
top4,4cf88f1ca7fb7880f608,A,90,7d,1h,0.2,equal,2192,0.8475786025413443,0.10762634986567332,0.9633092153769331,1.2808703921219702,0.3937763537710793,-0.27331846830051554,16.882396619893804,0.011817677633925664,-0.06383657996512401,283,0,0.8382327664049334,0.9557304054573814,0.8,0.7036868525075208,0.7755159276891158
top4,886aa1f2638f4837ac5b,A,90,7d,2h,0.2,equal,2192,0.8475786025413443,0.10762634986567332,0.9633092153769331,1.2808703921219702,0.3937763537710793,-0.27331846830051554,16.882396619893804,0.011817677633925664,-0.06383657996512401,283,0,0.8382327664049334,0.9557304054573814,0.8,0.7036868525075208,0.7755159276891158
top4,f885a83f3254131c3379,A,90,7d,4h,0.2,equal,2192,0.8475786025413443,0.10762634986567332,0.9633092153769331,1.2808703921219702,0.3937763537710793,-0.27331846830051554,16.882396619893804,0.011817677633925664,-0.06383657996512401,283,0,0.8382327664049334,0.9557304054573814,0.8,0.7036868525075208,0.7755159276891158
top4,117ac30f189f01e4ca45,A,90,7d,1d,0.2,equal,2192,0.8475786025413443,0.10762634986567332,0.9633092153769331,1.2808703921219702,0.3937763537710793,-0.27331846830051554,16.882396619893804,0.011817677633925664,-0.06383657996512401,283,0,0.8382327664049334,0.9557304054573814,0.8,0.7036868525075208,0.7755159276891158
top4,ae3e889104175680a70a,A,90,7d,1h,0.1,equal,2192,0.3723012342375225,0.05411341572473227,0.9633092153769331,1.2808703921219702,0.3732157407851035,-0.1449923189490837,8.441198309946902,0.005908838816962832,-0.031918289982562006,283,0,0.36882828408810897,0.9557304054573814,0.8,0.7036868525075208,0.7839043626235426
top4,3b8aac1433c235553211,A,90,7d,2h,0.1,equal,2192,0.3723012342375225,0.05411341572473227,0.9633092153769331,1.2808703921219702,0.3732157407851035,-0.1449923189490837,8.441198309946902,0.005908838816962832,-0.031918289982562006,283,0,0.36882828408810897,0.9557304054573814,0.8,0.7036868525075208,0.7839043626235426
top4,a8f012dc8d4267e79477,A,90,7d,4h,0.1,equal,2192,0.3723012342375225,0.05411341572473227,0.9633092153769331,1.2808703921219702,0.3732157407851035,-0.1449923189490837,8.441198309946902,0.005908838816962832,-0.031918289982562006,283,0,0.36882828408810897,0.9557304054573814,0.8,0.7036868525075208,0.7839043626235426
top4,bc78d648982ce1bf1da6,A,90,7d,1d,0.1,equal,2192,0.3723012342375225,0.05411341572473227,0.9633092153769331,1.2808703921219702,0.3732157407851035,-0.1449923189490837,8.441198309946902,0.005908838816962832,-0.031918289982562006,283,0,0.36882828408810897,0.9557304054573814,0.8,0.7036868525075208,0.7839043626235426
top4,00eac4cde3b7a79bec6f,A,30,3d,30m,0.2,equal,2192,1.091999032164697,0.13078012359665436,1.2482753960763284,1.8978266961939123,0.6526980384447546,-0.20036849491424324,41.43556812229501,0.029004897685606507,-0.040732695562847115,678,0,1.0661659039352345,1.2281463920068794,0.8,0.7010236876875958,0.6737397436423151
top4,9814102ee3fd3c81fa77,A,30,3d,1h,0.2,equal,2192,1.091999032164697,0.13078012359665436,1.2482753960763284,1.8978266961939123,0.6526980384447546,-0.20036849491424324,41.43556812229501,0.029004897685606507,-0.040732695562847115,678,0,1.0661659039352345,1.2281463920068794,0.8,0.7010236876875958,0.6737397436423151
top4,fe790c821d1d8d6caea0,A,30,3d,2h,0.2,equal,2192,1.091999032164697,0.13078012359665436,1.2482753960763284,1.8978266961939123,0.6526980384447546,-0.20036849491424324,41.43556812229501,0.029004897685606507,-0.040732695562847115,678,0,1.0661659039352345,1.2281463920068794,0.8,0.7010236876875958,0.6737397436423151
top4,9af0a7898989ed0e9f9d,A,30,3d,4h,0.2,equal,2192,1.091999032164697,0.13078012359665436,1.2482753960763284,1.8978266961939123,0.6526980384447546,-0.20036849491424324,41.43556812229501,0.029004897685606507,-0.040732695562847115,678,0,1.0661659039352345,1.2281463920068794,0.8,0.7010236876875958,0.6737397436423151
top4,ccf4176a0ed9813762fd,A,30,3d,1d,0.2,equal,2192,1.091999032164697,0.13078012359665436,1.2482753960763284,1.8978266961939123,0.6526980384447546,-0.20036849491424324,41.43556812229501,0.029004897685606507,-0.040732695562847115,678,0,1.0661659039352345,1.2281463920068794,0.8,0.7010236876875958,0.6737397436423151
top4,d359233d5d01b403cf0f,A,30,3d,30m,0.1,equal,2192,0.45787762581696123,0.06478505868191342,1.2482753960763284,1.8978266961939123,0.6225843803542623,-0.10405827824503,20.717784061147505,0.014502448842803254,-0.020366347781423558,678,0,0.44884651562473477,1.2281463920068794,0.8,0.7010236876875958,0.6735970606732443
top4,8ec79e8ac297c4e350e8,A,30,3d,1h,0.1,equal,2192,0.45787762581696123,0.06478505868191342,1.2482753960763284,1.8978266961939123,0.6225843803542623,-0.10405827824503,20.717784061147505,0.014502448842803254,-0.020366347781423558,678,0,0.44884651562473477,1.2281463920068794,0.8,0.7010236876875958,0.6735970606732443
top4,26a191343e68518a077a,A,30,3d,2h,0.1,equal,2192,0.45787762581696123,0.06478505868191342,1.2482753960763284,1.8978266961939123,0.6225843803542623,-0.10405827824503,20.717784061147505,0.014502448842803254,-0.020366347781423558,678,0,0.44884651562473477,1.2281463920068794,0.8,0.7010236876875958,0.6735970606732443
top4,474ea1cc80440f0250f1,A,30,3d,4h,0.1,equal,2192,0.45787762581696123,0.06478505868191342,1.2482753960763284,1.8978266961939123,0.6225843803542623,-0.10405827824503,20.717784061147505,0.014502448842803254,-0.020366347781423558,678,0,0.44884651562473477,1.2281463920068794,0.8,0.7010236876875958,0.6735970606732443
top4,b2da20f3f96a7be368f2,A,30,3d,1d,0.1,equal,2192,0.45787762581696123,0.06478505868191342,1.2482753960763284,1.8978266961939123,0.6225843803542623,-0.10405827824503,20.717784061147505,0.014502448842803254,-0.020366347781423558,678,0,0.44884651562473477,1.2281463920068794,0.8,0.7010236876875958,0.6735970606732443
top4,18ef73acb789b73171b0,A,30,3d,30m,0.15,equal,2192,0.7498460997999372,0.09764782988713705,1.2482753960763282,1.8978266961939123,0.637490057106568,-0.15317545552057676,31.07667609172126,0.02175367326420488,-0.030549521672135323,678,0,0.7336133282570609,1.2281463920068794,0.8,0.7010236876875956,0.6738674847957914
top4,013a2e85d941d0e64331,A,30,3d,1h,0.15,equal,2192,0.7498460997999372,0.09764782988713705,1.2482753960763282,1.8978266961939123,0.637490057106568,-0.15317545552057676,31.07667609172126,0.02175367326420488,-0.030549521672135323,678,0,0.7336133282570609,1.2281463920068794,0.8,0.7010236876875956,0.6738674847957914
top4,74a92a7814f7de374deb,A,30,3d,2h,0.15,equal,2192,0.7498460997999372,0.09764782988713705,1.2482753960763282,1.8978266961939123,0.637490057106568,-0.15317545552057676,31.07667609172126,0.02175367326420488,-0.030549521672135323,678,0,0.7336133282570609,1.2281463920068794,0.8,0.7010236876875956,0.6738674847957914
top4,127f0585425c5908d19e,A,30,3d,4h,0.15,equal,2192,0.7498460997999372,0.09764782988713705,1.2482753960763282,1.8978266961939123,0.637490057106568,-0.15317545552057676,31.07667609172126,0.02175367326420488,-0.030549521672135323,678,0,0.7336133282570609,1.2281463920068794,0.8,0.7010236876875956,0.6738674847957914
top4,62f2e1d0649846487ab6,A,30,3d,1d,0.15,equal,2192,0.7498460997999372,0.09764782988713705,1.2482753960763282,1.8978266961939123,0.637490057106568,-0.15317545552057676,31.07667609172126,0.02175367326420488,-0.030549521672135323,678,0,0.7336133282570609,1.2281463920068794,0.8,0.7010236876875956,0.6738674847957914
top2,5bf4c65cbed53e037db9,A,7,6h,5m,0.1,capped_rank,2192,0.7253085301807956,0.09506973179131095,0.9804224624241068,1.571199265193969,0.6789528717712616,-0.1400240513649964,133.65091640058688,0.09355564148041082,-0.018659648010410406,2006,0,0.6574954798539017,0.9117343688476325,0.8,0.6929077464576365,0.6792844341153789
top2,9982f65bbdb2d478eb00,A,7,1d,5m,0.1,capped_rank,2192,0.7253085301807956,0.09506973179131095,0.9804224624241068,1.571199265193969,0.6789528717712616,-0.1400240513649964,133.65091640058688,0.09355564148041082,-0.018659648010410406,2006,0,0.6574954798539017,0.9117343688476325,0.8,0.6929077464576365,0.6792844341153789
top2,04cff6bd57716839bbbc,A,7,12h,15m,0.1,capped_rank,2192,0.7253085301807956,0.09506973179131095,0.9804224624241068,1.571199265193969,0.6789528717712616,-0.1400240513649964,133.65091640058688,0.09355564148041082,-0.018659648010410406,2006,0,0.6574954798539017,0.9117343688476325,0.8,0.6929077464576365,0.6792844341153789
top2,dc6cbe756d024f4dbe55,A,7,1d,15m,0.1,capped_rank,2192,0.7253085301807956,0.09506973179131095,0.9804224624241068,1.571199265193969,0.6789528717712616,-0.1400240513649964,133.65091640058688,0.09355564148041082,-0.018659648010410406,2006,0,0.6574954798539017,0.9117343688476325,0.8,0.6929077464576365,0.6792844341153789
top2,2665923ee9a3d5720763,A,7,1d,30m,0.1,capped_rank,2192,0.7253085301807956,0.09506973179131095,0.9804224624241068,1.571199265193969,0.6789528717712616,-0.1400240513649964,133.65091640058688,0.09355564148041082,-0.018659648010410406,2006,0,0.6574954798539017,0.9117343688476325,0.8,0.6929077464576365,0.6792844341153789
top2,c50af2254edbd3edd986,A,7,1d,1h,0.1,capped_rank,2192,0.7253085301807956,0.09506973179131095,0.9804224624241068,1.571199265193969,0.6789528717712616,-0.1400240513649964,133.65091640058688,0.09355564148041082,-0.018659648010410406,2006,0,0.6574954798539017,0.9117343688476325,0.8,0.6929077464576365,0.6792844341153789
top2,79fc3a8a9f07a412b6dc,A,7,1d,2h,0.1,capped_rank,2192,0.7253085301807956,0.09506973179131095,0.9804224624241068,1.571199265193969,0.6789528717712616,-0.1400240513649964,133.65091640058688,0.09355564148041082,-0.018659648010410406,2006,0,0.6574954798539017,0.9117343688476325,0.8,0.6929077464576365,0.6792844341153789
top2,6cda6c93aa829fcbc501,A,7,1d,4h,0.1,capped_rank,2192,0.7253085301807956,0.09506973179131095,0.9804224624241068,1.571199265193969,0.6789528717712616,-0.1400240513649964,133.65091640058688,0.09355564148041082,-0.018659648010410406,2006,0,0.6574954798539017,0.9117343688476325,0.8,0.6929077464576365,0.6792844341153789
top8,512cd1a0fb0778bc8f40,A,14,6h,5m,0.15,inverse_vol,2192,0.8405585525414518,0.106924455728449,1.0216040519707292,1.3621364065991137,0.6551761425463026,-0.16319955624894023,122.66966833257341,0.08586876783280138,-0.0759482932942332,2004,0,0.7740670590639751,0.96311077714931,0.6,0.6904941266153416,0.5484637473650018
top8,384caae8699d67b96353,A,14,1d,5m,0.15,inverse_vol,2192,0.8405585525414518,0.106924455728449,1.0216040519707292,1.3621364065991137,0.6551761425463026,-0.16319955624894023,122.66966833257341,0.08586876783280138,-0.0759482932942332,2004,0,0.7740670590639751,0.96311077714931,0.6,0.6904941266153416,0.5484637473650018
top8,7ceb14b3038ef7b9c60d,A,14,12h,15m,0.15,inverse_vol,2192,0.8405585525414518,0.106924455728449,1.0216040519707292,1.3621364065991137,0.6551761425463026,-0.16319955624894023,122.66966833257341,0.08586876783280138,-0.0759482932942332,2004,0,0.7740670590639751,0.96311077714931,0.6,0.6904941266153416,0.5484637473650018
top8,7774d10326599f40387e,A,14,1d,15m,0.15,inverse_vol,2192,0.8405585525414518,0.106924455728449,1.0216040519707292,1.3621364065991137,0.6551761425463026,-0.16319955624894023,122.66966833257341,0.08586876783280138,-0.0759482932942332,2004,0,0.7740670590639751,0.96311077714931,0.6,0.6904941266153416,0.5484637473650018
top8,8d75de80e2ea25ca2eb4,A,14,1d,30m,0.15,inverse_vol,2192,0.8405585525414518,0.106924455728449,1.0216040519707292,1.3621364065991137,0.6551761425463026,-0.16319955624894023,122.66966833257341,0.08586876783280138,-0.0759482932942332,2004,0,0.7740670590639751,0.96311077714931,0.6,0.6904941266153416,0.5484637473650018
top8,12df4e1c43d2578811df,A,14,1d,1h,0.15,inverse_vol,2192,0.8405585525414518,0.106924455728449,1.0216040519707292,1.3621364065991137,0.6551761425463026,-0.16319955624894023,122.66966833257341,0.08586876783280138,-0.0759482932942332,2004,0,0.7740670590639751,0.96311077714931,0.6,0.6904941266153416,0.5484637473650018
top8,918b2038c15b3032e04e,A,14,1d,2h,0.15,inverse_vol,2192,0.8405585525414518,0.106924455728449,1.0216040519707292,1.3621364065991137,0.6551761425463026,-0.16319955624894023,122.66966833257341,0.08586876783280138,-0.0759482932942332,2004,0,0.7740670590639751,0.96311077714931,0.6,0.6904941266153416,0.5484637473650018
top8,ed15c934d3d9d5f0dfd4,A,14,1d,4h,0.15,inverse_vol,2192,0.8405585525414518,0.106924455728449,1.0216040519707292,1.3621364065991137,0.6551761425463026,-0.16319955624894023,122.66966833257341,0.08586876783280138,-0.0759482932942332,2004,0,0.7740670590639751,0.96311077714931,0.6,0.6904941266153416,0.5484637473650018
top8,a30bbafb1d5c3d492abf,A,14,6h,5m,0.2,inverse_vol,2192,1.2226896401284812,0.14224795272427926,1.0216040519707292,1.362136406599114,0.6619570118246377,-0.21489001579148292,163.55955777676456,0.1144916904437352,-0.1012643910589776,2004,0,1.1162822233844665,0.9631107771493099,0.6,0.6904941266153413,0.5459878991510989
top8,a270db71a995f5e06e0b,A,14,1d,5m,0.2,inverse_vol,2192,1.2226896401284812,0.14224795272427926,1.0216040519707292,1.362136406599114,0.6619570118246377,-0.21489001579148292,163.55955777676456,0.1144916904437352,-0.1012643910589776,2004,0,1.1162822233844665,0.9631107771493099,0.6,0.6904941266153413,0.5459878991510989
top8,300277f78b68c619536c,A,14,12h,15m,0.2,inverse_vol,2192,1.2226896401284812,0.14224795272427926,1.0216040519707292,1.362136406599114,0.6619570118246377,-0.21489001579148292,163.55955777676456,0.1144916904437352,-0.1012643910589776,2004,0,1.1162822233844665,0.9631107771493099,0.6,0.6904941266153413,0.5459878991510989
top8,76289e824eaec0393cfc,A,14,1d,15m,0.2,inverse_vol,2192,1.2226896401284812,0.14224795272427926,1.0216040519707292,1.362136406599114,0.6619570118246377,-0.21489001579148292,163.55955777676456,0.1144916904437352,-0.1012643910589776,2004,0,1.1162822233844665,0.9631107771493099,0.6,0.6904941266153413,0.5459878991510989
top8,83204c0e6cd60f5e3264,A,14,1d,30m,0.2,inverse_vol,2192,1.2226896401284812,0.14224795272427926,1.0216040519707292,1.362136406599114,0.6619570118246377,-0.21489001579148292,163.55955777676456,0.1144916904437352,-0.1012643910589776,2004,0,1.1162822233844665,0.9631107771493099,0.6,0.6904941266153413,0.5459878991510989
top8,dc28d6955a31a1046e67,A,14,1d,1h,0.2,inverse_vol,2192,1.2226896401284812,0.14224795272427926,1.0216040519707292,1.362136406599114,0.6619570118246377,-0.21489001579148292,163.55955777676456,0.1144916904437352,-0.1012643910589776,2004,0,1.1162822233844665,0.9631107771493099,0.6,0.6904941266153413,0.5459878991510989
top8,ca9187fe545ae0a860e1,A,14,1d,2h,0.2,inverse_vol,2192,1.2226896401284812,0.14224795272427926,1.0216040519707292,1.362136406599114,0.6619570118246377,-0.21489001579148292,163.55955777676456,0.1144916904437352,-0.1012643910589776,2004,0,1.1162822233844665,0.9631107771493099,0.6,0.6904941266153413,0.5459878991510989
top8,26030fa6106dc7ecd2b5,A,14,1d,4h,0.2,inverse_vol,2192,1.2226896401284812,0.14224795272427926,1.0216040519707292,1.362136406599114,0.6619570118246377,-0.21489001579148292,163.55955777676456,0.1144916904437352,-0.1012643910589776,2004,0,1.1162822233844665,0.9631107771493099,0.6,0.6904941266153413,0.5459878991510989
top8,659095f4627911fdec7f,A,14,6h,5m,0.1,inverse_vol,2192,0.5129568765468144,0.07138052003161222,1.0216040519707292,1.362136406599114,0.6485858610571125,-0.11005562149515724,81.77977888838228,0.0572458452218676,-0.0506321955294888,2004,0,0.4762942914785546,0.9631107771493099,0.6,0.6904941266153413,0.5502026799749227
top8,b967b2509d02e5a78040,A,14,1d,5m,0.1,inverse_vol,2192,0.5129568765468144,0.07138052003161222,1.0216040519707292,1.362136406599114,0.6485858610571125,-0.11005562149515724,81.77977888838228,0.0572458452218676,-0.0506321955294888,2004,0,0.4762942914785546,0.9631107771493099,0.6,0.6904941266153413,0.5502026799749227
top8,c1f0e91fcc5f60eff14f,A,14,12h,15m,0.1,inverse_vol,2192,0.5129568765468144,0.07138052003161222,1.0216040519707292,1.362136406599114,0.6485858610571125,-0.11005562149515724,81.77977888838228,0.0572458452218676,-0.0506321955294888,2004,0,0.4762942914785546,0.9631107771493099,0.6,0.6904941266153413,0.5502026799749227
top8,4a0f6c18a2380134bbfe,A,14,1d,15m,0.1,inverse_vol,2192,0.5129568765468144,0.07138052003161222,1.0216040519707292,1.362136406599114,0.6485858610571125,-0.11005562149515724,81.77977888838228,0.0572458452218676,-0.0506321955294888,2004,0,0.4762942914785546,0.9631107771493099,0.6,0.6904941266153413,0.5502026799749227
top8,915fe48d2eb7dff9d4d0,A,14,1d,30m,0.1,inverse_vol,2192,0.5129568765468144,0.07138052003161222,1.0216040519707292,1.362136406599114,0.6485858610571125,-0.11005562149515724,81.77977888838228,0.0572458452218676,-0.0506321955294888,2004,0,0.4762942914785546,0.9631107771493099,0.6,0.6904941266153413,0.5502026799749227
top8,07cf9be2f61c95b663d3,A,14,1d,1h,0.1,inverse_vol,2192,0.5129568765468144,0.07138052003161222,1.0216040519707292,1.362136406599114,0.6485858610571125,-0.11005562149515724,81.77977888838228,0.0572458452218676,-0.0506321955294888,2004,0,0.4762942914785546,0.9631107771493099,0.6,0.6904941266153413,0.5502026799749227
top8,34566039c08abde41ed8,A,14,1d,2h,0.1,inverse_vol,2192,0.5129568765468144,0.07138052003161222,1.0216040519707292,1.362136406599114,0.6485858610571125,-0.11005562149515724,81.77977888838228,0.0572458452218676,-0.0506321955294888,2004,0,0.4762942914785546,0.9631107771493099,0.6,0.6904941266153413,0.5502026799749227
top8,b447f4ceb10f73eb5642,A,14,1d,4h,0.1,inverse_vol,2192,0.5129568765468144,0.07138052003161222,1.0216040519707292,1.362136406599114,0.6485858610571125,-0.11005562149515724,81.77977888838228,0.0572458452218676,-0.0506321955294888,2004,0,0.4762942914785546,0.9631107771493099,0.6,0.6904941266153413,0.5502026799749227
top2,13b93eb6be9755586d58,A,7,6h,5m,0.15,capped_rank,2192,1.221489863169975,0.14214526178849018,0.9863921274175852,1.5872353666143666,0.6847206508318756,-0.20759599059236222,196.26365018593242,0.13738455513015269,-0.02795527254235487,2000,0,1.0944473482085124,0.9187698784943497,0.8,0.6890844347488996,0.6736882094059087
top2,6a1f29365c3a0859f329,A,7,1d,5m,0.15,capped_rank,2192,1.221489863169975,0.14214526178849018,0.9863921274175852,1.5872353666143666,0.6847206508318756,-0.20759599059236222,196.26365018593242,0.13738455513015269,-0.02795527254235487,2000,0,1.0944473482085124,0.9187698784943497,0.8,0.6890844347488996,0.6736882094059087
top2,b6bd17ac27e510eee164,A,7,12h,15m,0.15,capped_rank,2192,1.221489863169975,0.14214526178849018,0.9863921274175852,1.5872353666143666,0.6847206508318756,-0.20759599059236222,196.26365018593242,0.13738455513015269,-0.02795527254235487,2000,0,1.0944473482085124,0.9187698784943497,0.8,0.6890844347488996,0.6736882094059087
top2,8eee00cc15ffc14f503c,A,7,1d,15m,0.15,capped_rank,2192,1.221489863169975,0.14214526178849018,0.9863921274175852,1.5872353666143666,0.6847206508318756,-0.20759599059236222,196.26365018593242,0.13738455513015269,-0.02795527254235487,2000,0,1.0944473482085124,0.9187698784943497,0.8,0.6890844347488996,0.6736882094059087
top2,8b267c97ef8be528e88c,A,7,1d,30m,0.15,capped_rank,2192,1.221489863169975,0.14214526178849018,0.9863921274175852,1.5872353666143666,0.6847206508318756,-0.20759599059236222,196.26365018593242,0.13738455513015269,-0.02795527254235487,2000,0,1.0944473482085124,0.9187698784943497,0.8,0.6890844347488996,0.6736882094059087
top2,8445dc09069acda08412,A,7,1d,1h,0.15,capped_rank,2192,1.221489863169975,0.14214526178849018,0.9863921274175852,1.5872353666143666,0.6847206508318756,-0.20759599059236222,196.26365018593242,0.13738455513015269,-0.02795527254235487,2000,0,1.0944473482085124,0.9187698784943497,0.8,0.6890844347488996,0.6736882094059087
top2,afa242c7e49c8f839f39,A,7,1d,2h,0.15,capped_rank,2192,1.221489863169975,0.14214526178849018,0.9863921274175852,1.5872353666143666,0.6847206508318756,-0.20759599059236222,196.26365018593242,0.13738455513015269,-0.02795527254235487,2000,0,1.0944473482085124,0.9187698784943497,0.8,0.6890844347488996,0.6736882094059087
top2,98dcc617cf0ea9bcb604,A,7,1d,4h,0.15,capped_rank,2192,1.221489863169975,0.14214526178849018,0.9863921274175852,1.5872353666143666,0.6847206508318756,-0.20759599059236222,196.26365018593242,0.13738455513015269,-0.02795527254235487,2000,0,1.0944473482085124,0.9187698784943497,0.8,0.6890844347488996,0.6736882094059087
top20pct,dfd518e91be4d3a3acc7,A,14,3d,30m,0.15,capped_rank,2192,1.4296751995051005,0.15930953329180575,1.234571191118104,1.8691164481968978,1.200557093717809,-0.13269634082829507,80.79561843719068,0.05655693290603348,-0.01499421947002539,677,0,1.371512364863011,1.2025896907598055,0.8,0.6875673363330562,0.6318413044132563
top20pct,6409a874435380822b0e,A,14,3d,1h,0.15,capped_rank,2192,1.4296751995051005,0.15930953329180575,1.234571191118104,1.8691164481968978,1.200557093717809,-0.13269634082829507,80.79561843719068,0.05655693290603348,-0.01499421947002539,677,0,1.371512364863011,1.2025896907598055,0.8,0.6875673363330562,0.6318413044132563
top20pct,a19d9a3f824a2996e841,A,14,3d,2h,0.15,capped_rank,2192,1.4296751995051005,0.15930953329180575,1.234571191118104,1.8691164481968978,1.200557093717809,-0.13269634082829507,80.79561843719068,0.05655693290603348,-0.01499421947002539,677,0,1.371512364863011,1.2025896907598055,0.8,0.6875673363330562,0.6318413044132563
top20pct,8465032134d22097de67,A,14,3d,4h,0.15,capped_rank,2192,1.4296751995051005,0.15930953329180575,1.234571191118104,1.8691164481968978,1.200557093717809,-0.13269634082829507,80.79561843719068,0.05655693290603348,-0.01499421947002539,677,0,1.371512364863011,1.2025896907598055,0.8,0.6875673363330562,0.6318413044132563
top20pct,0fc4686c531529fd8b75,A,14,3d,1d,0.15,capped_rank,2192,1.4296751995051005,0.15930953329180575,1.234571191118104,1.8691164481968978,1.200557093717809,-0.13269634082829507,80.79561843719068,0.05655693290603348,-0.01499421947002539,677,0,1.371512364863011,1.2025896907598055,0.8,0.6875673363330562,0.6318413044132563
top20pct,a489a89e39c4ebadef4e,A,14,3d,30m,0.1,capped_rank,2192,0.8370088750947531,0.10656869428777882,1.2359052123188787,1.868029180505616,1.1583355636080406,-0.09200157332287495,54.83521935371428,0.0383846535476,-0.009368719461344602,679,0,0.8070426317515915,1.2036031057333212,0.8,0.6852321046428281,0.6386430395291739
top20pct,83a4e238bd842f45e553,A,14,3d,1h,0.1,capped_rank,2192,0.8370088750947531,0.10656869428777882,1.2359052123188787,1.868029180505616,1.1583355636080406,-0.09200157332287495,54.83521935371428,0.0383846535476,-0.009368719461344602,679,0,0.8070426317515915,1.2036031057333212,0.8,0.6852321046428281,0.6386430395291739
top20pct,b0500b85492bc81bfaf4,A,14,3d,2h,0.1,capped_rank,2192,0.8370088750947531,0.10656869428777882,1.2359052123188787,1.868029180505616,1.1583355636080406,-0.09200157332287495,54.83521935371428,0.0383846535476,-0.009368719461344602,679,0,0.8070426317515915,1.2036031057333212,0.8,0.6852321046428281,0.6386430395291739
top20pct,c3d0138cc163f60f3492,A,14,3d,4h,0.1,capped_rank,2192,0.8370088750947531,0.10656869428777882,1.2359052123188787,1.868029180505616,1.1583355636080406,-0.09200157332287495,54.83521935371428,0.0383846535476,-0.009368719461344602,679,0,0.8070426317515915,1.2036031057333212,0.8,0.6852321046428281,0.6386430395291739
top20pct,74de649fc9b3e4b22581,A,14,3d,1d,0.1,capped_rank,2192,0.8370088750947531,0.10656869428777882,1.2359052123188787,1.868029180505616,1.1583355636080406,-0.09200157332287495,54.83521935371428,0.0383846535476,-0.009368719461344602,679,0,0.8070426317515915,1.2036031057333212,0.8,0.6852321046428281,0.6386430395291739
top8,ad84e68dfbfe03099438,A,14,6h,5m,0.2,equal,2192,1.168112774542465,0.13752915733262472,1.0364342658270733,1.3807758304124507,0.6868332484317342,-0.2002366042218383,148.27536655534848,0.10379275658874396,-0.08203324641734773,2004,0,1.0737999323045435,0.9806372793417405,0.8,0.6805897873619752,0.5293258022125336
top8,5902bfed4048cc1fe117,A,14,1d,5m,0.2,equal,2192,1.168112774542465,0.13752915733262472,1.0364342658270733,1.3807758304124507,0.6868332484317342,-0.2002366042218383,148.27536655534848,0.10379275658874396,-0.08203324641734773,2004,0,1.0737999323045435,0.9806372793417405,0.8,0.6805897873619752,0.5293258022125336
top8,4d3fdff9baa0821efc8c,A,14,12h,15m,0.2,equal,2192,1.168112774542465,0.13752915733262472,1.0364342658270733,1.3807758304124507,0.6868332484317342,-0.2002366042218383,148.27536655534848,0.10379275658874396,-0.08203324641734773,2004,0,1.0737999323045435,0.9806372793417405,0.8,0.6805897873619752,0.5293258022125336
top8,6a57e11b434ebf18809d,A,14,1d,15m,0.2,equal,2192,1.168112774542465,0.13752915733262472,1.0364342658270733,1.3807758304124507,0.6868332484317342,-0.2002366042218383,148.27536655534848,0.10379275658874396,-0.08203324641734773,2004,0,1.0737999323045435,0.9806372793417405,0.8,0.6805897873619752,0.5293258022125336
top8,813397116e705c8c0dc9,A,14,1d,30m,0.2,equal,2192,1.168112774542465,0.13752915733262472,1.0364342658270733,1.3807758304124507,0.6868332484317342,-0.2002366042218383,148.27536655534848,0.10379275658874396,-0.08203324641734773,2004,0,1.0737999323045435,0.9806372793417405,0.8,0.6805897873619752,0.5293258022125336
top8,7dcc995a826d54c52fcd,A,14,1d,1h,0.2,equal,2192,1.168112774542465,0.13752915733262472,1.0364342658270733,1.3807758304124507,0.6868332484317342,-0.2002366042218383,148.27536655534848,0.10379275658874396,-0.08203324641734773,2004,0,1.0737999323045435,0.9806372793417405,0.8,0.6805897873619752,0.5293258022125336
top8,70a232d0c30a3ac64305,A,14,1d,2h,0.2,equal,2192,1.168112774542465,0.13752915733262472,1.0364342658270733,1.3807758304124507,0.6868332484317342,-0.2002366042218383,148.27536655534848,0.10379275658874396,-0.08203324641734773,2004,0,1.0737999323045435,0.9806372793417405,0.8,0.6805897873619752,0.5293258022125336
top8,09a623fef7e759365e3a,A,14,1d,4h,0.2,equal,2192,1.168112774542465,0.13752915733262472,1.0364342658270733,1.3807758304124507,0.6868332484317342,-0.2002366042218383,148.27536655534848,0.10379275658874396,-0.08203324641734773,2004,0,1.0737999323045435,0.9806372793417405,0.8,0.6805897873619752,0.5293258022125336
top8,01fe5f5076b631a29f5d,A,14,6h,5m,0.15,equal,2192,0.8046399623379337,0.10329785255586366,1.0364342658270735,1.3807758304124509,0.6804438734436146,-0.15180951227187955,111.20652491651137,0.07784456744155795,-0.06152493481301079,2004,0,0.7454355297139277,0.9806372793417403,0.8,0.6805897873619752,0.5315138395488295
top8,dc111983c391b22b3109,A,14,1d,5m,0.15,equal,2192,0.8046399623379337,0.10329785255586366,1.0364342658270735,1.3807758304124509,0.6804438734436146,-0.15180951227187955,111.20652491651137,0.07784456744155795,-0.06152493481301079,2004,0,0.7454355297139277,0.9806372793417403,0.8,0.6805897873619752,0.5315138395488295
top8,0181cea0ad418599fd85,A,14,12h,15m,0.15,equal,2192,0.8046399623379337,0.10329785255586366,1.0364342658270735,1.3807758304124509,0.6804438734436146,-0.15180951227187955,111.20652491651137,0.07784456744155795,-0.06152493481301079,2004,0,0.7454355297139277,0.9806372793417403,0.8,0.6805897873619752,0.5315138395488295
top8,1b1942ae55c6be94248e,A,14,1d,15m,0.15,equal,2192,0.8046399623379337,0.10329785255586366,1.0364342658270735,1.3807758304124509,0.6804438734436146,-0.15180951227187955,111.20652491651137,0.07784456744155795,-0.06152493481301079,2004,0,0.7454355297139277,0.9806372793417403,0.8,0.6805897873619752,0.5315138395488295
top8,42f1fd9bf5b3646f19fb,A,14,1d,30m,0.15,equal,2192,0.8046399623379337,0.10329785255586366,1.0364342658270735,1.3807758304124509,0.6804438734436146,-0.15180951227187955,111.20652491651137,0.07784456744155795,-0.06152493481301079,2004,0,0.7454355297139277,0.9806372793417403,0.8,0.6805897873619752,0.5315138395488295
top8,8a36f597c96951138225,A,14,1d,1h,0.15,equal,2192,0.8046399623379337,0.10329785255586366,1.0364342658270735,1.3807758304124509,0.6804438734436146,-0.15180951227187955,111.20652491651137,0.07784456744155795,-0.06152493481301079,2004,0,0.7454355297139277,0.9806372793417403,0.8,0.6805897873619752,0.5315138395488295
top8,882ea7ab3f7c83d90398,A,14,1d,2h,0.15,equal,2192,0.8046399623379337,0.10329785255586366,1.0364342658270735,1.3807758304124509,0.6804438734436146,-0.15180951227187955,111.20652491651137,0.07784456744155795,-0.06152493481301079,2004,0,0.7454355297139277,0.9806372793417403,0.8,0.6805897873619752,0.5315138395488295
top8,2cac04832753365b2b51,A,14,1d,4h,0.15,equal,2192,0.8046399623379337,0.10329785255586366,1.0364342658270735,1.3807758304124509,0.6804438734436146,-0.15180951227187955,111.20652491651137,0.07784456744155795,-0.06152493481301079,2004,0,0.7454355297139277,0.9806372793417403,0.8,0.6805897873619752,0.5315138395488295
top8,8c233e89894b0d96f909,A,14,6h,5m,0.1,equal,2192,0.4921518244913672,0.06891311161861902,1.0364342658270733,1.3807758304124507,0.6742453888500005,-0.10220776108852281,74.13768327767424,0.05189637829437198,-0.041016623208673865,2004,0,0.4593342311115083,0.9806372793417405,0.8,0.6805897873619752,0.5330321313615999
top8,bd8857f161a864a68868,A,14,1d,5m,0.1,equal,2192,0.4921518244913672,0.06891311161861902,1.0364342658270733,1.3807758304124507,0.6742453888500005,-0.10220776108852281,74.13768327767424,0.05189637829437198,-0.041016623208673865,2004,0,0.4593342311115083,0.9806372793417405,0.8,0.6805897873619752,0.5330321313615999
top8,9b57adf464863cc87bc6,A,14,12h,15m,0.1,equal,2192,0.4921518244913672,0.06891311161861902,1.0364342658270733,1.3807758304124507,0.6742453888500005,-0.10220776108852281,74.13768327767424,0.05189637829437198,-0.041016623208673865,2004,0,0.4593342311115083,0.9806372793417405,0.8,0.6805897873619752,0.5330321313615999
top8,af5fcdc16bf077334ce6,A,14,1d,15m,0.1,equal,2192,0.4921518244913672,0.06891311161861902,1.0364342658270733,1.3807758304124507,0.6742453888500005,-0.10220776108852281,74.13768327767424,0.05189637829437198,-0.041016623208673865,2004,0,0.4593342311115083,0.9806372793417405,0.8,0.6805897873619752,0.5330321313615999
top8,3ae58399d152a52942e6,A,14,1d,30m,0.1,equal,2192,0.4921518244913672,0.06891311161861902,1.0364342658270733,1.3807758304124507,0.6742453888500005,-0.10220776108852281,74.13768327767424,0.05189637829437198,-0.041016623208673865,2004,0,0.4593342311115083,0.9806372793417405,0.8,0.6805897873619752,0.5330321313615999
top8,1fe518b09ab54983b3fe,A,14,1d,1h,0.1,equal,2192,0.4921518244913672,0.06891311161861902,1.0364342658270733,1.3807758304124507,0.6742453888500005,-0.10220776108852281,74.13768327767424,0.05189637829437198,-0.041016623208673865,2004,0,0.4593342311115083,0.9806372793417405,0.8,0.6805897873619752,0.5330321313615999
top8,4f5379eec436fccccca0,A,14,1d,2h,0.1,equal,2192,0.4921518244913672,0.06891311161861902,1.0364342658270733,1.3807758304124507,0.6742453888500005,-0.10220776108852281,74.13768327767424,0.05189637829437198,-0.041016623208673865,2004,0,0.4593342311115083,0.9806372793417405,0.8,0.6805897873619752,0.5330321313615999
top8,3f45423b3fac94ce008e,A,14,1d,4h,0.1,equal,2192,0.4921518244913672,0.06891311161861902,1.0364342658270733,1.3807758304124507,0.6742453888500005,-0.10220776108852281,74.13768327767424,0.05189637829437198,-0.041016623208673865,2004,0,0.4593342311115083,0.9806372793417405,0.8,0.6805897873619752,0.5330321313615999
top8,bbe7617330f1201abd2c,A,7,7d,1h,0.2,capped_rank,2192,0.4581185495184801,0.06481435700821647,0.48270174919137904,0.642218825774699,0.18294079270728145,-0.3542914406844413,84.83488777723227,0.059384421444062585,-0.08075853067127092,307,0,0.4214388484991618,0.4552736710689847,0.8,0.6761636987982528,0.566162630105865
top8,9d3c7a5b837e1414ac63,A,7,7d,2h,0.2,capped_rank,2192,0.4581185495184801,0.06481435700821647,0.48270174919137904,0.642218825774699,0.18294079270728145,-0.3542914406844413,84.83488777723227,0.059384421444062585,-0.08075853067127092,307,0,0.4214388484991618,0.4552736710689847,0.8,0.6761636987982528,0.566162630105865
top8,46dd6799d61fa98704dd,A,7,7d,4h,0.2,capped_rank,2192,0.4581185495184801,0.06481435700821647,0.48270174919137904,0.642218825774699,0.18294079270728145,-0.3542914406844413,84.83488777723227,0.059384421444062585,-0.08075853067127092,307,0,0.4214388484991618,0.4552736710689847,0.8,0.6761636987982528,0.566162630105865
top8,5dc592c8b25726d6cab9,A,7,7d,1d,0.2,capped_rank,2192,0.4581185495184801,0.06481435700821647,0.48270174919137904,0.642218825774699,0.18294079270728145,-0.3542914406844413,84.83488777723227,0.059384421444062585,-0.08075853067127092,307,0,0.4214388484991618,0.4552736710689847,0.8,0.6761636987982528,0.566162630105865
top8,bdf9f27d8a593b61e823,A,7,7d,1h,0.15,capped_rank,2192,0.3422334192263836,0.050231973852263856,0.47788550353404263,0.6363551303776168,0.18097262045813936,-0.2775667044279937,64.33684474089046,0.04503579131862332,-0.06002071103659284,307,0,0.31655541856910996,0.45029105844788037,0.8,0.6760401157831519,0.5667818435869324
top8,343589b9ca780a5de433,A,7,7d,2h,0.15,capped_rank,2192,0.3422334192263836,0.050231973852263856,0.47788550353404263,0.6363551303776168,0.18097262045813936,-0.2775667044279937,64.33684474089046,0.04503579131862332,-0.06002071103659284,307,0,0.31655541856910996,0.45029105844788037,0.8,0.6760401157831519,0.5667818435869324
top8,645affdb56bea834394c,A,7,7d,4h,0.15,capped_rank,2192,0.3422334192263836,0.050231973852263856,0.47788550353404263,0.6363551303776168,0.18097262045813936,-0.2775667044279937,64.33684474089046,0.04503579131862332,-0.06002071103659284,307,0,0.31655541856910996,0.45029105844788037,0.8,0.6760401157831519,0.5667818435869324
top8,4876651527747b5a0f25,A,7,7d,1d,0.15,capped_rank,2192,0.3422334192263836,0.050231973852263856,0.47788550353404263,0.6363551303776168,0.18097262045813936,-0.2775667044279937,64.33684474089046,0.04503579131862332,-0.06002071103659284,307,0,0.31655541856910996,0.45029105844788037,0.8,0.6760401157831519,0.5667818435869324
top8,ee6e8450c5318d94789b,A,7,7d,1h,0.1,capped_rank,2192,0.2212887293331367,0.03384759681504623,0.4633476489880045,0.6155068858203209,0.17452611919787805,-0.1939400072070001,43.57199204154419,0.030500394429080938,-0.03930903477105439,307,0,0.2054200060280269,0.4355253619380615,0.8,0.6760401157831518,0.5667433253350395
top8,76a7748e0c13a165b61b,A,7,7d,2h,0.1,capped_rank,2192,0.2212887293331367,0.03384759681504623,0.4633476489880045,0.6155068858203209,0.17452611919787805,-0.1939400072070001,43.57199204154419,0.030500394429080938,-0.03930903477105439,307,0,0.2054200060280269,0.4355253619380615,0.8,0.6760401157831518,0.5667433253350395
top8,dea6c2c011841eb8fa1a,A,7,7d,4h,0.1,capped_rank,2192,0.2212887293331367,0.03384759681504623,0.4633476489880045,0.6155068858203209,0.17452611919787805,-0.1939400072070001,43.57199204154419,0.030500394429080938,-0.03930903477105439,307,0,0.2054200060280269,0.4355253619380615,0.8,0.6760401157831518,0.5667433253350395
top8,28464e5f8c78f8c02675,A,7,7d,1d,0.1,capped_rank,2192,0.2212887293331367,0.03384759681504623,0.4633476489880045,0.6155068858203209,0.17452611919787805,-0.1939400072070001,43.57199204154419,0.030500394429080938,-0.03930903477105439,307,0,0.2054200060280269,0.4355253619380615,0.8,0.6760401157831518,0.5667433253350395
top20pct,3619aa9a3ff103378d93,A,14,3d,30m,0.2,capped_rank,2192,2.176049422818613,0.21219239287597835,1.2406447045634577,1.8849823416245957,1.2754249995571023,-0.16636994958516826,105.14005576703494,0.07359803903692445,-0.02307708439077956,674,0,2.0774851918991053,1.2090676760196273,0.8,0.6726459730764016,0.6198600908794477
top20pct,8b54b468c5e267dd0282,A,14,3d,1h,0.2,capped_rank,2192,2.176049422818613,0.21219239287597835,1.2406447045634577,1.8849823416245957,1.2754249995571023,-0.16636994958516826,105.14005576703494,0.07359803903692445,-0.02307708439077956,674,0,2.0774851918991053,1.2090676760196273,0.8,0.6726459730764016,0.6198600908794477
top20pct,caec758792131f217fe4,A,14,3d,2h,0.2,capped_rank,2192,2.176049422818613,0.21219239287597835,1.2406447045634577,1.8849823416245957,1.2754249995571023,-0.16636994958516826,105.14005576703494,0.07359803903692445,-0.02307708439077956,674,0,2.0774851918991053,1.2090676760196273,0.8,0.6726459730764016,0.6198600908794477
top20pct,ff3a87530c90385abb9e,A,14,3d,4h,0.2,capped_rank,2192,2.176049422818613,0.21219239287597835,1.2406447045634577,1.8849823416245957,1.2754249995571023,-0.16636994958516826,105.14005576703494,0.07359803903692445,-0.02307708439077956,674,0,2.0774851918991053,1.2090676760196273,0.8,0.6726459730764016,0.6198600908794477
top20pct,693a8dd9fba769b8c32e,A,14,3d,1d,0.2,capped_rank,2192,2.176049422818613,0.21219239287597835,1.2406447045634577,1.8849823416245957,1.2754249995571023,-0.16636994958516826,105.14005576703494,0.07359803903692445,-0.02307708439077956,674,0,2.0774851918991053,1.2090676760196273,0.8,0.6726459730764016,0.6198600908794477
top2,b4e5ab3d331c68082ecc,A,7,6h,5m,0.2,capped_rank,2192,1.8222945609888064,0.18858944024467617,0.9952439871101083,1.609041740969661,0.6978394126555931,-0.2702476197596929,254.35305244180657,0.1780471367092646,-0.037160116308118246,1980,0,1.6148967073927856,0.928855323808495,0.8,0.6624188192632988,0.6395722459550929
top2,5aa6929a8c5173b06d1b,A,7,1d,5m,0.2,capped_rank,2192,1.8222945609888064,0.18858944024467617,0.9952439871101083,1.609041740969661,0.6978394126555931,-0.2702476197596929,254.35305244180657,0.1780471367092646,-0.037160116308118246,1980,0,1.6148967073927856,0.928855323808495,0.8,0.6624188192632988,0.6395722459550929
top2,117b8ccf38f55a165695,A,7,12h,15m,0.2,capped_rank,2192,1.8222945609888064,0.18858944024467617,0.9952439871101083,1.609041740969661,0.6978394126555931,-0.2702476197596929,254.35305244180657,0.1780471367092646,-0.037160116308118246,1980,0,1.6148967073927856,0.928855323808495,0.8,0.6624188192632988,0.6395722459550929
top2,d350cb302136b35741ee,A,7,1d,15m,0.2,capped_rank,2192,1.8222945609888064,0.18858944024467617,0.9952439871101083,1.609041740969661,0.6978394126555931,-0.2702476197596929,254.35305244180657,0.1780471367092646,-0.037160116308118246,1980,0,1.6148967073927856,0.928855323808495,0.8,0.6624188192632988,0.6395722459550929
top2,4e7c2d49bf40d017df84,A,7,1d,30m,0.2,capped_rank,2192,1.8222945609888064,0.18858944024467617,0.9952439871101083,1.609041740969661,0.6978394126555931,-0.2702476197596929,254.35305244180657,0.1780471367092646,-0.037160116308118246,1980,0,1.6148967073927856,0.928855323808495,0.8,0.6624188192632988,0.6395722459550929
top2,37f9e71c99c3f7251def,A,7,1d,1h,0.2,capped_rank,2192,1.8222945609888064,0.18858944024467617,0.9952439871101083,1.609041740969661,0.6978394126555931,-0.2702476197596929,254.35305244180657,0.1780471367092646,-0.037160116308118246,1980,0,1.6148967073927856,0.928855323808495,0.8,0.6624188192632988,0.6395722459550929
top2,7e01eb5e769a57bf0412,A,7,1d,2h,0.2,capped_rank,2192,1.8222945609888064,0.18858944024467617,0.9952439871101083,1.609041740969661,0.6978394126555931,-0.2702476197596929,254.35305244180657,0.1780471367092646,-0.037160116308118246,1980,0,1.6148967073927856,0.928855323808495,0.8,0.6624188192632988,0.6395722459550929
top2,e2f6248e6b398b42849c,A,7,1d,4h,0.2,capped_rank,2192,1.8222945609888064,0.18858944024467617,0.9952439871101083,1.609041740969661,0.6978394126555931,-0.2702476197596929,254.35305244180657,0.1780471367092646,-0.037160116308118246,1980,0,1.6148967073927856,0.928855323808495,0.8,0.6624188192632988,0.6395722459550929
top4,aefe78504231e54581f8,A,90,6h,5m,0.15,inverse_vol,2192,0.6404128233368971,0.0859075143515513,1.0164820499578062,1.4057842196949197,0.4143716045399095,-0.20731998382692574,37.141902115482495,0.02599933148083775,-0.05086109887110085,1935,0,0.6222349336371167,0.99448670429179,0.8,0.6476473964091956,0.724566909810657
top4,39f5a25782a19709773f,A,90,1d,5m,0.15,inverse_vol,2192,0.6404128233368971,0.0859075143515513,1.0164820499578062,1.4057842196949197,0.4143716045399095,-0.20731998382692574,37.141902115482495,0.02599933148083775,-0.05086109887110085,1935,0,0.6222349336371167,0.99448670429179,0.8,0.6476473964091956,0.724566909810657
top4,64435bcd13ff238194dd,A,90,12h,15m,0.15,inverse_vol,2192,0.6404128233368971,0.0859075143515513,1.0164820499578062,1.4057842196949197,0.4143716045399095,-0.20731998382692574,37.141902115482495,0.02599933148083775,-0.05086109887110085,1935,0,0.6222349336371167,0.99448670429179,0.8,0.6476473964091956,0.724566909810657
top4,26afdc7df3d0a742d1d9,A,90,1d,15m,0.15,inverse_vol,2192,0.6404128233368971,0.0859075143515513,1.0164820499578062,1.4057842196949197,0.4143716045399095,-0.20731998382692574,37.141902115482495,0.02599933148083775,-0.05086109887110085,1935,0,0.6222349336371167,0.99448670429179,0.8,0.6476473964091956,0.724566909810657
top4,722cc9c64466ae155444,A,90,1d,30m,0.15,inverse_vol,2192,0.6404128233368971,0.0859075143515513,1.0164820499578062,1.4057842196949197,0.4143716045399095,-0.20731998382692574,37.141902115482495,0.02599933148083775,-0.05086109887110085,1935,0,0.6222349336371167,0.99448670429179,0.8,0.6476473964091956,0.724566909810657
top4,63c4ecdd32654c1f2a6a,A,90,1d,1h,0.15,inverse_vol,2192,0.6404128233368971,0.0859075143515513,1.0164820499578062,1.4057842196949197,0.4143716045399095,-0.20731998382692574,37.141902115482495,0.02599933148083775,-0.05086109887110085,1935,0,0.6222349336371167,0.99448670429179,0.8,0.6476473964091956,0.724566909810657
top4,761e16a3be05913b1e60,A,90,1d,2h,0.15,inverse_vol,2192,0.6404128233368971,0.0859075143515513,1.0164820499578062,1.4057842196949197,0.4143716045399095,-0.20731998382692574,37.141902115482495,0.02599933148083775,-0.05086109887110085,1935,0,0.6222349336371167,0.99448670429179,0.8,0.6476473964091956,0.724566909810657
top4,94fc971b14308375d653,A,90,1d,4h,0.15,inverse_vol,2192,0.6404128233368971,0.0859075143515513,1.0164820499578062,1.4057842196949197,0.4143716045399095,-0.20731998382692574,37.141902115482495,0.02599933148083775,-0.05086109887110085,1935,0,0.6222349336371167,0.99448670429179,0.8,0.6476473964091956,0.724566909810657
top4,e511a7d5fce66775e4f8,A,90,6h,5m,0.2,inverse_vol,2192,0.9162521560216985,0.11437789999159653,1.0164820499578064,1.40578421969492,0.42611302094010406,-0.2684215087801175,49.52253615397667,0.03466577530778367,-0.06781479849480113,1935,0,0.887991000318701,0.9944867042917903,0.8,0.6476473964091951,0.7186613169175345
top4,facbb189503f105cf924,A,90,1d,5m,0.2,inverse_vol,2192,0.9162521560216985,0.11437789999159653,1.0164820499578064,1.40578421969492,0.42611302094010406,-0.2684215087801175,49.52253615397667,0.03466577530778367,-0.06781479849480113,1935,0,0.887991000318701,0.9944867042917903,0.8,0.6476473964091951,0.7186613169175345
top4,ed67da4f43333749cc88,A,90,12h,15m,0.2,inverse_vol,2192,0.9162521560216985,0.11437789999159653,1.0164820499578064,1.40578421969492,0.42611302094010406,-0.2684215087801175,49.52253615397667,0.03466577530778367,-0.06781479849480113,1935,0,0.887991000318701,0.9944867042917903,0.8,0.6476473964091951,0.7186613169175345
top4,7b1d0f597ba8287cfe80,A,90,1d,15m,0.2,inverse_vol,2192,0.9162521560216985,0.11437789999159653,1.0164820499578064,1.40578421969492,0.42611302094010406,-0.2684215087801175,49.52253615397667,0.03466577530778367,-0.06781479849480113,1935,0,0.887991000318701,0.9944867042917903,0.8,0.6476473964091951,0.7186613169175345
top4,9c65f5d12de9140a67cc,A,90,1d,30m,0.2,inverse_vol,2192,0.9162521560216985,0.11437789999159653,1.0164820499578064,1.40578421969492,0.42611302094010406,-0.2684215087801175,49.52253615397667,0.03466577530778367,-0.06781479849480113,1935,0,0.887991000318701,0.9944867042917903,0.8,0.6476473964091951,0.7186613169175345
top4,6b40f30a34236e0f9cae,A,90,1d,1h,0.2,inverse_vol,2192,0.9162521560216985,0.11437789999159653,1.0164820499578064,1.40578421969492,0.42611302094010406,-0.2684215087801175,49.52253615397667,0.03466577530778367,-0.06781479849480113,1935,0,0.887991000318701,0.9944867042917903,0.8,0.6476473964091951,0.7186613169175345
top4,aedeb909eac44f681a01,A,90,1d,2h,0.2,inverse_vol,2192,0.9162521560216985,0.11437789999159653,1.0164820499578064,1.40578421969492,0.42611302094010406,-0.2684215087801175,49.52253615397667,0.03466577530778367,-0.06781479849480113,1935,0,0.887991000318701,0.9944867042917903,0.8,0.6476473964091951,0.7186613169175345
top4,a50d99ef74ae8a0e7e44,A,90,1d,4h,0.2,inverse_vol,2192,0.9162521560216985,0.11437789999159653,1.0164820499578064,1.40578421969492,0.42611302094010406,-0.2684215087801175,49.52253615397667,0.03466577530778367,-0.06781479849480113,1935,0,0.887991000318701,0.9944867042917903,0.8,0.6476473964091951,0.7186613169175345
top4,a7f98acf99a588129a3f,A,90,6h,5m,0.1,inverse_vol,2192,0.3975876132326148,0.05732313005055634,1.0164820499578064,1.40578421969492,0.40281719469114063,-0.14230556889337542,24.761268076988333,0.017332887653891835,-0.03390739924740056,1935,0,0.3872439789297999,0.9944867042917903,0.8,0.6476473964091951,0.7299276336537035
top4,e61f2439aa9ef009214a,A,90,1d,5m,0.1,inverse_vol,2192,0.3975876132326148,0.05732313005055634,1.0164820499578064,1.40578421969492,0.40281719469114063,-0.14230556889337542,24.761268076988333,0.017332887653891835,-0.03390739924740056,1935,0,0.3872439789297999,0.9944867042917903,0.8,0.6476473964091951,0.7299276336537035
top4,c779735d9a8ad55de354,A,90,12h,15m,0.1,inverse_vol,2192,0.3975876132326148,0.05732313005055634,1.0164820499578064,1.40578421969492,0.40281719469114063,-0.14230556889337542,24.761268076988333,0.017332887653891835,-0.03390739924740056,1935,0,0.3872439789297999,0.9944867042917903,0.8,0.6476473964091951,0.7299276336537035
top4,8a47b6e7e4987850ed74,A,90,1d,15m,0.1,inverse_vol,2192,0.3975876132326148,0.05732313005055634,1.0164820499578064,1.40578421969492,0.40281719469114063,-0.14230556889337542,24.761268076988333,0.017332887653891835,-0.03390739924740056,1935,0,0.3872439789297999,0.9944867042917903,0.8,0.6476473964091951,0.7299276336537035
top4,db198db384eacdabd929,A,90,1d,30m,0.1,inverse_vol,2192,0.3975876132326148,0.05732313005055634,1.0164820499578064,1.40578421969492,0.40281719469114063,-0.14230556889337542,24.761268076988333,0.017332887653891835,-0.03390739924740056,1935,0,0.3872439789297999,0.9944867042917903,0.8,0.6476473964091951,0.7299276336537035
top4,cd8677c6673e0125811f,A,90,1d,1h,0.1,inverse_vol,2192,0.3975876132326148,0.05732313005055634,1.0164820499578064,1.40578421969492,0.40281719469114063,-0.14230556889337542,24.761268076988333,0.017332887653891835,-0.03390739924740056,1935,0,0.3872439789297999,0.9944867042917903,0.8,0.6476473964091951,0.7299276336537035
top4,b121e7e7fa0bc24ec6d1,A,90,1d,2h,0.1,inverse_vol,2192,0.3975876132326148,0.05732313005055634,1.0164820499578064,1.40578421969492,0.40281719469114063,-0.14230556889337542,24.761268076988333,0.017332887653891835,-0.03390739924740056,1935,0,0.3872439789297999,0.9944867042917903,0.8,0.6476473964091951,0.7299276336537035
top4,6ddbdfedb0e8ae945e88,A,90,1d,4h,0.1,inverse_vol,2192,0.3975876132326148,0.05732313005055634,1.0164820499578064,1.40578421969492,0.40281719469114063,-0.14230556889337542,24.761268076988333,0.017332887653891835,-0.03390739924740056,1935,0,0.3872439789297999,0.9944867042917903,0.8,0.6476473964091951,0.7299276336537035
top8,d44b0e76b1de60653f43,A,90,3d,30m,0.2,equal,2192,1.0123199774154896,0.12349201596693526,0.9358918060159954,1.2311461843171083,0.4036886404566151,-0.30590906850203303,35.955722171795145,0.025169005520256603,-0.0934638332241242,649,0,0.9907426328478257,0.9225174000645251,0.8,0.637159535835421,0.7062583092446574
top8,74fd1a8c7b98886a37b1,A,90,3d,1h,0.2,equal,2192,1.0123199774154896,0.12349201596693526,0.9358918060159954,1.2311461843171083,0.4036886404566151,-0.30590906850203303,35.955722171795145,0.025169005520256603,-0.0934638332241242,649,0,0.9907426328478257,0.9225174000645251,0.8,0.637159535835421,0.7062583092446574
top8,f1865ffa275288279d24,A,90,3d,2h,0.2,equal,2192,1.0123199774154896,0.12349201596693526,0.9358918060159954,1.2311461843171083,0.4036886404566151,-0.30590906850203303,35.955722171795145,0.025169005520256603,-0.0934638332241242,649,0,0.9907426328478257,0.9225174000645251,0.8,0.637159535835421,0.7062583092446574
top8,ffea696f95a009cf39e1,A,90,3d,4h,0.2,equal,2192,1.0123199774154896,0.12349201596693526,0.9358918060159954,1.2311461843171083,0.4036886404566151,-0.30590906850203303,35.955722171795145,0.025169005520256603,-0.0934638332241242,649,0,0.9907426328478257,0.9225174000645251,0.8,0.637159535835421,0.7062583092446574
top8,2d2ccdfee49bf1e92d3a,A,90,3d,1d,0.2,equal,2192,1.0123199774154896,0.12349201596693526,0.9358918060159954,1.2311461843171083,0.4036886404566151,-0.30590906850203303,35.955722171795145,0.025169005520256603,-0.0934638332241242,649,0,0.9907426328478257,0.9225174000645251,0.8,0.637159535835421,0.7062583092446574
top8,14b7335b2c8f13b4e619,A,90,3d,30m,0.1,equal,2192,0.43783468669780046,0.06233341848954743,0.9358918060159954,1.2311461843171083,0.38079603823358626,-0.16369240283773945,17.977861085897572,0.012584502760128301,-0.0467319166120621,649,0,0.43010313313128656,0.9225174000645251,0.8,0.637159535835421,0.7226402662446866
top8,4b76f711b69c7eeb211c,A,90,3d,1h,0.1,equal,2192,0.43783468669780046,0.06233341848954743,0.9358918060159954,1.2311461843171083,0.38079603823358626,-0.16369240283773945,17.977861085897572,0.012584502760128301,-0.0467319166120621,649,0,0.43010313313128656,0.9225174000645251,0.8,0.637159535835421,0.7226402662446866
top8,2c2d925266acc49408fe,A,90,3d,2h,0.1,equal,2192,0.43783468669780046,0.06233341848954743,0.9358918060159954,1.2311461843171083,0.38079603823358626,-0.16369240283773945,17.977861085897572,0.012584502760128301,-0.0467319166120621,649,0,0.43010313313128656,0.9225174000645251,0.8,0.637159535835421,0.7226402662446866
top8,3289e981027751e238e6,A,90,3d,4h,0.1,equal,2192,0.43783468669780046,0.06233341848954743,0.9358918060159954,1.2311461843171083,0.38079603823358626,-0.16369240283773945,17.977861085897572,0.012584502760128301,-0.0467319166120621,649,0,0.43010313313128656,0.9225174000645251,0.8,0.637159535835421,0.7226402662446866
top8,cfdf5ea0f0f8e46f7f7e,A,90,3d,1d,0.1,equal,2192,0.43783468669780046,0.06233341848954743,0.9358918060159954,1.2311461843171083,0.38079603823358626,-0.16369240283773945,17.977861085897572,0.012584502760128301,-0.0467319166120621,649,0,0.43010313313128656,0.9225174000645251,0.8,0.637159535835421,0.7226402662446866
top8,93d40214b0c5998e08cb,A,90,3d,30m,0.15,equal,2192,0.706739103819604,0.09309829759931887,0.9358918060159958,1.2311461843171085,0.39218767443427177,-0.23738200781963015,26.966791628846355,0.01887675414019245,-0.07009787491809313,649,0,0.6929932737379403,0.9225174000645249,0.8,0.6371595358354208,0.7147939988612868
top8,ca1b514a9f1c0b59d89b,A,90,3d,1h,0.15,equal,2192,0.706739103819604,0.09309829759931887,0.9358918060159958,1.2311461843171085,0.39218767443427177,-0.23738200781963015,26.966791628846355,0.01887675414019245,-0.07009787491809313,649,0,0.6929932737379403,0.9225174000645249,0.8,0.6371595358354208,0.7147939988612868
top8,142b0f13817b8205bc65,A,90,3d,2h,0.15,equal,2192,0.706739103819604,0.09309829759931887,0.9358918060159958,1.2311461843171085,0.39218767443427177,-0.23738200781963015,26.966791628846355,0.01887675414019245,-0.07009787491809313,649,0,0.6929932737379403,0.9225174000645249,0.8,0.6371595358354208,0.7147939988612868
top8,5b586758817ce35e2fe7,A,90,3d,4h,0.15,equal,2192,0.706739103819604,0.09309829759931887,0.9358918060159958,1.2311461843171085,0.39218767443427177,-0.23738200781963015,26.966791628846355,0.01887675414019245,-0.07009787491809313,649,0,0.6929932737379403,0.9225174000645249,0.8,0.6371595358354208,0.7147939988612868
top8,e08e6c32ce1b2dae1d0c,A,90,3d,1d,0.15,equal,2192,0.706739103819604,0.09309829759931887,0.9358918060159958,1.2311461843171085,0.39218767443427177,-0.23738200781963015,26.966791628846355,0.01887675414019245,-0.07009787491809313,649,0,0.6929932737379403,0.9225174000645249,0.8,0.6371595358354208,0.7147939988612868
top8,43f6d052e76380cf04e9,A,7,7d,1h,0.15,inverse_vol,2192,0.4348624417036624,0.06196743351772893,0.6053983920899331,0.7801882836858036,0.2377802896194501,-0.2606079486945838,57.778258926054306,0.04044478124823802,-0.0745908316071604,307,0,0.4101895389319252,0.5788477625867098,0.8,0.6348509331829554,0.464121075933333
top8,34cb263301ff943a1342,A,7,7d,2h,0.15,inverse_vol,2192,0.4348624417036624,0.06196743351772893,0.6053983920899331,0.7801882836858036,0.2377802896194501,-0.2606079486945838,57.778258926054306,0.04044478124823802,-0.0745908316071604,307,0,0.4101895389319252,0.5788477625867098,0.8,0.6348509331829554,0.464121075933333
top8,07e9af486d4434c673ca,A,7,7d,4h,0.15,inverse_vol,2192,0.4348624417036624,0.06196743351772893,0.6053983920899331,0.7801882836858036,0.2377802896194501,-0.2606079486945838,57.778258926054306,0.04044478124823802,-0.0745908316071604,307,0,0.4101895389319252,0.5788477625867098,0.8,0.6348509331829554,0.464121075933333
top8,de053b3e8b7c3e8d1e47,A,7,7d,1d,0.15,inverse_vol,2192,0.4348624417036624,0.06196743351772893,0.6053983920899331,0.7801882836858036,0.2377802896194501,-0.2606079486945838,57.778258926054306,0.04044478124823802,-0.0745908316071604,307,0,0.4101895389319252,0.5788477625867098,0.8,0.6348509331829554,0.464121075933333
top8,671d40f50f4850dca4d8,A,7,7d,1h,0.2,inverse_vol,2192,0.5927889238251791,0.08059336356895419,0.605398392089933,0.7801882836858033,0.24046026041540872,-0.3351629222630159,77.03767856807242,0.05392637499765069,-0.09945444214288052,307,0,0.5563675343586849,0.5788477625867097,0.8,0.634850933182955,0.46212751835332677
top8,e78926335b0e2ea28551,A,7,7d,2h,0.2,inverse_vol,2192,0.5927889238251791,0.08059336356895419,0.605398392089933,0.7801882836858033,0.24046026041540872,-0.3351629222630159,77.03767856807242,0.05392637499765069,-0.09945444214288052,307,0,0.5563675343586849,0.5788477625867097,0.8,0.634850933182955,0.46212751835332677
top8,1dca9ca1dfbec0f01e4a,A,7,7d,4h,0.2,inverse_vol,2192,0.5927889238251791,0.08059336356895419,0.605398392089933,0.7801882836858033,0.24046026041540872,-0.3351629222630159,77.03767856807242,0.05392637499765069,-0.09945444214288052,307,0,0.5563675343586849,0.5788477625867097,0.8,0.634850933182955,0.46212751835332677
top8,100c355f79677e0a8d6a,A,7,7d,1d,0.2,inverse_vol,2192,0.5927889238251791,0.08059336356895419,0.605398392089933,0.7801882836858033,0.24046026041540872,-0.3351629222630159,77.03767856807242,0.05392637499765069,-0.09945444214288052,307,0,0.5563675343586849,0.5788477625867097,0.8,0.634850933182955,0.46212751835332677
top8,4a2ada3e09be469bead2,A,7,7d,1h,0.1,inverse_vol,2192,0.28232990977077943,0.042277922606238416,0.605398392089933,0.7801882836858033,0.23485508490525744,-0.18001706296158626,38.51883928403621,0.026963187498825345,-0.04972722107144026,307,0,0.26759074123161386,0.5788477625867097,0.8,0.634850933182955,0.465368860251498
top8,4a3ac0ceebd461f8addd,A,7,7d,2h,0.1,inverse_vol,2192,0.28232990977077943,0.042277922606238416,0.605398392089933,0.7801882836858033,0.23485508490525744,-0.18001706296158626,38.51883928403621,0.026963187498825345,-0.04972722107144026,307,0,0.26759074123161386,0.5788477625867097,0.8,0.634850933182955,0.465368860251498
top8,04a9171f9948ec1da883,A,7,7d,4h,0.1,inverse_vol,2192,0.28232990977077943,0.042277922606238416,0.605398392089933,0.7801882836858033,0.23485508490525744,-0.18001706296158626,38.51883928403621,0.026963187498825345,-0.04972722107144026,307,0,0.26759074123161386,0.5788477625867097,0.8,0.634850933182955,0.465368860251498
top8,1e90c0f6a513c3dac86a,A,7,7d,1d,0.1,inverse_vol,2192,0.28232990977077943,0.042277922606238416,0.605398392089933,0.7801882836858033,0.23485508490525744,-0.18001706296158626,38.51883928403621,0.026963187498825345,-0.04972722107144026,307,0,0.26759074123161386,0.5788477625867097,0.8,0.634850933182955,0.465368860251498
top4,ce8aab2f82ab40cf6dcd,A,7,6h,5m,0.15,equal,2192,0.49497778667287395,0.06924993756539544,0.8014376693320225,1.1467598254403195,0.5344579476733974,-0.12957041403697767,128.82520095466077,0.09017764066826256,-0.040719726497135275,2023,0,0.4382984832345398,0.7285219074643667,0.6,0.6301944787235256,0.5155895583612153
top4,bf9c2d50b4871ac0bb2b,A,7,1d,5m,0.15,equal,2192,0.49497778667287395,0.06924993756539544,0.8014376693320225,1.1467598254403195,0.5344579476733974,-0.12957041403697767,128.82520095466077,0.09017764066826256,-0.040719726497135275,2023,0,0.4382984832345398,0.7285219074643667,0.6,0.6301944787235256,0.5155895583612153
top4,eb6f649cc6c73226dcab,A,7,12h,15m,0.15,equal,2192,0.49497778667287395,0.06924993756539544,0.8014376693320225,1.1467598254403195,0.5344579476733974,-0.12957041403697767,128.82520095466077,0.09017764066826256,-0.040719726497135275,2023,0,0.4382984832345398,0.7285219074643667,0.6,0.6301944787235256,0.5155895583612153
top4,693501687a6c912a47d2,A,7,1d,15m,0.15,equal,2192,0.49497778667287395,0.06924993756539544,0.8014376693320225,1.1467598254403195,0.5344579476733974,-0.12957041403697767,128.82520095466077,0.09017764066826256,-0.040719726497135275,2023,0,0.4382984832345398,0.7285219074643667,0.6,0.6301944787235256,0.5155895583612153
top4,e2eec3b07a44a6b36241,A,7,1d,30m,0.15,equal,2192,0.49497778667287395,0.06924993756539544,0.8014376693320225,1.1467598254403195,0.5344579476733974,-0.12957041403697767,128.82520095466077,0.09017764066826256,-0.040719726497135275,2023,0,0.4382984832345398,0.7285219074643667,0.6,0.6301944787235256,0.5155895583612153
top4,91102c3ae6360a20612f,A,7,1d,1h,0.15,equal,2192,0.49497778667287395,0.06924993756539544,0.8014376693320225,1.1467598254403195,0.5344579476733974,-0.12957041403697767,128.82520095466077,0.09017764066826256,-0.040719726497135275,2023,0,0.4382984832345398,0.7285219074643667,0.6,0.6301944787235256,0.5155895583612153
top4,ef9198a4514352b0dd36,A,7,1d,2h,0.15,equal,2192,0.49497778667287395,0.06924993756539544,0.8014376693320225,1.1467598254403195,0.5344579476733974,-0.12957041403697767,128.82520095466077,0.09017764066826256,-0.040719726497135275,2023,0,0.4382984832345398,0.7285219074643667,0.6,0.6301944787235256,0.5155895583612153
top4,98233fcd765c5ca44850,A,7,1d,4h,0.15,equal,2192,0.49497778667287395,0.06924993756539544,0.8014376693320225,1.1467598254403195,0.5344579476733974,-0.12957041403697767,128.82520095466077,0.09017764066826256,-0.040719726497135275,2023,0,0.4382984832345398,0.7285219074643667,0.6,0.6301944787235256,0.5155895583612153
top4,859332769d06dda8aeb9,A,7,6h,5m,0.2,equal,2192,0.6916718206317012,0.09148548893741304,0.8014376693320223,1.146759825440319,0.5403244016517716,-0.16931585665526472,171.76693460621442,0.12023685422435008,-0.05429296866284704,2023,0,0.6066982199516695,0.7285219074643666,0.6,0.6301944787235253,0.5136734890730925
top4,bb4c776a5d9cf4bae09d,A,7,1d,5m,0.2,equal,2192,0.6916718206317012,0.09148548893741304,0.8014376693320223,1.146759825440319,0.5403244016517716,-0.16931585665526472,171.76693460621442,0.12023685422435008,-0.05429296866284704,2023,0,0.6066982199516695,0.7285219074643666,0.6,0.6301944787235253,0.5136734890730925
top4,08017ebba1b5e46787c5,A,7,12h,15m,0.2,equal,2192,0.6916718206317012,0.09148548893741304,0.8014376693320223,1.146759825440319,0.5403244016517716,-0.16931585665526472,171.76693460621442,0.12023685422435008,-0.05429296866284704,2023,0,0.6066982199516695,0.7285219074643666,0.6,0.6301944787235253,0.5136734890730925
top4,22baa84b4f03425bf5fb,A,7,1d,15m,0.2,equal,2192,0.6916718206317012,0.09148548893741304,0.8014376693320223,1.146759825440319,0.5403244016517716,-0.16931585665526472,171.76693460621442,0.12023685422435008,-0.05429296866284704,2023,0,0.6066982199516695,0.7285219074643666,0.6,0.6301944787235253,0.5136734890730925
top4,0e01a0bb66e13a94199f,A,7,1d,30m,0.2,equal,2192,0.6916718206317012,0.09148548893741304,0.8014376693320223,1.146759825440319,0.5403244016517716,-0.16931585665526472,171.76693460621442,0.12023685422435008,-0.05429296866284704,2023,0,0.6066982199516695,0.7285219074643666,0.6,0.6301944787235253,0.5136734890730925
top4,3e9775ba1fb338397e24,A,7,1d,1h,0.2,equal,2192,0.6916718206317012,0.09148548893741304,0.8014376693320223,1.146759825440319,0.5403244016517716,-0.16931585665526472,171.76693460621442,0.12023685422435008,-0.05429296866284704,2023,0,0.6066982199516695,0.7285219074643666,0.6,0.6301944787235253,0.5136734890730925
top4,798dd45e4d326592b953,A,7,1d,2h,0.2,equal,2192,0.6916718206317012,0.09148548893741304,0.8014376693320223,1.146759825440319,0.5403244016517716,-0.16931585665526472,171.76693460621442,0.12023685422435008,-0.05429296866284704,2023,0,0.6066982199516695,0.7285219074643666,0.6,0.6301944787235253,0.5136734890730925
top4,f4075ec7a98a701c3ea1,A,7,1d,4h,0.2,equal,2192,0.6916718206317012,0.09148548893741304,0.8014376693320223,1.146759825440319,0.5403244016517716,-0.16931585665526472,171.76693460621442,0.12023685422435008,-0.05429296866284704,2023,0,0.6066982199516695,0.7285219074643666,0.6,0.6301944787235253,0.5136734890730925
top4,9f8c5c93b0ec85b2109f,A,7,6h,5m,0.1,equal,2192,0.3142849688615341,0.04655857698098309,0.8014376693320223,1.146759825440319,0.5282158042864098,-0.08814309720225266,85.88346730310721,0.06011842711217504,-0.02714648433142352,2023,0,0.2808533789360419,0.7285219074643666,0.6,0.6301944787235253,0.5169239064947664
top4,09daf0a668a44b82e623,A,7,1d,5m,0.1,equal,2192,0.3142849688615341,0.04655857698098309,0.8014376693320223,1.146759825440319,0.5282158042864098,-0.08814309720225266,85.88346730310721,0.06011842711217504,-0.02714648433142352,2023,0,0.2808533789360419,0.7285219074643666,0.6,0.6301944787235253,0.5169239064947664
top4,1823c4d2d500b3bbb630,A,7,12h,15m,0.1,equal,2192,0.3142849688615341,0.04655857698098309,0.8014376693320223,1.146759825440319,0.5282158042864098,-0.08814309720225266,85.88346730310721,0.06011842711217504,-0.02714648433142352,2023,0,0.2808533789360419,0.7285219074643666,0.6,0.6301944787235253,0.5169239064947664
top4,e083d6dd478b05553182,A,7,1d,15m,0.1,equal,2192,0.3142849688615341,0.04655857698098309,0.8014376693320223,1.146759825440319,0.5282158042864098,-0.08814309720225266,85.88346730310721,0.06011842711217504,-0.02714648433142352,2023,0,0.2808533789360419,0.7285219074643666,0.6,0.6301944787235253,0.5169239064947664
top4,c4cac8d8a815d712f7f9,A,7,1d,30m,0.1,equal,2192,0.3142849688615341,0.04655857698098309,0.8014376693320223,1.146759825440319,0.5282158042864098,-0.08814309720225266,85.88346730310721,0.06011842711217504,-0.02714648433142352,2023,0,0.2808533789360419,0.7285219074643666,0.6,0.6301944787235253,0.5169239064947664
top4,ede79561d5ae36abc57f,A,7,1d,1h,0.1,equal,2192,0.3142849688615341,0.04655857698098309,0.8014376693320223,1.146759825440319,0.5282158042864098,-0.08814309720225266,85.88346730310721,0.06011842711217504,-0.02714648433142352,2023,0,0.2808533789360419,0.7285219074643666,0.6,0.6301944787235253,0.5169239064947664
top4,63eac91f11c932684585,A,7,1d,2h,0.1,equal,2192,0.3142849688615341,0.04655857698098309,0.8014376693320223,1.146759825440319,0.5282158042864098,-0.08814309720225266,85.88346730310721,0.06011842711217504,-0.02714648433142352,2023,0,0.2808533789360419,0.7285219074643666,0.6,0.6301944787235253,0.5169239064947664
top4,d772478f154fd38365f6,A,7,1d,4h,0.1,equal,2192,0.3142849688615341,0.04655857698098309,0.8014376693320223,1.146759825440319,0.5282158042864098,-0.08814309720225266,85.88346730310721,0.06011842711217504,-0.02714648433142352,2023,0,0.2808533789360419,0.7285219074643666,0.6,0.6301944787235253,0.5169239064947664
top20pct,1afdaf3fd82f1dadb339,A,14,3d,30m,0.2,equal,2192,1.1045300375993463,0.131905177699416,1.3331617709724186,1.9644931631142983,1.1187321225566835,-0.11790595356998224,54.15681672108589,0.03790977170476013,-0.03396691004771418,679,0,1.0706302090102118,1.305174513349515,1.0,0.6210289410648637,0.626051634410232
top20pct,de826ca8209432fcbcbe,A,14,3d,1h,0.2,equal,2192,1.1045300375993463,0.131905177699416,1.3331617709724186,1.9644931631142983,1.1187321225566835,-0.11790595356998224,54.15681672108589,0.03790977170476013,-0.03396691004771418,679,0,1.0706302090102118,1.305174513349515,1.0,0.6210289410648637,0.626051634410232
top20pct,813a8fa51f5832610b58,A,14,3d,2h,0.2,equal,2192,1.1045300375993463,0.131905177699416,1.3331617709724186,1.9644931631142983,1.1187321225566835,-0.11790595356998224,54.15681672108589,0.03790977170476013,-0.03396691004771418,679,0,1.0706302090102118,1.305174513349515,1.0,0.6210289410648637,0.626051634410232
top20pct,10a15c421463061f2a8e,A,14,3d,4h,0.2,equal,2192,1.1045300375993463,0.131905177699416,1.3331617709724186,1.9644931631142983,1.1187321225566835,-0.11790595356998224,54.15681672108589,0.03790977170476013,-0.03396691004771418,679,0,1.0706302090102118,1.305174513349515,1.0,0.6210289410648637,0.626051634410232
top20pct,a5343735b8162c92d71b,A,14,3d,1d,0.2,equal,2192,1.1045300375993463,0.131905177699416,1.3331617709724186,1.9644931631142983,1.1187321225566835,-0.11790595356998224,54.15681672108589,0.03790977170476013,-0.03396691004771418,679,0,1.0706302090102118,1.305174513349515,1.0,0.6210289410648637,0.626051634410232
top20pct,5f88de8a375a73857138,A,14,3d,30m,0.15,equal,2192,0.7564634301441044,0.09833793445164574,1.3331617709724186,1.9644931631142986,1.0989365379050857,-0.08948463451684696,40.61761254081441,0.02843232877857009,-0.025475182535785637,679,0,0.7351981443192108,1.3051745133495152,1.0,0.6210289410648637,0.6314174767010543
top20pct,ff7472b1801658038c8d,A,14,3d,1h,0.15,equal,2192,0.7564634301441044,0.09833793445164574,1.3331617709724186,1.9644931631142986,1.0989365379050857,-0.08948463451684696,40.61761254081441,0.02843232877857009,-0.025475182535785637,679,0,0.7351981443192108,1.3051745133495152,1.0,0.6210289410648637,0.6314174767010543
top20pct,0cf00bb59a164471917c,A,14,3d,2h,0.15,equal,2192,0.7564634301441044,0.09833793445164574,1.3331617709724186,1.9644931631142986,1.0989365379050857,-0.08948463451684696,40.61761254081441,0.02843232877857009,-0.025475182535785637,679,0,0.7351981443192108,1.3051745133495152,1.0,0.6210289410648637,0.6314174767010543
top20pct,b73c6e32e8e50fb10a26,A,14,3d,4h,0.15,equal,2192,0.7564634301441044,0.09833793445164574,1.3331617709724186,1.9644931631142986,1.0989365379050857,-0.08948463451684696,40.61761254081441,0.02843232877857009,-0.025475182535785637,679,0,0.7351981443192108,1.3051745133495152,1.0,0.6210289410648637,0.6314174767010543
top20pct,5a4aab915ac659c939db,A,14,3d,1d,0.15,equal,2192,0.7564634301441044,0.09833793445164574,1.3331617709724186,1.9644931631142986,1.0989365379050857,-0.08948463451684696,40.61761254081441,0.02843232877857009,-0.025475182535785637,679,0,0.7351981443192108,1.3051745133495152,1.0,0.6210289410648637,0.6314174767010543
top20pct,16aeae151aa24055b009,A,14,3d,30m,0.1,equal,2192,0.46086518641653806,0.06514808601799138,1.3331617709724186,1.9644931631142983,1.0792202417001673,-0.06036588594313175,27.078408360542944,0.018954885852380064,-0.01698345502385709,679,0,0.44904886016530043,1.305174513349515,1.0,0.6210289410648637,0.6363698298813878
top20pct,3ee7e47b52a518281755,A,14,3d,1h,0.1,equal,2192,0.46086518641653806,0.06514808601799138,1.3331617709724186,1.9644931631142983,1.0792202417001673,-0.06036588594313175,27.078408360542944,0.018954885852380064,-0.01698345502385709,679,0,0.44904886016530043,1.305174513349515,1.0,0.6210289410648637,0.6363698298813878
top20pct,75a05fbf1dbbc36727fb,A,14,3d,2h,0.1,equal,2192,0.46086518641653806,0.06514808601799138,1.3331617709724186,1.9644931631142983,1.0792202417001673,-0.06036588594313175,27.078408360542944,0.018954885852380064,-0.01698345502385709,679,0,0.44904886016530043,1.305174513349515,1.0,0.6210289410648637,0.6363698298813878
top20pct,6771ef24571dc1cce931,A,14,3d,4h,0.1,equal,2192,0.46086518641653806,0.06514808601799138,1.3331617709724186,1.9644931631142983,1.0792202417001673,-0.06036588594313175,27.078408360542944,0.018954885852380064,-0.01698345502385709,679,0,0.44904886016530043,1.305174513349515,1.0,0.6210289410648637,0.6363698298813878
top20pct,5f84f1187c0f0875023d,A,14,3d,1d,0.1,equal,2192,0.46086518641653806,0.06514808601799138,1.3331617709724186,1.9644931631142983,1.0792202417001673,-0.06036588594313175,27.078408360542944,0.018954885852380064,-0.01698345502385709,679,0,0.44904886016530043,1.305174513349515,1.0,0.6210289410648637,0.6363698298813878
top4,7c04b4922c8097119cfc,A,7,3d,30m,0.2,equal,2192,0.6998149105330824,0.09235860879307656,0.8257235469243026,1.1678042984169317,0.5698063906861561,-0.16208770259992888,92.17472003927483,0.06452230402749239,-0.053081110981052636,692,0,0.6534599111922672,0.785655857939777,0.8,0.6158326259077582,0.45319633077370186
top4,ce3b2e646eb7dfdedbb9,A,7,3d,1h,0.2,equal,2192,0.6998149105330824,0.09235860879307656,0.8257235469243026,1.1678042984169317,0.5698063906861561,-0.16208770259992888,92.17472003927483,0.06452230402749239,-0.053081110981052636,692,0,0.6534599111922672,0.785655857939777,0.8,0.6158326259077582,0.45319633077370186
top4,c612bd712b686f215f15,A,7,3d,2h,0.2,equal,2192,0.6998149105330824,0.09235860879307656,0.8257235469243026,1.1678042984169317,0.5698063906861561,-0.16208770259992888,92.17472003927483,0.06452230402749239,-0.053081110981052636,692,0,0.6534599111922672,0.785655857939777,0.8,0.6158326259077582,0.45319633077370186
top4,990c31ab9b1426760f95,A,7,3d,4h,0.2,equal,2192,0.6998149105330824,0.09235860879307656,0.8257235469243026,1.1678042984169317,0.5698063906861561,-0.16208770259992888,92.17472003927483,0.06452230402749239,-0.053081110981052636,692,0,0.6534599111922672,0.785655857939777,0.8,0.6158326259077582,0.45319633077370186
top4,9236d87050fd8f6d5973,A,7,3d,1d,0.2,equal,2192,0.6998149105330824,0.09235860879307656,0.8257235469243026,1.1678042984169317,0.5698063906861561,-0.16208770259992888,92.17472003927483,0.06452230402749239,-0.053081110981052636,692,0,0.6534599111922672,0.785655857939777,0.8,0.6158326259077582,0.45319633077370186
top4,8e2c0f57c6ddd0caa61a,A,7,3d,30m,0.1,equal,2192,0.3167745411090117,0.0468884208935505,0.8257235469243026,1.1678042984169317,0.557880094331328,-0.08404748864494027,46.087360019637416,0.03226115201374619,-0.026540555490526318,692,0,0.29869502094617983,0.785655857939777,0.8,0.6158326259077582,0.4525045765798769
top4,b0d13e8d2e072bec0371,A,7,3d,1h,0.1,equal,2192,0.3167745411090117,0.0468884208935505,0.8257235469243026,1.1678042984169317,0.557880094331328,-0.08404748864494027,46.087360019637416,0.03226115201374619,-0.026540555490526318,692,0,0.29869502094617983,0.785655857939777,0.8,0.6158326259077582,0.4525045765798769
top4,0e2d8c8dcbcece3168a8,A,7,3d,2h,0.1,equal,2192,0.3167745411090117,0.0468884208935505,0.8257235469243026,1.1678042984169317,0.557880094331328,-0.08404748864494027,46.087360019637416,0.03226115201374619,-0.026540555490526318,692,0,0.29869502094617983,0.785655857939777,0.8,0.6158326259077582,0.4525045765798769
top4,b0aa3d383f3e5ed19ce3,A,7,3d,4h,0.1,equal,2192,0.3167745411090117,0.0468884208935505,0.8257235469243026,1.1678042984169317,0.557880094331328,-0.08404748864494027,46.087360019637416,0.03226115201374619,-0.026540555490526318,692,0,0.29869502094617983,0.785655857939777,0.8,0.6158326259077582,0.4525045765798769
top4,c57fa030ed62e486c3b1,A,7,3d,1d,0.1,equal,2192,0.3167745411090117,0.0468884208935505,0.8257235469243026,1.1678042984169317,0.557880094331328,-0.08404748864494027,46.087360019637416,0.03226115201374619,-0.026540555490526318,692,0,0.29869502094617983,0.785655857939777,0.8,0.6158326259077582,0.4525045765798769
top4,665056a822e186525fb0,A,7,3d,30m,0.15,equal,2192,0.499799487749532,0.06982341206377995,0.8257235469243025,1.1678042984169315,0.5640129011235427,-0.12379754421341804,69.13104002945613,0.048391728020619286,-0.039810833235789475,692,0,0.46901779112859665,0.785655857939777,0.8,0.615832625907758,0.4531028548384398
top4,18bd6f76199322fa93e7,A,7,3d,1h,0.15,equal,2192,0.499799487749532,0.06982341206377995,0.8257235469243025,1.1678042984169315,0.5640129011235427,-0.12379754421341804,69.13104002945613,0.048391728020619286,-0.039810833235789475,692,0,0.46901779112859665,0.785655857939777,0.8,0.615832625907758,0.4531028548384398
top4,a0375f529d5dacca6f2f,A,7,3d,2h,0.15,equal,2192,0.499799487749532,0.06982341206377995,0.8257235469243025,1.1678042984169315,0.5640129011235427,-0.12379754421341804,69.13104002945613,0.048391728020619286,-0.039810833235789475,692,0,0.46901779112859665,0.785655857939777,0.8,0.615832625907758,0.4531028548384398
top4,ef343783ee2cee8ed1ae,A,7,3d,4h,0.15,equal,2192,0.499799487749532,0.06982341206377995,0.8257235469243025,1.1678042984169315,0.5640129011235427,-0.12379754421341804,69.13104002945613,0.048391728020619286,-0.039810833235789475,692,0,0.46901779112859665,0.785655857939777,0.8,0.615832625907758,0.4531028548384398
top4,43015ac9dc6d6d3eec75,A,7,3d,1d,0.15,equal,2192,0.499799487749532,0.06982341206377995,0.8257235469243025,1.1678042984169315,0.5640129011235427,-0.12379754421341804,69.13104002945613,0.048391728020619286,-0.039810833235789475,692,0,0.46901779112859665,0.785655857939777,0.8,0.615832625907758,0.4531028548384398
top4,0e84e9321daf895d9028,A,7,3d,30m,0.15,inverse_vol,2192,0.5466797029415396,0.07532050986360317,0.8605653210949495,1.2197318209780992,0.5763107600486214,-0.13069426268780515,71.97778539777539,0.05038444977844277,-0.04498366481789009,692,0,0.5136440062428491,0.8201432322739413,0.8,0.611055793332108,0.4180022483620088
top4,367740332fe544728f72,A,7,3d,1h,0.15,inverse_vol,2192,0.5466797029415396,0.07532050986360317,0.8605653210949495,1.2197318209780992,0.5763107600486214,-0.13069426268780515,71.97778539777539,0.05038444977844277,-0.04498366481789009,692,0,0.5136440062428491,0.8201432322739413,0.8,0.611055793332108,0.4180022483620088
top4,e71755f369131745fdb7,A,7,3d,2h,0.15,inverse_vol,2192,0.5466797029415396,0.07532050986360317,0.8605653210949495,1.2197318209780992,0.5763107600486214,-0.13069426268780515,71.97778539777539,0.05038444977844277,-0.04498366481789009,692,0,0.5136440062428491,0.8201432322739413,0.8,0.611055793332108,0.4180022483620088
top4,5c87ccbd724b14cf4dec,A,7,3d,4h,0.15,inverse_vol,2192,0.5466797029415396,0.07532050986360317,0.8605653210949495,1.2197318209780992,0.5763107600486214,-0.13069426268780515,71.97778539777539,0.05038444977844277,-0.04498366481789009,692,0,0.5136440062428491,0.8201432322739413,0.8,0.611055793332108,0.4180022483620088
top4,ba55caf59c4b3c4f3440,A,7,3d,1d,0.15,inverse_vol,2192,0.5466797029415396,0.07532050986360317,0.8605653210949495,1.2197318209780992,0.5763107600486214,-0.13069426268780515,71.97778539777539,0.05038444977844277,-0.04498366481789009,692,0,0.5136440062428491,0.8201432322739413,0.8,0.611055793332108,0.4180022483620088
top4,8fe8bedf6b998de57046,A,7,3d,30m,0.2,inverse_vol,2192,0.7698890099820772,0.0997314219684673,0.8605653210949493,1.2197318209780992,0.5835393310558111,-0.17090779774521958,95.97038053036718,0.06717926637125704,-0.059978219757186785,692,0,0.7196665384204259,0.8201432322739413,0.8,0.6110557933321078,0.41763947948691876
top4,0adcaae507b72e61d508,A,7,3d,1h,0.2,inverse_vol,2192,0.7698890099820772,0.0997314219684673,0.8605653210949493,1.2197318209780992,0.5835393310558111,-0.17090779774521958,95.97038053036718,0.06717926637125704,-0.059978219757186785,692,0,0.7196665384204259,0.8201432322739413,0.8,0.6110557933321078,0.41763947948691876
top4,48767629e9eb8ca5e603,A,7,3d,2h,0.2,inverse_vol,2192,0.7698890099820772,0.0997314219684673,0.8605653210949493,1.2197318209780992,0.5835393310558111,-0.17090779774521958,95.97038053036718,0.06717926637125704,-0.059978219757186785,692,0,0.7196665384204259,0.8201432322739413,0.8,0.6110557933321078,0.41763947948691876
top4,744c437c714831d702cc,A,7,3d,4h,0.2,inverse_vol,2192,0.7698890099820772,0.0997314219684673,0.8605653210949493,1.2197318209780992,0.5835393310558111,-0.17090779774521958,95.97038053036718,0.06717926637125704,-0.059978219757186785,692,0,0.7196665384204259,0.8201432322739413,0.8,0.6110557933321078,0.41763947948691876
top4,f442717a7f0d19d6060d,A,7,3d,1d,0.2,inverse_vol,2192,0.7698890099820772,0.0997314219684673,0.8605653210949493,1.2197318209780992,0.5835393310558111,-0.17090779774521958,95.97038053036718,0.06717926637125704,-0.059978219757186785,692,0,0.7196665384204259,0.8201432322739413,0.8,0.6110557933321078,0.41763947948691876
top4,ed1c5726fd91b687dc39,A,7,3d,30m,0.1,inverse_vol,2192,0.34450468720461513,0.0505276878127372,0.8605653210949493,1.2197318209780992,0.5687524882481229,-0.08883950199211099,47.98519026518359,0.03358963318562852,-0.029989109878593392,692,0,0.32529021534394276,0.8201432322739413,0.8,0.6110557933321078,0.4178410956711883
top4,faab844207500809d263,A,7,3d,1h,0.1,inverse_vol,2192,0.34450468720461513,0.0505276878127372,0.8605653210949493,1.2197318209780992,0.5687524882481229,-0.08883950199211099,47.98519026518359,0.03358963318562852,-0.029989109878593392,692,0,0.32529021534394276,0.8201432322739413,0.8,0.6110557933321078,0.4178410956711883
top4,583100fb062342f3a10d,A,7,3d,2h,0.1,inverse_vol,2192,0.34450468720461513,0.0505276878127372,0.8605653210949493,1.2197318209780992,0.5687524882481229,-0.08883950199211099,47.98519026518359,0.03358963318562852,-0.029989109878593392,692,0,0.32529021534394276,0.8201432322739413,0.8,0.6110557933321078,0.4178410956711883
top4,75f727c39d7c0a6444f0,A,7,3d,4h,0.1,inverse_vol,2192,0.34450468720461513,0.0505276878127372,0.8605653210949493,1.2197318209780992,0.5687524882481229,-0.08883950199211099,47.98519026518359,0.03358963318562852,-0.029989109878593392,692,0,0.32529021534394276,0.8201432322739413,0.8,0.6110557933321078,0.4178410956711883
top4,c9aae4bce97b945e6f5d,A,7,3d,1d,0.1,inverse_vol,2192,0.34450468720461513,0.0505276878127372,0.8605653210949493,1.2197318209780992,0.5687524882481229,-0.08883950199211099,47.98519026518359,0.03358963318562852,-0.029989109878593392,692,0,0.32529021534394276,0.8201432322739413,0.8,0.6110557933321078,0.4178410956711883
top8,a0bebc157bd5d0092e0a,A,7,6h,5m,0.2,inverse_vol,2192,0.7306558908314009,0.09563415718418122,0.7073041097268709,0.9530480347310503,0.483093468884441,-0.1979620163464837,228.96581753222802,0.1602760722725596,-0.10851720999943312,2025,0,0.6157727108664492,0.6276827872060254,0.6,0.6002684045694692,0.4919942020647623
top8,f7b8c66d4e7c0db2df23,A,7,1d,5m,0.2,inverse_vol,2192,0.7306558908314009,0.09563415718418122,0.7073041097268709,0.9530480347310503,0.483093468884441,-0.1979620163464837,228.96581753222802,0.1602760722725596,-0.10851720999943312,2025,0,0.6157727108664492,0.6276827872060254,0.6,0.6002684045694692,0.4919942020647623
top8,f6b254cc4b9fe8a57715,A,7,12h,15m,0.2,inverse_vol,2192,0.7306558908314009,0.09563415718418122,0.7073041097268709,0.9530480347310503,0.483093468884441,-0.1979620163464837,228.96581753222802,0.1602760722725596,-0.10851720999943312,2025,0,0.6157727108664492,0.6276827872060254,0.6,0.6002684045694692,0.4919942020647623
top8,36146e530bebc2efb176,A,7,1d,15m,0.2,inverse_vol,2192,0.7306558908314009,0.09563415718418122,0.7073041097268709,0.9530480347310503,0.483093468884441,-0.1979620163464837,228.96581753222802,0.1602760722725596,-0.10851720999943312,2025,0,0.6157727108664492,0.6276827872060254,0.6,0.6002684045694692,0.4919942020647623
top8,8a4a27a729486d491975,A,7,1d,30m,0.2,inverse_vol,2192,0.7306558908314009,0.09563415718418122,0.7073041097268709,0.9530480347310503,0.483093468884441,-0.1979620163464837,228.96581753222802,0.1602760722725596,-0.10851720999943312,2025,0,0.6157727108664492,0.6276827872060254,0.6,0.6002684045694692,0.4919942020647623
top8,aa3a51c7134172b32fe6,A,7,1d,1h,0.2,inverse_vol,2192,0.7306558908314009,0.09563415718418122,0.7073041097268709,0.9530480347310503,0.483093468884441,-0.1979620163464837,228.96581753222802,0.1602760722725596,-0.10851720999943312,2025,0,0.6157727108664492,0.6276827872060254,0.6,0.6002684045694692,0.4919942020647623
top8,3f2fa654aba303d4c9e0,A,7,1d,2h,0.2,inverse_vol,2192,0.7306558908314009,0.09563415718418122,0.7073041097268709,0.9530480347310503,0.483093468884441,-0.1979620163464837,228.96581753222802,0.1602760722725596,-0.10851720999943312,2025,0,0.6157727108664492,0.6276827872060254,0.6,0.6002684045694692,0.4919942020647623
top8,63e787ffdf7221cae12d,A,7,1d,4h,0.2,inverse_vol,2192,0.7306558908314009,0.09563415718418122,0.7073041097268709,0.9530480347310503,0.483093468884441,-0.1979620163464837,228.96581753222802,0.1602760722725596,-0.10851720999943312,2025,0,0.6157727108664492,0.6276827872060254,0.6,0.6002684045694692,0.4919942020647623
top8,81c96733ece0bcc15083,A,7,6h,5m,0.15,inverse_vol,2192,0.5265658176722807,0.07297923753391844,0.7073041097268707,0.95304803473105,0.48025929276183815,-0.1519579915137822,171.72436314917098,0.12020705420441968,-0.08138790749957484,2025,0,0.44991573436056864,0.6276827872060253,0.6,0.6002684045694692,0.49637367242162533
top8,8abf25c655d69f2d1911,A,7,1d,5m,0.15,inverse_vol,2192,0.5265658176722807,0.07297923753391844,0.7073041097268707,0.95304803473105,0.48025929276183815,-0.1519579915137822,171.72436314917098,0.12020705420441968,-0.08138790749957484,2025,0,0.44991573436056864,0.6276827872060253,0.6,0.6002684045694692,0.49637367242162533
top8,1b3c86893c38ba9e6d9b,A,7,12h,15m,0.15,inverse_vol,2192,0.5265658176722807,0.07297923753391844,0.7073041097268707,0.95304803473105,0.48025929276183815,-0.1519579915137822,171.72436314917098,0.12020705420441968,-0.08138790749957484,2025,0,0.44991573436056864,0.6276827872060253,0.6,0.6002684045694692,0.49637367242162533
top8,82bd3dedd206018335fe,A,7,1d,15m,0.15,inverse_vol,2192,0.5265658176722807,0.07297923753391844,0.7073041097268707,0.95304803473105,0.48025929276183815,-0.1519579915137822,171.72436314917098,0.12020705420441968,-0.08138790749957484,2025,0,0.44991573436056864,0.6276827872060253,0.6,0.6002684045694692,0.49637367242162533
top8,134f6b4a13018d4f40b5,A,7,1d,30m,0.15,inverse_vol,2192,0.5265658176722807,0.07297923753391844,0.7073041097268707,0.95304803473105,0.48025929276183815,-0.1519579915137822,171.72436314917098,0.12020705420441968,-0.08138790749957484,2025,0,0.44991573436056864,0.6276827872060253,0.6,0.6002684045694692,0.49637367242162533
top8,aebbe2969b946946c374,A,7,1d,1h,0.15,inverse_vol,2192,0.5265658176722807,0.07297923753391844,0.7073041097268707,0.95304803473105,0.48025929276183815,-0.1519579915137822,171.72436314917098,0.12020705420441968,-0.08138790749957484,2025,0,0.44991573436056864,0.6276827872060253,0.6,0.6002684045694692,0.49637367242162533
top8,587f96188f97f9350276,A,7,1d,2h,0.15,inverse_vol,2192,0.5265658176722807,0.07297923753391844,0.7073041097268707,0.95304803473105,0.48025929276183815,-0.1519579915137822,171.72436314917098,0.12020705420441968,-0.08138790749957484,2025,0,0.44991573436056864,0.6276827872060253,0.6,0.6002684045694692,0.49637367242162533
top8,569a199bfda9faf63281,A,7,1d,4h,0.15,inverse_vol,2192,0.5265658176722807,0.07297923753391844,0.7073041097268707,0.95304803473105,0.48025929276183815,-0.1519579915137822,171.72436314917098,0.12020705420441968,-0.08138790749957484,2025,0,0.44991573436056864,0.6276827872060253,0.6,0.6002684045694692,0.49637367242162533
top8,6559eb87621f0e30b0b6,A,7,6h,5m,0.1,inverse_vol,2192,0.3361302515259157,0.049435284011245306,0.7073041097268709,0.9530480347310503,0.47676179115018136,-0.10368969353014501,114.48290876611401,0.0801380361362798,-0.05425860499971656,2025,0,0.2910216904520726,0.6276827872060254,0.6,0.6002684045694692,0.4999632435574355
top8,e05b092633a88578ee08,A,7,1d,5m,0.1,inverse_vol,2192,0.3361302515259157,0.049435284011245306,0.7073041097268709,0.9530480347310503,0.47676179115018136,-0.10368969353014501,114.48290876611401,0.0801380361362798,-0.05425860499971656,2025,0,0.2910216904520726,0.6276827872060254,0.6,0.6002684045694692,0.4999632435574355
top8,d9a8454d0fec52d1f1c0,A,7,12h,15m,0.1,inverse_vol,2192,0.3361302515259157,0.049435284011245306,0.7073041097268709,0.9530480347310503,0.47676179115018136,-0.10368969353014501,114.48290876611401,0.0801380361362798,-0.05425860499971656,2025,0,0.2910216904520726,0.6276827872060254,0.6,0.6002684045694692,0.4999632435574355
top8,0dd41c6292ebef401440,A,7,1d,15m,0.1,inverse_vol,2192,0.3361302515259157,0.049435284011245306,0.7073041097268709,0.9530480347310503,0.47676179115018136,-0.10368969353014501,114.48290876611401,0.0801380361362798,-0.05425860499971656,2025,0,0.2910216904520726,0.6276827872060254,0.6,0.6002684045694692,0.4999632435574355
top8,b3ac399fe5c7a55ef1c5,A,7,1d,30m,0.1,inverse_vol,2192,0.3361302515259157,0.049435284011245306,0.7073041097268709,0.9530480347310503,0.47676179115018136,-0.10368969353014501,114.48290876611401,0.0801380361362798,-0.05425860499971656,2025,0,0.2910216904520726,0.6276827872060254,0.6,0.6002684045694692,0.4999632435574355
top8,f9f271ab483b151aafb4,A,7,1d,1h,0.1,inverse_vol,2192,0.3361302515259157,0.049435284011245306,0.7073041097268709,0.9530480347310503,0.47676179115018136,-0.10368969353014501,114.48290876611401,0.0801380361362798,-0.05425860499971656,2025,0,0.2910216904520726,0.6276827872060254,0.6,0.6002684045694692,0.4999632435574355
top8,b0460443fb425c3304d5,A,7,1d,2h,0.1,inverse_vol,2192,0.3361302515259157,0.049435284011245306,0.7073041097268709,0.9530480347310503,0.47676179115018136,-0.10368969353014501,114.48290876611401,0.0801380361362798,-0.05425860499971656,2025,0,0.2910216904520726,0.6276827872060254,0.6,0.6002684045694692,0.4999632435574355
top8,da6848f1e6342e8ec904,A,7,1d,4h,0.1,inverse_vol,2192,0.3361302515259157,0.049435284011245306,0.7073041097268709,0.9530480347310503,0.47676179115018136,-0.10368969353014501,114.48290876611401,0.0801380361362798,-0.05425860499971656,2025,0,0.2910216904520726,0.6276827872060254,0.6,0.6002684045694692,0.4999632435574355
top8,f04bb08cf50c72a2ca78,A,7,6h,5m,0.15,capped_rank,2192,0.708465855223013,0.0932823710588524,0.7706305857325639,1.1051915234466947,0.4712655080014749,-0.19794016212737653,201.7506933041347,0.1412254853128943,-0.057930370662444323,2018,0,0.6081152700219219,0.6905200637322817,0.6,0.5914789484851007,0.4417948746201959
top8,ef42bd92adcdc4150e03,A,7,1d,5m,0.15,capped_rank,2192,0.708465855223013,0.0932823710588524,0.7706305857325639,1.1051915234466947,0.4712655080014749,-0.19794016212737653,201.7506933041347,0.1412254853128943,-0.057930370662444323,2018,0,0.6081152700219219,0.6905200637322817,0.6,0.5914789484851007,0.4417948746201959
top8,3ac424aa681aa70dfc78,A,7,12h,15m,0.15,capped_rank,2192,0.708465855223013,0.0932823710588524,0.7706305857325639,1.1051915234466947,0.4712655080014749,-0.19794016212737653,201.7506933041347,0.1412254853128943,-0.057930370662444323,2018,0,0.6081152700219219,0.6905200637322817,0.6,0.5914789484851007,0.4417948746201959
top8,1102a397b328ebda3dc6,A,7,1d,15m,0.15,capped_rank,2192,0.708465855223013,0.0932823710588524,0.7706305857325639,1.1051915234466947,0.4712655080014749,-0.19794016212737653,201.7506933041347,0.1412254853128943,-0.057930370662444323,2018,0,0.6081152700219219,0.6905200637322817,0.6,0.5914789484851007,0.4417948746201959
top8,5ede9b8a733e6033c6c4,A,7,1d,30m,0.15,capped_rank,2192,0.708465855223013,0.0932823710588524,0.7706305857325639,1.1051915234466947,0.4712655080014749,-0.19794016212737653,201.7506933041347,0.1412254853128943,-0.057930370662444323,2018,0,0.6081152700219219,0.6905200637322817,0.6,0.5914789484851007,0.4417948746201959
top8,982196f713d5a823da96,A,7,1d,1h,0.15,capped_rank,2192,0.708465855223013,0.0932823710588524,0.7706305857325639,1.1051915234466947,0.4712655080014749,-0.19794016212737653,201.7506933041347,0.1412254853128943,-0.057930370662444323,2018,0,0.6081152700219219,0.6905200637322817,0.6,0.5914789484851007,0.4417948746201959
top8,2a4f4bacbf205f4ad434,A,7,1d,2h,0.15,capped_rank,2192,0.708465855223013,0.0932823710588524,0.7706305857325639,1.1051915234466947,0.4712655080014749,-0.19794016212737653,201.7506933041347,0.1412254853128943,-0.057930370662444323,2018,0,0.6081152700219219,0.6905200637322817,0.6,0.5914789484851007,0.4417948746201959
top8,76c487a3c6dbd169b72f,A,7,1d,4h,0.15,capped_rank,2192,0.708465855223013,0.0932823710588524,0.7706305857325639,1.1051915234466947,0.4712655080014749,-0.19794016212737653,201.7506933041347,0.1412254853128943,-0.057930370662444323,2018,0,0.6081152700219219,0.6905200637322817,0.6,0.5914789484851007,0.4417948746201959
top8,3dac60840cfe34c8d514,A,7,6h,5m,0.2,capped_rank,2192,0.9877804975383371,0.12119899179970783,0.7690279201088522,1.1003971150721028,0.46696608161499087,-0.25954559992996507,264.31453835885424,0.18502017685119795,-0.07750101220892827,2009,0,0.8362202160085901,0.6897469378376835,0.6,0.5895543498361059,0.4357367925269856
top8,cdc7f26be8b347604e43,A,7,1d,5m,0.2,capped_rank,2192,0.9877804975383371,0.12119899179970783,0.7690279201088522,1.1003971150721028,0.46696608161499087,-0.25954559992996507,264.31453835885424,0.18502017685119795,-0.07750101220892827,2009,0,0.8362202160085901,0.6897469378376835,0.6,0.5895543498361059,0.4357367925269856
top8,1529419779200d415032,A,7,12h,15m,0.2,capped_rank,2192,0.9877804975383371,0.12119899179970783,0.7690279201088522,1.1003971150721028,0.46696608161499087,-0.25954559992996507,264.31453835885424,0.18502017685119795,-0.07750101220892827,2009,0,0.8362202160085901,0.6897469378376835,0.6,0.5895543498361059,0.4357367925269856
top8,76370ee18ffcec265117,A,7,1d,15m,0.2,capped_rank,2192,0.9877804975383371,0.12119899179970783,0.7690279201088522,1.1003971150721028,0.46696608161499087,-0.25954559992996507,264.31453835885424,0.18502017685119795,-0.07750101220892827,2009,0,0.8362202160085901,0.6897469378376835,0.6,0.5895543498361059,0.4357367925269856
top8,5ce2dbfc98a70f120959,A,7,1d,30m,0.2,capped_rank,2192,0.9877804975383371,0.12119899179970783,0.7690279201088522,1.1003971150721028,0.46696608161499087,-0.25954559992996507,264.31453835885424,0.18502017685119795,-0.07750101220892827,2009,0,0.8362202160085901,0.6897469378376835,0.6,0.5895543498361059,0.4357367925269856
top8,a14eba3500e4d94326e2,A,7,1d,1h,0.2,capped_rank,2192,0.9877804975383371,0.12119899179970783,0.7690279201088522,1.1003971150721028,0.46696608161499087,-0.25954559992996507,264.31453835885424,0.18502017685119795,-0.07750101220892827,2009,0,0.8362202160085901,0.6897469378376835,0.6,0.5895543498361059,0.4357367925269856
top8,2b7c1d755291cd842fb4,A,7,1d,2h,0.2,capped_rank,2192,0.9877804975383371,0.12119899179970783,0.7690279201088522,1.1003971150721028,0.46696608161499087,-0.25954559992996507,264.31453835885424,0.18502017685119795,-0.07750101220892827,2009,0,0.8362202160085901,0.6897469378376835,0.6,0.5895543498361059,0.4357367925269856
top8,7eb08c241419f4a05f54,A,7,1d,4h,0.2,capped_rank,2192,0.9877804975383371,0.12119899179970783,0.7690279201088522,1.1003971150721028,0.46696608161499087,-0.25954559992996507,264.31453835885424,0.18502017685119795,-0.07750101220892827,2009,0,0.8362202160085901,0.6897469378376835,0.6,0.5895543498361059,0.4357367925269856
top8,9704d5630237d9547cf2,A,7,6h,5m,0.2,equal,2192,0.6746832659747535,0.08965260244978124,0.6928146054065721,0.9276130843917318,0.43927666645393876,-0.20409142869686647,211.43609863407028,0.1480052690438492,-0.09227083070475008,2025,0,0.5717542756040239,0.6159955106004316,0.6,0.5893664826379695,0.4781246604651853
top8,21fca391908faaf10218,A,7,1d,5m,0.2,equal,2192,0.6746832659747535,0.08965260244978124,0.6928146054065721,0.9276130843917318,0.43927666645393876,-0.20409142869686647,211.43609863407028,0.1480052690438492,-0.09227083070475008,2025,0,0.5717542756040239,0.6159955106004316,0.6,0.5893664826379695,0.4781246604651853
top8,af9f661ce9a47899112a,A,7,12h,15m,0.2,equal,2192,0.6746832659747535,0.08965260244978124,0.6928146054065721,0.9276130843917318,0.43927666645393876,-0.20409142869686647,211.43609863407028,0.1480052690438492,-0.09227083070475008,2025,0,0.5717542756040239,0.6159955106004316,0.6,0.5893664826379695,0.4781246604651853
top8,4df645d7702d207408b1,A,7,1d,15m,0.2,equal,2192,0.6746832659747535,0.08965260244978124,0.6928146054065721,0.9276130843917318,0.43927666645393876,-0.20409142869686647,211.43609863407028,0.1480052690438492,-0.09227083070475008,2025,0,0.5717542756040239,0.6159955106004316,0.6,0.5893664826379695,0.4781246604651853
top8,08f63015183a31234ee0,A,7,1d,30m,0.2,equal,2192,0.6746832659747535,0.08965260244978124,0.6928146054065721,0.9276130843917318,0.43927666645393876,-0.20409142869686647,211.43609863407028,0.1480052690438492,-0.09227083070475008,2025,0,0.5717542756040239,0.6159955106004316,0.6,0.5893664826379695,0.4781246604651853
top8,a72f7cdbae49ff43e6f4,A,7,1d,1h,0.2,equal,2192,0.6746832659747535,0.08965260244978124,0.6928146054065721,0.9276130843917318,0.43927666645393876,-0.20409142869686647,211.43609863407028,0.1480052690438492,-0.09227083070475008,2025,0,0.5717542756040239,0.6159955106004316,0.6,0.5893664826379695,0.4781246604651853
top8,3ce90aed8877efcd4dc4,A,7,1d,2h,0.2,equal,2192,0.6746832659747535,0.08965260244978124,0.6928146054065721,0.9276130843917318,0.43927666645393876,-0.20409142869686647,211.43609863407028,0.1480052690438492,-0.09227083070475008,2025,0,0.5717542756040239,0.6159955106004316,0.6,0.5893664826379695,0.4781246604651853
top8,f087a4916950fe57598c,A,7,1d,4h,0.2,equal,2192,0.6746832659747535,0.08965260244978124,0.6928146054065721,0.9276130843917318,0.43927666645393876,-0.20409142869686647,211.43609863407028,0.1480052690438492,-0.09227083070475008,2025,0,0.5717542756040239,0.6159955106004316,0.6,0.5893664826379695,0.4781246604651853
top8,fcb7f6bcd4ebb34e3cbd,A,7,6h,5m,0.15,equal,2192,0.48794947781515896,0.06841125011865645,0.6928146054065722,0.9276130843917323,0.43859835116223134,-0.1559769888267366,158.5770739755527,0.1110039517828869,-0.06920312302856255,2025,0,0.4188205613961411,0.6159955106004318,0.6,0.5893664826379695,0.4824737780087001
top8,6903b90d4480306314d1,A,7,1d,5m,0.15,equal,2192,0.48794947781515896,0.06841125011865645,0.6928146054065722,0.9276130843917323,0.43859835116223134,-0.1559769888267366,158.5770739755527,0.1110039517828869,-0.06920312302856255,2025,0,0.4188205613961411,0.6159955106004318,0.6,0.5893664826379695,0.4824737780087001
top8,f30b53b6183093b97cb1,A,7,12h,15m,0.15,equal,2192,0.48794947781515896,0.06841125011865645,0.6928146054065722,0.9276130843917323,0.43859835116223134,-0.1559769888267366,158.5770739755527,0.1110039517828869,-0.06920312302856255,2025,0,0.4188205613961411,0.6159955106004318,0.6,0.5893664826379695,0.4824737780087001
top8,2d2decb8b5b45d4f0535,A,7,1d,15m,0.15,equal,2192,0.48794947781515896,0.06841125011865645,0.6928146054065722,0.9276130843917323,0.43859835116223134,-0.1559769888267366,158.5770739755527,0.1110039517828869,-0.06920312302856255,2025,0,0.4188205613961411,0.6159955106004318,0.6,0.5893664826379695,0.4824737780087001
top8,1aa8f9effe358ead037b,A,7,1d,30m,0.15,equal,2192,0.48794947781515896,0.06841125011865645,0.6928146054065722,0.9276130843917323,0.43859835116223134,-0.1559769888267366,158.5770739755527,0.1110039517828869,-0.06920312302856255,2025,0,0.4188205613961411,0.6159955106004318,0.6,0.5893664826379695,0.4824737780087001
top8,95b7a445b48492c83474,A,7,1d,1h,0.15,equal,2192,0.48794947781515896,0.06841125011865645,0.6928146054065722,0.9276130843917323,0.43859835116223134,-0.1559769888267366,158.5770739755527,0.1110039517828869,-0.06920312302856255,2025,0,0.4188205613961411,0.6159955106004318,0.6,0.5893664826379695,0.4824737780087001
top8,cb8f96657d51d3925ee1,A,7,1d,2h,0.15,equal,2192,0.48794947781515896,0.06841125011865645,0.6928146054065722,0.9276130843917323,0.43859835116223134,-0.1559769888267366,158.5770739755527,0.1110039517828869,-0.06920312302856255,2025,0,0.4188205613961411,0.6159955106004318,0.6,0.5893664826379695,0.4824737780087001
top8,028683dc05ba1f198df6,A,7,1d,4h,0.15,equal,2192,0.48794947781515896,0.06841125011865645,0.6928146054065722,0.9276130843917323,0.43859835116223134,-0.1559769888267366,158.5770739755527,0.1110039517828869,-0.06920312302856255,2025,0,0.4188205613961411,0.6159955106004318,0.6,0.5893664826379695,0.4824737780087001
top8,e052d1e1aa314ab85218,A,7,6h,5m,0.1,equal,2192,0.31265506773619856,0.04634234887759048,0.6928146054065721,0.9276130843917318,0.43505628544178643,-0.10652035248848601,105.71804931703514,0.0740026345219246,-0.04613541535237504,2025,0,0.27167727861967794,0.6159955106004316,0.6,0.5893664826379695,0.4860935439102644
top8,0b56c70d182e95a6bbb9,A,7,1d,5m,0.1,equal,2192,0.31265506773619856,0.04634234887759048,0.6928146054065721,0.9276130843917318,0.43505628544178643,-0.10652035248848601,105.71804931703514,0.0740026345219246,-0.04613541535237504,2025,0,0.27167727861967794,0.6159955106004316,0.6,0.5893664826379695,0.4860935439102644
top8,0ef5400447f496db784b,A,7,12h,15m,0.1,equal,2192,0.31265506773619856,0.04634234887759048,0.6928146054065721,0.9276130843917318,0.43505628544178643,-0.10652035248848601,105.71804931703514,0.0740026345219246,-0.04613541535237504,2025,0,0.27167727861967794,0.6159955106004316,0.6,0.5893664826379695,0.4860935439102644
top8,d5b0b6dfc62ab73c88c1,A,7,1d,15m,0.1,equal,2192,0.31265506773619856,0.04634234887759048,0.6928146054065721,0.9276130843917318,0.43505628544178643,-0.10652035248848601,105.71804931703514,0.0740026345219246,-0.04613541535237504,2025,0,0.27167727861967794,0.6159955106004316,0.6,0.5893664826379695,0.4860935439102644
top8,45cbcd132065dd3199b5,A,7,1d,30m,0.1,equal,2192,0.31265506773619856,0.04634234887759048,0.6928146054065721,0.9276130843917318,0.43505628544178643,-0.10652035248848601,105.71804931703514,0.0740026345219246,-0.04613541535237504,2025,0,0.27167727861967794,0.6159955106004316,0.6,0.5893664826379695,0.4860935439102644
top8,f4dc9a5e00457023a669,A,7,1d,1h,0.1,equal,2192,0.31265506773619856,0.04634234887759048,0.6928146054065721,0.9276130843917318,0.43505628544178643,-0.10652035248848601,105.71804931703514,0.0740026345219246,-0.04613541535237504,2025,0,0.27167727861967794,0.6159955106004316,0.6,0.5893664826379695,0.4860935439102644
top8,911e6982dc4b5ace05a5,A,7,1d,2h,0.1,equal,2192,0.31265506773619856,0.04634234887759048,0.6928146054065721,0.9276130843917318,0.43505628544178643,-0.10652035248848601,105.71804931703514,0.0740026345219246,-0.04613541535237504,2025,0,0.27167727861967794,0.6159955106004316,0.6,0.5893664826379695,0.4860935439102644
top8,95fdf46cfbcb7a85f1ca,A,7,1d,4h,0.1,equal,2192,0.31265506773619856,0.04634234887759048,0.6928146054065721,0.9276130843917318,0.43505628544178643,-0.10652035248848601,105.71804931703514,0.0740026345219246,-0.04613541535237504,2025,0,0.27167727861967794,0.6159955106004316,0.6,0.5893664826379695,0.4860935439102644
top20pct,0d730f599ee820fd8305,A,7,6h,5m,0.1,capped_rank,2192,0.5173749073123517,0.0719008398351153,0.8009460769256972,1.221287951199922,0.5004645640875568,-0.14366819350377857,143.94116016735867,0.10075881211715107,-0.023061458500850965,2010,0,0.4532369017336082,0.7225625271550248,0.8,0.5861043220115126,0.5962051286654277
top20pct,7179262f85e23db4bf94,A,7,1d,5m,0.1,capped_rank,2192,0.5173749073123517,0.0719008398351153,0.8009460769256972,1.221287951199922,0.5004645640875568,-0.14366819350377857,143.94116016735867,0.10075881211715107,-0.023061458500850965,2010,0,0.4532369017336082,0.7225625271550248,0.8,0.5861043220115126,0.5962051286654277
top20pct,7b1a447330151d3a88d2,A,7,12h,15m,0.1,capped_rank,2192,0.5173749073123517,0.0719008398351153,0.8009460769256972,1.221287951199922,0.5004645640875568,-0.14366819350377857,143.94116016735867,0.10075881211715107,-0.023061458500850965,2010,0,0.4532369017336082,0.7225625271550248,0.8,0.5861043220115126,0.5962051286654277
top20pct,020f5b16a29b9722dc75,A,7,1d,15m,0.1,capped_rank,2192,0.5173749073123517,0.0719008398351153,0.8009460769256972,1.221287951199922,0.5004645640875568,-0.14366819350377857,143.94116016735867,0.10075881211715107,-0.023061458500850965,2010,0,0.4532369017336082,0.7225625271550248,0.8,0.5861043220115126,0.5962051286654277
top20pct,9bbd9a4c7b8f5882c96f,A,7,1d,30m,0.1,capped_rank,2192,0.5173749073123517,0.0719008398351153,0.8009460769256972,1.221287951199922,0.5004645640875568,-0.14366819350377857,143.94116016735867,0.10075881211715107,-0.023061458500850965,2010,0,0.4532369017336082,0.7225625271550248,0.8,0.5861043220115126,0.5962051286654277
top20pct,145c8ca6a28dc6491b96,A,7,1d,1h,0.1,capped_rank,2192,0.5173749073123517,0.0719008398351153,0.8009460769256972,1.221287951199922,0.5004645640875568,-0.14366819350377857,143.94116016735867,0.10075881211715107,-0.023061458500850965,2010,0,0.4532369017336082,0.7225625271550248,0.8,0.5861043220115126,0.5962051286654277
top20pct,2f503e796811164b39f1,A,7,1d,2h,0.1,capped_rank,2192,0.5173749073123517,0.0719008398351153,0.8009460769256972,1.221287951199922,0.5004645640875568,-0.14366819350377857,143.94116016735867,0.10075881211715107,-0.023061458500850965,2010,0,0.4532369017336082,0.7225625271550248,0.8,0.5861043220115126,0.5962051286654277
top20pct,3bb75f60be9f268eaf10,A,7,1d,4h,0.1,capped_rank,2192,0.5173749073123517,0.0719008398351153,0.8009460769256972,1.221287951199922,0.5004645640875568,-0.14366819350377857,143.94116016735867,0.10075881211715107,-0.023061458500850965,2010,0,0.4532369017336082,0.7225625271550248,0.8,0.5861043220115126,0.5962051286654277
top20pct,4a2993d5a532fe54fc17,A,7,6h,5m,0.15,capped_rank,2192,0.8341823274172391,0.10628499750551224,0.8044775756233244,1.2293359630326914,0.5048385317158871,-0.2105326571334838,212.1814159992259,0.14852699119945814,-0.034369236637554014,2006,0,0.7210390417353163,0.7270273268075316,0.8,0.5845065863132644,0.5863503986603577
top20pct,45a367eeb118cf4371f7,A,7,1d,5m,0.15,capped_rank,2192,0.8341823274172391,0.10628499750551224,0.8044775756233244,1.2293359630326914,0.5048385317158871,-0.2105326571334838,212.1814159992259,0.14852699119945814,-0.034369236637554014,2006,0,0.7210390417353163,0.7270273268075316,0.8,0.5845065863132644,0.5863503986603577
top20pct,c2fcf5a2cb741ee8876f,A,7,12h,15m,0.15,capped_rank,2192,0.8341823274172391,0.10628499750551224,0.8044775756233244,1.2293359630326914,0.5048385317158871,-0.2105326571334838,212.1814159992259,0.14852699119945814,-0.034369236637554014,2006,0,0.7210390417353163,0.7270273268075316,0.8,0.5845065863132644,0.5863503986603577
top20pct,7213982c3006dcc80768,A,7,1d,15m,0.15,capped_rank,2192,0.8341823274172391,0.10628499750551224,0.8044775756233244,1.2293359630326914,0.5048385317158871,-0.2105326571334838,212.1814159992259,0.14852699119945814,-0.034369236637554014,2006,0,0.7210390417353163,0.7270273268075316,0.8,0.5845065863132644,0.5863503986603577
top20pct,069c7447ddca1eba6ff2,A,7,1d,30m,0.15,capped_rank,2192,0.8341823274172391,0.10628499750551224,0.8044775756233244,1.2293359630326914,0.5048385317158871,-0.2105326571334838,212.1814159992259,0.14852699119945814,-0.034369236637554014,2006,0,0.7210390417353163,0.7270273268075316,0.8,0.5845065863132644,0.5863503986603577
top20pct,81f7a69543c074a2fb1a,A,7,1d,1h,0.15,capped_rank,2192,0.8341823274172391,0.10628499750551224,0.8044775756233244,1.2293359630326914,0.5048385317158871,-0.2105326571334838,212.1814159992259,0.14852699119945814,-0.034369236637554014,2006,0,0.7210390417353163,0.7270273268075316,0.8,0.5845065863132644,0.5863503986603577
top20pct,b25eb01d75c65e1d94af,A,7,1d,2h,0.15,capped_rank,2192,0.8341823274172391,0.10628499750551224,0.8044775756233244,1.2293359630326914,0.5048385317158871,-0.2105326571334838,212.1814159992259,0.14852699119945814,-0.034369236637554014,2006,0,0.7210390417353163,0.7270273268075316,0.8,0.5845065863132644,0.5863503986603577
top20pct,e5ce2aa66ea6afe1d893,A,7,1d,4h,0.15,capped_rank,2192,0.8341823274172391,0.10628499750551224,0.8044775756233244,1.2293359630326914,0.5048385317158871,-0.2105326571334838,212.1814159992259,0.14852699119945814,-0.034369236637554014,2006,0,0.7210390417353163,0.7270273268075316,0.8,0.5845065863132644,0.5863503986603577
top8,bc776bebc8e8944145ad,A,7,6h,5m,0.1,capped_rank,2192,0.4373091315355202,0.062268750602262335,0.7574087029373563,1.0829577775246373,0.4567466702097335,-0.13633104445768407,136.50103828386813,0.09555072679870769,-0.03862394966872254,2020,0,0.37963500403422423,0.6765337260696451,0.6,0.583832528533078,0.4359511618683884
top8,a08985fc3a56ccb3664d,A,7,1d,5m,0.1,capped_rank,2192,0.4373091315355202,0.062268750602262335,0.7574087029373563,1.0829577775246373,0.4567466702097335,-0.13633104445768407,136.50103828386813,0.09555072679870769,-0.03862394966872254,2020,0,0.37963500403422423,0.6765337260696451,0.6,0.583832528533078,0.4359511618683884
top8,14528fb772c13a304901,A,7,12h,15m,0.1,capped_rank,2192,0.4373091315355202,0.062268750602262335,0.7574087029373563,1.0829577775246373,0.4567466702097335,-0.13633104445768407,136.50103828386813,0.09555072679870769,-0.03862394966872254,2020,0,0.37963500403422423,0.6765337260696451,0.6,0.583832528533078,0.4359511618683884
top8,ff33f7dfdac00c500deb,A,7,1d,15m,0.1,capped_rank,2192,0.4373091315355202,0.062268750602262335,0.7574087029373563,1.0829577775246373,0.4567466702097335,-0.13633104445768407,136.50103828386813,0.09555072679870769,-0.03862394966872254,2020,0,0.37963500403422423,0.6765337260696451,0.6,0.583832528533078,0.4359511618683884
top8,237e59e5bd48b262b73c,A,7,1d,30m,0.1,capped_rank,2192,0.4373091315355202,0.062268750602262335,0.7574087029373563,1.0829577775246373,0.4567466702097335,-0.13633104445768407,136.50103828386813,0.09555072679870769,-0.03862394966872254,2020,0,0.37963500403422423,0.6765337260696451,0.6,0.583832528533078,0.4359511618683884
top8,49869a8db56432dab8ee,A,7,1d,1h,0.1,capped_rank,2192,0.4373091315355202,0.062268750602262335,0.7574087029373563,1.0829577775246373,0.4567466702097335,-0.13633104445768407,136.50103828386813,0.09555072679870769,-0.03862394966872254,2020,0,0.37963500403422423,0.6765337260696451,0.6,0.583832528533078,0.4359511618683884
top8,70e603a2deea7c7cd788,A,7,1d,2h,0.1,capped_rank,2192,0.4373091315355202,0.062268750602262335,0.7574087029373563,1.0829577775246373,0.4567466702097335,-0.13633104445768407,136.50103828386813,0.09555072679870769,-0.03862394966872254,2020,0,0.37963500403422423,0.6765337260696451,0.6,0.583832528533078,0.4359511618683884
top8,352a870886b721557db0,A,7,1d,4h,0.1,capped_rank,2192,0.4373091315355202,0.062268750602262335,0.7574087029373563,1.0829577775246373,0.4567466702097335,-0.13633104445768407,136.50103828386813,0.09555072679870769,-0.03862394966872254,2020,0,0.37963500403422423,0.6765337260696451,0.6,0.583832528533078,0.4359511618683884
top20pct,d0691497cedc30c3716f,A,7,6h,5m,0.2,capped_rank,2192,1.1778886534612618,0.13838161772172874,0.8057164907563963,1.2350237429592859,0.5190374086177206,-0.26661203108704834,276.5537478859279,0.19358762352014955,-0.04573627901442438,1990,0,1.0044258102675694,0.7292169902309517,0.8,0.5554540202476751,0.5421885057687856
top20pct,d4139a5c7916c7ab6e09,A,7,1d,5m,0.2,capped_rank,2192,1.1778886534612618,0.13838161772172874,0.8057164907563963,1.2350237429592859,0.5190374086177206,-0.26661203108704834,276.5537478859279,0.19358762352014955,-0.04573627901442438,1990,0,1.0044258102675694,0.7292169902309517,0.8,0.5554540202476751,0.5421885057687856
top20pct,a429072d552971194a76,A,7,12h,15m,0.2,capped_rank,2192,1.1778886534612618,0.13838161772172874,0.8057164907563963,1.2350237429592859,0.5190374086177206,-0.26661203108704834,276.5537478859279,0.19358762352014955,-0.04573627901442438,1990,0,1.0044258102675694,0.7292169902309517,0.8,0.5554540202476751,0.5421885057687856
top20pct,0aac5117b1f0434398f7,A,7,1d,15m,0.2,capped_rank,2192,1.1778886534612618,0.13838161772172874,0.8057164907563963,1.2350237429592859,0.5190374086177206,-0.26661203108704834,276.5537478859279,0.19358762352014955,-0.04573627901442438,1990,0,1.0044258102675694,0.7292169902309517,0.8,0.5554540202476751,0.5421885057687856
top20pct,769dee5ff4ce51fb1ef0,A,7,1d,30m,0.2,capped_rank,2192,1.1778886534612618,0.13838161772172874,0.8057164907563963,1.2350237429592859,0.5190374086177206,-0.26661203108704834,276.5537478859279,0.19358762352014955,-0.04573627901442438,1990,0,1.0044258102675694,0.7292169902309517,0.8,0.5554540202476751,0.5421885057687856
top20pct,5047f7ae6f27b29148af,A,7,1d,1h,0.2,capped_rank,2192,1.1778886534612618,0.13838161772172874,0.8057164907563963,1.2350237429592859,0.5190374086177206,-0.26661203108704834,276.5537478859279,0.19358762352014955,-0.04573627901442438,1990,0,1.0044258102675694,0.7292169902309517,0.8,0.5554540202476751,0.5421885057687856
top20pct,3d830ed71cd7a71bb3e9,A,7,1d,2h,0.2,capped_rank,2192,1.1778886534612618,0.13838161772172874,0.8057164907563963,1.2350237429592859,0.5190374086177206,-0.26661203108704834,276.5537478859279,0.19358762352014955,-0.04573627901442438,1990,0,1.0044258102675694,0.7292169902309517,0.8,0.5554540202476751,0.5421885057687856
top20pct,586540580fc8ba34d235,A,7,1d,4h,0.2,capped_rank,2192,1.1778886534612618,0.13838161772172874,0.8057164907563963,1.2350237429592859,0.5190374086177206,-0.26661203108704834,276.5537478859279,0.19358762352014955,-0.04573627901442438,1990,0,1.0044258102675694,0.7292169902309517,0.8,0.5554540202476751,0.5421885057687856
top4,daebee624da7e80cea60,A,7,6h,5m,0.15,inverse_vol,2192,0.5229655810107139,0.0725574571302332,0.8094648435658338,1.1653343238712044,0.5562623487042457,-0.13043747666770567,134.72317209267243,0.0943062204648707,-0.04569014437010918,2023,0,0.4626355500415269,0.735966467749319,0.6,0.5517753201025963,0.4256136036224785
top4,3814bd6a819556c27da4,A,7,1d,5m,0.15,inverse_vol,2192,0.5229655810107139,0.0725574571302332,0.8094648435658338,1.1653343238712044,0.5562623487042457,-0.13043747666770567,134.72317209267243,0.0943062204648707,-0.04569014437010918,2023,0,0.4626355500415269,0.735966467749319,0.6,0.5517753201025963,0.4256136036224785
top4,3bb7cac6356c455a4ddb,A,7,12h,15m,0.15,inverse_vol,2192,0.5229655810107139,0.0725574571302332,0.8094648435658338,1.1653343238712044,0.5562623487042457,-0.13043747666770567,134.72317209267243,0.0943062204648707,-0.04569014437010918,2023,0,0.4626355500415269,0.735966467749319,0.6,0.5517753201025963,0.4256136036224785
top4,1bd3927646c5fbc21162,A,7,1d,15m,0.15,inverse_vol,2192,0.5229655810107139,0.0725574571302332,0.8094648435658338,1.1653343238712044,0.5562623487042457,-0.13043747666770567,134.72317209267243,0.0943062204648707,-0.04569014437010918,2023,0,0.4626355500415269,0.735966467749319,0.6,0.5517753201025963,0.4256136036224785
top4,e989345b50441356ace3,A,7,1d,30m,0.15,inverse_vol,2192,0.5229655810107139,0.0725574571302332,0.8094648435658338,1.1653343238712044,0.5562623487042457,-0.13043747666770567,134.72317209267243,0.0943062204648707,-0.04569014437010918,2023,0,0.4626355500415269,0.735966467749319,0.6,0.5517753201025963,0.4256136036224785
top4,611852c01f61e157eaaa,A,7,1d,1h,0.15,inverse_vol,2192,0.5229655810107139,0.0725574571302332,0.8094648435658338,1.1653343238712044,0.5562623487042457,-0.13043747666770567,134.72317209267243,0.0943062204648707,-0.04569014437010918,2023,0,0.4626355500415269,0.735966467749319,0.6,0.5517753201025963,0.4256136036224785
top4,f546842116e6e6754b3f,A,7,1d,2h,0.15,inverse_vol,2192,0.5229655810107139,0.0725574571302332,0.8094648435658338,1.1653343238712044,0.5562623487042457,-0.13043747666770567,134.72317209267243,0.0943062204648707,-0.04569014437010918,2023,0,0.4626355500415269,0.735966467749319,0.6,0.5517753201025963,0.4256136036224785
top4,a4d552cad2948e7a8c64,A,7,1d,4h,0.15,inverse_vol,2192,0.5229655810107139,0.0725574571302332,0.8094648435658338,1.1653343238712044,0.5562623487042457,-0.13043747666770567,134.72317209267243,0.0943062204648707,-0.04569014437010918,2023,0,0.4626355500415269,0.735966467749319,0.6,0.5517753201025963,0.4256136036224785
top4,1296e743c21859683554,A,7,6h,5m,0.2,inverse_vol,2192,0.7326662901391381,0.09584598321724225,0.809464843565834,1.1653343238712048,0.562356961087301,-0.17043619951272015,179.63089612356322,0.12574162728649427,-0.06092019249347892,2023,0,0.6417568803546236,0.7359664677493191,0.6,0.5517753201025961,0.42163221892391917
top4,3e9dd1e7f84241a558e1,A,7,1d,5m,0.2,inverse_vol,2192,0.7326662901391381,0.09584598321724225,0.809464843565834,1.1653343238712048,0.562356961087301,-0.17043619951272015,179.63089612356322,0.12574162728649427,-0.06092019249347892,2023,0,0.6417568803546236,0.7359664677493191,0.6,0.5517753201025961,0.42163221892391917
top4,679a054809a2cde554ad,A,7,12h,15m,0.2,inverse_vol,2192,0.7326662901391381,0.09584598321724225,0.809464843565834,1.1653343238712048,0.562356961087301,-0.17043619951272015,179.63089612356322,0.12574162728649427,-0.06092019249347892,2023,0,0.6417568803546236,0.7359664677493191,0.6,0.5517753201025961,0.42163221892391917
top4,c3c04618306e2b87f71b,A,7,1d,15m,0.2,inverse_vol,2192,0.7326662901391381,0.09584598321724225,0.809464843565834,1.1653343238712048,0.562356961087301,-0.17043619951272015,179.63089612356322,0.12574162728649427,-0.06092019249347892,2023,0,0.6417568803546236,0.7359664677493191,0.6,0.5517753201025961,0.42163221892391917
top4,4927952812c53395b89d,A,7,1d,30m,0.2,inverse_vol,2192,0.7326662901391381,0.09584598321724225,0.809464843565834,1.1653343238712048,0.562356961087301,-0.17043619951272015,179.63089612356322,0.12574162728649427,-0.06092019249347892,2023,0,0.6417568803546236,0.7359664677493191,0.6,0.5517753201025961,0.42163221892391917
top4,3ab0deecb57e66455de6,A,7,1d,1h,0.2,inverse_vol,2192,0.7326662901391381,0.09584598321724225,0.809464843565834,1.1653343238712048,0.562356961087301,-0.17043619951272015,179.63089612356322,0.12574162728649427,-0.06092019249347892,2023,0,0.6417568803546236,0.7359664677493191,0.6,0.5517753201025961,0.42163221892391917
top4,2d165ee80756344cbdee,A,7,1d,2h,0.2,inverse_vol,2192,0.7326662901391381,0.09584598321724225,0.809464843565834,1.1653343238712048,0.562356961087301,-0.17043619951272015,179.63089612356322,0.12574162728649427,-0.06092019249347892,2023,0,0.6417568803546236,0.7359664677493191,0.6,0.5517753201025961,0.42163221892391917
top4,da6de449353aa3bf21cf,A,7,1d,4h,0.2,inverse_vol,2192,0.7326662901391381,0.09584598321724225,0.809464843565834,1.1653343238712048,0.562356961087301,-0.17043619951272015,179.63089612356322,0.12574162728649427,-0.06092019249347892,2023,0,0.6417568803546236,0.7359664677493191,0.6,0.5517753201025961,0.42163221892391917
top4,08020b21de2232f8d702,A,7,6h,5m,0.1,inverse_vol,2192,0.33116280842238255,0.04878460624220393,0.809464843565834,1.1653343238712048,0.5497520100511699,-0.08873929581023843,89.81544806178161,0.06287081364324713,-0.03046009624673946,2023,0,0.2957727867142679,0.7359664677493191,0.6,0.5517753201025961,0.42901636260159476
top4,f20edd70a8cd8782285d,A,7,1d,5m,0.1,inverse_vol,2192,0.33116280842238255,0.04878460624220393,0.809464843565834,1.1653343238712048,0.5497520100511699,-0.08873929581023843,89.81544806178161,0.06287081364324713,-0.03046009624673946,2023,0,0.2957727867142679,0.7359664677493191,0.6,0.5517753201025961,0.42901636260159476
top4,1d8eed086a8305700b39,A,7,12h,15m,0.1,inverse_vol,2192,0.33116280842238255,0.04878460624220393,0.809464843565834,1.1653343238712048,0.5497520100511699,-0.08873929581023843,89.81544806178161,0.06287081364324713,-0.03046009624673946,2023,0,0.2957727867142679,0.7359664677493191,0.6,0.5517753201025961,0.42901636260159476
top4,7266c8d2a788a43d9544,A,7,1d,15m,0.1,inverse_vol,2192,0.33116280842238255,0.04878460624220393,0.809464843565834,1.1653343238712048,0.5497520100511699,-0.08873929581023843,89.81544806178161,0.06287081364324713,-0.03046009624673946,2023,0,0.2957727867142679,0.7359664677493191,0.6,0.5517753201025961,0.42901636260159476
top4,701540f5756ffd269dee,A,7,1d,30m,0.1,inverse_vol,2192,0.33116280842238255,0.04878460624220393,0.809464843565834,1.1653343238712048,0.5497520100511699,-0.08873929581023843,89.81544806178161,0.06287081364324713,-0.03046009624673946,2023,0,0.2957727867142679,0.7359664677493191,0.6,0.5517753201025961,0.42901636260159476
top4,6714877361f6dfdc052c,A,7,1d,1h,0.1,inverse_vol,2192,0.33116280842238255,0.04878460624220393,0.809464843565834,1.1653343238712048,0.5497520100511699,-0.08873929581023843,89.81544806178161,0.06287081364324713,-0.03046009624673946,2023,0,0.2957727867142679,0.7359664677493191,0.6,0.5517753201025961,0.42901636260159476
top4,ed67cfeebe8dd4bb6d01,A,7,1d,2h,0.1,inverse_vol,2192,0.33116280842238255,0.04878460624220393,0.809464843565834,1.1653343238712048,0.5497520100511699,-0.08873929581023843,89.81544806178161,0.06287081364324713,-0.03046009624673946,2023,0,0.2957727867142679,0.7359664677493191,0.6,0.5517753201025961,0.42901636260159476
top4,51915623e01482c6fce3,A,7,1d,4h,0.1,inverse_vol,2192,0.33116280842238255,0.04878460624220393,0.809464843565834,1.1653343238712048,0.5497520100511699,-0.08873929581023843,89.81544806178161,0.06287081364324713,-0.03046009624673946,2023,0,0.2957727867142679,0.7359664677493191,0.6,0.5517753201025961,0.42901636260159476
top8,f01d6e9946809e25a24d,A,7,7d,1h,0.15,equal,2192,0.2927001427468747,0.043676754986661015,0.46678858360767156,0.5952442939599867,0.16881163601621607,-0.25873071322207564,53.37681157791337,0.037363768104539355,-0.0679145256215963,307,0,0.27214942635402206,0.4407942584123485,0.8,0.5401575814445467,0.360368451548493
top8,96d5030131acc603ad4a,A,7,7d,2h,0.15,equal,2192,0.2927001427468747,0.043676754986661015,0.46678858360767156,0.5952442939599867,0.16881163601621607,-0.25873071322207564,53.37681157791337,0.037363768104539355,-0.0679145256215963,307,0,0.27214942635402206,0.4407942584123485,0.8,0.5401575814445467,0.360368451548493
top8,687bf850b7635d619e1b,A,7,7d,4h,0.15,equal,2192,0.2927001427468747,0.043676754986661015,0.46678858360767156,0.5952442939599867,0.16881163601621607,-0.25873071322207564,53.37681157791337,0.037363768104539355,-0.0679145256215963,307,0,0.27214942635402206,0.4407942584123485,0.8,0.5401575814445467,0.360368451548493
top8,aae53f345900c7eb011d,A,7,7d,1d,0.15,equal,2192,0.2927001427468747,0.043676754986661015,0.46678858360767156,0.5952442939599867,0.16881163601621607,-0.25873071322207564,53.37681157791337,0.037363768104539355,-0.0679145256215963,307,0,0.27214942635402206,0.4407942584123485,0.8,0.5401575814445467,0.360368451548493
top8,7c685b788aaafe9e5cbf,A,7,7d,1h,0.2,equal,2192,0.38836391129083947,0.056157974436767066,0.4667885836076716,0.5952442939599868,0.1688547613224498,-0.3325815274437315,71.16908210388449,0.04981835747271915,-0.09055270082879506,307,0,0.35900567202925493,0.44079425841234837,0.8,0.5401575814445465,0.3569145109511857
top8,e87bb5326cbd8611ebaa,A,7,7d,2h,0.2,equal,2192,0.38836391129083947,0.056157974436767066,0.4667885836076716,0.5952442939599868,0.1688547613224498,-0.3325815274437315,71.16908210388449,0.04981835747271915,-0.09055270082879506,307,0,0.35900567202925493,0.44079425841234837,0.8,0.5401575814445465,0.3569145109511857
top8,4d933ac2f077a8570eb5,A,7,7d,4h,0.2,equal,2192,0.38836391129083947,0.056157974436767066,0.4667885836076716,0.5952442939599868,0.1688547613224498,-0.3325815274437315,71.16908210388449,0.04981835747271915,-0.09055270082879506,307,0,0.35900567202925493,0.44079425841234837,0.8,0.5401575814445465,0.3569145109511857
top8,20fd8f18f161638922c5,A,7,7d,1d,0.2,equal,2192,0.38836391129083947,0.056157974436767066,0.4667885836076716,0.5952442939599868,0.1688547613224498,-0.3325815274437315,71.16908210388449,0.04981835747271915,-0.09055270082879506,307,0,0.35900567202925493,0.44079425841234837,0.8,0.5401575814445465,0.3569145109511857
top8,ba3e2ee314216ffa8574,A,7,7d,1h,0.1,equal,2192,0.1951154611878212,0.03012487055717661,0.4667885836076716,0.5952442939599868,0.16845375908470767,-0.178831690790754,35.584541051942246,0.024909178736359575,-0.04527635041439753,307,0,0.1824187133409465,0.44079425841234837,0.8,0.5401575814445465,0.3631470695828049
top8,3a56a7075195164cd475,A,7,7d,2h,0.1,equal,2192,0.1951154611878212,0.03012487055717661,0.4667885836076716,0.5952442939599868,0.16845375908470767,-0.178831690790754,35.584541051942246,0.024909178736359575,-0.04527635041439753,307,0,0.1824187133409465,0.44079425841234837,0.8,0.5401575814445465,0.3631470695828049
top8,a33d91572e6fdadacaf3,A,7,7d,4h,0.1,equal,2192,0.1951154611878212,0.03012487055717661,0.4667885836076716,0.5952442939599868,0.16845375908470767,-0.178831690790754,35.584541051942246,0.024909178736359575,-0.04527635041439753,307,0,0.1824187133409465,0.44079425841234837,0.8,0.5401575814445465,0.3631470695828049
top8,196489eddad47001eaeb,A,7,7d,1d,0.1,equal,2192,0.1951154611878212,0.03012487055717661,0.4667885836076716,0.5952442939599868,0.16845375908470767,-0.178831690790754,35.584541051942246,0.024909178736359575,-0.04527635041439753,307,0,0.1824187133409465,0.44079425841234837,0.8,0.5401575814445465,0.3631470695828049
top8,f8d777575fd390210576,A,90,7d,1h,0.15,inverse_vol,2192,0.5098899279329512,0.07101857451857052,0.6981557378505053,0.865923342912991,0.2730772807931683,-0.2600676786889524,20.985521452266845,0.014689865016586787,-0.08078047544091159,283,0,0.5004041917863755,0.6882265006355344,0.6,0.5184497417897768,0.36442872735016124
top8,e8280ece53c902083d69,A,90,7d,2h,0.15,inverse_vol,2192,0.5098899279329512,0.07101857451857052,0.6981557378505053,0.865923342912991,0.2730772807931683,-0.2600676786889524,20.985521452266845,0.014689865016586787,-0.08078047544091159,283,0,0.5004041917863755,0.6882265006355344,0.6,0.5184497417897768,0.36442872735016124
top8,ece36958579b62dabdf0,A,90,7d,4h,0.15,inverse_vol,2192,0.5098899279329512,0.07101857451857052,0.6981557378505053,0.865923342912991,0.2730772807931683,-0.2600676786889524,20.985521452266845,0.014689865016586787,-0.08078047544091159,283,0,0.5004041917863755,0.6882265006355344,0.6,0.5184497417897768,0.36442872735016124
top8,b14bbdda2a20064af873,A,90,7d,1d,0.15,inverse_vol,2192,0.5098899279329512,0.07101857451857052,0.6981557378505053,0.865923342912991,0.2730772807931683,-0.2600676786889524,20.985521452266845,0.014689865016586787,-0.08078047544091159,283,0,0.5004041917863755,0.6882265006355344,0.6,0.5184497417897768,0.36442872735016124
top8,2770582d91f8878ef3fd,A,90,7d,1h,0.2,inverse_vol,2192,0.706113240099635,0.09303154156188076,0.6981557378505051,0.865923342912991,0.2785408821417733,-0.3339960039134544,27.98069526968912,0.019586486688782385,-0.10770730058788212,283,0,0.6918316941211375,0.6882265006355345,0.6,0.5184497417897767,0.35871185832115643
top8,d354d476bf8cec40f925,A,90,7d,2h,0.2,inverse_vol,2192,0.706113240099635,0.09303154156188076,0.6981557378505051,0.865923342912991,0.2785408821417733,-0.3339960039134544,27.98069526968912,0.019586486688782385,-0.10770730058788212,283,0,0.6918316941211375,0.6882265006355345,0.6,0.5184497417897767,0.35871185832115643
top8,b8696c8c8adc9a04f714,A,90,7d,4h,0.2,inverse_vol,2192,0.706113240099635,0.09303154156188076,0.6981557378505051,0.865923342912991,0.2785408821417733,-0.3339960039134544,27.98069526968912,0.019586486688782385,-0.10770730058788212,283,0,0.6918316941211375,0.6882265006355345,0.6,0.5184497417897767,0.35871185832115643
top8,e8409fac4269170741a7,A,90,7d,1d,0.2,inverse_vol,2192,0.706113240099635,0.09303154156188076,0.6981557378505051,0.865923342912991,0.2785408821417733,-0.3339960039134544,27.98069526968912,0.019586486688782385,-0.10770730058788212,283,0,0.6918316941211375,0.6882265006355345,0.6,0.5184497417897767,0.35871185832115643
top8,897c2a0a5e9926282b9f,A,90,7d,1h,0.1,inverse_vol,2192,0.32613327440248674,0.04812373010933557,0.6981557378505051,0.865923342912991,0.26744646016804496,-0.17993780915663615,13.99034763484456,0.009793243344391193,-0.05385365029394106,283,0,0.320575220187459,0.6882265006355345,0.6,0.5184497417897767,0.3693771859402865
top8,cb6b2b6a9aab52216dde,A,90,7d,2h,0.1,inverse_vol,2192,0.32613327440248674,0.04812373010933557,0.6981557378505051,0.865923342912991,0.26744646016804496,-0.17993780915663615,13.99034763484456,0.009793243344391193,-0.05385365029394106,283,0,0.320575220187459,0.6882265006355345,0.6,0.5184497417897767,0.3693771859402865
top8,5d19eec281ec10bb244e,A,90,7d,4h,0.1,inverse_vol,2192,0.32613327440248674,0.04812373010933557,0.6981557378505051,0.865923342912991,0.26744646016804496,-0.17993780915663615,13.99034763484456,0.009793243344391193,-0.05385365029394106,283,0,0.320575220187459,0.6882265006355345,0.6,0.5184497417897767,0.3693771859402865
top8,219830d82d2e9cd71ef1,A,90,7d,1d,0.1,inverse_vol,2192,0.32613327440248674,0.04812373010933557,0.6981557378505051,0.865923342912991,0.26744646016804496,-0.17993780915663615,13.99034763484456,0.009793243344391193,-0.05385365029394106,283,0,0.320575220187459,0.6882265006355345,0.6,0.5184497417897767,0.3693771859402865
top20pct,63d5efaa88285d0cd7f0,A,14,3d,30m,0.15,inverse_vol,2192,0.7532771545254118,0.09800591686691873,1.3045422391205224,1.9215914425217202,1.1078561774760327,-0.08846447658052525,42.71831690359352,0.029902821832515462,-0.02614694778799522,679,0,0.7309584408614176,1.2756506468822884,0.8,0.5175036551852084,0.49387748053863156
top20pct,9fbf4df45f560f4ef936,A,14,3d,1h,0.15,inverse_vol,2192,0.7532771545254118,0.09800591686691873,1.3045422391205224,1.9215914425217202,1.1078561774760327,-0.08846447658052525,42.71831690359352,0.029902821832515462,-0.02614694778799522,679,0,0.7309584408614176,1.2756506468822884,0.8,0.5175036551852084,0.49387748053863156
top20pct,dde95fafe1edcf2b13fe,A,14,3d,2h,0.15,inverse_vol,2192,0.7532771545254118,0.09800591686691873,1.3045422391205224,1.9215914425217202,1.1078561774760327,-0.08846447658052525,42.71831690359352,0.029902821832515462,-0.02614694778799522,679,0,0.7309584408614176,1.2756506468822884,0.8,0.5175036551852084,0.49387748053863156
top20pct,d423b4b95fa6709ec3b8,A,14,3d,4h,0.15,inverse_vol,2192,0.7532771545254118,0.09800591686691873,1.3045422391205224,1.9215914425217202,1.1078561774760327,-0.08846447658052525,42.71831690359352,0.029902821832515462,-0.02614694778799522,679,0,0.7309584408614176,1.2756506468822884,0.8,0.5175036551852084,0.49387748053863156
top20pct,6f239cb7e60626dc680e,A,14,3d,1d,0.15,inverse_vol,2192,0.7532771545254118,0.09800591686691873,1.3045422391205224,1.9215914425217202,1.1078561774760327,-0.08846447658052525,42.71831690359352,0.029902821832515462,-0.02614694778799522,679,0,0.7309584408614176,1.2756506468822884,0.8,0.5175036551852084,0.49387748053863156
top20pct,f530a3b57de4cc7a9e7a,A,14,3d,30m,0.2,inverse_vol,2192,1.0988571155092495,0.13139654713740545,1.3045422391205217,1.9215914425217195,1.1269016213774763,-0.11659983857046186,56.95775587145803,0.03987042911002062,-0.034862597050660304,679,0,1.063312482267004,1.2756506468822884,0.8,0.5175036551852082,0.4867979192518707
top20pct,0286d8d25bc7786938e1,A,14,3d,1h,0.2,inverse_vol,2192,1.0988571155092495,0.13139654713740545,1.3045422391205217,1.9215914425217195,1.1269016213774763,-0.11659983857046186,56.95775587145803,0.03987042911002062,-0.034862597050660304,679,0,1.063312482267004,1.2756506468822884,0.8,0.5175036551852082,0.4867979192518707
top20pct,3b1e073b8cb87ad37779,A,14,3d,2h,0.2,inverse_vol,2192,1.0988571155092495,0.13139654713740545,1.3045422391205217,1.9215914425217195,1.1269016213774763,-0.11659983857046186,56.95775587145803,0.03987042911002062,-0.034862597050660304,679,0,1.063312482267004,1.2756506468822884,0.8,0.5175036551852082,0.4867979192518707
top20pct,ee4eb8928a7f6d8598ee,A,14,3d,4h,0.2,inverse_vol,2192,1.0988571155092495,0.13139654713740545,1.3045422391205217,1.9215914425217195,1.1269016213774763,-0.11659983857046186,56.95775587145803,0.03987042911002062,-0.034862597050660304,679,0,1.063312482267004,1.2756506468822884,0.8,0.5175036551852082,0.4867979192518707
top20pct,b79d6bd6f10191635eeb,A,14,3d,1d,0.2,inverse_vol,2192,1.0988571155092495,0.13139654713740545,1.3045422391205217,1.9215914425217195,1.1269016213774763,-0.11659983857046186,56.95775587145803,0.03987042911002062,-0.034862597050660304,679,0,1.063312482267004,1.2756506468822884,0.8,0.5175036551852082,0.4867979192518707
top20pct,ef57db5df1c65265eac3,A,14,3d,30m,0.1,inverse_vol,2192,0.4593012587836378,0.06495812579933857,1.3045422391205217,1.9215914425217195,1.0888446658096713,-0.059657844538399174,28.478877935729017,0.01993521455501031,-0.017431298525330152,679,0,0.44688926681326024,1.2756506468822884,1.0,0.5175036551852082,0.5005686588510646
top20pct,bd20363827af9ea5d511,A,14,3d,1h,0.1,inverse_vol,2192,0.4593012587836378,0.06495812579933857,1.3045422391205217,1.9215914425217195,1.0888446658096713,-0.059657844538399174,28.478877935729017,0.01993521455501031,-0.017431298525330152,679,0,0.44688926681326024,1.2756506468822884,1.0,0.5175036551852082,0.5005686588510646
top20pct,bfd877506d8cede2c549,A,14,3d,2h,0.1,inverse_vol,2192,0.4593012587836378,0.06495812579933857,1.3045422391205217,1.9215914425217195,1.0888446658096713,-0.059657844538399174,28.478877935729017,0.01993521455501031,-0.017431298525330152,679,0,0.44688926681326024,1.2756506468822884,1.0,0.5175036551852082,0.5005686588510646
top20pct,6233bd89cd044a803cf7,A,14,3d,4h,0.1,inverse_vol,2192,0.4593012587836378,0.06495812579933857,1.3045422391205217,1.9215914425217195,1.0888446658096713,-0.059657844538399174,28.478877935729017,0.01993521455501031,-0.017431298525330152,679,0,0.44688926681326024,1.2756506468822884,1.0,0.5175036551852082,0.5005686588510646
top20pct,df7df197c78496ddcd61,A,14,3d,1d,0.1,inverse_vol,2192,0.4593012587836378,0.06495812579933857,1.3045422391205217,1.9215914425217195,1.0888446658096713,-0.059657844538399174,28.478877935729017,0.01993521455501031,-0.017431298525330152,679,0,0.44688926681326024,1.2756506468822884,1.0,0.5175036551852082,0.5005686588510646
top4,426dd1561c819fd3dfbe,A,90,7d,1h,0.15,inverse_vol,2192,0.6079719975895623,0.08230179446237784,0.9410390305611921,1.2421523941240613,0.388269132543157,-0.21197099528180963,13.402507974678723,0.009381755582275107,-0.051454524209994905,283,0,0.6015126784819169,0.9333437379042443,0.8,0.5156483324465626,0.588567337040863
top4,efd57c547e7110602549,A,90,7d,2h,0.15,inverse_vol,2192,0.6079719975895623,0.08230179446237784,0.9410390305611921,1.2421523941240613,0.388269132543157,-0.21197099528180963,13.402507974678723,0.009381755582275107,-0.051454524209994905,283,0,0.6015126784819169,0.9333437379042443,0.8,0.5156483324465626,0.588567337040863
top4,0d6f8eb9ee3a0466507d,A,90,7d,4h,0.15,inverse_vol,2192,0.6079719975895623,0.08230179446237784,0.9410390305611921,1.2421523941240613,0.388269132543157,-0.21197099528180963,13.402507974678723,0.009381755582275107,-0.051454524209994905,283,0,0.6015126784819169,0.9333437379042443,0.8,0.5156483324465626,0.588567337040863
top4,d4c739159a6a148cbe2c,A,90,7d,1d,0.15,inverse_vol,2192,0.6079719975895623,0.08230179446237784,0.9410390305611921,1.2421523941240613,0.388269132543157,-0.21197099528180963,13.402507974678723,0.009381755582275107,-0.051454524209994905,283,0,0.6015126784819169,0.9333437379042443,0.8,0.5156483324465626,0.588567337040863
top4,2d092cc420f0b4c217c2,A,90,7d,1h,0.2,inverse_vol,2192,0.8643417377895102,0.1092934503166989,0.941039030561192,1.2421523941240613,0.3980658265656543,-0.2745612484739952,17.870010632904968,0.012509007443033477,-0.0686060322799932,283,0,0.8543590801208936,0.9333437379042443,0.8,0.5156483324465622,0.5775097196030459
top4,4fffddbe6ea86171b8dd,A,90,7d,2h,0.2,inverse_vol,2192,0.8643417377895102,0.1092934503166989,0.941039030561192,1.2421523941240613,0.3980658265656543,-0.2745612484739952,17.870010632904968,0.012509007443033477,-0.0686060322799932,283,0,0.8543590801208936,0.9333437379042443,0.8,0.5156483324465622,0.5775097196030459
top4,ab0274c8a01deaa0ed95,A,90,7d,4h,0.2,inverse_vol,2192,0.8643417377895102,0.1092934503166989,0.941039030561192,1.2421523941240613,0.3980658265656543,-0.2745612484739952,17.870010632904968,0.012509007443033477,-0.0686060322799932,283,0,0.8543590801208936,0.9333437379042443,0.8,0.5156483324465622,0.5775097196030459
top4,9fbae1287c8b2ababb91,A,90,7d,1d,0.2,inverse_vol,2192,0.8643417377895102,0.1092934503166989,0.941039030561192,1.2421523941240613,0.3980658265656543,-0.2745612484739952,17.870010632904968,0.012509007443033477,-0.0686060322799932,283,0,0.8543590801208936,0.9333437379042443,0.8,0.5156483324465622,0.5775097196030459
top4,21d1ae46cfcf1d8e205f,A,90,7d,1h,0.1,inverse_vol,2192,0.3796719862851614,0.055054074239981654,0.941039030561192,1.2421523941240613,0.37859322392313327,-0.14541748441635982,8.935005316452484,0.0062545037215167385,-0.0343030161399966,283,0,0.37597606650383497,0.9333437379042443,0.8,0.5156483324465622,0.599096912186323
top4,51d5aa6df81e6f72dd60,A,90,7d,2h,0.1,inverse_vol,2192,0.3796719862851614,0.055054074239981654,0.941039030561192,1.2421523941240613,0.37859322392313327,-0.14541748441635982,8.935005316452484,0.0062545037215167385,-0.0343030161399966,283,0,0.37597606650383497,0.9333437379042443,0.8,0.5156483324465622,0.599096912186323
top4,d42f2ac7266961919824,A,90,7d,4h,0.1,inverse_vol,2192,0.3796719862851614,0.055054074239981654,0.941039030561192,1.2421523941240613,0.37859322392313327,-0.14541748441635982,8.935005316452484,0.0062545037215167385,-0.0343030161399966,283,0,0.37597606650383497,0.9333437379042443,0.8,0.5156483324465622,0.599096912186323
top4,1e6c599f9e8ec195ca7a,A,90,7d,1d,0.1,inverse_vol,2192,0.3796719862851614,0.055054074239981654,0.941039030561192,1.2421523941240613,0.37859322392313327,-0.14541748441635982,8.935005316452484,0.0062545037215167385,-0.0343030161399966,283,0,0.37597606650383497,0.9333437379042443,0.8,0.5156483324465622,0.599096912186323
top4,b089e6b0bf5b569091a7,A,7,6h,5m,0.15,capped_rank,2192,0.6758690543000134,0.08978103844302643,0.7273916396841325,1.0701422243627015,0.4500560646145041,-0.1994885648745306,206.23578434705834,0.14436504904294084,-0.04948495052693321,2013,0,0.5753119136574476,0.6478728812070904,0.8,0.5058907670151168,0.36316851917692405
top4,634d31519163f31f9b3d,A,7,1d,5m,0.15,capped_rank,2192,0.6758690543000134,0.08978103844302643,0.7273916396841325,1.0701422243627015,0.4500560646145041,-0.1994885648745306,206.23578434705834,0.14436504904294084,-0.04948495052693321,2013,0,0.5753119136574476,0.6478728812070904,0.8,0.5058907670151168,0.36316851917692405
top4,c8258cbfa959645d9a97,A,7,12h,15m,0.15,capped_rank,2192,0.6758690543000134,0.08978103844302643,0.7273916396841325,1.0701422243627015,0.4500560646145041,-0.1994885648745306,206.23578434705834,0.14436504904294084,-0.04948495052693321,2013,0,0.5753119136574476,0.6478728812070904,0.8,0.5058907670151168,0.36316851917692405
top4,a8a69b5c513e179dfd64,A,7,1d,15m,0.15,capped_rank,2192,0.6758690543000134,0.08978103844302643,0.7273916396841325,1.0701422243627015,0.4500560646145041,-0.1994885648745306,206.23578434705834,0.14436504904294084,-0.04948495052693321,2013,0,0.5753119136574476,0.6478728812070904,0.8,0.5058907670151168,0.36316851917692405
top4,bc429cf9c64f86fc4e0e,A,7,1d,30m,0.15,capped_rank,2192,0.6758690543000134,0.08978103844302643,0.7273916396841325,1.0701422243627015,0.4500560646145041,-0.1994885648745306,206.23578434705834,0.14436504904294084,-0.04948495052693321,2013,0,0.5753119136574476,0.6478728812070904,0.8,0.5058907670151168,0.36316851917692405
top4,52f8467f47691cac8d74,A,7,1d,1h,0.15,capped_rank,2192,0.6758690543000134,0.08978103844302643,0.7273916396841325,1.0701422243627015,0.4500560646145041,-0.1994885648745306,206.23578434705834,0.14436504904294084,-0.04948495052693321,2013,0,0.5753119136574476,0.6478728812070904,0.8,0.5058907670151168,0.36316851917692405
top4,59ccf387183f39dc10e4,A,7,1d,2h,0.15,capped_rank,2192,0.6758690543000134,0.08978103844302643,0.7273916396841325,1.0701422243627015,0.4500560646145041,-0.1994885648745306,206.23578434705834,0.14436504904294084,-0.04948495052693321,2013,0,0.5753119136574476,0.6478728812070904,0.8,0.5058907670151168,0.36316851917692405
top4,adaeea0bc5b192c0d85d,A,7,1d,4h,0.15,capped_rank,2192,0.6758690543000134,0.08978103844302643,0.7273916396841325,1.0701422243627015,0.4500560646145041,-0.1994885648745306,206.23578434705834,0.14436504904294084,-0.04948495052693321,2013,0,0.5753119136574476,0.6478728812070904,0.8,0.5058907670151168,0.36316851917692405
top4,98c733cd5fdec9589fce,A,30,3d,30m,0.2,capped_rank,2192,1.4603301617545816,0.16173241541804106,1.084808567861662,1.5584182929877,0.5821994527138672,-0.2777955469798895,64.5760642180586,0.04520324495264101,-0.03253129706453824,670,0,1.4131220433560272,1.0629970006199756,0.8,0.5050610077527278,0.3655400944131821
top4,6a2e95d68d107ce7f09a,A,30,3d,1h,0.2,capped_rank,2192,1.4603301617545816,0.16173241541804106,1.084808567861662,1.5584182929877,0.5821994527138672,-0.2777955469798895,64.5760642180586,0.04520324495264101,-0.03253129706453824,670,0,1.4131220433560272,1.0629970006199756,0.8,0.5050610077527278,0.3655400944131821
top4,0e53af70553d103428d2,A,30,3d,2h,0.2,capped_rank,2192,1.4603301617545816,0.16173241541804106,1.084808567861662,1.5584182929877,0.5821994527138672,-0.2777955469798895,64.5760642180586,0.04520324495264101,-0.03253129706453824,670,0,1.4131220433560272,1.0629970006199756,0.8,0.5050610077527278,0.3655400944131821
top4,80a7f05adb11dd84405f,A,30,3d,4h,0.2,capped_rank,2192,1.4603301617545816,0.16173241541804106,1.084808567861662,1.5584182929877,0.5821994527138672,-0.2777955469798895,64.5760642180586,0.04520324495264101,-0.03253129706453824,670,0,1.4131220433560272,1.0629970006199756,0.8,0.5050610077527278,0.3655400944131821
top4,ed54efe7aeb02250dc7a,A,30,3d,1d,0.2,capped_rank,2192,1.4603301617545816,0.16173241541804106,1.084808567861662,1.5584182929877,0.5821994527138672,-0.2777955469798895,64.5760642180586,0.04520324495264101,-0.03253129706453824,670,0,1.4131220433560272,1.0629970006199756,0.8,0.5050610077527278,0.3655400944131821
top4,c9934168a93244c6b0f2,A,7,6h,5m,0.2,capped_rank,2192,0.9696243076888165,0.11948720152781522,0.744287024612362,1.1007238857875796,0.4698316702981031,-0.2543191723367688,270.1478057341209,0.1891034640138846,-0.06569953412202104,2004,0,0.81626822087558,0.6653984173522808,0.8,0.5040320879051263,0.3543284368221149
top4,e975639fa381fb71cf30,A,7,1d,5m,0.2,capped_rank,2192,0.9696243076888165,0.11948720152781522,0.744287024612362,1.1007238857875796,0.4698316702981031,-0.2543191723367688,270.1478057341209,0.1891034640138846,-0.06569953412202104,2004,0,0.81626822087558,0.6653984173522808,0.8,0.5040320879051263,0.3543284368221149
top4,dbcf4c9f822ff95f7e4f,A,7,12h,15m,0.2,capped_rank,2192,0.9696243076888165,0.11948720152781522,0.744287024612362,1.1007238857875796,0.4698316702981031,-0.2543191723367688,270.1478057341209,0.1891034640138846,-0.06569953412202104,2004,0,0.81626822087558,0.6653984173522808,0.8,0.5040320879051263,0.3543284368221149
top4,8c12696051c3df3429d5,A,7,1d,15m,0.2,capped_rank,2192,0.9696243076888165,0.11948720152781522,0.744287024612362,1.1007238857875796,0.4698316702981031,-0.2543191723367688,270.1478057341209,0.1891034640138846,-0.06569953412202104,2004,0,0.81626822087558,0.6653984173522808,0.8,0.5040320879051263,0.3543284368221149
top4,64ee48dc473bfb3b4b71,A,7,1d,30m,0.2,capped_rank,2192,0.9696243076888165,0.11948720152781522,0.744287024612362,1.1007238857875796,0.4698316702981031,-0.2543191723367688,270.1478057341209,0.1891034640138846,-0.06569953412202104,2004,0,0.81626822087558,0.6653984173522808,0.8,0.5040320879051263,0.3543284368221149
top4,def21d5b924d639e2d2d,A,7,1d,1h,0.2,capped_rank,2192,0.9696243076888165,0.11948720152781522,0.744287024612362,1.1007238857875796,0.4698316702981031,-0.2543191723367688,270.1478057341209,0.1891034640138846,-0.06569953412202104,2004,0,0.81626822087558,0.6653984173522808,0.8,0.5040320879051263,0.3543284368221149
top4,a32201b444a939b402b9,A,7,1d,2h,0.2,capped_rank,2192,0.9696243076888165,0.11948720152781522,0.744287024612362,1.1007238857875796,0.4698316702981031,-0.2543191723367688,270.1478057341209,0.1891034640138846,-0.06569953412202104,2004,0,0.81626822087558,0.6653984173522808,0.8,0.5040320879051263,0.3543284368221149
top4,27df6e6c19c78b6083f9,A,7,1d,4h,0.2,capped_rank,2192,0.9696243076888165,0.11948720152781522,0.744287024612362,1.1007238857875796,0.4698316702981031,-0.2543191723367688,270.1478057341209,0.1891034640138846,-0.06569953412202104,2004,0,0.81626822087558,0.6653984173522808,0.8,0.5040320879051263,0.3543284368221149
top4,65144532954823a355f5,A,30,3d,30m,0.15,capped_rank,2192,0.9796501170292764,0.12043406661563338,1.0733796147914423,1.5358247287687428,0.5539040933113502,-0.2174276523136962,49.118632378069776,0.034383042664648845,-0.02344316406915058,674,0,0.9506909736045015,1.0513565800143891,0.8,0.5015083841451272,0.3680811097763075
top4,0cc1141c4051280fe59a,A,30,3d,1h,0.15,capped_rank,2192,0.9796501170292764,0.12043406661563338,1.0733796147914423,1.5358247287687428,0.5539040933113502,-0.2174276523136962,49.118632378069776,0.034383042664648845,-0.02344316406915058,674,0,0.9506909736045015,1.0513565800143891,0.8,0.5015083841451272,0.3680811097763075
top4,7238ab01bb84b67a4b2c,A,30,3d,2h,0.15,capped_rank,2192,0.9796501170292764,0.12043406661563338,1.0733796147914423,1.5358247287687428,0.5539040933113502,-0.2174276523136962,49.118632378069776,0.034383042664648845,-0.02344316406915058,674,0,0.9506909736045015,1.0513565800143891,0.8,0.5015083841451272,0.3680811097763075
top4,50d30f114a80a25fdef4,A,30,3d,4h,0.15,capped_rank,2192,0.9796501170292764,0.12043406661563338,1.0733796147914423,1.5358247287687428,0.5539040933113502,-0.2174276523136962,49.118632378069776,0.034383042664648845,-0.02344316406915058,674,0,0.9506909736045015,1.0513565800143891,0.8,0.5015083841451272,0.3680811097763075
top4,795a174bf11283f810c6,A,30,3d,1d,0.15,capped_rank,2192,0.9796501170292764,0.12043406661563338,1.0733796147914423,1.5358247287687428,0.5539040933113502,-0.2174276523136962,49.118632378069776,0.034383042664648845,-0.02344316406915058,674,0,0.9506909736045015,1.0513565800143891,0.8,0.5015083841451272,0.3680811097763075
top4,c1957a255420babdb4d9,A,30,3d,30m,0.1,capped_rank,2192,0.5907607257403436,0.08036411990821724,1.0709063655354945,1.527810613388861,0.5419582401400046,-0.14828470896107548,33.11246817704383,0.023178727723930682,-0.015686191316732694,678,0,0.5750365705855323,1.0487268365526383,0.8,0.5015083841451268,0.37196196818215577
top4,1add3f41eff6453735f5,A,30,3d,1h,0.1,capped_rank,2192,0.5907607257403436,0.08036411990821724,1.0709063655354945,1.527810613388861,0.5419582401400046,-0.14828470896107548,33.11246817704383,0.023178727723930682,-0.015686191316732694,678,0,0.5750365705855323,1.0487268365526383,0.8,0.5015083841451268,0.37196196818215577
top4,d317235784ef12c5931b,A,30,3d,2h,0.1,capped_rank,2192,0.5907607257403436,0.08036411990821724,1.0709063655354945,1.527810613388861,0.5419582401400046,-0.14828470896107548,33.11246817704383,0.023178727723930682,-0.015686191316732694,678,0,0.5750365705855323,1.0487268365526383,0.8,0.5015083841451268,0.37196196818215577
top4,294fda6336b1ec80b325,A,30,3d,4h,0.1,capped_rank,2192,0.5907607257403436,0.08036411990821724,1.0709063655354945,1.527810613388861,0.5419582401400046,-0.14828470896107548,33.11246817704383,0.023178727723930682,-0.015686191316732694,678,0,0.5750365705855323,1.0487268365526383,0.8,0.5015083841451268,0.37196196818215577
top4,c71bd379b419ff95b5e4,A,30,3d,1d,0.1,capped_rank,2192,0.5907607257403436,0.08036411990821724,1.0709063655354945,1.527810613388861,0.5419582401400046,-0.14828470896107548,33.11246817704383,0.023178727723930682,-0.015686191316732694,678,0,0.5750365705855323,1.0487268365526383,0.8,0.5015083841451268,0.37196196818215577
top4,e19c99c2762d8c9524c1,A,7,6h,5m,0.1,capped_rank,2192,0.41597012360108954,0.05962625651484266,0.7089959792368421,1.0376844570468418,0.43391755291169104,-0.13741379235464468,139.5364479669288,0.09767551357685017,-0.03319513215528239,2018,0,0.3579152566949162,0.6287778125917396,0.8,0.49863114215286075,0.36117936351620955
top4,b1d97b37e057b0575cfd,A,7,1d,5m,0.1,capped_rank,2192,0.41597012360108954,0.05962625651484266,0.7089959792368421,1.0376844570468418,0.43391755291169104,-0.13741379235464468,139.5364479669288,0.09767551357685017,-0.03319513215528239,2018,0,0.3579152566949162,0.6287778125917396,0.8,0.49863114215286075,0.36117936351620955
top4,cac01ca580ed594df14a,A,7,12h,15m,0.1,capped_rank,2192,0.41597012360108954,0.05962625651484266,0.7089959792368421,1.0376844570468418,0.43391755291169104,-0.13741379235464468,139.5364479669288,0.09767551357685017,-0.03319513215528239,2018,0,0.3579152566949162,0.6287778125917396,0.8,0.49863114215286075,0.36117936351620955
top4,6840868dcb7aff4622cb,A,7,1d,15m,0.1,capped_rank,2192,0.41597012360108954,0.05962625651484266,0.7089959792368421,1.0376844570468418,0.43391755291169104,-0.13741379235464468,139.5364479669288,0.09767551357685017,-0.03319513215528239,2018,0,0.3579152566949162,0.6287778125917396,0.8,0.49863114215286075,0.36117936351620955
top4,767ae68797d40b5758de,A,7,1d,30m,0.1,capped_rank,2192,0.41597012360108954,0.05962625651484266,0.7089959792368421,1.0376844570468418,0.43391755291169104,-0.13741379235464468,139.5364479669288,0.09767551357685017,-0.03319513215528239,2018,0,0.3579152566949162,0.6287778125917396,0.8,0.49863114215286075,0.36117936351620955
top4,1fcebd27b84e26d0e34f,A,7,1d,1h,0.1,capped_rank,2192,0.41597012360108954,0.05962625651484266,0.7089959792368421,1.0376844570468418,0.43391755291169104,-0.13741379235464468,139.5364479669288,0.09767551357685017,-0.03319513215528239,2018,0,0.3579152566949162,0.6287778125917396,0.8,0.49863114215286075,0.36117936351620955
top4,ffa4a126f762bff203d2,A,7,1d,2h,0.1,capped_rank,2192,0.41597012360108954,0.05962625651484266,0.7089959792368421,1.0376844570468418,0.43391755291169104,-0.13741379235464468,139.5364479669288,0.09767551357685017,-0.03319513215528239,2018,0,0.3579152566949162,0.6287778125917396,0.8,0.49863114215286075,0.36117936351620955
top4,19c8858eea81702aad43,A,7,1d,4h,0.1,capped_rank,2192,0.41597012360108954,0.05962625651484266,0.7089959792368421,1.0376844570468418,0.43391755291169104,-0.13741379235464468,139.5364479669288,0.09767551357685017,-0.03319513215528239,2018,0,0.3579152566949162,0.6287778125917396,0.8,0.49863114215286075,0.36117936351620955
top8,5a1348d5f623da36a65f,A,30,3d,30m,0.2,capped_rank,2192,1.605684498895442,0.1728893867170087,1.1633185704533462,1.6142701458848905,0.6095386110622686,-0.283639762238699,64.8178191885648,0.04537247343199535,-0.04130991282739464,670,0,1.555494045475334,1.1410806439615,0.8,0.49548577557987367,0.35239278147416375
top8,9e63f380e9c1ead986c8,A,30,3d,1h,0.2,capped_rank,2192,1.605684498895442,0.1728893867170087,1.1633185704533462,1.6142701458848905,0.6095386110622686,-0.283639762238699,64.8178191885648,0.04537247343199535,-0.04130991282739464,670,0,1.555494045475334,1.1410806439615,0.8,0.49548577557987367,0.35239278147416375
top8,7d1ee58b0c53e1994d7a,A,30,3d,2h,0.2,capped_rank,2192,1.605684498895442,0.1728893867170087,1.1633185704533462,1.6142701458848905,0.6095386110622686,-0.283639762238699,64.8178191885648,0.04537247343199535,-0.04130991282739464,670,0,1.555494045475334,1.1410806439615,0.8,0.49548577557987367,0.35239278147416375
top8,83c716254b689ec6f3e3,A,30,3d,4h,0.2,capped_rank,2192,1.605684498895442,0.1728893867170087,1.1633185704533462,1.6142701458848905,0.6095386110622686,-0.283639762238699,64.8178191885648,0.04537247343199535,-0.04130991282739464,670,0,1.555494045475334,1.1410806439615,0.8,0.49548577557987367,0.35239278147416375
top8,ae5488f049c450c513e8,A,30,3d,1d,0.2,capped_rank,2192,1.605684498895442,0.1728893867170087,1.1633185704533462,1.6142701458848905,0.6095386110622686,-0.283639762238699,64.8178191885648,0.04537247343199535,-0.04130991282739464,670,0,1.555494045475334,1.1410806439615,0.8,0.49548577557987367,0.35239278147416375
top8,aa3087099fcc22de37bd,A,30,3d,30m,0.15,capped_rank,2192,1.066083209729439,0.12843542312364975,1.15129570017708,1.591721165851524,0.5779814829955183,-0.22221373331547656,49.299948605949425,0.0345099640241646,-0.0300271258912929,674,0,1.035745298409862,1.1288465167617543,0.8,0.4918581994277488,0.3549156690602464
top8,e81ae6e6cefa75c0e0f6,A,30,3d,1h,0.15,capped_rank,2192,1.066083209729439,0.12843542312364975,1.15129570017708,1.591721165851524,0.5779814829955183,-0.22221373331547656,49.299948605949425,0.0345099640241646,-0.0300271258912929,674,0,1.035745298409862,1.1288465167617543,0.8,0.4918581994277488,0.3549156690602464
top8,e0f7d1d26318922d6760,A,30,3d,2h,0.15,capped_rank,2192,1.066083209729439,0.12843542312364975,1.15129570017708,1.591721165851524,0.5779814829955183,-0.22221373331547656,49.299948605949425,0.0345099640241646,-0.0300271258912929,674,0,1.035745298409862,1.1288465167617543,0.8,0.4918581994277488,0.3549156690602464
top8,3d56b087df722eafa7dc,A,30,3d,4h,0.15,capped_rank,2192,1.066083209729439,0.12843542312364975,1.15129570017708,1.591721165851524,0.5779814829955183,-0.22221373331547656,49.299948605949425,0.0345099640241646,-0.0300271258912929,674,0,1.035745298409862,1.1288465167617543,0.8,0.4918581994277488,0.3549156690602464
top8,a95193ea8099e465ec2b,A,30,3d,1d,0.15,capped_rank,2192,1.066083209729439,0.12843542312364975,1.15129570017708,1.591721165851524,0.5779814829955183,-0.22221373331547656,49.299948605949425,0.0345099640241646,-0.0300271258912929,674,0,1.035745298409862,1.1288465167617543,0.8,0.4918581994277488,0.3549156690602464
top8,5d9274eca244eed123d8,A,30,3d,30m,0.1,capped_rank,2192,0.6363829213213135,0.08546285078246818,1.1484316223459492,1.5835402224534252,0.5630529554536438,-0.1517847476950227,33.233345662296934,0.023263341963607853,-0.020075499198160898,678,0,0.6201477553519243,1.1258273187435526,0.8,0.4918581994277482,0.35880403156531704
top8,8f77a1f79eb75fc656ee,A,30,3d,1h,0.1,capped_rank,2192,0.6363829213213135,0.08546285078246818,1.1484316223459492,1.5835402224534252,0.5630529554536438,-0.1517847476950227,33.233345662296934,0.023263341963607853,-0.020075499198160898,678,0,0.6201477553519243,1.1258273187435526,0.8,0.4918581994277482,0.35880403156531704
top8,685fae31747059826d39,A,30,3d,2h,0.1,capped_rank,2192,0.6363829213213135,0.08546285078246818,1.1484316223459492,1.5835402224534252,0.5630529554536438,-0.1517847476950227,33.233345662296934,0.023263341963607853,-0.020075499198160898,678,0,0.6201477553519243,1.1258273187435526,0.8,0.4918581994277482,0.35880403156531704
top8,94703b9d1afb031fe420,A,30,3d,4h,0.1,capped_rank,2192,0.6363829213213135,0.08546285078246818,1.1484316223459492,1.5835402224534252,0.5630529554536438,-0.1517847476950227,33.233345662296934,0.023263341963607853,-0.020075499198160898,678,0,0.6201477553519243,1.1258273187435526,0.8,0.4918581994277482,0.35880403156531704
top8,4d8beb4ba91607f942fb,A,30,3d,1d,0.1,capped_rank,2192,0.6363829213213135,0.08546285078246818,1.1484316223459492,1.5835402224534252,0.5630529554536438,-0.1517847476950227,33.233345662296934,0.023263341963607853,-0.020075499198160898,678,0,0.6201477553519243,1.1258273187435526,0.8,0.4918581994277482,0.35880403156531704
top8,b1f0d4278cf64835afee,A,90,7d,1h,0.15,equal,2192,0.49570416518552207,0.0693364287560152,0.7155796481328303,0.9026025998220901,0.2601819765064546,-0.2664920517824382,18.35370460789513,0.012847593225526591,-0.07036898980748067,283,0,0.4874838691863348,0.7064157443137863,0.8,0.46262287924331635,0.3132055360282453
top8,beb1c60f72ce6ebb8e1e,A,90,7d,2h,0.15,equal,2192,0.49570416518552207,0.0693364287560152,0.7155796481328303,0.9026025998220901,0.2601819765064546,-0.2664920517824382,18.35370460789513,0.012847593225526591,-0.07036898980748067,283,0,0.4874838691863348,0.7064157443137863,0.8,0.46262287924331635,0.3132055360282453
top8,d5fd16228e09f52f2314,A,90,7d,4h,0.15,equal,2192,0.49570416518552207,0.0693364287560152,0.7155796481328303,0.9026025998220901,0.2601819765064546,-0.2664920517824382,18.35370460789513,0.012847593225526591,-0.07036898980748067,283,0,0.4874838691863348,0.7064157443137863,0.8,0.46262287924331635,0.3132055360282453
top8,089a950b4985a05742f5,A,90,7d,1d,0.15,equal,2192,0.49570416518552207,0.0693364287560152,0.7155796481328303,0.9026025998220901,0.2601819765064546,-0.2664920517824382,18.35370460789513,0.012847593225526591,-0.07036898980748067,283,0,0.4874838691863348,0.7064157443137863,0.8,0.46262287924331635,0.3132055360282453
top8,ee9825c4d9f38ffa9e1f,A,90,7d,1h,0.2,equal,2192,0.6874312234650761,0.09102941491316607,0.7155796481328298,0.9026025998220897,0.26670609361123976,-0.34130984290840305,24.471606143860175,0.017130124300702123,-0.0938253197433076,283,0,0.6750732816312639,0.7064157443137862,0.8,0.4626228792433163,0.30674871839661894
top8,94d3754f545823ec7131,A,90,7d,2h,0.2,equal,2192,0.6874312234650761,0.09102941491316607,0.7155796481328298,0.9026025998220897,0.26670609361123976,-0.34130984290840305,24.471606143860175,0.017130124300702123,-0.0938253197433076,283,0,0.6750732816312639,0.7064157443137862,0.8,0.4626228792433163,0.30674871839661894
top8,6def41ec8553fece8ea8,A,90,7d,4h,0.2,equal,2192,0.6874312234650761,0.09102941491316607,0.7155796481328298,0.9026025998220897,0.26670609361123976,-0.34130984290840305,24.471606143860175,0.017130124300702123,-0.0938253197433076,283,0,0.6750732816312639,0.7064157443137862,0.8,0.4626228792433163,0.30674871839661894
top8,d57971bfaf56a949161f,A,90,7d,1d,0.2,equal,2192,0.6874312234650761,0.09102941491316607,0.7155796481328298,0.9026025998220897,0.26670609361123976,-0.34130984290840305,24.471606143860175,0.017130124300702123,-0.0938253197433076,283,0,0.6750732816312639,0.7064157443137862,0.8,0.4626228792433163,0.30674871839661894
top8,38f9336c84034fa4a247,A,90,7d,1h,0.1,equal,2192,0.3167810205037449,0.04688927867142079,0.7155796481328298,0.9026025998220897,0.25355358292606933,-0.18492847993038486,12.235803071930087,0.008565062150351061,-0.0469126598716538,283,0,0.31195345540124597,0.7064157443137862,0.8,0.4626228792433163,0.3189781364045947
top8,003fdfbf1201d710ebd9,A,90,7d,2h,0.1,equal,2192,0.3167810205037449,0.04688927867142079,0.7155796481328298,0.9026025998220897,0.25355358292606933,-0.18492847993038486,12.235803071930087,0.008565062150351061,-0.0469126598716538,283,0,0.31195345540124597,0.7064157443137862,0.8,0.4626228792433163,0.3189781364045947
top8,12f70473b9c03d6b2fb4,A,90,7d,4h,0.1,equal,2192,0.3167810205037449,0.04688927867142079,0.7155796481328298,0.9026025998220897,0.25355358292606933,-0.18492847993038486,12.235803071930087,0.008565062150351061,-0.0469126598716538,283,0,0.31195345540124597,0.7064157443137862,0.8,0.4626228792433163,0.3189781364045947
top8,8166b6d308aaf295acce,A,90,7d,1d,0.1,equal,2192,0.3167810205037449,0.04688927867142079,0.7155796481328298,0.9026025998220897,0.25355358292606933,-0.18492847993038486,12.235803071930087,0.008565062150351061,-0.0469126598716538,283,0,0.31195345540124597,0.7064157443137862,0.8,0.4626228792433163,0.3189781364045947
top8,1f54dd392d5feb422955,A,90,6h,5m,0.2,inverse_vol,2192,0.7244116789000004,0.09497492447475064,0.7250178686775351,0.935445257719453,0.2658643369494281,-0.3572307800456007,75.4706956464592,0.052829486952521446,-0.10894548837809565,1935,0,0.6858274998324143,0.6978165122988965,0.8,0.4586525063053453,0.27427432023738624
top8,eef6808ce4c4716734ed,A,90,1d,5m,0.2,inverse_vol,2192,0.7244116789000004,0.09497492447475064,0.7250178686775351,0.935445257719453,0.2658643369494281,-0.3572307800456007,75.4706956464592,0.052829486952521446,-0.10894548837809565,1935,0,0.6858274998324143,0.6978165122988965,0.8,0.4586525063053453,0.27427432023738624
top8,8a230287f9ba4a749c5c,A,90,12h,15m,0.2,inverse_vol,2192,0.7244116789000004,0.09497492447475064,0.7250178686775351,0.935445257719453,0.2658643369494281,-0.3572307800456007,75.4706956464592,0.052829486952521446,-0.10894548837809565,1935,0,0.6858274998324143,0.6978165122988965,0.8,0.4586525063053453,0.27427432023738624
top8,1208f8d243bb77218d18,A,90,1d,15m,0.2,inverse_vol,2192,0.7244116789000004,0.09497492447475064,0.7250178686775351,0.935445257719453,0.2658643369494281,-0.3572307800456007,75.4706956464592,0.052829486952521446,-0.10894548837809565,1935,0,0.6858274998324143,0.6978165122988965,0.8,0.4586525063053453,0.27427432023738624
top8,ebd7a628f7633b0f72b4,A,90,1d,30m,0.2,inverse_vol,2192,0.7244116789000004,0.09497492447475064,0.7250178686775351,0.935445257719453,0.2658643369494281,-0.3572307800456007,75.4706956464592,0.052829486952521446,-0.10894548837809565,1935,0,0.6858274998324143,0.6978165122988965,0.8,0.4586525063053453,0.27427432023738624
top8,6785e485707a81927745,A,90,1d,1h,0.2,inverse_vol,2192,0.7244116789000004,0.09497492447475064,0.7250178686775351,0.935445257719453,0.2658643369494281,-0.3572307800456007,75.4706956464592,0.052829486952521446,-0.10894548837809565,1935,0,0.6858274998324143,0.6978165122988965,0.8,0.4586525063053453,0.27427432023738624
top8,298866967f860110db12,A,90,1d,2h,0.2,inverse_vol,2192,0.7244116789000004,0.09497492447475064,0.7250178686775351,0.935445257719453,0.2658643369494281,-0.3572307800456007,75.4706956464592,0.052829486952521446,-0.10894548837809565,1935,0,0.6858274998324143,0.6978165122988965,0.8,0.4586525063053453,0.27427432023738624
top8,2f4733c04f61b934587a,A,90,1d,4h,0.2,inverse_vol,2192,0.7244116789000004,0.09497492447475064,0.7250178686775351,0.935445257719453,0.2658643369494281,-0.3572307800456007,75.4706956464592,0.052829486952521446,-0.10894548837809565,1935,0,0.6858274998324143,0.6978165122988965,0.8,0.4586525063053453,0.27427432023738624
top8,9032b7006670c55ba56f,A,90,6h,5m,0.1,inverse_vol,2192,0.33221489887264544,0.048922586681153124,0.7250178686775351,0.935445257719453,0.2507756536978279,-0.19508507289189403,37.7353478232296,0.026414743476260723,-0.05447274418904782,1935,0,0.3172226383718122,0.6978165122988965,0.8,0.4586525063053453,0.2841281772228478
top8,07311d356912e88b699f,A,90,1d,5m,0.1,inverse_vol,2192,0.33221489887264544,0.048922586681153124,0.7250178686775351,0.935445257719453,0.2507756536978279,-0.19508507289189403,37.7353478232296,0.026414743476260723,-0.05447274418904782,1935,0,0.3172226383718122,0.6978165122988965,0.8,0.4586525063053453,0.2841281772228478
top8,1e38ff42c9a6be5e2c57,A,90,12h,15m,0.1,inverse_vol,2192,0.33221489887264544,0.048922586681153124,0.7250178686775351,0.935445257719453,0.2507756536978279,-0.19508507289189403,37.7353478232296,0.026414743476260723,-0.05447274418904782,1935,0,0.3172226383718122,0.6978165122988965,0.8,0.4586525063053453,0.2841281772228478
top8,2688aca29973940caa08,A,90,1d,15m,0.1,inverse_vol,2192,0.33221489887264544,0.048922586681153124,0.7250178686775351,0.935445257719453,0.2507756536978279,-0.19508507289189403,37.7353478232296,0.026414743476260723,-0.05447274418904782,1935,0,0.3172226383718122,0.6978165122988965,0.8,0.4586525063053453,0.2841281772228478
top8,3d5cb392fc7d65a0b14b,A,90,1d,30m,0.1,inverse_vol,2192,0.33221489887264544,0.048922586681153124,0.7250178686775351,0.935445257719453,0.2507756536978279,-0.19508507289189403,37.7353478232296,0.026414743476260723,-0.05447274418904782,1935,0,0.3172226383718122,0.6978165122988965,0.8,0.4586525063053453,0.2841281772228478
top8,679c9bc7b1bd236ca1bf,A,90,1d,1h,0.1,inverse_vol,2192,0.33221489887264544,0.048922586681153124,0.7250178686775351,0.935445257719453,0.2507756536978279,-0.19508507289189403,37.7353478232296,0.026414743476260723,-0.05447274418904782,1935,0,0.3172226383718122,0.6978165122988965,0.8,0.4586525063053453,0.2841281772228478
top8,627baf8317b810bb17de,A,90,1d,2h,0.1,inverse_vol,2192,0.33221489887264544,0.048922586681153124,0.7250178686775351,0.935445257719453,0.2507756536978279,-0.19508507289189403,37.7353478232296,0.026414743476260723,-0.05447274418904782,1935,0,0.3172226383718122,0.6978165122988965,0.8,0.4586525063053453,0.2841281772228478
top8,5b7eaec9e3b55b94cdd5,A,90,1d,4h,0.1,inverse_vol,2192,0.33221489887264544,0.048922586681153124,0.7250178686775351,0.935445257719453,0.2507756536978279,-0.19508507289189403,37.7353478232296,0.026414743476260723,-0.05447274418904782,1935,0,0.3172226383718122,0.6978165122988965,0.8,0.4586525063053453,0.2841281772228478
top8,ea9c36f95406288c252b,A,90,6h,5m,0.15,inverse_vol,2192,0.5211487783363402,0.07234429671090448,0.7250178686775351,0.9354452577194526,0.25837579036038255,-0.279996421530046,56.60302173484439,0.03962211521439108,-0.08170911628357172,1935,0,0.49554666840082895,0.6978165122988962,0.8,0.45865250630534515,0.27958993648916386
top8,d13d69d5263badd6c0bd,A,90,1d,5m,0.15,inverse_vol,2192,0.5211487783363402,0.07234429671090448,0.7250178686775351,0.9354452577194526,0.25837579036038255,-0.279996421530046,56.60302173484439,0.03962211521439108,-0.08170911628357172,1935,0,0.49554666840082895,0.6978165122988962,0.8,0.45865250630534515,0.27958993648916386
top8,36afdc9dbb4e9bd2efbf,A,90,12h,15m,0.15,inverse_vol,2192,0.5211487783363402,0.07234429671090448,0.7250178686775351,0.9354452577194526,0.25837579036038255,-0.279996421530046,56.60302173484439,0.03962211521439108,-0.08170911628357172,1935,0,0.49554666840082895,0.6978165122988962,0.8,0.45865250630534515,0.27958993648916386
top8,e782794827c026493d60,A,90,1d,15m,0.15,inverse_vol,2192,0.5211487783363402,0.07234429671090448,0.7250178686775351,0.9354452577194526,0.25837579036038255,-0.279996421530046,56.60302173484439,0.03962211521439108,-0.08170911628357172,1935,0,0.49554666840082895,0.6978165122988962,0.8,0.45865250630534515,0.27958993648916386
top8,50e498aefb108e0cdf08,A,90,1d,30m,0.15,inverse_vol,2192,0.5211487783363402,0.07234429671090448,0.7250178686775351,0.9354452577194526,0.25837579036038255,-0.279996421530046,56.60302173484439,0.03962211521439108,-0.08170911628357172,1935,0,0.49554666840082895,0.6978165122988962,0.8,0.45865250630534515,0.27958993648916386
top8,5101f00830c5ce2a4e39,A,90,1d,1h,0.15,inverse_vol,2192,0.5211487783363402,0.07234429671090448,0.7250178686775351,0.9354452577194526,0.25837579036038255,-0.279996421530046,56.60302173484439,0.03962211521439108,-0.08170911628357172,1935,0,0.49554666840082895,0.6978165122988962,0.8,0.45865250630534515,0.27958993648916386
top8,1e62bed93cee5c25ab3b,A,90,1d,2h,0.15,inverse_vol,2192,0.5211487783363402,0.07234429671090448,0.7250178686775351,0.9354452577194526,0.25837579036038255,-0.279996421530046,56.60302173484439,0.03962211521439108,-0.08170911628357172,1935,0,0.49554666840082895,0.6978165122988962,0.8,0.45865250630534515,0.27958993648916386
top8,a5a84d9339a667cecacd,A,90,1d,4h,0.15,inverse_vol,2192,0.5211487783363402,0.07234429671090448,0.7250178686775351,0.9354452577194526,0.25837579036038255,-0.279996421530046,56.60302173484439,0.03962211521439108,-0.08170911628357172,1935,0,0.49554666840082895,0.6978165122988962,0.8,0.45865250630534515,0.27958993648916386
top8,369ceb1c974cb4127eb3,A,90,3d,30m,0.15,inverse_vol,2192,0.6944110419247311,0.09177958445897794,0.8868017087998806,1.1461317434277998,0.3929661298054843,-0.2335559670356533,30.985999758457147,0.021690199830920007,-0.08108365967843079,649,0,0.6787402770605828,0.8721283933978141,0.8,0.4438696577011685,0.5297051257276434
top8,35f08149600c3686722d,A,90,3d,1h,0.15,inverse_vol,2192,0.6944110419247311,0.09177958445897794,0.8868017087998806,1.1461317434277998,0.3929661298054843,-0.2335559670356533,30.985999758457147,0.021690199830920007,-0.08108365967843079,649,0,0.6787402770605828,0.8721283933978141,0.8,0.4438696577011685,0.5297051257276434
top8,a9916754299b76bec710,A,90,3d,2h,0.15,inverse_vol,2192,0.6944110419247311,0.09177958445897794,0.8868017087998806,1.1461317434277998,0.3929661298054843,-0.2335559670356533,30.985999758457147,0.021690199830920007,-0.08108365967843079,649,0,0.6787402770605828,0.8721283933978141,0.8,0.4438696577011685,0.5297051257276434
top8,1a020683bae8096799f6,A,90,3d,4h,0.15,inverse_vol,2192,0.6944110419247311,0.09177958445897794,0.8868017087998806,1.1461317434277998,0.3929661298054843,-0.2335559670356533,30.985999758457147,0.021690199830920007,-0.08108365967843079,649,0,0.6787402770605828,0.8721283933978141,0.8,0.4438696577011685,0.5297051257276434
top8,76da89021e16ca1db95c,A,90,3d,1d,0.15,inverse_vol,2192,0.6944110419247311,0.09177958445897794,0.8868017087998806,1.1461317434277998,0.3929661298054843,-0.2335559670356533,30.985999758457147,0.021690199830920007,-0.08108365967843079,649,0,0.6787402770605828,0.8721283933978141,0.8,0.4438696577011685,0.5297051257276434
top8,b603fcdb0ded6866755c,A,90,3d,30m,0.2,inverse_vol,2192,0.9903208071154408,0.12143745537720774,0.8868017087998806,1.1461317434277993,0.40265561589277127,-0.3015913614118001,41.314666344609535,0.028920266441226673,-0.10811154623790772,649,0,0.9658187314221789,0.8721283933978139,0.8,0.44386965770116826,0.5124072519742613
top8,a88fb70b1567f9ed153b,A,90,3d,1h,0.2,inverse_vol,2192,0.9903208071154408,0.12143745537720774,0.8868017087998806,1.1461317434277993,0.40265561589277127,-0.3015913614118001,41.314666344609535,0.028920266441226673,-0.10811154623790772,649,0,0.9658187314221789,0.8721283933978139,0.8,0.44386965770116826,0.5124072519742613
top8,b10bcb7bb129f4b15c7b,A,90,3d,2h,0.2,inverse_vol,2192,0.9903208071154408,0.12143745537720774,0.8868017087998806,1.1461317434277993,0.40265561589277127,-0.3015913614118001,41.314666344609535,0.028920266441226673,-0.10811154623790772,649,0,0.9658187314221789,0.8721283933978139,0.8,0.44386965770116826,0.5124072519742613
top8,7834d753347ecb922de9,A,90,3d,4h,0.2,inverse_vol,2192,0.9903208071154408,0.12143745537720774,0.8868017087998806,1.1461317434277993,0.40265561589277127,-0.3015913614118001,41.314666344609535,0.028920266441226673,-0.10811154623790772,649,0,0.9658187314221789,0.8721283933978139,0.8,0.44386965770116826,0.5124072519742613
top8,7ef5b238cfc34981132c,A,90,3d,1d,0.2,inverse_vol,2192,0.9903208071154408,0.12143745537720774,0.8868017087998806,1.1461317434277993,0.40265561589277127,-0.3015913614118001,41.314666344609535,0.028920266441226673,-0.10811154623790772,649,0,0.9658187314221789,0.8721283933978139,0.8,0.44386965770116826,0.5124072519742613
top8,8c495b1a20f8e65fb436,A,90,3d,30m,0.1,inverse_vol,2192,0.4318476929204509,0.061595568806355194,0.8868017087998806,1.1461317434277993,0.3832961589085956,-0.16069967667232443,20.657333172304767,0.014460133220613337,-0.05405577311895386,649,0,0.42300445368684003,0.8721283933978139,0.8,0.44386965770116826,0.5463032063933084
top8,f75fbed2f7f8c36e7ac9,A,90,3d,1h,0.1,inverse_vol,2192,0.4318476929204509,0.061595568806355194,0.8868017087998806,1.1461317434277993,0.3832961589085956,-0.16069967667232443,20.657333172304767,0.014460133220613337,-0.05405577311895386,649,0,0.42300445368684003,0.8721283933978139,0.8,0.44386965770116826,0.5463032063933084
top8,4d4c1852c02e6f60e0e1,A,90,3d,2h,0.1,inverse_vol,2192,0.4318476929204509,0.061595568806355194,0.8868017087998806,1.1461317434277993,0.3832961589085956,-0.16069967667232443,20.657333172304767,0.014460133220613337,-0.05405577311895386,649,0,0.42300445368684003,0.8721283933978139,0.8,0.44386965770116826,0.5463032063933084
top8,30b99a325e15795fa889,A,90,3d,4h,0.1,inverse_vol,2192,0.4318476929204509,0.061595568806355194,0.8868017087998806,1.1461317434277993,0.3832961589085956,-0.16069967667232443,20.657333172304767,0.014460133220613337,-0.05405577311895386,649,0,0.42300445368684003,0.8721283933978139,0.8,0.44386965770116826,0.5463032063933084
top8,5af9b9a5caf0ebcb5fd3,A,90,3d,1d,0.1,inverse_vol,2192,0.4318476929204509,0.061595568806355194,0.8868017087998806,1.1461317434277993,0.3832961589085956,-0.16069967667232443,20.657333172304767,0.014460133220613337,-0.05405577311895386,649,0,0.42300445368684003,0.8721283933978139,0.8,0.44386965770116826,0.5463032063933084
top8,e83df6f63ecc97a1a7fe,A,90,6h,5m,0.2,equal,2192,0.7767314684258015,0.10043823811371722,0.7870113569098013,1.0314605425867094,0.28254329338609063,-0.3554791087412932,67.2654091675544,0.047085786417288084,-0.09387878388715225,1935,0,0.7412548766494291,0.7617578929801766,0.8,0.43902313809921506,0.4225749153960741
top8,42b8d5178cf1ca69cf94,A,90,1d,5m,0.2,equal,2192,0.7767314684258015,0.10043823811371722,0.7870113569098013,1.0314605425867094,0.28254329338609063,-0.3554791087412932,67.2654091675544,0.047085786417288084,-0.09387878388715225,1935,0,0.7412548766494291,0.7617578929801766,0.8,0.43902313809921506,0.4225749153960741
top8,d56d576f2867beb5d31b,A,90,12h,15m,0.2,equal,2192,0.7767314684258015,0.10043823811371722,0.7870113569098013,1.0314605425867094,0.28254329338609063,-0.3554791087412932,67.2654091675544,0.047085786417288084,-0.09387878388715225,1935,0,0.7412548766494291,0.7617578929801766,0.8,0.43902313809921506,0.4225749153960741
top8,9e12a3a1201a1e9ca63a,A,90,1d,15m,0.2,equal,2192,0.7767314684258015,0.10043823811371722,0.7870113569098013,1.0314605425867094,0.28254329338609063,-0.3554791087412932,67.2654091675544,0.047085786417288084,-0.09387878388715225,1935,0,0.7412548766494291,0.7617578929801766,0.8,0.43902313809921506,0.4225749153960741
top8,7d209b8856a488f7d2ae,A,90,1d,30m,0.2,equal,2192,0.7767314684258015,0.10043823811371722,0.7870113569098013,1.0314605425867094,0.28254329338609063,-0.3554791087412932,67.2654091675544,0.047085786417288084,-0.09387878388715225,1935,0,0.7412548766494291,0.7617578929801766,0.8,0.43902313809921506,0.4225749153960741
top8,bf4a3781dbf6e8b0200a,A,90,1d,1h,0.2,equal,2192,0.7767314684258015,0.10043823811371722,0.7870113569098013,1.0314605425867094,0.28254329338609063,-0.3554791087412932,67.2654091675544,0.047085786417288084,-0.09387878388715225,1935,0,0.7412548766494291,0.7617578929801766,0.8,0.43902313809921506,0.4225749153960741
top8,62258762d6a36c95784f,A,90,1d,2h,0.2,equal,2192,0.7767314684258015,0.10043823811371722,0.7870113569098013,1.0314605425867094,0.28254329338609063,-0.3554791087412932,67.2654091675544,0.047085786417288084,-0.09387878388715225,1935,0,0.7412548766494291,0.7617578929801766,0.8,0.43902313809921506,0.4225749153960741
top8,59e394276c9df888b219,A,90,1d,4h,0.2,equal,2192,0.7767314684258015,0.10043823811371722,0.7870113569098013,1.0314605425867094,0.28254329338609063,-0.3554791087412932,67.2654091675544,0.047085786417288084,-0.09387878388715225,1935,0,0.7412548766494291,0.7617578929801766,0.8,0.43902313809921506,0.4225749153960741
top8,306cb0e310d5ff80e333,A,90,6h,5m,0.1,equal,2192,0.3507289044624764,0.051335938220608224,0.7870113569098013,1.0314605425867094,0.2642753036825377,-0.19425174242643506,33.6327045837772,0.023542893208644042,-0.046939391943576124,1935,0,0.33717249530527593,0.7617578929801766,0.8,0.43902313809921506,0.4455760756248418
top8,51d8629cea4a63abca12,A,90,1d,5m,0.1,equal,2192,0.3507289044624764,0.051335938220608224,0.7870113569098013,1.0314605425867094,0.2642753036825377,-0.19425174242643506,33.6327045837772,0.023542893208644042,-0.046939391943576124,1935,0,0.33717249530527593,0.7617578929801766,0.8,0.43902313809921506,0.4455760756248418
top8,f27a8080356dbe6e48ff,A,90,12h,15m,0.1,equal,2192,0.3507289044624764,0.051335938220608224,0.7870113569098013,1.0314605425867094,0.2642753036825377,-0.19425174242643506,33.6327045837772,0.023542893208644042,-0.046939391943576124,1935,0,0.33717249530527593,0.7617578929801766,0.8,0.43902313809921506,0.4455760756248418
top8,75e8c5e7e0cab8d9dcaa,A,90,1d,15m,0.1,equal,2192,0.3507289044624764,0.051335938220608224,0.7870113569098013,1.0314605425867094,0.2642753036825377,-0.19425174242643506,33.6327045837772,0.023542893208644042,-0.046939391943576124,1935,0,0.33717249530527593,0.7617578929801766,0.8,0.43902313809921506,0.4455760756248418
top8,81b742837de4f632e522,A,90,1d,30m,0.1,equal,2192,0.3507289044624764,0.051335938220608224,0.7870113569098013,1.0314605425867094,0.2642753036825377,-0.19425174242643506,33.6327045837772,0.023542893208644042,-0.046939391943576124,1935,0,0.33717249530527593,0.7617578929801766,0.8,0.43902313809921506,0.4455760756248418
top8,953769c3a9e65e40bb0f,A,90,1d,1h,0.1,equal,2192,0.3507289044624764,0.051335938220608224,0.7870113569098013,1.0314605425867094,0.2642753036825377,-0.19425174242643506,33.6327045837772,0.023542893208644042,-0.046939391943576124,1935,0,0.33717249530527593,0.7617578929801766,0.8,0.43902313809921506,0.4455760756248418
top8,8563461c46c629f8b125,A,90,1d,2h,0.1,equal,2192,0.3507289044624764,0.051335938220608224,0.7870113569098013,1.0314605425867094,0.2642753036825377,-0.19425174242643506,33.6327045837772,0.023542893208644042,-0.046939391943576124,1935,0,0.33717249530527593,0.7617578929801766,0.8,0.43902313809921506,0.4455760756248418
top8,f1ab68f92b7519f54ae3,A,90,1d,4h,0.1,equal,2192,0.3507289044624764,0.051335938220608224,0.7870113569098013,1.0314605425867094,0.2642753036825377,-0.19425174242643506,33.6327045837772,0.023542893208644042,-0.046939391943576124,1935,0,0.33717249530527593,0.7617578929801766,0.8,0.43902313809921506,0.4455760756248418
top8,8b1c2038ff1a8fc0ebfa,A,90,6h,5m,0.15,equal,2192,0.5542968103071966,0.07620052544277378,0.7870113569098013,1.0314605425867094,0.2734124905433456,-0.27870169827041347,50.44905687566579,0.035314339812966056,-0.07040908791536418,1935,0,0.5309592211177456,0.7617578929801765,0.8,0.439023138099215,0.434376341352764
top8,91198373bc0a9e3c06f3,A,90,1d,5m,0.15,equal,2192,0.5542968103071966,0.07620052544277378,0.7870113569098013,1.0314605425867094,0.2734124905433456,-0.27870169827041347,50.44905687566579,0.035314339812966056,-0.07040908791536418,1935,0,0.5309592211177456,0.7617578929801765,0.8,0.439023138099215,0.434376341352764
top8,6d67ece9edcd342078ee,A,90,12h,15m,0.15,equal,2192,0.5542968103071966,0.07620052544277378,0.7870113569098013,1.0314605425867094,0.2734124905433456,-0.27870169827041347,50.44905687566579,0.035314339812966056,-0.07040908791536418,1935,0,0.5309592211177456,0.7617578929801765,0.8,0.439023138099215,0.434376341352764
top8,59f969ac824070fb30ce,A,90,1d,15m,0.15,equal,2192,0.5542968103071966,0.07620052544277378,0.7870113569098013,1.0314605425867094,0.2734124905433456,-0.27870169827041347,50.44905687566579,0.035314339812966056,-0.07040908791536418,1935,0,0.5309592211177456,0.7617578929801765,0.8,0.439023138099215,0.434376341352764
top8,c607262f0f021c449f05,A,90,1d,30m,0.15,equal,2192,0.5542968103071966,0.07620052544277378,0.7870113569098013,1.0314605425867094,0.2734124905433456,-0.27870169827041347,50.44905687566579,0.035314339812966056,-0.07040908791536418,1935,0,0.5309592211177456,0.7617578929801765,0.8,0.439023138099215,0.434376341352764
top8,a99eb9215d0375a0eb4f,A,90,1d,1h,0.15,equal,2192,0.5542968103071966,0.07620052544277378,0.7870113569098013,1.0314605425867094,0.2734124905433456,-0.27870169827041347,50.44905687566579,0.035314339812966056,-0.07040908791536418,1935,0,0.5309592211177456,0.7617578929801765,0.8,0.439023138099215,0.434376341352764
top8,8da33a76184d773d00c8,A,90,1d,2h,0.15,equal,2192,0.5542968103071966,0.07620052544277378,0.7870113569098013,1.0314605425867094,0.2734124905433456,-0.27870169827041347,50.44905687566579,0.035314339812966056,-0.07040908791536418,1935,0,0.5309592211177456,0.7617578929801765,0.8,0.439023138099215,0.434376341352764
top8,7f0781bb803e11972c38,A,90,1d,4h,0.15,equal,2192,0.5542968103071966,0.07620052544277378,0.7870113569098013,1.0314605425867094,0.2734124905433456,-0.27870169827041347,50.44905687566579,0.035314339812966056,-0.07040908791536418,1935,0,0.5309592211177456,0.7617578929801765,0.8,0.439023138099215,0.434376341352764
top20pct,9c6c06513c37eb4a53ff,A,14,6h,5m,0.2,equal,2192,0.9924883625098146,0.12164072733704012,1.2315892845515348,1.7880299908637873,0.8784409524799275,-0.1384734249850671,102.74767035228113,0.07192336924659679,-0.03764639908592473,1993,0,0.932023464442727,1.1786774457029874,0.8,0.4000290535185329,0.43151112433987143
top20pct,91d24014458939367915,A,14,1d,5m,0.2,equal,2192,0.9924883625098146,0.12164072733704012,1.2315892845515348,1.7880299908637873,0.8784409524799275,-0.1384734249850671,102.74767035228113,0.07192336924659679,-0.03764639908592473,1993,0,0.932023464442727,1.1786774457029874,0.8,0.4000290535185329,0.43151112433987143
top20pct,12d1c511778d1f696b96,A,14,12h,15m,0.2,equal,2192,0.9924883625098146,0.12164072733704012,1.2315892845515348,1.7880299908637873,0.8784409524799275,-0.1384734249850671,102.74767035228113,0.07192336924659679,-0.03764639908592473,1993,0,0.932023464442727,1.1786774457029874,0.8,0.4000290535185329,0.43151112433987143
top20pct,f7eb4b8d4227a3793666,A,14,1d,15m,0.2,equal,2192,0.9924883625098146,0.12164072733704012,1.2315892845515348,1.7880299908637873,0.8784409524799275,-0.1384734249850671,102.74767035228113,0.07192336924659679,-0.03764639908592473,1993,0,0.932023464442727,1.1786774457029874,0.8,0.4000290535185329,0.43151112433987143
top20pct,a99bb7fa825fc1cf17c9,A,14,1d,30m,0.2,equal,2192,0.9924883625098146,0.12164072733704012,1.2315892845515348,1.7880299908637873,0.8784409524799275,-0.1384734249850671,102.74767035228113,0.07192336924659679,-0.03764639908592473,1993,0,0.932023464442727,1.1786774457029874,0.8,0.4000290535185329,0.43151112433987143
top20pct,1110db9e5c17ae655fa8,A,14,1d,1h,0.2,equal,2192,0.9924883625098146,0.12164072733704012,1.2315892845515348,1.7880299908637873,0.8784409524799275,-0.1384734249850671,102.74767035228113,0.07192336924659679,-0.03764639908592473,1993,0,0.932023464442727,1.1786774457029874,0.8,0.4000290535185329,0.43151112433987143
top20pct,3d3b09e850a5f54f3b03,A,14,1d,2h,0.2,equal,2192,0.9924883625098146,0.12164072733704012,1.2315892845515348,1.7880299908637873,0.8784409524799275,-0.1384734249850671,102.74767035228113,0.07192336924659679,-0.03764639908592473,1993,0,0.932023464442727,1.1786774457029874,0.8,0.4000290535185329,0.43151112433987143
top20pct,860f873f7f39bbf57017,A,14,1d,4h,0.2,equal,2192,0.9924883625098146,0.12164072733704012,1.2315892845515348,1.7880299908637873,0.8784409524799275,-0.1384734249850671,102.74767035228113,0.07192336924659679,-0.03764639908592473,1993,0,0.932023464442727,1.1786774457029874,0.8,0.4000290535185329,0.43151112433987143
top20pct,89913a26968084ea92fd,A,14,6h,5m,0.15,equal,2192,0.6859683736700346,0.09087186455872676,1.2315892845515346,1.7880299908637867,0.8691602744588827,-0.10455133216402612,77.06075276421083,0.05394252693494758,-0.028234799314443546,1993,0,0.6474464383091931,1.1786774457029872,0.8,0.4000290535185329,0.4409837536927157
top20pct,c98092d35d4c6631c1f6,A,14,1d,5m,0.15,equal,2192,0.6859683736700346,0.09087186455872676,1.2315892845515346,1.7880299908637867,0.8691602744588827,-0.10455133216402612,77.06075276421083,0.05394252693494758,-0.028234799314443546,1993,0,0.6474464383091931,1.1786774457029872,0.8,0.4000290535185329,0.4409837536927157
top20pct,03d9f9f427fb017d72d3,A,14,12h,15m,0.15,equal,2192,0.6859683736700346,0.09087186455872676,1.2315892845515346,1.7880299908637867,0.8691602744588827,-0.10455133216402612,77.06075276421083,0.05394252693494758,-0.028234799314443546,1993,0,0.6474464383091931,1.1786774457029872,0.8,0.4000290535185329,0.4409837536927157
top20pct,301e0afc48dd83acddeb,A,14,1d,15m,0.15,equal,2192,0.6859683736700346,0.09087186455872676,1.2315892845515346,1.7880299908637867,0.8691602744588827,-0.10455133216402612,77.06075276421083,0.05394252693494758,-0.028234799314443546,1993,0,0.6474464383091931,1.1786774457029872,0.8,0.4000290535185329,0.4409837536927157
top20pct,1c0cf625bb4ac53b51a6,A,14,1d,30m,0.15,equal,2192,0.6859683736700346,0.09087186455872676,1.2315892845515346,1.7880299908637867,0.8691602744588827,-0.10455133216402612,77.06075276421083,0.05394252693494758,-0.028234799314443546,1993,0,0.6474464383091931,1.1786774457029872,0.8,0.4000290535185329,0.4409837536927157
top20pct,b0be69eb79a59f0e3406,A,14,1d,1h,0.15,equal,2192,0.6859683736700346,0.09087186455872676,1.2315892845515346,1.7880299908637867,0.8691602744588827,-0.10455133216402612,77.06075276421083,0.05394252693494758,-0.028234799314443546,1993,0,0.6474464383091931,1.1786774457029872,0.8,0.4000290535185329,0.4409837536927157
top20pct,5c31dd8957deaa91f96d,A,14,1d,2h,0.15,equal,2192,0.6859683736700346,0.09087186455872676,1.2315892845515346,1.7880299908637867,0.8691602744588827,-0.10455133216402612,77.06075276421083,0.05394252693494758,-0.028234799314443546,1993,0,0.6474464383091931,1.1786774457029872,0.8,0.4000290535185329,0.4409837536927157
top20pct,600d53663f94f3920124,A,14,1d,4h,0.15,equal,2192,0.6859683736700346,0.09087186455872676,1.2315892845515346,1.7880299908637867,0.8691602744588827,-0.10455133216402612,77.06075276421083,0.05394252693494758,-0.028234799314443546,1993,0,0.6474464383091931,1.1786774457029872,0.8,0.4000290535185329,0.4409837536927157
top20pct,80e340605da6081e4502,A,14,6h,5m,0.1,equal,2192,0.42157478536320037,0.060323501014142966,1.2315892845515348,1.7880299908637873,0.856806963853232,-0.07040500784780757,51.37383517614057,0.03596168462329839,-0.018823199542962365,1993,0,0.39983619625535827,1.1786774457029874,0.8,0.4000290535185329,0.4500185983727769
top20pct,ed3a857f704df47d8ea7,A,14,1d,5m,0.1,equal,2192,0.42157478536320037,0.060323501014142966,1.2315892845515348,1.7880299908637873,0.856806963853232,-0.07040500784780757,51.37383517614057,0.03596168462329839,-0.018823199542962365,1993,0,0.39983619625535827,1.1786774457029874,0.8,0.4000290535185329,0.4500185983727769
top20pct,1628073c78f4083d8eea,A,14,12h,15m,0.1,equal,2192,0.42157478536320037,0.060323501014142966,1.2315892845515348,1.7880299908637873,0.856806963853232,-0.07040500784780757,51.37383517614057,0.03596168462329839,-0.018823199542962365,1993,0,0.39983619625535827,1.1786774457029874,0.8,0.4000290535185329,0.4500185983727769
top20pct,2dcbd82d88f5ee4d1450,A,14,1d,15m,0.1,equal,2192,0.42157478536320037,0.060323501014142966,1.2315892845515348,1.7880299908637873,0.856806963853232,-0.07040500784780757,51.37383517614057,0.03596168462329839,-0.018823199542962365,1993,0,0.39983619625535827,1.1786774457029874,0.8,0.4000290535185329,0.4500185983727769
top20pct,6c6e383d24a61423c0a9,A,14,1d,30m,0.1,equal,2192,0.42157478536320037,0.060323501014142966,1.2315892845515348,1.7880299908637873,0.856806963853232,-0.07040500784780757,51.37383517614057,0.03596168462329839,-0.018823199542962365,1993,0,0.39983619625535827,1.1786774457029874,0.8,0.4000290535185329,0.4500185983727769
top20pct,5d529c9b4ac02f9447c4,A,14,1d,1h,0.1,equal,2192,0.42157478536320037,0.060323501014142966,1.2315892845515348,1.7880299908637873,0.856806963853232,-0.07040500784780757,51.37383517614057,0.03596168462329839,-0.018823199542962365,1993,0,0.39983619625535827,1.1786774457029874,0.8,0.4000290535185329,0.4500185983727769
top20pct,50f0646c924691ff2b46,A,14,1d,2h,0.1,equal,2192,0.42157478536320037,0.060323501014142966,1.2315892845515348,1.7880299908637873,0.856806963853232,-0.07040500784780757,51.37383517614057,0.03596168462329839,-0.018823199542962365,1993,0,0.39983619625535827,1.1786774457029874,0.8,0.4000290535185329,0.4500185983727769
top20pct,fa1e1855473c478f9255,A,14,1d,4h,0.1,equal,2192,0.42157478536320037,0.060323501014142966,1.2315892845515348,1.7880299908637873,0.856806963853232,-0.07040500784780757,51.37383517614057,0.03596168462329839,-0.018823199542962365,1993,0,0.39983619625535827,1.1786774457029874,0.8,0.4000290535185329,0.4500185983727769
top20pct,9b2db249bc73077f8876,A,14,6h,5m,0.15,inverse_vol,2192,0.6880974283006858,0.091101128101299,1.1963136442470956,1.7128419241850197,0.836495720076647,-0.10890806242613116,81.71653676804425,0.05720157573763097,-0.0276369180735324,1993,0,0.6472247287802437,1.142047570016405,0.8,0.3296084912632832,0.35031943426527595
top20pct,cd3fc57d65bfad06872f,A,14,1d,5m,0.15,inverse_vol,2192,0.6880974283006858,0.091101128101299,1.1963136442470956,1.7128419241850197,0.836495720076647,-0.10890806242613116,81.71653676804425,0.05720157573763097,-0.0276369180735324,1993,0,0.6472247287802437,1.142047570016405,0.8,0.3296084912632832,0.35031943426527595
top20pct,3320d177a230162f7dc9,A,14,12h,15m,0.15,inverse_vol,2192,0.6880974283006858,0.091101128101299,1.1963136442470956,1.7128419241850197,0.836495720076647,-0.10890806242613116,81.71653676804425,0.05720157573763097,-0.0276369180735324,1993,0,0.6472247287802437,1.142047570016405,0.8,0.3296084912632832,0.35031943426527595
top20pct,ca429982e7c83dda37fb,A,14,1d,15m,0.15,inverse_vol,2192,0.6880974283006858,0.091101128101299,1.1963136442470956,1.7128419241850197,0.836495720076647,-0.10890806242613116,81.71653676804425,0.05720157573763097,-0.0276369180735324,1993,0,0.6472247287802437,1.142047570016405,0.8,0.3296084912632832,0.35031943426527595
top20pct,ce460bdbbfb64e1e7230,A,14,1d,30m,0.15,inverse_vol,2192,0.6880974283006858,0.091101128101299,1.1963136442470956,1.7128419241850197,0.836495720076647,-0.10890806242613116,81.71653676804425,0.05720157573763097,-0.0276369180735324,1993,0,0.6472247287802437,1.142047570016405,0.8,0.3296084912632832,0.35031943426527595
top20pct,6979c0d2f10ea68f8c3b,A,14,1d,1h,0.15,inverse_vol,2192,0.6880974283006858,0.091101128101299,1.1963136442470956,1.7128419241850197,0.836495720076647,-0.10890806242613116,81.71653676804425,0.05720157573763097,-0.0276369180735324,1993,0,0.6472247287802437,1.142047570016405,0.8,0.3296084912632832,0.35031943426527595
top20pct,b24fe73cee36fe9d88b1,A,14,1d,2h,0.15,inverse_vol,2192,0.6880974283006858,0.091101128101299,1.1963136442470956,1.7128419241850197,0.836495720076647,-0.10890806242613116,81.71653676804425,0.05720157573763097,-0.0276369180735324,1993,0,0.6472247287802437,1.142047570016405,0.8,0.3296084912632832,0.35031943426527595
top20pct,10643d98a8a98a9274a7,A,14,1d,4h,0.15,inverse_vol,2192,0.6880974283006858,0.091101128101299,1.1963136442470956,1.7128419241850197,0.836495720076647,-0.10890806242613116,81.71653676804425,0.05720157573763097,-0.0276369180735324,1993,0,0.6472247287802437,1.142047570016405,0.8,0.3296084912632832,0.35031943426527595
top20pct,b5ee9a474ff02895d662,A,14,6h,5m,0.2,inverse_vol,2192,0.9948640646612819,0.1218633075673814,1.1963136442470954,1.712841924185019,0.8448877788295989,-0.14423608746737404,108.95538235739232,0.07626876765017464,-0.036849224098043205,1993,0,0.9307284907841678,1.142047570016405,0.8,0.329608491263283,0.3385990380658807
top20pct,c5f29cd98ac63331d38a,A,14,1d,5m,0.2,inverse_vol,2192,0.9948640646612819,0.1218633075673814,1.1963136442470954,1.712841924185019,0.8448877788295989,-0.14423608746737404,108.95538235739232,0.07626876765017464,-0.036849224098043205,1993,0,0.9307284907841678,1.142047570016405,0.8,0.329608491263283,0.3385990380658807
top20pct,16effff289b7fa097a51,A,14,12h,15m,0.2,inverse_vol,2192,0.9948640646612819,0.1218633075673814,1.1963136442470954,1.712841924185019,0.8448877788295989,-0.14423608746737404,108.95538235739232,0.07626876765017464,-0.036849224098043205,1993,0,0.9307284907841678,1.142047570016405,0.8,0.329608491263283,0.3385990380658807
top20pct,6a0b95ea53c7020b8eb1,A,14,1d,15m,0.2,inverse_vol,2192,0.9948640646612819,0.1218633075673814,1.1963136442470954,1.712841924185019,0.8448877788295989,-0.14423608746737404,108.95538235739232,0.07626876765017464,-0.036849224098043205,1993,0,0.9307284907841678,1.142047570016405,0.8,0.329608491263283,0.3385990380658807
top20pct,b19ae156fb614f43c306,A,14,1d,30m,0.2,inverse_vol,2192,0.9948640646612819,0.1218633075673814,1.1963136442470954,1.712841924185019,0.8448877788295989,-0.14423608746737404,108.95538235739232,0.07626876765017464,-0.036849224098043205,1993,0,0.9307284907841678,1.142047570016405,0.8,0.329608491263283,0.3385990380658807
top20pct,069c36235e02aa266dbe,A,14,1d,1h,0.2,inverse_vol,2192,0.9948640646612819,0.1218633075673814,1.1963136442470954,1.712841924185019,0.8448877788295989,-0.14423608746737404,108.95538235739232,0.07626876765017464,-0.036849224098043205,1993,0,0.9307284907841678,1.142047570016405,0.8,0.329608491263283,0.3385990380658807
top20pct,23599507173e3fb2d794,A,14,1d,2h,0.2,inverse_vol,2192,0.9948640646612819,0.1218633075673814,1.1963136442470954,1.712841924185019,0.8448877788295989,-0.14423608746737404,108.95538235739232,0.07626876765017464,-0.036849224098043205,1993,0,0.9307284907841678,1.142047570016405,0.8,0.329608491263283,0.3385990380658807
top20pct,715ca2fab9fae5bcec24,A,14,1d,4h,0.2,inverse_vol,2192,0.9948640646612819,0.1218633075673814,1.1963136442470954,1.712841924185019,0.8448877788295989,-0.14423608746737404,108.95538235739232,0.07626876765017464,-0.036849224098043205,1993,0,0.9307284907841678,1.142047570016405,0.8,0.329608491263283,0.3385990380658807
top20pct,c371a0381858c8dd61ef,A,14,6h,5m,0.1,inverse_vol,2192,0.4231202654126558,0.06051536246099465,1.1963136442470954,1.712841924185019,0.8283308659423371,-0.0730569932247428,54.47769117869616,0.03813438382508732,-0.018424612049021603,1993,0,0.4000538659777717,1.142047570016405,0.8,0.329608491263283,0.36155815539282843
top20pct,bb3b79817abbf23b68ae,A,14,1d,5m,0.1,inverse_vol,2192,0.4231202654126558,0.06051536246099465,1.1963136442470954,1.712841924185019,0.8283308659423371,-0.0730569932247428,54.47769117869616,0.03813438382508732,-0.018424612049021603,1993,0,0.4000538659777717,1.142047570016405,0.8,0.329608491263283,0.36155815539282843
top20pct,a913a02498df8f962587,A,14,12h,15m,0.1,inverse_vol,2192,0.4231202654126558,0.06051536246099465,1.1963136442470954,1.712841924185019,0.8283308659423371,-0.0730569932247428,54.47769117869616,0.03813438382508732,-0.018424612049021603,1993,0,0.4000538659777717,1.142047570016405,0.8,0.329608491263283,0.36155815539282843
top20pct,b41a803ee52468f504cf,A,14,1d,15m,0.1,inverse_vol,2192,0.4231202654126558,0.06051536246099465,1.1963136442470954,1.712841924185019,0.8283308659423371,-0.0730569932247428,54.47769117869616,0.03813438382508732,-0.018424612049021603,1993,0,0.4000538659777717,1.142047570016405,0.8,0.329608491263283,0.36155815539282843
top20pct,3972aa917ac3ce32792d,A,14,1d,30m,0.1,inverse_vol,2192,0.4231202654126558,0.06051536246099465,1.1963136442470954,1.712841924185019,0.8283308659423371,-0.0730569932247428,54.47769117869616,0.03813438382508732,-0.018424612049021603,1993,0,0.4000538659777717,1.142047570016405,0.8,0.329608491263283,0.36155815539282843
top20pct,f23ad94a497808a877ab,A,14,1d,1h,0.1,inverse_vol,2192,0.4231202654126558,0.06051536246099465,1.1963136442470954,1.712841924185019,0.8283308659423371,-0.0730569932247428,54.47769117869616,0.03813438382508732,-0.018424612049021603,1993,0,0.4000538659777717,1.142047570016405,0.8,0.329608491263283,0.36155815539282843
top20pct,c5da99bdd6556b3824ac,A,14,1d,2h,0.1,inverse_vol,2192,0.4231202654126558,0.06051536246099465,1.1963136442470954,1.712841924185019,0.8283308659423371,-0.0730569932247428,54.47769117869616,0.03813438382508732,-0.018424612049021603,1993,0,0.4000538659777717,1.142047570016405,0.8,0.329608491263283,0.36155815539282843
top20pct,d215617f5876b79e1261,A,14,1d,4h,0.1,inverse_vol,2192,0.4231202654126558,0.06051536246099465,1.1963136442470954,1.712841924185019,0.8283308659423371,-0.0730569932247428,54.47769117869616,0.03813438382508732,-0.018424612049021603,1993,0,0.4000538659777717,1.142047570016405,0.8,0.329608491263283,0.36155815539282843
top20pct,5da3d1c1b500aa8dbed4,A,7,7d,1h,0.1,capped_rank,2192,0.2591354500822245,0.03911478465781815,0.5090625278285775,0.7188519173900592,0.18547405801484132,-0.21089086569016702,44.36151014505822,0.031053057101540757,-0.033040647338072014,305,0,0.24248154424564206,0.4819406975479384,0.6,0.11996991503724562,0.07331506469037795
top20pct,47cc611025f03557b925,A,7,7d,2h,0.1,capped_rank,2192,0.2591354500822245,0.03911478465781815,0.5090625278285775,0.7188519173900592,0.18547405801484132,-0.21089086569016702,44.36151014505822,0.031053057101540757,-0.033040647338072014,305,0,0.24248154424564206,0.4819406975479384,0.6,0.11996991503724562,0.07331506469037795
top20pct,038cfc621a79ff78196c,A,7,7d,4h,0.1,capped_rank,2192,0.2591354500822245,0.03911478465781815,0.5090625278285775,0.7188519173900592,0.18547405801484132,-0.21089086569016702,44.36151014505822,0.031053057101540757,-0.033040647338072014,305,0,0.24248154424564206,0.4819406975479384,0.6,0.11996991503724562,0.07331506469037795
top20pct,c3849114faea5b14a191,A,7,7d,1d,0.1,capped_rank,2192,0.2591354500822245,0.03911478465781815,0.5090625278285775,0.7188519173900592,0.18547405801484132,-0.21089086569016702,44.36151014505822,0.031053057101540757,-0.033040647338072014,305,0,0.24248154424564206,0.4819406975479384,0.6,0.11996991503724562,0.07331506469037795
top20pct,7210dc9181508b16ecda,A,7,7d,1h,0.2,equal,2192,0.43954953736776026,0.06254428846821236,0.6958492984468322,0.9765987259813315,0.3515978426523921,-0.17788587096095154,46.81071862881538,0.03276750304017077,-0.046739541793583805,305,0,0.4194667435679529,0.6707278057743521,0.6,0.1171006730659525,0.04943276247085759
top20pct,465bf30504bddc5ffe0e,A,7,7d,2h,0.2,equal,2192,0.43954953736776026,0.06254428846821236,0.6958492984468322,0.9765987259813315,0.3515978426523921,-0.17788587096095154,46.81071862881538,0.03276750304017077,-0.046739541793583805,305,0,0.4194667435679529,0.6707278057743521,0.6,0.1171006730659525,0.04943276247085759
top20pct,64790121d97c4ed99518,A,7,7d,4h,0.2,equal,2192,0.43954953736776026,0.06254428846821236,0.6958492984468322,0.9765987259813315,0.3515978426523921,-0.17788587096095154,46.81071862881538,0.03276750304017077,-0.046739541793583805,305,0,0.4194667435679529,0.6707278057743521,0.6,0.1171006730659525,0.04943276247085759
top20pct,cff8305a40dd594762ff,A,7,7d,1d,0.2,equal,2192,0.43954953736776026,0.06254428846821236,0.6958492984468322,0.9765987259813315,0.3515978426523921,-0.17788587096095154,46.81071862881538,0.03276750304017077,-0.046739541793583805,305,0,0.4194667435679529,0.6707278057743521,0.6,0.1171006730659525,0.04943276247085759
top20pct,60f1871ed790689046f8,A,7,7d,1h,0.1,equal,2192,0.20769582037447676,0.03192261607244817,0.6958492984468322,0.9765987259813315,0.3486949995855561,-0.09154882091911276,23.40535931440769,0.016383751520085386,-0.023369770896791903,305,0,0.1992438845940887,0.6707278057743521,0.6,0.1171006730659525,0.06568570468591191
top20pct,b0559a1594090eba42bc,A,7,7d,2h,0.1,equal,2192,0.20769582037447676,0.03192261607244817,0.6958492984468322,0.9765987259813315,0.3486949995855561,-0.09154882091911276,23.40535931440769,0.016383751520085386,-0.023369770896791903,305,0,0.1992438845940887,0.6707278057743521,0.6,0.1171006730659525,0.06568570468591191
top20pct,1fd9dbd719a9b654f604,A,7,7d,4h,0.1,equal,2192,0.20769582037447676,0.03192261607244817,0.6958492984468322,0.9765987259813315,0.3486949995855561,-0.09154882091911276,23.40535931440769,0.016383751520085386,-0.023369770896791903,305,0,0.1992438845940887,0.6707278057743521,0.6,0.1171006730659525,0.06568570468591191
top20pct,2ee0593af087b48552fa,A,7,7d,1d,0.1,equal,2192,0.20769582037447676,0.03192261607244817,0.6958492984468322,0.9765987259813315,0.3486949995855561,-0.09154882091911276,23.40535931440769,0.016383751520085386,-0.023369770896791903,305,0,0.1992438845940887,0.6707278057743521,0.6,0.1171006730659525,0.06568570468591191
top20pct,f31305ee5c458f3513b4,A,7,7d,1h,0.15,equal,2192,0.3206943942550977,0.04740671104028804,0.6958492984468322,0.9765987259813314,0.3501773585040382,-0.1353791439938038,35.108038971611535,0.024575627280128076,-0.035054656345187854,305,0,0.30685312826311906,0.670727805774352,0.6,0.11710067306595177,0.05769035759123339
top20pct,9a923fba75e445c88ef0,A,7,7d,2h,0.15,equal,2192,0.3206943942550977,0.04740671104028804,0.6958492984468322,0.9765987259813314,0.3501773585040382,-0.1353791439938038,35.108038971611535,0.024575627280128076,-0.035054656345187854,305,0,0.30685312826311906,0.670727805774352,0.6,0.11710067306595177,0.05769035759123339
top20pct,3698f7a8140f979ac83e,A,7,7d,4h,0.15,equal,2192,0.3206943942550977,0.04740671104028804,0.6958492984468322,0.9765987259813314,0.3501773585040382,-0.1353791439938038,35.108038971611535,0.024575627280128076,-0.035054656345187854,305,0,0.30685312826311906,0.670727805774352,0.6,0.11710067306595177,0.05769035759123339
top20pct,19b353ff18e82e40cb35,A,7,7d,1d,0.15,equal,2192,0.3206943942550977,0.04740671104028804,0.6958492984468322,0.9765987259813314,0.3501773585040382,-0.1353791439938038,35.108038971611535,0.024575627280128076,-0.035054656345187854,305,0,0.30685312826311906,0.670727805774352,0.6,0.11710067306595177,0.05769035759123339
top20pct,db37e43cb01fc564c900,A,7,7d,1h,0.15,inverse_vol,2192,0.3486304024685467,0.051063783181672484,0.722716670855208,1.0188660155906988,0.3691662053604129,-0.1383219331569624,36.607011154322635,0.025624907808025843,-0.03634684458839032,305,0,0.33389660296955204,0.697414575552916,0.6,0.11176629564159671,0.05287923759316194
top20pct,c364aaf0048dc642885e,A,7,7d,2h,0.15,inverse_vol,2192,0.3486304024685467,0.051063783181672484,0.722716670855208,1.0188660155906988,0.3691662053604129,-0.1383219331569624,36.607011154322635,0.025624907808025843,-0.03634684458839032,305,0,0.33389660296955204,0.697414575552916,0.6,0.11176629564159671,0.05287923759316194
top20pct,7b6259abf20cdcca2df6,A,7,7d,4h,0.15,inverse_vol,2192,0.3486304024685467,0.051063783181672484,0.722716670855208,1.0188660155906988,0.3691662053604129,-0.1383219331569624,36.607011154322635,0.025624907808025843,-0.03634684458839032,305,0,0.33389660296955204,0.697414575552916,0.6,0.11176629564159671,0.05287923759316194
top20pct,cb64f1b2149e918eeed7,A,7,7d,1d,0.15,inverse_vol,2192,0.3486304024685467,0.051063783181672484,0.722716670855208,1.0188660155906988,0.3691662053604129,-0.1383219331569624,36.607011154322635,0.025624907808025843,-0.03634684458839032,305,0,0.33389660296955204,0.697414575552916,0.6,0.11176629564159671,0.05287923759316194
top20pct,9f53949f028c2c0ec077,A,7,7d,1h,0.2,inverse_vol,2192,0.4796044493198923,0.0674111401253743,0.7227166708552077,1.0188660155906986,0.3711516605561783,-0.18162693930658247,48.80934820576352,0.03416654374403447,-0.048462459451187094,305,0,0.4580887562201672,0.6974145755529159,0.6,0.1117662956415963,0.04408714261321508
top20pct,1e902dba303728117d3a,A,7,7d,2h,0.2,inverse_vol,2192,0.4796044493198923,0.0674111401253743,0.7227166708552077,1.0188660155906986,0.3711516605561783,-0.18162693930658247,48.80934820576352,0.03416654374403447,-0.048462459451187094,305,0,0.4580887562201672,0.6974145755529159,0.6,0.1117662956415963,0.04408714261321508
top20pct,0f5304e006b14cc9a3a7,A,7,7d,4h,0.2,inverse_vol,2192,0.4796044493198923,0.0674111401253743,0.7227166708552077,1.0188660155906986,0.3711516605561783,-0.18162693930658247,48.80934820576352,0.03416654374403447,-0.048462459451187094,305,0,0.4580887562201672,0.6974145755529159,0.6,0.1117662956415963,0.04408714261321508
top20pct,21c5e2892030abe74238,A,7,7d,1d,0.2,inverse_vol,2192,0.4796044493198923,0.0674111401253743,0.7227166708552077,1.0188660155906986,0.3711516605561783,-0.18162693930658247,48.80934820576352,0.03416654374403447,-0.048462459451187094,305,0,0.4580887562201672,0.6974145755529159,0.6,0.1117662956415963,0.04408714261321508
top20pct,fdd5dc64016e66eea9b2,A,7,7d,1h,0.1,inverse_vol,2192,0.22495224821869253,0.034363355632923476,0.7227166708552077,1.0188660155906986,0.36711277312256546,-0.09360435852078297,24.40467410288176,0.017083271872017233,-0.024231229725593547,305,0,0.2160150290653553,0.6974145755529159,0.6,0.1117662956415963,0.06138855441008661
top20pct,88107f6f247a4dd1ac31,A,7,7d,2h,0.1,inverse_vol,2192,0.22495224821869253,0.034363355632923476,0.7227166708552077,1.0188660155906986,0.36711277312256546,-0.09360435852078297,24.40467410288176,0.017083271872017233,-0.024231229725593547,305,0,0.2160150290653553,0.6974145755529159,0.6,0.1117662956415963,0.06138855441008661
top20pct,b06ece70c7c66d09b95c,A,7,7d,4h,0.1,inverse_vol,2192,0.22495224821869253,0.034363355632923476,0.7227166708552077,1.0188660155906986,0.36711277312256546,-0.09360435852078297,24.40467410288176,0.017083271872017233,-0.024231229725593547,305,0,0.2160150290653553,0.6974145755529159,0.6,0.1117662956415963,0.06138855441008661
top20pct,42c33be330ded6c01844,A,7,7d,1d,0.1,inverse_vol,2192,0.22495224821869253,0.034363355632923476,0.7227166708552077,1.0188660155906986,0.36711277312256546,-0.09360435852078297,24.40467410288176,0.017083271872017233,-0.024231229725593547,305,0,0.2160150290653553,0.6974145755529159,0.6,0.1117662956415963,0.06138855441008661
top20pct,c748b6101c8c4acc0ce9,A,7,7d,1h,0.15,capped_rank,2192,0.37786194850783583,0.054823465162929574,0.5001138699784421,0.7045290682124293,0.1824530398229088,-0.30047986712713537,65.23882455586752,0.04566717718910726,-0.04917479124553455,305,0,0.3511391684277294,0.4732050284162639,0.6,0.10155201581606844,0.042567276122064325
top20pct,46dcda6fe3da70309a92,A,7,7d,2h,0.15,capped_rank,2192,0.37786194850783583,0.054823465162929574,0.5001138699784421,0.7045290682124293,0.1824530398229088,-0.30047986712713537,65.23882455586752,0.04566717718910726,-0.04917479124553455,305,0,0.3511391684277294,0.4732050284162639,0.6,0.10155201581606844,0.042567276122064325
top20pct,f6203644e0515df39cd3,A,7,7d,4h,0.15,capped_rank,2192,0.37786194850783583,0.054823465162929574,0.5001138699784421,0.7045290682124293,0.1824530398229088,-0.30047986712713537,65.23882455586752,0.04566717718910726,-0.04917479124553455,305,0,0.3511391684277294,0.4732050284162639,0.6,0.10155201581606844,0.042567276122064325
top20pct,0ffe87701ae5ff9c7edd,A,7,7d,1d,0.15,capped_rank,2192,0.37786194850783583,0.054823465162929574,0.5001138699784421,0.7045290682124293,0.1824530398229088,-0.30047986712713537,65.23882455586752,0.04566717718910726,-0.04917479124553455,305,0,0.3511391684277294,0.4732050284162639,0.6,0.10155201581606844,0.042567276122064325
top20pct,1e3cfe9b8864d0fb0431,A,7,7d,1h,0.2,capped_rank,2192,0.48269814486421425,0.06778245117929749,0.4885176105010562,0.6855438033009679,0.17744920786268145,-0.38198226971940463,85.5978072505732,0.059918465075401245,-0.06507839117731479,305,0,0.4450744184608848,0.46182890806561216,0.4,0.05690044629333384,-0.011808799134074224
top20pct,b807d83eb78b8d64a5b7,A,7,7d,2h,0.2,capped_rank,2192,0.48269814486421425,0.06778245117929749,0.4885176105010562,0.6855438033009679,0.17744920786268145,-0.38198226971940463,85.5978072505732,0.059918465075401245,-0.06507839117731479,305,0,0.4450744184608848,0.46182890806561216,0.4,0.05690044629333384,-0.011808799134074224
top20pct,9995c93950f36c3d2760,A,7,7d,4h,0.2,capped_rank,2192,0.48269814486421425,0.06778245117929749,0.4885176105010562,0.6855438033009679,0.17744920786268145,-0.38198226971940463,85.5978072505732,0.059918465075401245,-0.06507839117731479,305,0,0.4450744184608848,0.46182890806561216,0.4,0.05690044629333384,-0.011808799134074224
top20pct,2106f31472da721c3e2b,A,7,7d,1d,0.2,capped_rank,2192,0.48269814486421425,0.06778245117929749,0.4885176105010562,0.6855438033009679,0.17744920786268145,-0.38198226971940463,85.5978072505732,0.059918465075401245,-0.06507839117731479,305,0,0.4450744184608848,0.46182890806561216,0.4,0.05690044629333384,-0.011808799134074224
