open_time_ms,net_return,gross_return,funding_return,turnover,cost,gross_exposure
2020-01-01 00:00:00+00:00,0.0,0.0,-0.0,0.0,0.0,0.0
2020-01-02 00:00:00+00:00,0.0,0.0,-0.0,0.0,0.0,0.0
2020-01-03 00:00:00+00:00,0.0,0.0,-0.0,0.0,0.0,0.0
2020-01-04 00:00:00+00:00,0.0,0.0,-0.0,0.0,0.0,0.0
2020-01-05 00:00:00+00:00,0.0,0.0,-0.0,0.0,0.0,0.0
2020-01-06 00:00:00+00:00,0.0,0.0,-0.0,0.0,0.0,0.0
2020-01-07 00:00:00+00:00,0.0,0.0,-0.0,0.0,0.0,0.0
2020-01-08 00:00:00+00:00,0.0,0.0,-0.0,0.0,0.0,0.0
2020-01-09 00:00:00+00:00,0.0,0.0,-0.0,0.0,0.0,0.0
2020-01-10 00:00:00+00:00,0.0,0.0,-0.0,0.0,0.0,0.0
2020-01-11 00:00:00+00:00,0.0,0.0,-0.0,0.0,0.0,0.0
2020-01-12 00:00:00+00:00,0.0,0.0,-0.0,0.0,0.0,0.0
2020-01-13 00:00:00+00:00,0.0,0.0,-0.0,0.0,0.0,0.0
2020-01-14 00:00:00+00:00,0.0,0.0,-0.0,0.0,0.0,0.0
2020-01-15 00:00:00+00:00,0.0,0.0,-0.0,0.0,0.0,0.0
2020-01-16 00:00:00+00:00,0.0,0.0,-0.0,0.0,0.0,0.0
2020-01-17 00:00:00+00:00,0.0,0.0,-0.0,0.0,0.0,0.0
2020-01-18 00:00:00+00:00,0.0,0.0,-0.0,0.0,0.0,0.0
2020-01-19 00:00:00+00:00,0.0,0.0,-0.0,0.0,0.0,0.0
2020-01-20 00:00:00+00:00,0.0,0.0,-0.0,0.0,0.0,0.0
2020-01-21 00:00:00+00:00,0.0,0.0,-0.0,0.0,0.0,0.0
2020-01-22 00:00:00+00:00,0.0,0.0,-0.0,0.0,0.0,0.0
2020-01-23 00:00:00+00:00,0.0,0.0,-0.0,0.0,0.0,0.0
2020-01-24 00:00:00+00:00,0.0,0.0,-0.0,0.0,0.0,0.0
2020-01-25 00:00:00+00:00,0.0,0.0,-0.0,0.0,0.0,0.0
2020-01-26 00:00:00+00:00,0.0,0.0,-0.0,0.0,0.0,0.0
2020-01-27 00:00:00+00:00,0.0,0.0,-0.0,0.0,0.0,0.0
2020-01-28 00:00:00+00:00,0.0,0.0,-0.0,0.0,0.0,0.0
2020-01-29 00:00:00+00:00,0.0,0.0,-0.0,0.0,0.0,0.0
2020-01-30 00:00:00+00:00,0.0,0.0,-0.0,0.0,0.0,0.0
2020-01-31 00:00:00+00:00,0.0,0.0,-0.0,0.0,0.0,0.0
2020-02-01 00:00:00+00:00,0.0,0.0,-0.0,0.0,0.0,0.0
2020-02-02 00:00:00+00:00,0.0,0.0,-0.0,0.0,0.0,0.0
2020-02-03 00:00:00+00:00,0.0,0.0,-0.0,0.0,0.0,0.0
2020-02-04 00:00:00+00:00,0.0,0.0,-0.0,0.0,0.0,0.0
2020-02-05 00:00:00+00:00,0.0,0.0,-0.0,0.0,0.0,0.0
2020-02-06 00:00:00+00:00,8.432734914618822e-06,5.4276975795946466e-05,-2.704317892761743e-05,0.026858659933871733,1.8801061953710213e-05,0.026858659933871733
2020-02-07 00:00:00+00:00,-0.00046243891356599463,-0.00040384889561304813,-5.8590017952946475e-05,0.0,0.0,0.026858659933871733
2020-02-08 00:00:00+00:00,0.00027017484313022837,0.000331799621069103,-6.162477793887465e-05,0.0,0.0,0.026858659933871733
2020-02-09 00:00:00+00:00,0.00023745773242768138,0.0003331830707783976,-9.572533835071621e-05,0.0,0.0,0.026858659933871733
2020-02-10 00:00:00+00:00,1.4684969934056287e-05,0.0001269898904753522,-0.0001123049205412959,0.0,0.0,0.026858659933871733
2020-02-11 00:00:00+00:00,0.0005132283308332752,0.0006040721077410102,-9.084377690773501e-05,0.0,0.0,0.026858659933871733
2020-02-12 00:00:00+00:00,0.0004457711820230919,0.0006540418259215121,-0.00020827064389842027,0.0,0.0,0.026858659933871733
2020-02-13 00:00:00+00:00,-0.0005908516831617081,-0.00032348980657949335,-0.00021886392862675448,0.06928278279351459,4.849794795546021e-05,0.04242412285964285
2020-02-14 00:00:00+00:00,0.001140163116383951,0.001293386320916123,-0.0001532232045321721,0.0,0.0,0.04242412285964285
2020-02-15 00:00:00+00:00,-0.003465900180465267,-0.0032500500615264614,-0.00021585011893880546,0.0,0.0,0.04242412285964285
2020-02-16 00:00:00+00:00,-0.001203980448238187,-0.0011271843010376614,-7.679614720052549e-05,0.0,0.0,0.04242412285964285
2020-02-17 00:00:00+00:00,-0.0007417581964005032,-0.00068114727631216,-6.061092008834314e-05,0.0,0.0,0.04242412285964285
2020-02-18 00:00:00+00:00,0.0021338392511299504,0.0022210072478872013,-8.716799675725098e-05,0.0,0.0,0.04242412285964285
2020-02-19 00:00:00+00:00,-0.0038014387912275994,-0.003694774364568971,-0.00010666442665862845,0.0,0.0,0.04242412285964285
2020-02-20 00:00:00+00:00,-0.0010970670900402428,-0.0010284564405232106,-1.2154721450075757e-05,0.08065132580993772,5.645592806695641e-05,0.03822720295029487
2020-02-21 00:00:00+00:00,7.16536137774964e-05,7.16536137774964e-05,-0.0,0.0,0.0,0.03822720295029487
2020-02-22 00:00:00+00:00,-0.0015287305202292792,-0.0015287305202292792,-0.0,0.0,0.0,0.03822720295029487
2020-02-23 00:00:00+00:00,0.0012478551023969518,0.0012478551023969518,-0.0,0.0,0.0,0.03822720295029487
2020-02-24 00:00:00+00:00,-0.002864205042013188,-0.0028496806162522236,-1.4524425760964538e-05,0.0,0.0,0.03822720295029487
2020-02-25 00:00:00+00:00,-0.004224445507031074,-0.004219316563211233,-5.128943819841063e-06,0.0,0.0,0.03822720295029487
2020-02-26 00:00:00+00:00,0.0008105481427856186,0.0008105481427856186,-0.0,0.0,0.0,0.03822720295029487
2020-02-27 00:00:00+00:00,-2.675904206520641e-05,0.0,-0.0,0.03822720295029487,2.675904206520641e-05,0.0
2020-02-28 00:00:00+00:00,0.0,0.0,-0.0,0.0,0.0,0.0
2020-02-29 00:00:00+00:00,0.0,0.0,-0.0,0.0,0.0,0.0
2020-03-01 00:00:00+00:00,0.0,0.0,-0.0,0.0,0.0,0.0
2020-03-02 00:00:00+00:00,0.0,0.0,-0.0,0.0,0.0,0.0
2020-03-03 00:00:00+00:00,0.0,0.0,-0.0,0.0,0.0,0.0
2020-03-04 00:00:00+00:00,0.0,0.0,-0.0,0.0,0.0,0.0
2020-03-05 00:00:00+00:00,0.0005808649915826693,0.0005219604341103997,8.118265294815558e-05,0.031825850679837064,2.2278095475885945e-05,0.031825850679837064
2020-03-06 00:00:00+00:00,-0.00018244118224110416,-0.00018244118224110416,-0.0,0.0,0.0,0.031825850679837064
2020-03-07 00:00:00+00:00,-0.0023174493021192494,-0.0023174493021192494,-0.0,0.0,0.0,0.031825850679837064
2020-03-08 00:00:00+00:00,-0.002074324215198959,-0.002074324215198959,-0.0,0.0,0.0,0.031825850679837064
2020-03-09 00:00:00+00:00,0.0006041374599971888,0.00047828945342942954,0.00012584800656775932,0.0,0.0,0.031825850679837064
2020-03-10 00:00:00+00:00,-0.00026912245851801414,-0.0003167135625906153,4.7591104072601156e-05,0.0,0.0,0.031825850679837064
2020-03-11 00:00:00+00:00,-0.002061284222174944,-0.002091034072614935,2.9749850439991293e-05,0.0,0.0,0.031825850679837064
2020-03-12 00:00:00+00:00,-0.015153905957120677,-0.015225617637951881,7.17385717214701e-05,3.8415557524068555e-05,2.689089026684799e-08,0.03186426623736113
2020-03-13 00:00:00+00:00,0.007050445911480502,0.006997328816948146,5.311709453235626e-05,0.0,0.0,0.03186426623736113
2020-03-14 00:00:00+00:00,-0.003859440489866971,-0.003925593574359694,6.615308449272308e-05,0.0,0.0,0.03186426623736113
2020-03-15 00:00:00+00:00,-0.0005693944302565835,-0.0006288999915268682,5.950556127028479e-05,0.0,0.0,0.03186426623736113
2020-03-16 00:00:00+00:00,-0.004551621629355698,-0.004628414510987738,7.679288163204033e-05,0.0,0.0,0.03186426623736113
2020-03-17 00:00:00+00:00,0.0014332847966334733,0.0013939499531767628,3.9334843456710454e-05,0.0,0.0,0.03186426623736113
2020-03-18 00:00:00+00:00,0.0016470452862644726,0.0015067466033787092,0.00014029868288576347,0.0,0.0,0.03186426623736113
2020-03-19 00:00:00+00:00,-2.2304986366152793e-05,0.0,-0.0,0.03186426623736113,2.2304986366152793e-05,0.0
2020-03-20 00:00:00+00:00,0.0,0.0,-0.0,0.0,0.0,0.0
2020-03-21 00:00:00+00:00,0.0,0.0,-0.0,0.0,0.0,0.0
2020-03-22 00:00:00+00:00,0.0,0.0,-0.0,0.0,0.0,0.0
2020-03-23 00:00:00+00:00,0.0,0.0,-0.0,0.0,0.0,0.0
2020-03-24 00:00:00+00:00,0.0,0.0,-0.0,0.0,0.0,0.0
2020-03-25 00:00:00+00:00,0.0,0.0,-0.0,0.0,0.0,0.0
2020-03-26 00:00:00+00:00,0.0,0.0,-0.0,0.0,0.0,0.0
2020-03-27 00:00:00+00:00,0.0,0.0,-0.0,0.0,0.0,0.0
2020-03-28 00:00:00+00:00,0.0,0.0,-0.0,0.0,0.0,0.0
2020-03-29 00:00:00+00:00,0.0,0.0,-0.0,0.0,0.0,0.0
2020-03-30 00:00:00+00:00,0.0,0.0,-0.0,0.0,0.0,0.0
2020-03-31 00:00:00+00:00,0.0,0.0,-0.0,0.0,0.0,0.0
2020-04-01 00:00:00+00:00,0.0,0.0,-0.0,0.0,0.0,0.0
2020-04-02 00:00:00+00:00,0.0011240506685843506,0.0011386782970621038,1.16432560009703e-05,0.037529834969605144,2.62708844787236e-05,0.037529834969605144
2020-04-03 00:00:00+00:00,0.0008486683108293192,0.0008361431037065632,1.2525207122756019e-05,0.0,0.0,0.037529834969605144
2020-04-04 00:00:00+00:00,0.0007424858359327475,0.0007481153111781883,-5.629475245440772e-06,0.0,0.0,0.037529834969605144
2020-04-05 00:00:00+00:00,-0.0006800772783356081,-0.0006721160744435058,-7.96120389210234e-06,0.0,0.0,0.037529834969605144
2020-04-06 00:00:00+00:00,0.004250551595777192,0.004262274790326648,-1.172319454945556e-05,0.0,0.0,0.037529834969605144
2020-04-07 00:00:00+00:00,-0.0010056948593974466,-0.0009972620931289512,-8.432766268495428e-06,0.0,0.0,0.037529834969605144
2020-04-08 00:00:00+00:00,0.0015826141153307777,0.0015882435905762184,-5.629475245440772e-06,0.0,0.0,0.037529834969605144
2020-04-09 00:00:00+00:00,0.0010845055514060791,0.0011425994226488567,-4.638457408838506e-06,0.07636487690562746,5.345541383393922e-05,0.038835041936022316
2020-04-10 00:00:00+00:00,-0.0021597966075511885,-0.002153971351260785,-5.825256290403348e-06,0.0,0.0,0.038835041936022316
2020-04-11 00:00:00+00:00,0.0012424690321847735,0.0012248076318131093,1.7661400371664227e-05,0.0,0.0,0.038835041936022316
2020-04-12 00:00:00+00:00,0.0004602275882394022,0.0004376898658270413,2.2537722412360873e-05,0.0,0.0,0.038835041936022316
2020-04-13 00:00:00+00:00,-0.0005122501760145324,-0.0005777419790858598,6.549180307132739e-05,0.0,0.0,0.038835041936022316
2020-04-14 00:00:00+00:00,-0.0006779436940712927,-0.0007210783576752617,4.313466360396903e-05,0.0,0.0,0.038835041936022316
2020-04-15 00:00:00+00:00,-0.0014964078293479327,-0.0015500139736595309,5.360614431159809e-05,0.0,0.0,0.038835041936022316
2020-04-16 00:00:00+00:00,0.006949723121159276,0.0068114690916128325,0.00018598379187000918,0.06818537474795212,4.7729762323566485e-05,0.06818537474795212
2020-04-17 00:00:00+00:00,-0.0004260298031297182,-0.0006118513138078272,0.00018582151067810903,0.0,0.0,0.06818537474795212
2020-04-18 00:00:00+00:00,0.005409441693016078,0.0053646568570278755,4.4784835988202434e-05,0.0,0.0,0.06818537474795212
2020-04-19 00:00:00+00:00,-0.002786174465435345,-0.0028777566287474356,9.158216331209068e-05,0.0,0.0,0.06818537474795212
2020-04-20 00:00:00+00:00,-0.0037610081361821907,-0.0038440391716471406,8.303103546495e-05,0.0,0.0,0.06818537474795212
2020-04-21 00:00:00+00:00,0.0007892467036187518,0.0006672644319021604,0.00012198227171659138,0.0,0.0,0.06818537474795212
2020-04-22 00:00:00+00:00,0.003586608998147245,0.0035006255359557085,8.598346219153633e-05,0.0,0.0,0.06818537474795212
2020-04-23 00:00:00+00:00,-2.6347495462855233e-05,3.6495685476484814e-05,-1.1089973106942362e-05,0.07393315404628241,5.1753207832397685e-05,0.07393315404628241
2020-04-24 00:00:00+00:00,-0.00019802620637420905,-0.00012218188029583025,-7.58443260783788e-05,0.0,0.0,0.07393315404628241
2020-04-25 00:00:00+00:00,0.0005431707280090973,0.0006337854196028424,-9.061469159374512e-05,0.0,0.0,0.07393315404628241
2020-04-26 00:00:00+00:00,-0.0007731252028869455,-0.000752560696088972,-2.0564506797973452e-05,0.0,0.0,0.07393315404628241
2020-04-27 00:00:00+00:00,-0.0010376640557303424,-0.0009780750425663494,-5.958901316399293e-05,0.0,0.0,0.07393315404628241
2020-04-28 00:00:00+00:00,0.00019678440709650405,0.00021605471403289735,-1.9270306936393277e-05,0.0,0.0,0.07393315404628241
2020-04-29 00:00:00+00:00,0.004468662084973923,0.0045626821376430395,-9.402005266911687e-05,0.0,0.0,0.07393315404628241
2020-04-30 00:00:00+00:00,-0.006278374156716328,-0.006148608809818511,-1.61177428716798e-05,0.16235372003733928,0.00011364760402613749,0.08842056599105688
2020-05-01 00:00:00+00:00,0.006527064524012498,0.006598073754251426,-7.100923023892791e-05,0.0,0.0,0.08842056599105688
2020-05-02 00:00:00+00:00,0.001619065140608855,0.0016572026991321176,-3.813755852326266e-05,0.0,0.0,0.08842056599105688
2020-05-03 00:00:00+00:00,-0.003454107475388811,-0.003366476062949224,-8.76314124395867e-05,0.0,0.0,0.08842056599105688
2020-05-04 00:00:00+00:00,0.0006508417517863523,0.0006759500978080028,-2.5108346021650468e-05,0.0,0.0,0.08842056599105688
2020-05-05 00:00:00+00:00,-0.0007682980971270156,-0.0007573631257309015,-1.0934971396114006e-05,0.0,0.0,0.08842056599105688
2020-05-06 00:00:00+00:00,-0.002008401655963091,-0.002003228168646954,-5.173487316136736e-06,0.0,0.0,0.08842056599105688
2020-05-07 00:00:00+00:00,0.0036021528292997846,0.003703678311146566,-3.963108565304149e-05,0.08842056599105688,6.189439619373982e-05,0.08697989762209113
2020-05-08 00:00:00+00:00,0.0009162140017357084,0.0009861975924629549,-6.998359072724641e-05,0.0,0.0,0.08697989762209113
2020-05-09 00:00:00+00:00,-0.0010899770772219489,-0.000964963479766646,-0.0001250135974553029,0.0,0.0,0.08697989762209113
2020-05-10 00:00:00+00:00,-0.008758936902856281,-0.008699520499891143,-5.9416402965138554e-05,0.0,0.0,0.08697989762209113
2020-05-11 00:00:00+00:00,-0.0010489807720043892,-0.0010098259012908286,-3.915487071356054e-05,0.0,0.0,0.08697989762209113
2020-05-12 00:00:00+00:00,0.002836622864598434,0.0028627168338850612,-2.609396928662734e-05,0.0,0.0,0.08697989762209113
2020-05-13 00:00:00+00:00,0.001713610750272346,0.0017397047195589733,-2.609396928662734e-05,0.0,0.0,0.08697989762209113
2020-05-14 00:00:00+00:00,-6.088592833546379e-05,0.0,-0.0,0.08697989762209113,6.088592833546379e-05,0.0
2020-05-15 00:00:00+00:00,0.0,0.0,-0.0,0.0,0.0,0.0
2020-05-16 00:00:00+00:00,0.0,0.0,-0.0,0.0,0.0,0.0
2020-05-17 00:00:00+00:00,0.0,0.0,-0.0,0.0,0.0,0.0
2020-05-18 00:00:00+00:00,0.0,0.0,-0.0,0.0,0.0,0.0
2020-05-19 00:00:00+00:00,0.0,0.0,-0.0,0.0,0.0,0.0
2020-05-20 00:00:00+00:00,0.0,0.0,-0.0,0.0,0.0,0.0
2020-05-21 00:00:00+00:00,-0.0068971866183731275,-0.00678793560303996,-3.827982975350846e-05,0.10138740797094092,7.097118557965865e-05,0.10138740797094092
2020-05-22 00:00:00+00:00,0.005315087953556588,0.005359187927464669,-4.409997390808032e-05,0.0,0.0,0.10138740797094092
2020-05-23 00:00:00+00:00,-0.0016156691799624086,-0.0015852529575711262,-3.041622239128228e-05,0.0,0.0,0.10138740797094092
2020-05-24 00:00:00+00:00,-0.00560253191970733,-0.005572115697316048,-3.041622239128228e-05,0.0,0.0,0.10138740797094092
2020-05-25 00:00:00+00:00,0.0038698093077977414,0.003912944580518978,-4.3135272721236815e-05,0.0,0.0,0.10138740797094092
2020-05-26 00:00:00+00:00,-0.0016122367608061455,-0.0015924804104889279,-1.975635031721755e-05,0.0,0.0,0.10138740797094092
2020-05-27 00:00:00+00:00,0.0028865642345449333,0.0029148589254244235,-2.829469087949034e-05,0.0,0.0,0.10138740797094092
2020-05-28 00:00:00+00:00,0.002238839008557266,0.0023410076972245858,-3.119750308766111e-05,0.10138740797094092,7.097118557965865e-05,0.09947866167424861
2020-05-29 00:00:00+00:00,0.0014147271613259781,0.0014472686211328583,-3.2541459806880205e-05,0.0,0.0,0.09947866167424861
2020-05-30 00:00:00+00:00,0.010344961195045547,0.010384573598124234,-3.96124030786858e-05,0.0,0.0,0.09947866167424861
2020-05-31 00:00:00+00:00,-0.006548762906800099,-0.0065189193082978245,-2.9843598502274588e-05,0.0,0.0,0.09947866167424861
2020-06-01 00:00:00+00:00,0.005111000223094387,0.005140843821596661,-2.9843598502274588e-05,0.0,0.0,0.09947866167424861
2020-06-02 00:00:00+00:00,-0.004678004933367611,-0.004570688845333357,-0.0001073160880342543,0.0,0.0,0.09947866167424861
2020-06-03 00:00:00+00:00,0.0010605970375046731,0.0010904406360069477,-2.9843598502274588e-05,0.0,0.0,0.09947866167424861
2020-06-04 00:00:00+00:00,0.0010059956012046158,0.0011736522200916496,-4.101239221903807e-05,0.1809203238114226,0.00012664422666799582,0.08144166213717398
2020-06-05 00:00:00+00:00,-0.0033437613278799266,-0.003255889846517023,-8.787148136290387e-05,0.0,0.0,0.08144166213717398
2020-06-06 00:00:00+00:00,0.000813032655612772,0.0008916491064904074,-7.861645087763542e-05,0.0,0.0,0.08144166213717398
2020-06-07 00:00:00+00:00,-0.0003390195203682768,-0.000281169064502378,-5.78504558658988e-05,0.0,0.0,0.08144166213717398
2020-06-08 00:00:00+00:00,0.0005961768356962392,0.0006435200955215105,-4.7343259825271294e-05,0.0,0.0,0.08144166213717398
2020-06-09 00:00:00+00:00,-0.0027127153937019036,-0.002619722860623814,-9.299253307808937e-05,0.0,0.0,0.08144166213717398
2020-06-10 00:00:00+00:00,0.0006427028409743539,0.000712244247440044,-6.954140646569012e-05,0.0,0.0,0.08144166213717398
2020-06-11 00:00:00+00:00,-0.008131717131699473,-0.008042285008192665,-3.2422960010785814e-05,0.08144166213717398,5.7009163496021784e-05,0.07971127585594723
2020-06-12 00:00:00+00:00,0.0038103366764487456,0.00383425005920553,-2.391338275678417e-05,0.0,0.0,0.07971127585594723
2020-06-13 00:00:00+00:00,0.0006709262554229671,0.0006968567320152861,-2.5930476592318915e-05,0.0,0.0,0.07971127585594723
2020-06-14 00:00:00+00:00,-0.0026168818049356517,-0.0025929684221788676,-2.391338275678417e-05,0.0,0.0,0.07971127585594723
2020-06-15 00:00:00+00:00,0.0017585780117048504,0.0017824913944616346,-2.391338275678417e-05,0.0,0.0,0.07971127585594723
2020-06-16 00:00:00+00:00,0.0010805630769074386,0.0011044764596642228,-2.391338275678417e-05,0.0,0.0,0.07971127585594723
2020-06-17 00:00:00+00:00,0.001983113936554158,0.002023742375301555,-4.062843874739702e-05,0.0,0.0,0.07971127585594723
2020-06-18 00:00:00+00:00,-5.579789309916306e-05,0.0,-0.0,0.07971127585594723,5.579789309916306e-05,0.0
2020-06-19 00:00:00+00:00,0.0,0.0,-0.0,0.0,0.0,0.0
2020-06-20 00:00:00+00:00,0.0,0.0,-0.0,0.0,0.0,0.0
2020-06-21 00:00:00+00:00,0.0,0.0,-0.0,0.0,0.0,0.0
2020-06-22 00:00:00+00:00,0.0,0.0,-0.0,0.0,0.0,0.0
2020-06-23 00:00:00+00:00,0.0,0.0,-0.0,0.0,0.0,0.0
2020-06-24 00:00:00+00:00,0.0,0.0,-0.0,0.0,0.0,0.0
2020-06-25 00:00:00+00:00,0.001186799239627165,0.0012290079825270793,-0.0,0.06029820414273484,4.220874289991439e-05,0.06029820414273484
2020-06-26 00:00:00+00:00,-0.0015683053511947257,-0.0015683053511947257,-0.0,0.0,0.0,0.06029820414273484
2020-06-27 00:00:00+00:00,-0.003542406780442664,-0.003542406780442664,-0.0,0.0,0.0,0.06029820414273484
2020-06-28 00:00:00+00:00,0.0022170469975313235,0.0022170469975313235,-0.0,0.0,0.0,0.06029820414273484
2020-06-29 00:00:00+00:00,0.000673206745026163,0.000673206745026163,-0.0,0.0,0.0,0.06029820414273484
2020-06-30 00:00:00+00:00,-0.000717991172948775,-0.000717991172948775,-0.0,0.0,0.0,0.06029820414273484
2020-07-01 00:00:00+00:00,0.0018760615662288234,0.0018760615662288234,-0.0,0.0,0.0,0.06029820414273484
2020-07-02 00:00:00+00:00,-0.0009840499272957576,-0.0010722875483969382,0.00013044636400109502,0.06029820414273484,4.220874289991439e-05,0.10510755917337389
2020-07-03 00:00:00+00:00,0.0013448069777764235,0.0012641106492210657,8.069632855535781e-05,0.0,0.0,0.10510755917337389
2020-07-04 00:00:00+00:00,0.0031783499973017442,0.002996116613358132,0.00018223338394361216,0.0,0.0,0.10510755917337389
2020-07-05 00:00:00+00:00,-0.0016722577552907506,-0.001798091999595318,0.00012583424430456734,0.0,0.0,0.10510755917337389
2020-07-06 00:00:00+00:00,0.010639062413528815,0.010624454039417103,1.460837411171137e-05,0.0,0.0,0.10510755917337389
2020-07-07 00:00:00+00:00,0.009722298237258982,0.009759115313086231,-3.681707582724941e-05,0.0,0.0,0.10510755917337389
2020-07-08 00:00:00+00:00,0.012595012250617188,0.012700233851492264,-0.00010522160087507699,0.0,0.0,0.10510755917337389
2020-07-09 00:00:00+00:00,-0.004675007214994987,-0.0045229717651479005,-0.00013637440908399208,0.022372915375849678,1.5661040763094775e-05,0.08273464379752421
2020-07-10 00:00:00+00:00,-0.001551700169206956,-0.0015059297095652896,-4.5770459641666346e-05,0.0,0.0,0.08273464379752421
2020-07-11 00:00:00+00:00,0.002119178768316563,0.0021315889648861916,-1.2410196569628633e-05,0.0,0.0,0.08273464379752421
2020-07-12 00:00:00+00:00,0.008753692854175299,0.008766103050744926,-1.2410196569628633e-05,0.0,0.0,0.08273464379752421
2020-07-13 00:00:00+00:00,-0.0019284324335239237,-0.0018576847985930036,-7.074763493091993e-05,0.0,0.0,0.08273464379752421
2020-07-14 00:00:00+00:00,0.008417967068769194,0.00838306421826355,3.490285050564255e-05,0.0,0.0,0.08273464379752421
2020-07-15 00:00:00+00:00,0.0021161229439719455,0.002094551126621398,2.1571817350547474e-05,0.0,0.0,0.08273464379752421
2020-07-16 00:00:00+00:00,0.002111593613867463,0.0020666121391795748,0.00010550552566728588,0.08646292997056798,6.052405097939759e-05,0.08646292997056798
2020-07-17 00:00:00+00:00,0.0003604108407498279,0.00035873907999884697,1.671760750980931e-06,0.0,0.0,0.08646292997056798
2020-07-18 00:00:00+00:00,-0.0028571153794239596,-0.0028441459399283745,-1.2969439495585198e-05,0.0,0.0,0.08646292997056798
2020-07-19 00:00:00+00:00,0.0002889498158777354,0.0003305938214687598,-4.164400559102436e-05,0.0,0.0,0.08646292997056798
2020-07-20 00:00:00+00:00,-0.007119982187064493,-0.007061885150529369,-5.809703653512374e-05,0.0,0.0,0.08646292997056798
2020-07-21 00:00:00+00:00,0.001461950742872672,0.0014782745117364654,-1.632376886379338e-05,0.0,0.0,0.08646292997056798
2020-07-22 00:00:00+00:00,0.0013650526727410068,0.0014440097557608298,-7.895708301982297e-05,0.0,0.0,0.08646292997056798
2020-07-23 00:00:00+00:00,0.0024669266231893807,0.002505914945286737,-3.435353155405753e-05,0.006621129347569574,4.634790543298701e-06,0.07984180062299841
2020-07-24 00:00:00+00:00,-0.0034483852547630175,-0.0033925750377095353,-5.581021705348213e-05,0.0,0.0,0.07984180062299841
2020-07-25 00:00:00+00:00,0.00345900986926211,0.003533750178034302,-7.474030877219193e-05,0.0,0.0,0.07984180062299841
2020-07-26 00:00:00+00:00,-0.0018587255453288622,-0.0017077175541385604,-0.00015100799119030183,0.0,0.0,0.07984180062299841
2020-07-27 00:00:00+00:00,-0.0038908359653141073,-0.0038473309665726417,-4.35049987414656e-05,0.0,0.0,0.07984180062299841
2020-07-28 00:00:00+00:00,0.001758807635058388,0.0017810910824032637,-2.2283447344875732e-05,0.0,0.0,0.07984180062299841
2020-07-29 00:00:00+00:00,-0.0017303420182927173,-0.0016833471344460205,-4.699488384669687e-05,0.0,0.0,0.07984180062299841
2020-07-30 00:00:00+00:00,0.0020589966149001313,0.0025907306984257112,-0.0003890982109663511,0.2037655322274697,0.0001426358725592288,0.1239237316044713
2020-07-31 00:00:00+00:00,0.0030621968338024816,0.003454549281960766,-0.00039235244815828446,0.0,0.0,0.1239237316044713
2020-08-01 00:00:00+00:00,0.007273151464290667,0.007560489083431349,-0.00028733761914068146,0.0,0.0,0.1239237316044713
2020-08-02 00:00:00+00:00,-0.012029740371795423,-0.011678921581903035,-0.0003508187898923879,0.0,0.0,0.1239237316044713
2020-08-03 00:00:00+00:00,0.00438064454827871,0.004586094604812473,-0.00020545005653376284,0.0,0.0,0.1239237316044713
2020-08-04 00:00:00+00:00,-0.0029211880530836155,-0.0026891526384087453,-0.00023203541467487008,0.0,0.0,0.1239237316044713
2020-08-05 00:00:00+00:00,0.002231477476123077,0.002457184725443565,-0.00022570724932048777,0.0,0.0,0.1239237316044713
2020-08-06 00:00:00+00:00,-0.0004198215768507719,-7.415096709677607e-05,-0.00019279435630919616,0.21839464777828532,0.0001528762534447997,0.09447091617381402
2020-08-07 00:00:00+00:00,-0.0027704955033571576,-0.0025686324114498563,-0.00020186309190730147,0.0,0.0,0.09447091617381402
2020-08-08 00:00:00+00:00,0.0014181409142218129,0.0015135773231589233,-9.54364089371104e-05,0.0,0.0,0.09447091617381402
2020-08-09 00:00:00+00:00,-0.0038446447796624504,-0.0036516761245129134,-0.00019296865514953685,0.0,0.0,0.09447091617381402
2020-08-10 00:00:00+00:00,-0.000709133731320281,-0.00044605254102318627,-0.0002630811902970947,0.0,0.0,0.09447091617381402
2020-08-11 00:00:00+00:00,-0.006477807231651849,-0.006221100466423582,-0.0002567067652282666,0.0,0.0,0.09447091617381402
2020-08-12 00:00:00+00:00,0.001369327204862939,0.0014849005619370786,-0.00011557335707413973,0.0,0.0,0.09447091617381402
2020-08-13 00:00:00+00:00,0.0035971391693070797,0.0037100912689422205,-4.6822458313471254e-05,0.09447091617381402,6.612964132166982e-05,0.08580963853253659
2020-08-14 00:00:00+00:00,0.00014753216553705343,0.0002924955364883795,-0.00014496337095132604,0.0,0.0,0.08580963853253659
2020-08-15 00:00:00+00:00,0.005404436418201362,0.005549028662466034,-0.0001445922442646728,0.0,0.0,0.08580963853253659
2020-08-16 00:00:00+00:00,-0.00016911174139664438,-1.8997217844210208e-05,-0.00015011452355243417,0.0,0.0,0.08580963853253659
2020-08-17 00:00:00+00:00,-0.0033939967233430346,-0.0031284377735426596,-0.00026555894980037495,0.0,0.0,0.08580963853253659
2020-08-18 00:00:00+00:00,-0.003610086590308769,-0.003322372020887486,-0.00028771456942128324,0.0,0.0,0.08580963853253659
2020-08-19 00:00:00+00:00,-0.0018718009691666444,-0.0018016867716180941,-7.011419754855033e-05,0.0,0.0,0.08580963853253659
2020-08-20 00:00:00+00:00,-7.335447397299069e-06,0.00014099955897643062,-8.826825940095408e-05,0.08580963853253659,6.0066746972775616e-05,0.07203984379031077
2020-08-21 00:00:00+00:00,-0.007220646882662411,-0.007087260429294804,-0.00013338645336760676,0.0,0.0,0.07203984379031077
2020-08-22 00:00:00+00:00,0.005672657364927828,0.0057267906249464,-5.4133260018572176e-05,0.0,0.0,0.07203984379031077
2020-08-23 00:00:00+00:00,-0.0012767355547870678,-0.0012551236016499745,-2.1611953137093232e-05,0.0,0.0,0.07203984379031077
2020-08-24 00:00:00+00:00,0.0007882828391291146,0.0008580401004689293,-6.975726133981477e-05,0.0,0.0,0.07203984379031077
2020-08-25 00:00:00+00:00,-0.0047391706192986575,-0.004641899900818447,-9.727071848021026e-05,0.0,0.0,0.07203984379031077
2020-08-26 00:00:00+00:00,0.00263091265753183,0.0027090877746185427,-7.817511708671257e-05,0.0,0.0,0.07203984379031077
2020-08-27 00:00:00+00:00,0.00018978271746825597,0.00039074083845816714,-0.00011677307596041462,0.1202643500421379,8.418504502949652e-05,0.1202643500421379
2020-08-28 00:00:00+00:00,0.0011846090434894506,0.0012896942285910201,-0.00010508518510156946,0.0,0.0,0.1202643500421379
2020-08-29 00:00:00+00:00,-0.0009394997594261199,-0.0008432347617566408,-9.626499766947907e-05,0.0,0.0,0.1202643500421379
2020-08-30 00:00:00+00:00,0.007985905553296844,0.00812586138669313,-0.00013995583339628735,0.0,0.0,0.1202643500421379
2020-08-31 00:00:00+00:00,-0.0033091538698036375,-0.0031146028320622214,-0.00019455103774141628,0.0,0.0,0.1202643500421379
2020-09-01 00:00:00+00:00,0.005551348625137115,0.005849505596474583,-0.00029815697133746743,0.0,0.0,0.1202643500421379
2020-09-02 00:00:00+00:00,-0.004760820060638984,-0.004439139983755024,-0.0003216800768839594,0.0,0.0,0.1202643500421379
2020-09-03 00:00:00+00:00,-0.01191766543432976,-0.011806001509008008,-6.461555697200124e-05,0.06721195478535968,4.704836834975178e-05,0.06721195478535968
2020-09-04 00:00:00+00:00,0.0017581305882483978,0.00175192356422397,6.207024024427967e-06,0.0,0.0,0.06721195478535968
2020-09-05 00:00:00+00:00,-0.004810875916519529,-0.004900804839902792,8.992892338326339e-05,0.0,0.0,0.06721195478535968
2020-09-06 00:00:00+00:00,0.01300484187467996,0.012826180400708613,0.0001786614739713474,0.0,0.0,0.06721195478535968
2020-09-07 00:00:00+00:00,-0.0019808784968568544,-0.0020785704010178267,9.769190416097245e-05,0.0,0.0,0.06721195478535968
2020-09-08 00:00:00+00:00,0.0025599746139574166,0.002315895072273931,0.00024407954168348582,0.0,0.0,0.06721195478535968
2020-09-09 00:00:00+00:00,0.003737815348137702,0.00355532884181952,0.00018248650631818225,0.0,0.0,0.06721195478535968
2020-09-10 00:00:00+00:00,0.00014427751575204155,0.000159399659243245,6.945665967181138e-06,0.03152544208340655,2.206780945838459e-05,0.03568651270195313
2020-09-11 00:00:00+00:00,0.0012609050505259939,0.0012156591916665685,4.5245858859425315e-05,0.0,0.0,0.03568651270195313
2020-09-12 00:00:00+00:00,0.004403961621352942,0.004294151723713143,0.00010980989763979892,0.0,0.0,0.03568651270195313
2020-09-13 00:00:00+00:00,0.0035889132056881696,0.003445871670555185,0.00014304153513298467,0.0,0.0,0.03568651270195313
2020-09-14 00:00:00+00:00,-9.822629882916988e-05,-0.0003117226453942396,0.0002134963465650697,0.0,0.0,0.03568651270195313
2020-09-15 00:00:00+00:00,-0.004215734231520386,-0.004369045631278739,0.00015331139975835277,0.0,0.0,0.03568651270195313
2020-09-16 00:00:00+00:00,0.0010552836961974967,0.0009590882031534929,9.61954930440038e-05,0.0,0.0,0.03568651270195313
2020-09-17 00:00:00+00:00,-0.0009115111895749866,-0.0009313325886752037,2.2900794826593212e-05,0.004399136751965821,3.0793957263760746e-06,0.03128737594998731
2020-09-18 00:00:00+00:00,0.0008195254293989294,0.0007790542699863423,4.0471159412587086e-05,0.0,0.0,0.03128737594998731
2020-09-19 00:00:00+00:00,-0.0005025036616266447,-0.0004909154433222884,-1.1588218304356298e-05,0.0,0.0,0.03128737594998731
2020-09-20 00:00:00+00:00,-0.0010585300920124064,-0.0010308079125519202,-2.7722179460486256e-05,0.0,0.0,0.03128737594998731
2020-09-21 00:00:00+00:00,-0.0038152244179710435,-0.00381333090597855,-1.8935119924932322e-06,0.0,0.0,0.03128737594998731
2020-09-22 00:00:00+00:00,0.001259885251273275,0.001259885251273275,-0.0,0.0,0.0,0.03128737594998731
2020-09-23 00:00:00+00:00,-0.001576662078557424,-0.001576662078557424,-0.0,0.0,0.0,0.03128737594998731
2020-09-24 00:00:00+00:00,-2.1901163164991117e-05,0.0,-0.0,0.03128737594998731,2.1901163164991117e-05,0.0
2020-09-25 00:00:00+00:00,0.0,0.0,-0.0,0.0,0.0,0.0
2020-09-26 00:00:00+00:00,0.0,0.0,-0.0,0.0,0.0,0.0
2020-09-27 00:00:00+00:00,0.0,0.0,-0.0,0.0,0.0,0.0
2020-09-28 00:00:00+00:00,0.0,0.0,-0.0,0.0,0.0,0.0
2020-09-29 00:00:00+00:00,0.0,0.0,-0.0,0.0,0.0,0.0
2020-09-30 00:00:00+00:00,0.0,0.0,-0.0,0.0,0.0,0.0
2020-10-01 00:00:00+00:00,-0.0011187153940410061,-0.0010857590315794712,-9.886908738460502e-06,0.032956362461535,2.30694537230745e-05,0.032956362461535
2020-10-02 00:00:00+00:00,-0.00174107077937193,-0.0017311838706334695,-9.886908738460502e-06,0.0,0.0,0.032956362461535
2020-10-03 00:00:00+00:00,0.00013202874401871712,0.00014191565275717763,-9.886908738460502e-06,0.0,0.0,0.032956362461535
2020-10-04 00:00:00+00:00,0.0012548121759683188,0.0012646990847067793,-9.886908738460502e-06,0.0,0.0,0.032956362461535
2020-10-05 00:00:00+00:00,0.00015681710288694073,0.00016670401162540124,-9.886908738460502e-06,0.0,0.0,0.032956362461535
2020-10-06 00:00:00+00:00,-0.0015331370225111357,-0.0015232501137726752,-9.886908738460502e-06,0.0,0.0,0.032956362461535
2020-10-07 00:00:00+00:00,0.0002917812809266767,0.00030166818966513716,-9.886908738460502e-06,0.0,0.0,0.032956362461535
2020-10-08 00:00:00+00:00,0.0011054364775020143,0.0011303475986530736,9.566354991096434e-06,0.049253537345936606,3.4477476142155626e-05,0.0822098998074716
2020-10-09 00:00:00+00:00,0.003197679860157901,0.0031935471684945795,4.132691663321598e-06,0.0,0.0,0.0822098998074716
2020-10-10 00:00:00+00:00,0.0014723243252055868,0.0014486211558435976,2.3703169361989253e-05,0.0,0.0,0.0822098998074716
2020-10-11 00:00:00+00:00,0.0008100253582507353,0.000822356843221856,-1.2331484971120741e-05,0.0,0.0,0.0822098998074716
2020-10-12 00:00:00+00:00,0.00427296797192513,0.004268390524703849,4.577447221280019e-06,0.0,0.0,0.0822098998074716
2020-10-13 00:00:00+00:00,2.7155608371161126e-05,-0.00012035361485338516,0.00014750922322454628,0.0,0.0,0.0822098998074716
2020-10-14 00:00:00+00:00,-0.0004885798651776863,-0.000580648787219569,9.206892204188262e-05,0.0,0.0,0.0822098998074716
2020-10-15 00:00:00+00:00,-0.00014096023152609363,1.368701302773695e-05,-2.4647048565194394e-05,0.18571456569805173,0.0001300001959886362,0.10350466589058012
2020-10-16 00:00:00+00:00,-0.0031641830491837505,-0.0031543407905042153,-9.842258679535266e-06,0.0,0.0,0.10350466589058012
2020-10-17 00:00:00+00:00,-0.0009951387744610153,-0.0009809358642075099,-1.4202910253505404e-05,0.0,0.0,0.10350466589058012
2020-10-18 00:00:00+00:00,0.002487879892492725,0.0025082371901800843,-2.0357297687359296e-05,0.0,0.0,0.10350466589058012
2020-10-19 00:00:00+00:00,3.076777452277788e-05,6.181917428995192e-05,-3.105139976717404e-05,0.0,0.0,0.10350466589058012
2020-10-20 00:00:00+00:00,-0.006984248799219991,-0.006947120640518381,-3.712815870161e-05,0.0,0.0,0.10350466589058012
2020-10-21 00:00:00+00:00,0.008630681602979995,0.008671435012604423,-4.0753409624427566e-05,0.0,0.0,0.10350466589058012
2020-10-22 00:00:00+00:00,0.0072668503564861965,0.007352452887248798,-8.404297779386274e-05,0.0022279328124829717,1.55955296873808e-06,0.10127673307809715
2020-10-23 00:00:00+00:00,0.0012874493618525592,0.0013423894576291,-5.494009577654075e-05,0.0,0.0,0.10127673307809715
2020-10-24 00:00:00+00:00,0.0032090855445629147,0.0032581526025882565,-4.9067058025341906e-05,0.0,0.0,0.10127673307809715
2020-10-25 00:00:00+00:00,-0.0030874031099581696,-0.0030406183231127424,-4.678478684542698e-05,0.0,0.0,0.10127673307809715
2020-10-26 00:00:00+00:00,-0.004096814947567282,-0.004051823265281003,-4.499168228627927e-05,0.0,0.0,0.10127673307809715
2020-10-27 00:00:00+00:00,0.0018144339624188545,0.0018432760568485003,-2.88420944296459e-05,0.0,0.0,0.10127673307809715
2020-10-28 00:00:00+00:00,-0.0013181874765812425,-0.0012736257140268797,-4.456176255436275e-05,0.0,0.0,0.10127673307809715
2020-10-29 00:00:00+00:00,-0.00196994139882073,-0.0017479491233185584,-5.5159486423431514e-05,0.23833255582677157,0.0001668327890787401,0.13705582274867442
2020-10-30 00:00:00+00:00,-0.0018736264790522204,-0.001892181096335936,1.8554617283715532e-05,0.0,0.0,0.13705582274867442
2020-10-31 00:00:00+00:00,0.0030505615760986265,0.003091678322923229,-4.1116746824602334e-05,0.0,0.0,0.13705582274867442
2020-11-01 00:00:00+00:00,0.0005943563628677555,0.0006354731096923579,-4.1116746824602334e-05,0.0,0.0,0.13705582274867442
2020-11-02 00:00:00+00:00,-0.0048812712584002165,-0.0048401545115756145,-4.1116746824602334e-05,0.0,0.0,0.13705582274867442
2020-11-03 00:00:00+00:00,5.008608070625486e-05,9.120282753085719e-05,-4.1116746824602334e-05,0.0,0.0,0.13705582274867442
2020-11-04 00:00:00+00:00,0.00011171170095650341,0.00015282844778110574,-4.1116746824602334e-05,0.0,0.0,0.13705582274867442
2020-11-05 00:00:00+00:00,0.00490235879982664,0.004977789925898505,-2.4145273876508864e-05,0.07326550313622332,5.128585219535632e-05,0.0637903196124511
2020-11-06 00:00:00+00:00,0.004555504107320667,0.0046715406124053045,-0.00011603650508463694,0.0,0.0,0.0637903196124511
2020-11-07 00:00:00+00:00,-0.0044625893258484,-0.004352774928538762,-0.00010981439730963845,0.0,0.0,0.0637903196124511
2020-11-08 00:00:00+00:00,0.0021960839972189673,0.0022168190406089945,-2.0735043390027232e-05,0.0,0.0,0.0637903196124511
2020-11-09 00:00:00+00:00,-0.0018479880022040092,-0.0018288509063202737,-1.9137095883735332e-05,0.0,0.0,0.0637903196124511
2020-11-10 00:00:00+00:00,-0.0014301893836849244,-0.0013879155388777532,-4.227384480717135e-05,0.0,0.0,0.0637903196124511
2020-11-11 00:00:00+00:00,0.0014424217358311447,0.0014847746806346354,-4.2352944803490784e-05,0.0,0.0,0.0637903196124511
2020-11-12 00:00:00+00:00,-0.0011826897056598734,-0.0011140637467694898,-7.191820548500338e-06,0.08776305477411889,6.143413834188322e-05,0.023972735161667792
2020-11-13 00:00:00+00:00,0.0013747392494564612,0.0013819310700049616,-7.191820548500338e-06,0.0,0.0,0.023972735161667792
2020-11-14 00:00:00+00:00,-0.0011665114874689132,-0.0011593196669204128,-7.191820548500338e-06,0.0,0.0,0.023972735161667792
2020-11-15 00:00:00+00:00,0.0015059480635404735,0.001516550724847776,-1.0602661307302431e-05,0.0,0.0,0.023972735161667792
2020-11-16 00:00:00+00:00,0.0026458800890234715,0.002653071909571972,-7.191820548500338e-06,0.0,0.0,0.023972735161667792
2020-11-17 00:00:00+00:00,-0.0007013696109354198,-0.000676449473280163,-2.4920137655256905e-05,0.0,0.0,0.023972735161667792
2020-11-18 00:00:00+00:00,-0.0010075463256391036,-0.0009680021003531744,-3.9544225285929105e-05,0.0,0.0,0.023972735161667792
2020-11-19 00:00:00+00:00,0.0019246999801161234,0.0020000271340685537,-2.9185351587315647e-05,0.06591686052159199,4.614180236511439e-05,0.041944125359924186
2020-11-20 00:00:00+00:00,0.00018853147196367845,0.00030069551591241253,-0.00011216404394873406,0.0,0.0,0.041944125359924186
2020-11-21 00:00:00+00:00,-0.0013902318809860602,-0.001279333501020062,-0.00011089837996599834,0.0,0.0,0.041944125359924186
2020-11-22 00:00:00+00:00,-0.0015726531695394927,-0.0014802720723167669,-9.238109722272582e-05,0.0,0.0,0.041944125359924186
2020-11-23 00:00:00+00:00,0.003900984762440484,0.004081369038801494,-0.00018038427636100956,0.0,0.0,0.041944125359924186
2020-11-24 00:00:00+00:00,-0.002497727424345184,-0.002274205921978387,-0.00022352150236679678,0.0,0.0,0.041944125359924186
2020-11-25 00:00:00+00:00,-0.003836105748860942,-0.0036669346052530276,-0.0001691711436079142,0.0,0.0,0.041944125359924186
2020-11-26 00:00:00+00:00,-0.005585790676086176,-0.0055066885582000236,-2.188959486182415e-05,0.08173217574904026,5.721252302432819e-05,0.03978805038911607
2020-11-27 00:00:00+00:00,0.005444006523297724,0.0054616278550540555,-1.762133175633173e-05,0.0,0.0,0.03978805038911607
2020-11-28 00:00:00+00:00,0.0015457978223283083,0.0015686401420566998,-2.2842319728391538e-05,0.0,0.0,0.03978805038911607
2020-11-29 00:00:00+00:00,-0.0012206824275197493,-0.0012044749641339947,-1.6207463385754487e-05,0.0,0.0,0.03978805038911607
2020-11-30 00:00:00+00:00,0.0028036734421520637,0.0028598838113990353,-5.6210369246971777e-05,0.0,0.0,0.03978805038911607
2020-12-01 00:00:00+00:00,-0.0035805036494278198,-0.0035143737213383375,-6.612992808948232e-05,0.0,0.0,0.03978805038911607
2020-12-02 00:00:00+00:00,0.0007666056843149775,0.0007871870480800075,-2.058136376503002e-05,0.0,0.0,0.03978805038911607
2020-12-03 00:00:00+00:00,-0.0001391033957192196,-8.140566657647327e-05,-5.55199953631431e-05,0.003111048256576057,2.17773377960324e-06,0.036677002132540014
2020-12-04 00:00:00+00:00,-0.004555146639425585,-0.0045247188483013975,-3.0427791124187182e-05,0.0,0.0,0.036677002132540014
2020-12-05 00:00:00+00:00,0.002223818984855062,0.002239272656318597,-1.5453671463535072e-05,0.0,0.0,0.036677002132540014
2020-12-06 00:00:00+00:00,0.0015926301228424507,0.0016036332234822127,-1.1003100639762004e-05,0.0,0.0,0.036677002132540014
2020-12-07 00:00:00+00:00,-0.0012445343461666971,-0.001220914540178352,-2.3619805988345108e-05,0.0,0.0,0.036677002132540014
2020-12-08 00:00:00+00:00,-0.003205348405808701,-0.0031939825696178483,-1.1365836190852824e-05,0.0,0.0,0.036677002132540014
2020-12-09 00:00:00+00:00,0.003090379939855775,0.0030859620115639,4.417928291875107e-06,0.0,0.0,0.036677002132540014
2020-12-10 00:00:00+00:00,-0.0015931248759445994,-0.001541120998543131,-1.1358460774633579e-05,0.05806488089547819,4.064541662683473e-05,0.021387878762938177
2020-12-11 00:00:00+00:00,-0.0005252022109467626,-0.0005019501646708467,-2.325204627591587e-05,0.0,0.0,0.021387878762938177
2020-12-12 00:00:00+00:00,0.0008612017357776503,0.0008696490923738604,-8.447356596210062e-06,0.0,0.0,0.021387878762938177
2020-12-13 00:00:00+00:00,0.0016489932857061856,0.0016625493510237111,-1.3556065317525475e-05,0.0,0.0,0.021387878762938177
2020-12-14 00:00:00+00:00,0.0006491161701957888,0.0006634963104820503,-1.4380140286261482e-05,0.0,0.0,0.021387878762938177
2020-12-15 00:00:00+00:00,0.0001564079411771973,0.00016737286498259282,-1.0964923805395515e-05,0.0,0.0,0.021387878762938177
2020-12-16 00:00:00+00:00,7.925613791466905e-05,9.836834637723061e-05,-1.9112208462561557e-05,0.0,0.0,0.021387878762938177
2020-12-17 00:00:00+00:00,-0.0012838982424382933,-0.0010600230536760825,-0.0001652741047576583,0.08371583429221799,5.860108400455259e-05,0.062327955529279805
2020-12-18 00:00:00+00:00,0.0004884290390683874,0.0005844814047754499,-9.605236570706251e-05,0.0,0.0,0.062327955529279805
2020-12-19 00:00:00+00:00,0.00022164508527822081,0.0003204738497643351,-9.882876448611429e-05,0.0,0.0,0.062327955529279805
2020-12-20 00:00:00+00:00,0.002502425602916205,0.0025887217737442696,-8.629617082806436e-05,0.0,0.0,0.062327955529279805
2020-12-21 00:00:00+00:00,-0.005016620994494582,-0.004954518666164318,-6.21023283302638e-05,0.0,0.0,0.062327955529279805
2020-12-22 00:00:00+00:00,0.0016488352802989587,0.0016675336669577426,-1.8698386658783943e-05,0.0,0.0,0.062327955529279805
2020-12-23 00:00:00+00:00,-0.008649388405910478,-0.008630690019251694,-1.8698386658783943e-05,0.0,0.0,0.062327955529279805
2020-12-24 00:00:00+00:00,0.00883046135632646,0.008932661911940918,-1.7571296023188945e-05,0.12089894227324294,8.462925959127005e-05,0.05857098674396314
2020-12-25 00:00:00+00:00,0.004262976457787752,0.004288542693501492,-2.556623571373991e-05,0.0,0.0,0.05857098674396314
2020-12-26 00:00:00+00:00,0.0001261910144033642,0.00014691899375711903,-2.0727979353754838e-05,0.0,0.0,0.05857098674396314
2020-12-27 00:00:00+00:00,-0.00025630343396789703,-0.00020550803856912874,-5.079539539876831e-05,0.0,0.0,0.05857098674396314
2020-12-28 00:00:00+00:00,0.0007690562676287638,0.0008405049643731885,-7.14486967444246e-05,0.0,0.0,0.05857098674396314
2020-12-29 00:00:00+00:00,-0.0009722653121378809,-0.000898871765778623,-7.339354635925789e-05,0.0,0.0,0.05857098674396314
2020-12-30 00:00:00+00:00,0.0010903250430446332,0.0011502097770212634,-5.988473397663024e-05,0.0,0.0,0.05857098674396314
2020-12-31 00:00:00+00:00,-0.0011917630499841052,-0.0011242189134256669,-6.483708259412567e-05,0.0038672199490181955,2.707053964312737e-06,0.062438206692981335
2021-01-01 00:00:00+00:00,0.007051945381476008,0.0071683314475158594,-0.00011638606603985106,0.0,0.0,0.062438206692981335
2021-01-02 00:00:00+00:00,0.029363967753692273,0.02939033915467112,-2.6371400978847597e-05,0.0,0.0,0.062438206692981335
2021-01-03 00:00:00+00:00,0.0035369723952592058,0.003673930913831294,-0.00013695851857208803,0.0,0.0,0.062438206692981335
2021-01-04 00:00:00+00:00,-0.001757876176381981,-0.0014722810092489833,-0.0002855951671329978,0.0,0.0,0.062438206692981335
2021-01-05 00:00:00+00:00,0.0011703741952809202,0.0012450387394174877,-7.466454413656747e-05,0.0,0.0,0.062438206692981335
2021-01-06 00:00:00+00:00,0.003295969837125355,0.0035587987853339578,-0.000262828948208603,0.0,0.0,0.062438206692981335
2021-01-07 00:00:00+00:00,-0.002047758761625238,-0.0019372975618643085,-6.67544550758425e-05,0.062438206692981335,4.3706744685086936e-05,0.024947895108424538
2021-01-08 00:00:00+00:00,-0.000663921008710473,-0.000624030197608431,-3.989081110204204e-05,0.0,0.0,0.024947895108424538
2021-01-09 00:00:00+00:00,0.0010844244611112976,0.0011456318764492574,-6.120741533795984e-05,0.0,0.0,0.024947895108424538
2021-01-10 00:00:00+00:00,-0.0016250557438254416,-0.0014915182683338574,-0.00013353747549158415,0.0,0.0,0.024947895108424538
2021-01-11 00:00:00+00:00,-0.0019380955312181436,-0.001908129242269184,-2.9966288948959676e-05,0.0,0.0,0.024947895108424538
2021-01-12 00:00:00+00:00,-0.0006854310209979112,-0.0006645941647849284,-2.0836856212982802e-05,0.0,0.0,0.024947895108424538
2021-01-13 00:00:00+00:00,0.001989376527172664,0.002008879045215773,-1.9502518043108713e-05,0.0,0.0,0.024947895108424538
2021-01-14 00:00:00+00:00,0.0006540976686267503,0.0007162405517223817,-1.716610635033482e-05,0.06425253820756666,4.497677674529666e-05,0.03930464309914212
2021-01-15 00:00:00+00:00,-0.0002575582728804767,-0.000228107893375936,-2.9450379504540705e-05,0.0,0.0,0.03930464309914212
2021-01-16 00:00:00+00:00,0.008285469302121706,0.00827075875334899,1.4710548772715922e-05,0.0,0.0,0.03930464309914212
2021-01-17 00:00:00+00:00,0.002950953648835646,0.0028663523697968975,8.460127903874845e-05,0.0,0.0,0.03930464309914212
2021-01-18 00:00:00+00:00,-0.0008809371060470114,-0.0008743854150888154,-6.551690958196013e-06,0.0,0.0,0.03930464309914212
2021-01-19 00:00:00+00:00,-0.0023336740116250004,-0.0023681999962161487,3.452598459114843e-05,0.0,0.0,0.03930464309914212
2021-01-20 00:00:00+00:00,0.001687837089964043,0.0016026981234076982,8.513896655634472e-05,0.0,0.0,0.03930464309914212
2021-01-21 00:00:00+00:00,-0.005092756407690702,-0.0051356063105497535,4.5328612318437935e-05,0.00354101351340861,2.478709459386027e-06,0.03576362958573351
2021-01-22 00:00:00+00:00,0.004426625441448387,0.004396085268781798,3.05401726665892e-05,0.0,0.0,0.03576362958573351
2021-01-23 00:00:00+00:00,0.001191581752005341,0.0011986121663093044,-7.030414303963494e-06,0.0,0.0,0.03576362958573351
2021-01-24 00:00:00+00:00,5.622001508835094e-05,6.767099282725903e-05,-1.1450977738908083e-05,0.0,0.0,0.03576362958573351
2021-01-25 00:00:00+00:00,-0.00016234100469335834,-0.00015225476705944184,-1.0086237633916496e-05,0.0,0.0,0.03576362958573351
2021-01-26 00:00:00+00:00,0.0017765706047191182,0.0017134172205970028,6.315338412211545e-05,0.0,0.0,0.03576362958573351
2021-01-27 00:00:00+00:00,-0.00318884257388902,-0.003224326531891393,3.5483958002373074e-05,0.0,0.0,0.03576362958573351
2021-01-28 00:00:00+00:00,-9.191168913754198e-05,-9.9194957979326e-07,-3.633865775266302e-05,0.07797297400726527,5.4581081805085687e-05,0.042209344421531764
2021-01-29 00:00:00+00:00,0.001498561331940474,0.001607149724539473,-0.00010858839259899895,0.0,0.0,0.042209344421531764
2021-01-30 00:00:00+00:00,0.007150710856213107,0.007247028781342044,-9.631792512893755e-05,0.0,0.0,0.042209344421531764
2021-01-31 00:00:00+00:00,-0.003124447034700415,-0.0030070809978822366,-0.00011736603681817857,0.0,0.0,0.042209344421531764
2021-02-01 00:00:00+00:00,0.0028550985955934673,0.0029567093614661427,-0.00010161076587267553,0.0,0.0,0.042209344421531764
2021-02-02 00:00:00+00:00,-0.001093450310339038,-0.0009753194401999413,-0.00011813087013909674,0.0,0.0,0.042209344421531764
2021-02-03 00:00:00+00:00,0.006293641406637774,0.006474229232670689,-0.00018058782603291518,0.0,0.0,0.042209344421531764
2021-02-04 00:00:00+00:00,0.003149407778914779,0.0032641252012864243,-8.782496989373258e-05,0.03841778925416127,2.6892452477912888e-05,0.018531655063450933
2021-02-05 00:00:00+00:00,-0.0003297580174373291,-0.00025089279210213026,-7.886522533519884e-05,0.0,0.0,0.018531655063450933
2021-02-06 00:00:00+00:00,0.0006491616142494001,0.0007079972332808295,-5.883561903142939e-05,0.0,0.0,0.018531655063450933
2021-02-07 00:00:00+00:00,0.0021678128461784887,0.002238329673450941,-7.051682727245257e-05,0.0,0.0,0.018531655063450933
2021-02-08 00:00:00+00:00,0.0004151748870162359,0.0005074196813814618,-9.224479436522592e-05,0.0,0.0,0.018531655063450933
2021-02-09 00:00:00+00:00,-0.0008599693427502768,-0.0007240128594399978,-0.00013595648331027896,0.0,0.0,0.018531655063450933
2021-02-10 00:00:00+00:00,0.0008144506138786111,0.000915359454981716,-0.00010090884110310478,0.0,0.0,0.018531655063450933
2021-02-11 00:00:00+00:00,-0.0014117799197336882,-0.0013568087180859429,-4.156963045516473e-05,0.019145101703686523,1.3401571192580567e-05,0.015310716789858788
2021-02-12 00:00:00+00:00,6.425495106366852e-05,0.00017487747920584705,-0.00011062252814217854,0.0,0.0,0.015310716789858788
2021-02-13 00:00:00+00:00,-0.0012300341119507539,-0.0010567088272828411,-0.0001733252846679126,0.0,0.0,0.015310716789858788
2021-02-14 00:00:00+00:00,-0.0014496658323834841,-0.0013177259653960093,-0.00013193986698747487,0.0,0.0,0.015310716789858788
2021-02-15 00:00:00+00:00,-0.0009660466105424724,-0.0009361903646059655,-2.9856245936506918e-05,0.0,0.0,0.015310716789858788
2021-02-16 00:00:00+00:00,-0.0006901464177122408,-0.0006892350686817773,-9.11349030463445e-07,0.0,0.0,0.015310716789858788
2021-02-17 00:00:00+00:00,-0.00048809303512629867,-0.00044873030578150704,-3.936272934479161e-05,0.0,0.0,0.015310716789858788
2021-02-18 00:00:00+00:00,0.00461610777784116,0.004835850228740979,-0.00019657182243579054,0.03310089780575465,2.317062846402825e-05,0.03371434444599024
2021-02-19 00:00:00+00:00,0.010842360354408482,0.011033693136289088,-0.0001913327818806059,0.0,0.0,0.03371434444599024
2021-02-20 00:00:00+00:00,-0.005695770287037471,-0.005354711258613611,-0.0003410590284238596,0.0,0.0,0.03371434444599024
2021-02-21 00:00:00+00:00,0.002836527764236791,0.002905337055533835,-6.880929129704378e-05,0.0,0.0,0.03371434444599024
2021-02-22 00:00:00+00:00,-0.00341085494287507,-0.0034545794133305193,4.372447045544919e-05,0.0,0.0,0.03371434444599024
2021-02-23 00:00:00+00:00,-0.004607115346286215,-0.004724895734321393,0.00011778038803517798,0.0,0.0,0.03371434444599024
2021-02-24 00:00:00+00:00,0.0030278236528301123,0.0029761191656160193,5.170448721409286e-05,0.0,0.0,0.03371434444599024
2021-02-25 00:00:00+00:00,-0.004676940178386096,-0.004636266786540555,-1.7007594385831195e-05,0.03380828208530035,2.3665797459710247e-05,0.03380828208530035
2021-02-26 00:00:00+00:00,-0.0012241910833320853,-0.0012291703671176084,4.979283785523037e-06,0.0,0.0,0.03380828208530035
2021-02-27 00:00:00+00:00,-0.000235465909941275,-0.0002281300198529961,-7.3358900882788974e-06,0.0,0.0,0.03380828208530035
2021-02-28 00:00:00+00:00,-0.0012561587612106974,-0.0012493108936743199,-6.847867536377586e-06,0.0,0.0,0.03380828208530035
2021-03-01 00:00:00+00:00,0.006054270439878991,0.00606510599428733,-1.0835554408338762e-05,0.0,0.0,0.03380828208530035
2021-03-02 00:00:00+00:00,-0.0022119332583791715,-0.0021897257811672108,-2.2207477211960814e-05,0.0,0.0,0.03380828208530035
2021-03-03 00:00:00+00:00,0.00016815668121307947,0.00020899100048134693,-4.0834319268267466e-05,0.0,0.0,0.03380828208530035
2021-03-04 00:00:00+00:00,-0.0018412903549294482,-0.0018120430277222173,-2.738012278607116e-05,0.002667434887371291,1.8672044211599034e-06,0.03114084719792906
2021-03-05 00:00:00+00:00,-0.00092048140890163,-0.0009130580537465877,-7.42335515504233e-06,0.0,0.0,0.03114084719792906
2021-03-06 00:00:00+00:00,0.0006676268531935124,0.0006884113445430622,-2.078449134954978e-05,0.0,0.0,0.03114084719792906
2021-03-07 00:00:00+00:00,0.0018516944752690636,0.0018988940345500208,-4.7199559280957124e-05,0.0,0.0,0.03114084719792906
2021-03-08 00:00:00+00:00,-0.00028559587945706005,-0.0002238857753115199,-6.171010414554014e-05,0.0,0.0,0.03114084719792906
2021-03-09 00:00:00+00:00,0.004769993489532551,0.004884974683937228,-0.00011498119440467747,0.0,0.0,0.03114084719792906
2021-03-10 00:00:00+00:00,-0.0015942623158517817,-0.0015055893762726228,-8.867293957915903e-05,0.0,0.0,0.03114084719792906
2021-03-11 00:00:00+00:00,0.003065358180371886,0.0031934490233933056,-7.621423994616003e-05,0.07410943296465664,5.187660307525964e-05,0.04296858576672757
2021-03-12 00:00:00+00:00,0.0028457480320981353,0.0029364658884839965,-9.071785638586125e-05,0.0,0.0,0.04296858576672757
2021-03-13 00:00:00+00:00,0.0024682459181594916,0.002579114322526517,-0.00011086840436702581,0.0,0.0,0.04296858576672757
2021-03-14 00:00:00+00:00,-0.0036526822760853434,-0.0035245808907107138,-0.00012810138537462957,0.0,0.0,0.04296858576672757
2021-03-15 00:00:00+00:00,-0.002988455069735294,-0.00292487574243384,-6.357932730145377e-05,0.0,0.0,0.04296858576672757
2021-03-16 00:00:00+00:00,0.0019465163317296341,0.0019758125283483178,-2.9296196618683688e-05,0.0,0.0,0.04296858576672757
2021-03-17 00:00:00+00:00,0.00033064999944823026,0.000400925336312642,-7.027533686441176e-05,0.0,0.0,0.04296858576672757
2021-03-18 00:00:00+00:00,-0.0033095771673141735,-0.0032132935183569046,-6.176533861354413e-05,0.04931187191960699,3.451831034372489e-05,0.04931187191960699
2021-03-19 00:00:00+00:00,0.001487635157576037,0.0015449947269929238,-5.735956941688685e-05,0.0,0.0,0.04931187191960699
2021-03-20 00:00:00+00:00,2.4466441528440795e-05,0.00013813696340584405,-0.00011367052187740326,0.0,0.0,0.04931187191960699
2021-03-21 00:00:00+00:00,-0.0014022314286562263,-0.0013543974335380499,-4.7833995118176366e-05,0.0,0.0,0.04931187191960699
2021-03-22 00:00:00+00:00,-0.00399697716186541,-0.003917595403567946,-7.938175829746413e-05,0.0,0.0,0.04931187191960699
2021-03-23 00:00:00+00:00,0.0015288120168937649,0.0015442155663252925,-1.5403549431527633e-05,0.0,0.0,0.04931187191960699
2021-03-24 00:00:00+00:00,-0.001180901812438,-0.001151331208763329,-2.9570603674671127e-05,0.0,0.0,0.04931187191960699
2021-03-25 00:00:00+00:00,0.003635583647769984,0.003695528559894517,-1.798347363735992e-05,0.05994491212453307,4.1961438487173146e-05,0.05994491212453307
2021-03-26 00:00:00+00:00,0.01419471811318663,0.014218375672481139,-2.3657559294507596e-05,0.0,0.0,0.05994491212453307
2021-03-27 00:00:00+00:00,0.0009785422133676235,0.0010087022970048398,-3.0160083637216323e-05,0.0,0.0,0.05994491212453307
2021-03-28 00:00:00+00:00,-0.0017511965882260152,-0.0017082256774186648,-4.297091080735029e-05,0.0,0.0,0.05994491212453307
2021-03-29 00:00:00+00:00,0.001586074212210425,0.0016520022260141077,-6.592801380368272e-05,0.0,0.0,0.05994491212453307
2021-03-30 00:00:00+00:00,0.004876537491111759,0.005079864938271524,-0.00020332744715976435,0.0,0.0,0.05994491212453307
2021-03-31 00:00:00+00:00,0.008526786799837887,0.008644878276723217,-0.00011809147688533015,0.0,0.0,0.05994491212453307
2021-04-01 00:00:00+00:00,-0.0014080599975074576,-0.0012318088869081672,-0.00013428967211211732,0.05994491212453307,4.1961438487173146e-05,0.05266602431612921
2021-04-02 00:00:00+00:00,-0.0009267662371872432,-0.0007854688238796217,-0.0001412974133076215,0.0,0.0,0.05266602431612921
2021-04-03 00:00:00+00:00,0.00418380120109084,0.004422677434261021,-0.00023887623317018093,0.0,0.0,0.05266602431612921
2021-04-04 00:00:00+00:00,0.0021834107663671904,0.002230585304327877,-4.717453796068642e-05,0.0,0.0,0.05266602431612921
2021-04-05 00:00:00+00:00,-0.0019089148933764183,-0.0017765290980433289,-0.00013238579533308926,0.0,0.0,0.05266602431612921
2021-04-06 00:00:00+00:00,0.0005825017847215731,0.0007896164552773045,-0.00020711467055573133,0.0,0.0,0.05266602431612921
2021-04-07 00:00:00+00:00,-5.9536809248020856e-05,6.195655700940014e-06,-6.573246494896087e-05,0.0,0.0,0.05266602431612921
2021-04-08 00:00:00+00:00,0.004383232978735494,0.004526035781604765,-0.00010502356969839116,0.053970333101257054,3.7779233170879935e-05,0.053970333101257054
2021-04-09 00:00:00+00:00,-0.0004228056582584425,-0.0002946166723346642,-0.00012818898592377825,0.0,0.0,0.053970333101257054
2021-04-10 00:00:00+00:00,0.00845138275218981,0.008644857761104522,-0.00019347500891471036,0.0,0.0,0.053970333101257054
2021-04-11 00:00:00+00:00,0.0005696511695743338,0.0007345853170867718,-0.00016493414751243807,0.0,0.0,0.053970333101257054
2021-04-12 00:00:00+00:00,0.0026578563014920103,0.002883170029013145,-0.0002253137275211349,0.0,0.0,0.053970333101257054
2021-04-13 00:00:00+00:00,0.004744135917552529,0.005003447177004138,-0.0002593112594516098,0.0,0.0,0.053970333101257054
2021-04-14 00:00:00+00:00,-0.000691049715620184,-0.00045997276607883135,-0.00023107694954135265,0.0,0.0,0.053970333101257054
2021-04-15 00:00:00+00:00,0.008718783185152831,0.008901818225748055,-0.00014525580742434256,0.053970333101257054,3.7779233170879935e-05,0.03959110562412237
2021-04-16 00:00:00+00:00,0.01760613169319894,0.017687930084706826,-8.179839150788677e-05,0.0,0.0,0.03959110562412237
2021-04-17 00:00:00+00:00,-0.004838239893526376,-0.004617660226052388,-0.00022057966747398848,0.0,0.0,0.03959110562412237
2021-04-18 00:00:00+00:00,0.0010877333360830308,0.0011414836067670361,-5.375027068400538e-05,0.0,0.0,0.03959110562412237
2021-04-19 00:00:00+00:00,0.0038304748838936206,0.00387896666392863,-4.849178003500945e-05,0.0,0.0,0.03959110562412237
2021-04-20 00:00:00+00:00,-0.003311407119388849,-0.0032887028080465833,-2.2704311342265457e-05,0.0,0.0,0.03959110562412237
2021-04-21 00:00:00+00:00,-0.0021011970680290845,-0.0020746322279774107,-2.656484005167363e-05,0.0,0.0,0.03959110562412237
2021-04-22 00:00:00+00:00,-0.001575499683482238,-0.0015353173095266869,-1.2468600018665472e-05,0.03959110562412237,2.7713773936885662e-05,0.031134527794907225
2021-04-23 00:00:00+00:00,-0.0010802741574699856,-0.0010720446790832357,-8.229478386749878e-06,0.0,0.0,0.031134527794907225
2021-04-24 00:00:00+00:00,-0.00016273693200485824,-0.00015759241830466675,-5.144513700191495e-06,0.0,0.0,0.031134527794907225
2021-04-25 00:00:00+00:00,-0.0012621680728837584,-0.0012624101438373637,2.42070953605403e-07,0.0,0.0,0.031134527794907225
2021-04-26 00:00:00+00:00,0.0031812849391738476,0.0031763715993425334,4.913339831314309e-06,0.0,0.0,0.031134527794907225
2021-04-27 00:00:00+00:00,0.00046645224848671527,0.0004887654305214914,-2.2313182034776163e-05,0.0,0.0,0.031134527794907225
2021-04-28 00:00:00+00:00,0.0034689843216426327,0.0034921692704556664,-2.3184948813033567e-05,0.0,0.0,0.031134527794907225
2021-04-29 00:00:00+00:00,-0.0019786686727899763,-0.0019274617078857282,-2.6736884156473644e-05,0.03495725821110636,2.4470080747774452e-05,0.03495725821110636
2021-04-30 00:00:00+00:00,0.0019806835180712955,0.0020255261645456294,-4.4842646474334075e-05,0.0,0.0,0.03495725821110636
2021-05-01 00:00:00+00:00,0.005484551587876693,0.0055533911686089146,-6.883958073222119e-05,0.0,0.0,0.03495725821110636
2021-05-02 00:00:00+00:00,-0.0017840028067227444,-0.0017163157667937435,-6.768703992900103e-05,0.0,0.0,0.03495725821110636
2021-05-03 00:00:00+00:00,0.002699074409216169,0.002782867131934482,-8.3792722718313e-05,0.0,0.0,0.03495725821110636
2021-05-04 00:00:00+00:00,0.002488763586446282,0.002567854732721492,-7.909114627521025e-05,0.0,0.0,0.03495725821110636
2021-05-05 00:00:00+00:00,0.004689499034089822,0.004738010794385994,-4.85117602961718e-05,0.0,0.0,0.03495725821110636
2021-05-06 00:00:00+00:00,0.00393723187509159,0.0039680145021218196,-6.312546282455757e-06,0.03495725821110636,2.4470080747774452e-05,0.025686339168911124
2021-05-07 00:00:00+00:00,0.0010425766662113525,0.0010777760695231658,-3.5199403311813206e-05,0.0,0.0,0.025686339168911124
2021-05-08 00:00:00+00:00,-0.00022514101745768356,-0.00016905463901897442,-5.6086378438709126e-05,0.0,0.0,0.025686339168911124
2021-05-09 00:00:00+00:00,-0.002348067031521983,-0.0023020584313928043,-4.600860012917854e-05,0.0,0.0,0.025686339168911124
2021-05-10 00:00:00+00:00,-0.004163290582229257,-0.004121870332865821,-4.1420249363435947e-05,0.0,0.0,0.025686339168911124
2021-05-11 00:00:00+00:00,0.001969589639275883,0.0019778695022752858,-8.279862999402656e-06,0.0,0.0,0.025686339168911124
2021-05-12 00:00:00+00:00,-0.005738827109603826,-0.0057219773848358035,-1.6849724768022322e-05,0.0,0.0,0.025686339168911124
2021-05-13 00:00:00+00:00,0.0008008778077038288,0.0008282737675808462,-6.964827194729826e-06,0.029187332403267992,2.0431132682287593e-05,0.029187332403267992
2021-05-14 00:00:00+00:00,0.002916189286198413,0.0029249454859193937,-8.756199720980399e-06,0.0,0.0,0.029187332403267992
2021-05-15 00:00:00+00:00,-0.0025831560771663394,-0.0025698841593125876,-1.3271917853752006e-05,0.0,0.0,0.029187332403267992
2021-05-16 00:00:00+00:00,-0.00026531386599942846,-0.0002565576662784481,-8.756199720980399e-06,0.0,0.0,0.029187332403267992
2021-05-17 00:00:00+00:00,-0.0018478071821139848,-0.001851987099987457,4.1799178734720095e-06,0.0,0.0,0.029187332403267992
2021-05-18 00:00:00+00:00,7.632060984092417e-05,8.302391853732072e-05,-6.7033086963965444e-06,0.0,0.0,0.029187332403267992
2021-05-19 00:00:00+00:00,-0.009960261482915012,-0.010104344165577097,0.00014408268266208438,0.0,0.0,0.029187332403267992
2021-05-20 00:00:00+00:00,-2.0431132682287593e-05,0.0,-0.0,0.029187332403267992,2.0431132682287593e-05,0.0
2021-05-21 00:00:00+00:00,0.0,0.0,-0.0,0.0,0.0,0.0
2021-05-22 00:00:00+00:00,0.0,0.0,-0.0,0.0,0.0,0.0
2021-05-23 00:00:00+00:00,0.0,0.0,-0.0,0.0,0.0,0.0
2021-05-24 00:00:00+00:00,0.0,0.0,-0.0,0.0,0.0,0.0
2021-05-25 00:00:00+00:00,0.0,0.0,-0.0,0.0,0.0,0.0
2021-05-26 00:00:00+00:00,0.0,0.0,-0.0,0.0,0.0,0.0
2021-05-27 00:00:00+00:00,-0.0013378056241304707,-0.001319909238532953,-4.573116836138136e-06,0.019033241087685254,1.3323268761379677e-05,0.019033241087685254
2021-05-28 00:00:00+00:00,-0.0016206655828363736,-0.001614955610510068,-5.709972326305577e-06,0.0,0.0,0.019033241087685254
2021-05-29 00:00:00+00:00,-0.001429778000613131,-0.0014240680282868253,-5.709972326305577e-06,0.0,0.0,0.019033241087685254
2021-05-30 00:00:00+00:00,0.002385276037456445,0.002370664218273429,1.4611819183015966e-05,0.0,0.0,0.019033241087685254
2021-05-31 00:00:00+00:00,0.0019520177759168194,0.0019498350438288837,2.182732087935745e-06,0.0,0.0,0.019033241087685254
2021-06-01 00:00:00+00:00,-7.901605821348097e-06,-2.19163349504252e-06,-5.709972326305577e-06,0.0,0.0,0.019033241087685254
2021-06-02 00:00:00+00:00,0.00017512061323643363,0.0001808305855627392,-5.709972326305577e-06,0.0,0.0,0.019033241087685254
2021-06-03 00:00:00+00:00,0.0001851763362916035,0.00022407781645034954,-2.689577923426978e-06,0.05173128890759866,3.6211902235319065e-05,0.03269804781991341
2021-06-04 00:00:00+00:00,-0.002444287545107448,-0.0024393828379344613,-4.904707172987012e-06,0.0,0.0,0.03269804781991341
2021-06-05 00:00:00+00:00,-0.0002767392280066248,-0.00027183452083363776,-4.904707172987012e-06,0.0,0.0,0.03269804781991341
2021-06-06 00:00:00+00:00,0.00017199830253950243,0.00017690300971248945,-4.904707172987012e-06,0.0,0.0,0.03269804781991341
2021-06-07 00:00:00+00:00,-0.003246728694373599,-0.003241823987200612,-4.904707172987012e-06,0.0,0.0,0.03269804781991341
2021-06-08 00:00:00+00:00,-0.0005383448134382767,-0.0005375582618979686,-7.865515403080171e-07,0.0,0.0,0.03269804781991341
2021-06-09 00:00:00+00:00,0.001949539256501842,0.001950818240642318,-1.278984140475913e-06,0.0,0.0,0.03269804781991341
2021-06-10 00:00:00+00:00,-0.0013409420961850288,-0.001285837165468389,-9.664889172810145e-06,0.0649143450626139,4.544004154382973e-05,0.03221629724270048
2021-06-11 00:00:00+00:00,-0.002511531901837032,-0.002501867012664222,-9.664889172810145e-06,0.0,0.0,0.03221629724270048
2021-06-12 00:00:00+00:00,-0.00012072243979258114,-0.0001122661450108309,-8.456294781750237e-06,0.0,0.0,0.03221629724270048
2021-06-13 00:00:00+00:00,0.0017722697184980104,0.0017819346076708206,-9.664889172810145e-06,0.0,0.0,0.03221629724270048
2021-06-14 00:00:00+00:00,0.0007944834201982498,0.00080414830937106,-9.664889172810145e-06,0.0,0.0,0.03221629724270048
2021-06-15 00:00:00+00:00,-0.0005666112161540621,-0.0005569463269812519,-9.664889172810145e-06,0.0,0.0,0.03221629724270048
2021-06-16 00:00:00+00:00,-0.000587032950540732,-0.0005773680613679218,-9.664889172810145e-06,0.0,0.0,0.03221629724270048
2021-06-17 00:00:00+00:00,-0.00016796856931093114,-0.00015133394577722137,-4.437588402135435e-06,0.01742433590224903,1.2197035131574321e-05,0.01479196134045145
2021-06-18 00:00:00+00:00,-0.0009376439686057798,-0.0009332063802036444,-4.437588402135435e-06,0.0,0.0,0.01479196134045145
2021-06-19 00:00:00+00:00,-0.0006629472681255353,-0.0006592069727809888,-3.740295344546554e-06,0.0,0.0,0.01479196134045145
2021-06-20 00:00:00+00:00,3.248173286423651e-05,3.113211431153372e-05,1.3496185527027901e-06,0.0,0.0,0.01479196134045145
2021-06-21 00:00:00+00:00,-0.0036356883846247598,-0.003638165890229672,2.4775056049122134e-06,0.0,0.0,0.01479196134045145
2021-06-22 00:00:00+00:00,0.00022651810417662196,0.00021602232008789124,1.0495784088730731e-05,0.0,0.0,0.01479196134045145
2021-06-23 00:00:00+00:00,0.002110252381406066,0.0021011433436930026,9.109037713063407e-06,0.0,0.0,0.01479196134045145
2021-06-24 00:00:00+00:00,-1.0354372938316015e-05,0.0,-0.0,0.01479196134045145,1.0354372938316015e-05,0.0
2021-06-25 00:00:00+00:00,0.0,0.0,-0.0,0.0,0.0,0.0
2021-06-26 00:00:00+00:00,0.0,0.0,-0.0,0.0,0.0,0.0
2021-06-27 00:00:00+00:00,0.0,0.0,-0.0,0.0,0.0,0.0
2021-06-28 00:00:00+00:00,0.0,0.0,-0.0,0.0,0.0,0.0
2021-06-29 00:00:00+00:00,0.0,0.0,-0.0,0.0,0.0,0.0
2021-06-30 00:00:00+00:00,0.0,0.0,-0.0,0.0,0.0,0.0
2021-07-01 00:00:00+00:00,-0.0032923813607743818,-0.0032608821608667484,2.4622016100306495e-06,0.048516287882377364,3.396140151766415e-05,0.048516287882377364
2021-07-02 00:00:00+00:00,0.0003838864214741677,0.0003815845661955883,2.301855278579393e-06,0.0,0.0,0.048516287882377364
2021-07-03 00:00:00+00:00,0.0023165770310414747,0.0023049857621220567,1.1591268919418189e-05,0.0,0.0,0.048516287882377364
2021-07-04 00:00:00+00:00,-6.528958303689206e-05,-6.072080420700858e-05,-4.568778829883477e-06,0.0,0.0,0.048516287882377364
2021-07-05 00:00:00+00:00,-0.0021976133070663456,-0.0022143955762077387,1.6782269141393155e-05,0.0,0.0,0.048516287882377364
2021-07-06 00:00:00+00:00,0.0016804662669610442,0.0016708496109584389,9.616656002605431e-06,0.0,0.0,0.048516287882377364
2021-07-07 00:00:00+00:00,-0.0013657967421664046,-0.0013731607869226312,7.364044756226648e-06,0.0,0.0,0.048516287882377364
2021-07-08 00:00:00+00:00,-0.0035792059756414338,-0.0035346411079024186,-8.747600106390664e-06,0.05116752518946341,3.581726763262439e-05,0.05116752518946341
2021-07-09 00:00:00+00:00,0.0013444110187483726,0.0013425293330095302,1.8816857388425168e-06,0.0,0.0,0.05116752518946341
2021-07-10 00:00:00+00:00,-0.0011488844527947533,-0.0011750177546100199,2.613330181526654e-05,0.0,0.0,0.05116752518946341
2021-07-11 00:00:00+00:00,0.0011944167937495427,0.0011898275784152997,4.589215334242973e-06,0.0,0.0,0.05116752518946341
2021-07-12 00:00:00+00:00,-0.0017606388873753851,-0.0017681328831146339,7.493995739248811e-06,0.0,0.0,0.05116752518946341
2021-07-13 00:00:00+00:00,-0.003320122330180421,-0.003310770185763917,-9.352144416504174e-06,0.0,0.0,0.05116752518946341
2021-07-14 00:00:00+00:00,0.0007911619316448132,0.0007871153479152045,4.046583729608713e-06,0.0,0.0,0.05116752518946341
2021-07-15 00:00:00+00:00,0.0010708833731209312,0.0010731523517081135,3.560594715569635e-05,0.05410703677554094,3.787492574287866e-05,0.05410703677554094
2021-07-16 00:00:00+00:00,-0.005854310244548796,-0.00584577107200488,-8.539172543915873e-06,0.0,0.0,0.05410703677554094
2021-07-17 00:00:00+00:00,-0.0012296105559554793,-0.0012133784449228169,-1.6232111032662285e-05,0.0,0.0,0.05410703677554094
2021-07-18 00:00:00+00:00,0.002339402105507348,0.0023511322405451013,-1.17301350377534e-05,0.0,0.0,0.05410703677554094
2021-07-19 00:00:00+00:00,-0.002821626964897012,-0.002817548917535239,-4.078047361772522e-06,0.0,0.0,0.05410703677554094
2021-07-20 00:00:00+00:00,-0.006194867165730972,-0.0061921031077572936,-2.76405797367851e-06,0.0,0.0,0.05410703677554094
2021-07-21 00:00:00+00:00,0.007212194160080016,0.007193990388627253,1.8203771452762994e-05,0.0,0.0,0.05410703677554094
2021-07-22 00:00:00+00:00,0.0007482616853647912,0.0008220377616766204,-1.0094203148263147e-05,0.09097410451938004,6.368187316356603e-05,0.0368670677438391
2021-07-23 00:00:00+00:00,0.00015494933127790402,0.00016600945160105573,-1.106012032315173e-05,0.0,0.0,0.0368670677438391
2021-07-24 00:00:00+00:00,-0.000524931835741238,-0.0005138717154180863,-1.106012032315173e-05,0.0,0.0,0.0368670677438391
2021-07-25 00:00:00+00:00,-0.00033840658061437735,-0.0003273464602912256,-1.106012032315173e-05,0.0,0.0,0.0368670677438391
2021-07-26 00:00:00+00:00,0.0006706358216184048,0.0006816959419415565,-1.106012032315173e-05,0.0,0.0,0.0368670677438391
2021-07-27 00:00:00+00:00,0.0009825425076333862,0.0009936026279565378,-1.106012032315173e-05,0.0,0.0,0.0368670677438391
2021-07-28 00:00:00+00:00,0.0017016897721205174,0.001712749892443669,-1.106012032315173e-05,0.0,0.0,0.0368670677438391
2021-07-29 00:00:00+00:00,0.0008210532451646269,0.000865961118097361,-1.9100925512046877e-05,0.0368670677438391,2.5806947420687367e-05,0.06366975170682292
2021-07-30 00:00:00+00:00,0.0004764106466122912,0.000495511572124338,-1.9100925512046877e-05,0.0,0.0,0.06366975170682292
2021-07-31 00:00:00+00:00,-0.00035656884803948123,-0.00033746792252743437,-1.9100925512046877e-05,0.0,0.0,0.06366975170682292
2021-08-01 00:00:00+00:00,-0.0017276216663326223,-0.0017085207408205753,-1.9100925512046877e-05,0.0,0.0,0.06366975170682292
2021-08-02 00:00:00+00:00,0.0021964180283802247,0.0022155189538922717,-1.9100925512046877e-05,0.0,0.0,0.06366975170682292
2021-08-03 00:00:00+00:00,-0.0001935794049620118,-0.0001744784794499649,-1.9100925512046877e-05,0.0,0.0,0.06366975170682292
2021-08-04 00:00:00+00:00,0.0017205735301832233,0.0017396744556952702,-1.9100925512046877e-05,0.0,0.0,0.06366975170682292
2021-08-05 00:00:00+00:00,0.0006772219337529112,0.0007448331971232863,-2.304243717559907e-05,0.06366975170682292,4.456882619477604e-05,0.0632764541901088
2021-08-06 00:00:00+00:00,-0.0007565250678746857,-0.0007205331043490808,-3.599196352560484e-05,0.0,0.0,0.0632764541901088
2021-08-07 00:00:00+00:00,0.002747310022318153,0.002794376947238382,-4.706692492022863e-05,0.0,0.0,0.0632764541901088
2021-08-08 00:00:00+00:00,-0.004627210377011367,-0.004577834494277741,-4.93758827336257e-05,0.0,0.0,0.0632764541901088
2021-08-09 00:00:00+00:00,0.003566749595900897,0.003589182997204916,-2.243340130401927e-05,0.0,0.0,0.0632764541901088
2021-08-10 00:00:00+00:00,0.003354193135083535,0.003385263139619962,-3.107000453642722e-05,0.0,0.0,0.0632764541901088
2021-08-11 00:00:00+00:00,0.0034353189614500425,0.0035075828868110434,-7.22639253610009e-05,0.0,0.0,0.0632764541901088
2021-08-12 00:00:00+00:00,-0.0017437525020603248,-0.0015934258135048556,-5.264592529362828e-05,0.1395439475169157,9.768076326184099e-05,0.0762674933268069
2021-08-13 00:00:00+00:00,0.006736014155259888,0.006775849811036879,-3.9835655776991155e-05,0.0,0.0,0.0762674933268069
2021-08-14 00:00:00+00:00,-0.0011707690047002975,-0.0011301516071167065,-4.061739758359092e-05,0.0,0.0,0.0762674933268069
2021-08-15 00:00:00+00:00,0.008237275846054874,0.008327266912130907,-8.999106607603254e-05,0.0,0.0,0.0762674933268069
2021-08-16 00:00:00+00:00,0.004412448884898583,0.004558450416736356,-0.0001460015318377729,0.0,0.0,0.0762674933268069
2021-08-17 00:00:00+00:00,-0.00229192717926281,-0.0022044708633274937,-8.745631593531613e-05,0.0,0.0,0.0762674933268069
2021-08-18 00:00:00+00:00,0.004940957917356493,0.004963838165354535,-2.2880247998042073e-05,0.0,0.0,0.0762674933268069
2021-08-19 00:00:00+00:00,0.0006162092781844245,0.0007114960491140767,-4.1899525600887296e-05,0.0762674933268069,5.338724532876483e-05,0.06148674219430514
2021-08-20 00:00:00+00:00,0.010948380795800764,0.011018480908275358,-7.010011247459439e-05,0.0,0.0,0.06148674219430514
2021-08-21 00:00:00+00:00,0.0015946405673173366,0.001672773615225906,-7.813304790856937e-05,0.0,0.0,0.06148674219430514
2021-08-22 00:00:00+00:00,-0.0005250183417587056,-0.0004355539021311477,-8.946443962755786e-05,0.0,0.0,0.06148674219430514
2021-08-23 00:00:00+00:00,0.0029804724919284915,0.0030852763365649735,-0.00010480384463648213,0.0,0.0,0.06148674219430514
2021-08-24 00:00:00+00:00,0.0038396119292375937,0.003946646512880885,-0.00010703458364329151,0.0,0.0,0.06148674219430514
2021-08-25 00:00:00+00:00,-0.004519689587993599,-0.004476231066044375,-4.34585219492239e-05,0.0,0.0,0.06148674219430514
2021-08-26 00:00:00+00:00,-0.005436284298804768,-0.005368842728554725,-2.440085071402948e-05,0.06148674219430514,4.30407195360136e-05,0.04529076158963078
2021-08-27 00:00:00+00:00,0.006935346624480539,0.006956337986662101,-2.0991362181562074e-05,0.0,0.0,0.04529076158963078
2021-08-28 00:00:00+00:00,0.0017505218116376049,0.0017755257088422002,-2.5003897204595413e-05,0.0,0.0,0.04529076158963078
2021-08-29 00:00:00+00:00,-0.0020405808988153053,-0.0019942590930380867,-4.632180577721873e-05,0.0,0.0,0.04529076158963078
2021-08-30 00:00:00+00:00,-0.003787694373209736,-0.0037360461474157686,-5.1648225793967254e-05,0.0,0.0,0.04529076158963078
2021-08-31 00:00:00+00:00,-0.0012902214669757066,-0.0012541466960081418,-3.607477096756477e-05,0.0,0.0,0.04529076158963078
2021-09-01 00:00:00+00:00,0.002603503709921259,0.0026548847202218476,-5.138101030058843e-05,0.0,0.0,0.04529076158963078
2021-09-02 00:00:00+00:00,0.006647122969039651,0.006798661480236861,-0.00011701679201378986,0.04931674169060076,3.452171918342053e-05,0.04931674169060076
2021-09-03 00:00:00+00:00,0.002500392836859261,0.0026207353033489565,-0.00012034246648969553,0.0,0.0,0.04931674169060076
2021-09-04 00:00:00+00:00,-0.0006141085185233566,-0.0005203472826374779,-9.376123588587863e-05,0.0,0.0,0.04931674169060076
2021-09-05 00:00:00+00:00,0.0008607328447713778,0.0010146282030539819,-0.0001538953582826042,0.0,0.0,0.04931674169060076
2021-09-06 00:00:00+00:00,0.0031674479271694093,0.0032981237305455364,-0.0001306758033761271,0.0,0.0,0.04931674169060076
2021-09-07 00:00:00+00:00,-0.0033317120297485505,-0.0033782855276826116,4.6573497934061086e-05,0.0,0.0,0.04931674169060076
2021-09-08 00:00:00+00:00,0.0018454108384212593,0.00188666059408982,-4.124975566856074e-05,0.0,0.0,0.04931674169060076
2021-09-09 00:00:00+00:00,-0.001786528864944318,-0.0017340720799643246,-1.7935065796572706e-05,0.049316741690600754,3.452171918342053e-05,0.04437834858359159
2021-09-10 00:00:00+00:00,-0.00054833089494711,-0.0005246798978529707,-2.3650997094139302e-05,0.0,0.0,0.04437834858359159
2021-09-11 00:00:00+00:00,-0.002063334620579703,-0.0020490931647357425,-1.4241455843960379e-05,0.0,0.0,0.04437834858359159
2021-09-12 00:00:00+00:00,-0.0008639961112819899,-0.0008430089245615807,-2.098718672040922e-05,0.0,0.0,0.04437834858359159
2021-09-13 00:00:00+00:00,-0.0024657575080746946,-0.0024478934476358555,-1.786406043883896e-05,0.0,0.0,0.04437834858359159
2021-09-14 00:00:00+00:00,-0.00033331159371949385,-0.0003199980891444164,-1.3313504575077478e-05,0.0,0.0,0.04437834858359159
2021-09-15 00:00:00+00:00,0.0016464211904581914,0.001670934015081824,-2.451282462363265e-05,0.0,0.0,0.04437834858359159
2021-09-16 00:00:00+00:00,-0.0022415472253513482,-0.0022016827045766695,-3.959925044486603e-05,0.0003789576140179468,2.6527032981256275e-07,0.04475730619760954
2021-09-17 00:00:00+00:00,-0.0017644455585475113,-0.0017308887682258535,-3.3556790321657756e-05,0.0,0.0,0.04475730619760954
2021-09-18 00:00:00+00:00,0.005276514455751816,0.005290127166645288,-1.3612710893471954e-05,0.0,0.0,0.04475730619760954
2021-09-19 00:00:00+00:00,0.00026724123752850385,0.00028669432930770187,-1.9453091779198023e-05,0.0,0.0,0.04475730619760954
2021-09-20 00:00:00+00:00,-0.008251618401953853,-0.008232613554596223,-1.9004847357628962e-05,0.0,0.0,0.04475730619760954
2021-09-21 00:00:00+00:00,-0.004337082334161225,-0.004323655142301942,-1.3427191859282863e-05,0.0,0.0,0.04475730619760954
2021-09-22 00:00:00+00:00,0.007794680114305134,0.007808107306164417,-1.3427191859282863e-05,0.0,0.0,0.04475730619760954
2021-09-23 00:00:00+00:00,0.0018571186669830522,0.001932932703031888,-1.3345176513152775e-05,0.08924122790811878,6.246885953568315e-05,0.044483921710509244
2021-09-24 00:00:00+00:00,-0.001985312051535669,-0.001976585195774501,-8.726855761167704e-06,0.0,0.0,0.044483921710509244
2021-09-25 00:00:00+00:00,-0.0014204366486038056,-0.0014119382177806214,-8.498430823184238e-06,0.0,0.0,0.044483921710509244
2021-09-26 00:00:00+00:00,-0.0011592706540952727,-0.001149091398290257,-1.0179255805015832e-05,0.0,0.0,0.044483921710509244
2021-09-27 00:00:00+00:00,-0.0005416505785743105,-0.0005297495725794894,-1.1901005994821091e-05,0.0,0.0,0.044483921710509244
2021-09-28 00:00:00+00:00,-0.00163479077530115,-0.0016221275373078192,-1.2663237993330667e-05,0.0,0.0,0.044483921710509244
2021-09-29 00:00:00+00:00,0.00155094274471678,0.0015612801408634767,-1.0337396146696692e-05,0.0,0.0,0.044483921710509244
2021-09-30 00:00:00+00:00,0.0011255460506042808,0.0011436212416866417,-1.4764180883915205e-05,0.004730014569208102,3.311010198445671e-06,0.049213936279717346
2021-10-01 00:00:00+00:00,0.002043026005247106,0.002057417636633384,-1.4391631386277745e-05,0.0,0.0,0.049213936279717346
2021-10-02 00:00:00+00:00,0.0010776499277808155,0.0010972880108441924,-1.9638083063377012e-05,0.0,0.0,0.049213936279717346
2021-10-03 00:00:00+00:00,0.0019158370767429172,0.001940298371631388,-2.446129488847071e-05,0.0,0.0,0.049213936279717346
2021-10-04 00:00:00+00:00,0.01297067455886128,0.012994367624204424,-2.3693065343144325e-05,0.0,0.0,0.049213936279717346
2021-10-05 00:00:00+00:00,0.006762874426113331,0.006768647466908623,-5.773040795292246e-06,0.0,0.0,0.049213936279717346
2021-10-06 00:00:00+00:00,0.013000654417510162,0.013017776192011558,-1.7121774501395063e-05,0.0,0.0,0.049213936279717346
2021-10-07 00:00:00+00:00,-0.004968611454994003,-0.0048984792125371475,-3.568248706105355e-05,0.049213936279717346,3.4449755395802145e-05,0.04611689593539632
2021-10-08 00:00:00+00:00,0.0037581074941889984,0.0038270912223894813,-6.89837282004829e-05,0.0,0.0,0.04611689593539632
2021-10-09 00:00:00+00:00,0.000676489025313554,0.0007024366968116048,-2.594767149805074e-05,0.0,0.0,0.04611689593539632
2021-10-10 00:00:00+00:00,-0.0019520049254890914,-0.001922825381923888,-2.9179543565203312e-05,0.0,0.0,0.04611689593539632
2021-10-11 00:00:00+00:00,0.004888079108893858,0.004907054366895437,-1.897525800157817e-05,0.0,0.0,0.04611689593539632
2021-10-12 00:00:00+00:00,-0.0020262020151519886,-0.0020123669463713695,-1.3835068780618898e-05,0.0,0.0,0.04611689593539632
2021-10-13 00:00:00+00:00,0.0025135041112892627,0.0025109536163595556,2.5504949297070905e-06,0.0,0.0,0.04611689593539632
2021-10-14 00:00:00+00:00,-0.0013945880574503054,-0.0013466392288788611,-4.4589332279234824e-05,0.004799280417442223,3.359496292209556e-06,0.050916176352838544
2021-10-15 00:00:00+00:00,-0.0025928920458095574,-0.002554643559552423,-3.8248486257134076e-05,0.0,0.0,0.050916176352838544
2021-10-16 00:00:00+00:00,0.0028577307350099433,0.002916056487926529,-5.8325752916585376e-05,0.0,0.0,0.050916176352838544
2021-10-17 00:00:00+00:00,0.0011162231567101327,0.0011903576186416292,-7.413446193149645e-05,0.0,0.0,0.050916176352838544
2021-10-18 00:00:00+00:00,0.0005044189564261755,0.000533099529403966,-2.868057297779042e-05,0.0,0.0,0.050916176352838544
2021-10-19 00:00:00+00:00,-0.0009357468881122289,-0.0009103506630900784,-2.5396225022150573e-05,0.0,0.0,0.050916176352838544
2021-10-20 00:00:00+00:00,0.0022761705849832377,0.0023299637798808934,-5.3793194897655684e-05,0.0,0.0,0.050916176352838544
2021-10-21 00:00:00+00:00,-0.00045348882385238176,-0.00020883109616476282,-0.0001490496096431864,0.1365830257777607,9.56081180444325e-05,0.08566684942492216
2021-10-22 00:00:00+00:00,0.0032636791865493166,0.003314643680274944,-5.096449372562756e-05,0.0,0.0,0.08566684942492216
2021-10-23 00:00:00+00:00,0.0031492677865068317,0.0032090705290876284,-5.980274258079679e-05,0.0,0.0,0.08566684942492216
2021-10-24 00:00:00+00:00,0.001638815704646356,0.0017688022986212617,-0.00012998659397490562,0.0,0.0,0.08566684942492216
2021-10-25 00:00:00+00:00,0.0010569611381860409,0.0011386864558689223,-8.172531768288149e-05,0.0,0.0,0.08566684942492216
2021-10-26 00:00:00+00:00,-0.0010788451623232114,-0.0008857135336371956,-0.00019313162868601574,0.0,0.0,0.08566684942492216
2021-10-27 00:00:00+00:00,-0.008924969252120288,-0.00881773149001017,-0.00010723776211011754,0.0,0.0,0.08566684942492216
2021-10-28 00:00:00+00:00,-0.0017470847129815224,-0.0016852212879867985,2.582609414009725e-05,0.1252707416211732,8.768951913482122e-05,0.03960389219625102
2021-10-29 00:00:00+00:00,0.0021651693119401523,0.0021774530531632023,-1.2283741223050197e-05,0.0,0.0,0.03960389219625102
2021-10-30 00:00:00+00:00,-0.00437722350701108,-0.004379827066884062,2.603559872981542e-06,0.0,0.0,0.03960389219625102
2021-10-31 00:00:00+00:00,-0.00015867664880505787,-0.00012332502651391831,-3.5351622291139545e-05,0.0,0.0,0.03960389219625102
2021-11-01 00:00:00+00:00,0.001305733088406877,0.0013271435465865532,-2.1410458179676243e-05,0.0,0.0,0.03960389219625102
2021-11-02 00:00:00+00:00,-7.905623735072112e-05,-7.734577991797562e-06,-7.132165935892356e-05,0.0,0.0,0.03960389219625102
2021-11-03 00:00:00+00:00,-0.003000805616120659,-0.0029537575783277394,-4.704803779291934e-05,0.0,0.0,0.03960389219625102
2021-11-04 00:00:00+00:00,-0.0026559424704272853,-0.0025521788939005387,-6.659687989077e-05,0.05309528090853789,3.716669663597652e-05,0.05309528090853789
2021-11-05 00:00:00+00:00,0.005841546628141336,0.005885578544598787,-4.403191645745048e-05,0.0,0.0,0.05309528090853789
2021-11-06 00:00:00+00:00,0.000894831081561325,0.0008696349814825829,2.519610007874211e-05,0.0,0.0,0.05309528090853789
2021-11-07 00:00:00+00:00,-0.0017005873197459165,-0.0016535443699081428,-4.704294983777366e-05,0.0,0.0,0.05309528090853789
2021-11-08 00:00:00+00:00,-0.001055269257049468,-0.000938405481864158,-0.00011686377518531008,0.0,0.0,0.05309528090853789
2021-11-09 00:00:00+00:00,-0.0012521860082518532,-0.0011440380889040842,-0.00010814791934776903,0.0,0.0,0.05309528090853789
2021-11-10 00:00:00+00:00,-0.0030542110734165886,-0.00293066180593568,-0.0001235492674809086,0.0,0.0,0.05309528090853789
2021-11-11 00:00:00+00:00,0.0016331787549227514,0.0017576836131661564,-2.6535861134827856e-05,0.13995571015511027,9.796899710857719e-05,0.08686042924657236
2021-11-12 00:00:00+00:00,-0.0034062821790640492,-0.0033672431934413235,-3.9038985622725716e-05,0.0,0.0,0.08686042924657236
2021-11-13 00:00:00+00:00,0.007680977080652251,0.007712356713624014,-3.137963297176296e-05,0.0,0.0,0.08686042924657236
2021-11-14 00:00:00+00:00,0.002631299869855202,0.002676134183317259,-4.483431346205702e-05,0.0,0.0,0.08686042924657236
2021-11-15 00:00:00+00:00,-0.003338749399824415,-0.0032696271731364316,-6.912222668798359e-05,0.0,0.0,0.08686042924657236
2021-11-16 00:00:00+00:00,-0.0035842875104413747,-0.003558229381667403,-2.605812877397171e-05,0.0,0.0,0.08686042924657236
2021-11-17 00:00:00+00:00,0.004182548359758908,0.004208606488532879,-2.605812877397171e-05,0.0,0.0,0.08686042924657236
2021-11-18 00:00:00+00:00,-0.0017303793511442528,-0.001655102285588115,-1.4474765083537044e-05,0.08686042924657236,6.0802300472600656e-05,0.04824921694512348
2021-11-19 00:00:00+00:00,0.003207824006217514,0.003222298771301051,-1.4474765083537044e-05,0.0,0.0,0.04824921694512348
2021-11-20 00:00:00+00:00,0.01534006788986869,0.015354542654952227,-1.4474765083537044e-05,0.0,0.0,0.04824921694512348
2021-11-21 00:00:00+00:00,0.0016293746490863023,0.0016496574136596086,-2.028276457330628e-05,0.0,0.0,0.04824921694512348
2021-11-22 00:00:00+00:00,0.0026069443210389124,0.0026242657899222116,-1.732146888329933e-05,0.0,0.0,0.04824921694512348
2021-11-23 00:00:00+00:00,-0.0029333824064665176,-0.00291372085056138,-1.9661555905137817e-05,0.0,0.0,0.04824921694512348
2021-11-24 00:00:00+00:00,0.011444211966968756,0.011482470701053222,-3.8258734084466213e-05,0.0,0.0,0.04824921694512348
2021-11-25 00:00:00+00:00,0.006327444014681569,0.006379276991035891,-1.805852449273501e-05,0.04824921694512348,3.3774451861586436e-05,0.03135024433442126
2021-11-26 00:00:00+00:00,-0.0032851697760038117,-0.0032511147893394383,-3.405498666437345e-05,0.0,0.0,0.03135024433442126
2021-11-27 00:00:00+00:00,-0.0013283554185063474,-0.001318950345206021,-9.405073300326379e-06,0.0,0.0,0.03135024433442126
2021-11-28 00:00:00+00:00,0.0010243553693523467,0.001033760442652673,-9.405073300326379e-06,0.0,0.0,0.03135024433442126
2021-11-29 00:00:00+00:00,-0.0009787549339164247,-0.0009693498606160983,-9.405073300326379e-06,0.0,0.0,0.03135024433442126
2021-11-30 00:00:00+00:00,-0.0023865310555953837,-0.002373086973566232,-1.3444082029151541e-05,0.0,0.0,0.03135024433442126
2021-12-01 00:00:00+00:00,0.0012619369827315536,0.001282321538602681,-2.038455587112739e-05,0.0,0.0,0.03135024433442126
2021-12-02 00:00:00+00:00,-0.001488336737103165,-0.0014739962929807022,-1.3469338164149751e-05,0.001244437083304243,8.711059583129701e-07,0.030105807251117018
2021-12-03 00:00:00+00:00,-0.0035292085600285407,-0.0035133942805376014,-1.5814279490939257e-05,0.0,0.0,0.030105807251117018
2021-12-04 00:00:00+00:00,0.00017208900226019743,0.00017967686991976896,-7.587867659571533e-06,0.0,0.0,0.030105807251117018
2021-12-05 00:00:00+00:00,-0.002390619858876119,-0.002381588116700784,-9.031742175335105e-06,0.0,0.0,0.030105807251117018
2021-12-06 00:00:00+00:00,0.0004559271601499146,0.0004649589023252497,-9.031742175335105e-06,0.0,0.0,0.030105807251117018
2021-12-07 00:00:00+00:00,-0.001410465148063783,-0.0014020862503186884,-8.378897745094633e-06,0.0,0.0,0.030105807251117018
2021-12-08 00:00:00+00:00,0.0012050837018291755,0.0012141154440045107,-9.031742175335105e-06,0.0,0.0,0.030105807251117018
2021-12-09 00:00:00+00:00,-0.0006724930947305445,-0.0006274537813426415,2.8875680323156673e-05,0.10559284815865684,7.391499371105979e-05,0.07548704090753983
2021-12-10 00:00:00+00:00,-0.0001569809634278948,-0.00021503842402508823,5.8057460597193425e-05,0.0,0.0,0.07548704090753983
2021-12-11 00:00:00+00:00,0.006996783702434185,0.00696594686878825,3.083683364593455e-05,0.0,0.0,0.07548704090753983
2021-12-12 00:00:00+00:00,-0.003061520820216961,-0.003100171317467235,3.8650497250274e-05,0.0,0.0,0.07548704090753983
2021-12-13 00:00:00+00:00,-0.008427984446212749,-0.0084564521190798,2.846767286705142e-05,0.0,0.0,0.07548704090753983
2021-12-14 00:00:00+00:00,0.001454974476059867,0.0014465957919543347,8.378684105532385e-06,0.0,0.0,0.07548704090753983
2021-12-15 00:00:00+00:00,0.0030492250718217088,0.00306054812795784,-1.1323056136130974e-05,0.0,0.0,0.07548704090753983
2021-12-16 00:00:00+00:00,-0.001622057453585218,-0.001579343654849251,-7.5953474244830316e-06,0.05016921615926306,3.511845131148414e-05,0.02531782474827677
2021-12-17 00:00:00+00:00,-0.0022787096131879504,-0.0022711142657634675,-7.5953474244830316e-06,0.0,0.0,0.02531782474827677
2021-12-18 00:00:00+00:00,3.45689020135548e-05,4.2164249438037836e-05,-7.5953474244830316e-06,0.0,0.0,0.02531782474827677
2021-12-19 00:00:00+00:00,0.001803956290364308,0.001811551637788791,-7.5953474244830316e-06,0.0,0.0,0.02531782474827677
2021-12-20 00:00:00+00:00,-0.0014375085118973098,-0.0014299131644728267,-7.5953474244830316e-06,0.0,0.0,0.02531782474827677
2021-12-21 00:00:00+00:00,0.0021868560265143507,0.0021944513739388335,-7.5953474244830316e-06,0.0,0.0,0.02531782474827677
2021-12-22 00:00:00+00:00,0.004317770228355029,0.004325365575779512,-7.5953474244830316e-06,0.0,0.0,0.02531782474827677
2021-12-23 00:00:00+00:00,0.0077130266358908794,0.007745853185273911,-1.5104072059237807e-05,0.02531782474827677,1.772247732379374e-05,0.05034690686412602
2021-12-24 00:00:00+00:00,0.0008767478741979753,0.0008918519462572131,-1.5104072059237807e-05,0.0,0.0,0.05034690686412602
2021-12-25 00:00:00+00:00,0.0004746987732487439,0.0004898028453079817,-1.5104072059237807e-05,0.0,0.0,0.05034690686412602
2021-12-26 00:00:00+00:00,0.0017020794289691252,0.001717183501028363,-1.5104072059237807e-05,0.0,0.0,0.05034690686412602
2021-12-27 00:00:00+00:00,-0.002604420086171273,-0.0025930942977376533,-1.1325788433619469e-05,0.0,0.0,0.05034690686412602
2021-12-28 00:00:00+00:00,-0.003975011582059038,-0.003961649512977299,-1.3362069081739046e-05,0.0,0.0,0.05034690686412602
2021-12-29 00:00:00+00:00,0.002039215068108785,0.002054319140168023,-1.5104072059237807e-05,0.0,0.0,0.05034690686412602
2021-12-30 00:00:00+00:00,0.003610238193655728,0.003658177042384122,-1.2696013923505654e-05,0.05034690686412602,3.5242834804888214e-05,0.04981563965905066
2021-12-31 00:00:00+00:00,-0.0021757677960816285,-0.0021643535385665502,-1.1414257515078278e-05,0.0,0.0,0.04981563965905066
2022-01-01 00:00:00+00:00,0.0021908981241606815,0.0021914500814481036,-5.519572874222821e-07,0.0,0.0,0.04981563965905066
2022-01-02 00:00:00+00:00,-0.0014068791761002383,-0.0013919344842025232,-1.49446918977152e-05,0.0,0.0,0.04981563965905066
2022-01-03 00:00:00+00:00,0.003787496633336961,0.003802441325234676,-1.49446918977152e-05,0.0,0.0,0.04981563965905066
2022-01-04 00:00:00+00:00,-0.0020892936113432194,-0.0020790420508577834,-1.0251560485436038e-05,0.0,0.0,0.04981563965905066
2022-01-05 00:00:00+00:00,-0.0033132097782986986,-0.0032982650864009835,-1.49446918977152e-05,0.0,0.0,0.04981563965905066
2022-01-06 00:00:00+00:00,0.0012380778705879916,0.001285624547535029,-9.572264415887652e-06,0.05424916075878522,3.7974412531149655e-05,0.05424916075878522
2022-01-07 00:00:00+00:00,-0.0008453740751135278,-0.0008349468439240817,-1.0427231189446109e-05,0.0,0.0,0.05424916075878522
2022-01-08 00:00:00+00:00,-0.0029527741851883265,-0.002936499436960691,-1.6274748227635568e-05,0.0,0.0,0.05424916075878522
2022-01-09 00:00:00+00:00,0.0017820411533676496,0.001795208238421218,-1.3167085053568556e-05,0.0,0.0,0.05424916075878522
2022-01-10 00:00:00+00:00,0.004308640359411814,0.004315294018978879,-6.653659567065007e-06,0.0,0.0,0.05424916075878522
2022-01-11 00:00:00+00:00,0.0031734608767431624,0.0031822074689323012,-8.746592189138942e-06,0.0,0.0,0.05424916075878522
2022-01-12 00:00:00+00:00,-0.0005222044081839557,-0.0005125646035629233,-9.63980462103234e-06,0.0,0.0,0.05424916075878522
2022-01-13 00:00:00+00:00,0.0014341865843712762,0.0014617295990537148,-1.9655228164076443e-05,0.011268266454802917,7.887786518362042e-06,0.06551742721358814
2022-01-14 00:00:00+00:00,0.0020592054053959175,0.002078860633559994,-1.9655228164076443e-05,0.0,0.0,0.06551742721358814
2022-01-15 00:00:00+00:00,-0.002183616507937312,-0.0021686048274269986,-1.5011680510313382e-05,0.0,0.0,0.06551742721358814
2022-01-16 00:00:00+00:00,0.0018950924209986328,0.0019125423325626997,-1.7449911564067063e-05,0.0,0.0,0.06551742721358814
2022-01-17 00:00:00+00:00,-0.006240917629039943,-0.006221262400875866,-1.9655228164076443e-05,0.0,0.0,0.06551742721358814
2022-01-18 00:00:00+00:00,-0.0011252280607467488,-0.0011082370987603128,-1.6990961986435882e-05,0.0,0.0,0.06551742721358814
2022-01-19 00:00:00+00:00,-0.004763480298946303,-0.0047705018016207835,7.021502674480238e-06,0.0,0.0,0.06551742721358814
2022-01-20 00:00:00+00:00,-0.003409661904758149,-0.0033646307977089384,8.310920003009694e-07,0.06551742721358814,4.58621990495117e-05,0.05713936062571121
2022-01-21 00:00:00+00:00,-0.006933182646405568,-0.006933359492726705,1.7684632113657553e-07,0.0,0.0,0.05713936062571121
2022-01-22 00:00:00+00:00,-0.005170333894173953,-0.005183045687732354,1.2711793558401973e-05,0.0,0.0,0.05713936062571121
2022-01-23 00:00:00+00:00,0.0021914223542305305,0.002151783636977262,3.963871725326838e-05,0.0,0.0,0.05713936062571121
2022-01-24 00:00:00+00:00,-0.003874299536552378,-0.003897554970630239,2.3255434077861336e-05,0.0,0.0,0.05713936062571121
2022-01-25 00:00:00+00:00,0.0031690615100693873,0.003128816829896683,4.024468017270405e-05,0.0,0.0,0.05713936062571121
2022-01-26 00:00:00+00:00,-0.0009637523651434888,-0.0010175210748858893,5.37687097424005e-05,0.0,0.0,0.05713936062571121
2022-01-27 00:00:00+00:00,-3.999755243799785e-05,0.0,-0.0,0.05713936062571121,3.999755243799785e-05,0.0
2022-01-28 00:00:00+00:00,0.0,0.0,-0.0,0.0,0.0,0.0
2022-01-29 00:00:00+00:00,0.0,0.0,-0.0,0.0,0.0,0.0
2022-01-30 00:00:00+00:00,0.0,0.0,-0.0,0.0,0.0,0.0
2022-01-31 00:00:00+00:00,0.0,0.0,-0.0,0.0,0.0,0.0
2022-02-01 00:00:00+00:00,0.0,0.0,-0.0,0.0,0.0,0.0
2022-02-02 00:00:00+00:00,0.0,0.0,-0.0,0.0,0.0,0.0
2022-02-03 00:00:00+00:00,0.0,0.0,-0.0,0.0,0.0,0.0
2022-02-04 00:00:00+00:00,0.0,0.0,-0.0,0.0,0.0,0.0
2022-02-05 00:00:00+00:00,0.0,0.0,-0.0,0.0,0.0,0.0
2022-02-06 00:00:00+00:00,0.0,0.0,-0.0,0.0,0.0,0.0
2022-02-07 00:00:00+00:00,0.0,0.0,-0.0,0.0,0.0,0.0
2022-02-08 00:00:00+00:00,0.0,0.0,-0.0,0.0,0.0,0.0
2022-02-09 00:00:00+00:00,0.0,0.0,-0.0,0.0,0.0,0.0
2022-02-10 00:00:00+00:00,-0.003478857839920197,-0.0034501165725468537,3.3012999346459677e-06,0.045775096154270216,3.204256730798915e-05,0.045775096154270216
2022-02-11 00:00:00+00:00,-0.0030711583996171307,-0.0030647924569949564,-6.365942622174359e-06,0.0,0.0,0.045775096154270216
2022-02-12 00:00:00+00:00,0.0005844693405325052,0.0005961284863984786,-1.1659145865973396e-05,0.0,0.0,0.045775096154270216
2022-02-13 00:00:00+00:00,-0.0013463582452325523,-0.00135166289225039,5.304647017837604e-06,0.0,0.0,0.045775096154270216
2022-02-14 00:00:00+00:00,0.0007351781274989221,0.0007319843990402387,3.1937284586834333e-06,0.0,0.0,0.045775096154270216
2022-02-15 00:00:00+00:00,0.006075475301079917,0.006077024330333778,-1.5490292538605038e-06,0.0,0.0,0.045775096154270216
2022-02-16 00:00:00+00:00,-0.0017963774400939893,-0.0017931617395891518,-3.2157005048374823e-06,0.0,0.0,0.045775096154270216
2022-02-17 00:00:00+00:00,-0.004112009496164798,-0.004098235894203829,-1.3744850780687556e-05,4.10731146883031e-05,2.875118028181217e-08,0.04581616926895852
2022-02-18 00:00:00+00:00,-0.0010223465839734017,-0.0010169091210045617,-5.437462968839997e-06,0.0,0.0,0.04581616926895852
2022-02-19 00:00:00+00:00,-0.001148563651182902,-0.0011386758346121218,-9.887816570780283e-06,0.0,0.0,0.04581616926895852
2022-02-20 00:00:00+00:00,-0.004233689371465815,-0.004222701279590041,-1.0988091875774323e-05,0.0,0.0,0.04581616926895852
2022-02-21 00:00:00+00:00,-0.0036588715628888715,-0.0036624811897847265,3.6096268958548968e-06,0.0,0.0,0.04581616926895852
2022-02-22 00:00:00+00:00,0.002698473527730911,0.0026969849603913623,1.4885673395484623e-06,0.0,0.0,0.04581616926895852
2022-02-23 00:00:00+00:00,-0.0023895473203050677,-0.0023910313060276894,1.4839857226215665e-06,0.0,0.0,0.04581616926895852
2022-02-24 00:00:00+00:00,-3.2071318488270965e-05,0.0,-0.0,0.04581616926895852,3.2071318488270965e-05,0.0
2022-02-25 00:00:00+00:00,0.0,0.0,-0.0,0.0,0.0,0.0
2022-02-26 00:00:00+00:00,0.0,0.0,-0.0,0.0,0.0,0.0
2022-02-27 00:00:00+00:00,0.0,0.0,-0.0,0.0,0.0,0.0
2022-02-28 00:00:00+00:00,0.0,0.0,-0.0,0.0,0.0,0.0
2022-03-01 00:00:00+00:00,0.0,0.0,-0.0,0.0,0.0,0.0
2022-03-02 00:00:00+00:00,0.0,0.0,-0.0,0.0,0.0,0.0
2022-03-03 00:00:00+00:00,0.0,0.0,-0.0,0.0,0.0,0.0
2022-03-04 00:00:00+00:00,0.0,0.0,-0.0,0.0,0.0,0.0
2022-03-05 00:00:00+00:00,0.0,0.0,-0.0,0.0,0.0,0.0
2022-03-06 00:00:00+00:00,0.0,0.0,-0.0,0.0,0.0,0.0
2022-03-07 00:00:00+00:00,0.0,0.0,-0.0,0.0,0.0,0.0
2022-03-08 00:00:00+00:00,0.0,0.0,-0.0,0.0,0.0,0.0
2022-03-09 00:00:00+00:00,0.0,0.0,-0.0,0.0,0.0,0.0
2022-03-10 00:00:00+00:00,0.0,0.0,-0.0,0.0,0.0,0.0
2022-03-11 00:00:00+00:00,0.0,0.0,-0.0,0.0,0.0,0.0
2022-03-12 00:00:00+00:00,0.0,0.0,-0.0,0.0,0.0,0.0
2022-03-13 00:00:00+00:00,0.0,0.0,-0.0,0.0,0.0,0.0
2022-03-14 00:00:00+00:00,0.0,0.0,-0.0,0.0,0.0,0.0
2022-03-15 00:00:00+00:00,0.0,0.0,-0.0,0.0,0.0,0.0
2022-03-16 00:00:00+00:00,0.0,0.0,-0.0,0.0,0.0,0.0
2022-03-17 00:00:00+00:00,0.0,0.0,-0.0,0.0,0.0,0.0
2022-03-18 00:00:00+00:00,0.0,0.0,-0.0,0.0,0.0,0.0
2022-03-19 00:00:00+00:00,0.0,0.0,-0.0,0.0,0.0,0.0
2022-03-20 00:00:00+00:00,0.0,0.0,-0.0,0.0,0.0,0.0
2022-03-21 00:00:00+00:00,0.0,0.0,-0.0,0.0,0.0,0.0
2022-03-22 00:00:00+00:00,0.0,0.0,-0.0,0.0,0.0,0.0
2022-03-23 00:00:00+00:00,0.0,0.0,-0.0,0.0,0.0,0.0
2022-03-24 00:00:00+00:00,0.003625495745836852,0.0036738298903628364,4.546611892963343e-06,0.0755439377413532,5.288075641894724e-05,0.0755439377413532
2022-03-25 00:00:00+00:00,-0.001481677283917568,-0.0014629922463566217,-1.86850375609463e-05,0.0,0.0,0.0755439377413532
2022-03-26 00:00:00+00:00,0.0011145923956010627,0.0011302832491896305,-1.569085358856777e-05,0.0,0.0,0.0755439377413532
2022-03-27 00:00:00+00:00,0.001698021988782621,0.0017170960776229352,-1.907408884031427e-05,0.0,0.0,0.0755439377413532
2022-03-28 00:00:00+00:00,-0.0011616941821719709,-0.001141929244021012,-1.9764938150958945e-05,0.0,0.0,0.0755439377413532
2022-03-29 00:00:00+00:00,0.0024049233189461505,0.0024275865002685564,-2.2663181322405962e-05,0.0,0.0,0.0755439377413532
2022-03-30 00:00:00+00:00,0.0002800950918901998,0.00030275827321260573,-2.2663181322405962e-05,0.0,0.0,0.0755439377413532
2022-03-31 00:00:00+00:00,-0.003655596436172954,-0.00358025859586846,-2.2457083885547175e-05,0.0755439377413532,5.288075641894724e-05,0.06074735956921438
2022-04-01 00:00:00+00:00,0.005292432629800321,0.005310656837671086,-1.8224207870764317e-05,0.0,0.0,0.06074735956921438
2022-04-02 00:00:00+00:00,-0.0019136398504824887,-0.0018954156426117244,-1.8224207870764317e-05,0.0,0.0,0.06074735956921438
2022-04-03 00:00:00+00:00,0.0014238916891691935,0.0014421158970399578,-1.8224207870764317e-05,0.0,0.0,0.06074735956921438
2022-04-04 00:00:00+00:00,-0.0006363288963695136,-0.0006181046884987493,-1.8224207870764317e-05,0.0,0.0,0.06074735956921438
2022-04-05 00:00:00+00:00,-0.003705466824347655,-0.0036872426164768907,-1.8224207870764317e-05,0.0,0.0,0.06074735956921438
2022-04-06 00:00:00+00:00,-0.008215137614160857,-0.008198291763878717,-1.684585028213884e-05,0.0,0.0,0.06074735956921438
2022-04-07 00:00:00+00:00,0.001365565674981763,0.0013982933396624567,-7.3466152633173046e-06,0.036258642024823366,2.5381049417376356e-05,0.02448871754439101
2022-04-08 00:00:00+00:00,-0.0022697462062046775,-0.00226239959094136,-7.3466152633173046e-06,0.0,0.0,0.02448871754439101
2022-04-09 00:00:00+00:00,0.00017884378884843537,0.000185682508109882,-6.838719261446635e-06,0.0,0.0,0.02448871754439101
2022-04-10 00:00:00+00:00,-0.0011330844220506604,-0.0011282496145458712,-4.834807504789118e-06,0.0,0.0,0.02448871754439101
2022-04-11 00:00:00+00:00,-0.002568994788228933,-0.0025656170594180352,-3.3777288108978528e-06,0.0,0.0,0.02448871754439101
2022-04-12 00:00:00+00:00,0.001055034388520355,0.0010541295304070898,9.048581132652476e-07,0.0,0.0,0.02448871754439101
2022-04-13 00:00:00+00:00,0.0020264079866485424,0.0020257183843624925,6.896022860500512e-07,0.0,0.0,0.02448871754439101
2022-04-14 00:00:00+00:00,-1.714210228107371e-05,0.0,-0.0,0.02448871754439101,1.714210228107371e-05,0.0
2022-04-15 00:00:00+00:00,0.0,0.0,-0.0,0.0,0.0,0.0
2022-04-16 00:00:00+00:00,0.0,0.0,-0.0,0.0,0.0,0.0
2022-04-17 00:00:00+00:00,0.0,0.0,-0.0,0.0,0.0,0.0
2022-04-18 00:00:00+00:00,0.0,0.0,-0.0,0.0,0.0,0.0
2022-04-19 00:00:00+00:00,0.0,0.0,-0.0,0.0,0.0,0.0
2022-04-20 00:00:00+00:00,0.0,0.0,-0.0,0.0,0.0,0.0
2022-04-21 00:00:00+00:00,-0.0008637823382248955,-0.0008241466349443177,-1.1890710984173338e-05,0.03963570328057779,2.7744992296404453e-05,0.03963570328057779
2022-04-22 00:00:00+00:00,-3.635719449070031e-05,-2.446648350652697e-05,-1.1890710984173338e-05,0.0,0.0,0.03963570328057779
2022-04-23 00:00:00+00:00,-0.0003105661773356614,-0.00029867546635148806,-1.1890710984173338e-05,0.0,0.0,0.03963570328057779
2022-04-24 00:00:00+00:00,-0.00027501047386245634,-0.000263119762878283,-1.1890710984173338e-05,0.0,0.0,0.03963570328057779
2022-04-25 00:00:00+00:00,0.0005901353916586332,0.00059100935891597,-8.739672573367403e-07,0.0,0.0,0.03963570328057779
2022-04-26 00:00:00+00:00,-0.0021670992376456423,-0.0021612949852572345,-5.804252388407813e-06,0.0,0.0,0.03963570328057779
2022-04-27 00:00:00+00:00,0.000751304565511283,0.0007573811151812284,-6.07654966994538e-06,0.0,0.0,0.03963570328057779
2022-04-28 00:00:00+00:00,-2.7744992296404453e-05,0.0,-0.0,0.03963570328057779,2.7744992296404453e-05,0.0
2022-04-29 00:00:00+00:00,0.0,0.0,-0.0,0.0,0.0,0.0
2022-04-30 00:00:00+00:00,0.0,0.0,-0.0,0.0,0.0,0.0
2022-05-01 00:00:00+00:00,0.0,0.0,-0.0,0.0,0.0,0.0
2022-05-02 00:00:00+00:00,0.0,0.0,-0.0,0.0,0.0,0.0
2022-05-03 00:00:00+00:00,0.0,0.0,-0.0,0.0,0.0,0.0
2022-05-04 00:00:00+00:00,0.0,0.0,-0.0,0.0,0.0,0.0
2022-05-05 00:00:00+00:00,0.0,0.0,-0.0,0.0,0.0,0.0
2022-05-06 00:00:00+00:00,0.0,0.0,-0.0,0.0,0.0,0.0
2022-05-07 00:00:00+00:00,0.0,0.0,-0.0,0.0,0.0,0.0
2022-05-08 00:00:00+00:00,0.0,0.0,-0.0,0.0,0.0,0.0
2022-05-09 00:00:00+00:00,0.0,0.0,-0.0,0.0,0.0,0.0
2022-05-10 00:00:00+00:00,0.0,0.0,-0.0,0.0,0.0,0.0
2022-05-11 00:00:00+00:00,0.0,0.0,-0.0,0.0,0.0,0.0
2022-05-12 00:00:00+00:00,0.0,0.0,-0.0,0.0,0.0,0.0
2022-05-13 00:00:00+00:00,0.0,0.0,-0.0,0.0,0.0,0.0
2022-05-14 00:00:00+00:00,0.0,0.0,-0.0,0.0,0.0,0.0
2022-05-15 00:00:00+00:00,0.0,0.0,-0.0,0.0,0.0,0.0
2022-05-16 00:00:00+00:00,0.0,0.0,-0.0,0.0,0.0,0.0
2022-05-17 00:00:00+00:00,0.0,0.0,-0.0,0.0,0.0,0.0
2022-05-18 00:00:00+00:00,0.0,0.0,-0.0,0.0,0.0,0.0
2022-05-19 00:00:00+00:00,0.0,0.0,-0.0,0.0,0.0,0.0
2022-05-20 00:00:00+00:00,0.0,0.0,-0.0,0.0,0.0,0.0
2022-05-21 00:00:00+00:00,0.0,0.0,-0.0,0.0,0.0,0.0
2022-05-22 00:00:00+00:00,0.0,0.0,-0.0,0.0,0.0,0.0
2022-05-23 00:00:00+00:00,0.0,0.0,-0.0,0.0,0.0,0.0
2022-05-24 00:00:00+00:00,0.0,0.0,-0.0,0.0,0.0,0.0
2022-05-25 00:00:00+00:00,0.0,0.0,-0.0,0.0,0.0,0.0
2022-05-26 00:00:00+00:00,-0.002058037354673001,-0.002038627022686169,9.049075021143002e-06,0.040656295725679,2.84594070079753e-05,0.040656295725679
2022-05-27 00:00:00+00:00,-0.002449326170473445,-0.0024694528663909638,2.0126695917518758e-05,0.0,0.0,0.040656295725679
2022-05-28 00:00:00+00:00,0.0013063634938811726,0.0012959036453983484,1.0459848482824063e-05,0.0,0.0,0.040656295725679
2022-05-29 00:00:00+00:00,0.0016548336706191965,0.0016483648474062839,6.468823212912786e-06,0.0,0.0,0.040656295725679
2022-05-30 00:00:00+00:00,0.006150568764839504,0.00615649015103047,-5.921386190966519e-06,0.0,0.0,0.040656295725679
2022-05-31 00:00:00+00:00,-0.0010218411234151385,-0.001009908297338173,-1.1932826076965415e-05,0.0,0.0,0.040656295725679
2022-06-01 00:00:00+00:00,-0.0035293861292653834,-0.0035183446924722033,-1.1041436793179903e-05,0.0,0.0,0.040656295725679
2022-06-02 00:00:00+00:00,0.0007087504236679252,0.0007435377008517114,-6.327870175810816e-06,0.040656295725679,2.84594070079753e-05,0.03956649894210477
2022-06-03 00:00:00+00:00,-0.001534669175296174,-0.001528395511223914,-6.273664072260133e-06,0.0,0.0,0.03956649894210477
2022-06-04 00:00:00+00:00,0.00033542354121249133,0.00034539489244338585,-9.971351230894534e-06,0.0,0.0,0.03956649894210477
2022-06-05 00:00:00+00:00,-0.0003799019038359051,-0.0003722493472755126,-7.652556560392483e-06,0.0,0.0,0.03956649894210477
2022-06-06 00:00:00+00:00,0.0016266509310505469,0.0016373880918684658,-1.0737160817918971e-05,0.0,0.0,0.03956649894210477
2022-06-07 00:00:00+00:00,0.0018933323748989022,0.001897315534347404,-3.983159448501688e-06,0.0,0.0,0.03956649894210477
2022-06-08 00:00:00+00:00,0.004441185166872724,0.004404367946109612,3.6817220763112614e-05,0.0,0.0,0.03956649894210477
2022-06-09 00:00:00+00:00,-0.0027813142714061233,-0.0027447146819553564,-2.9425839127521573e-06,0.04808143648287836,3.365700553801485e-05,0.04808143648287836
2022-06-10 00:00:00+00:00,-0.002334760528655142,-0.002324821374512584,-9.939154142558202e-06,0.0,0.0,0.04808143648287836
2022-06-11 00:00:00+00:00,-0.006920954532533844,-0.006915336697495185,-5.617835038659508e-06,0.0,0.0,0.04808143648287836
2022-06-12 00:00:00+00:00,0.0010644554448832235,0.001049210744631962,1.5244700251261414e-05,0.0,0.0,0.04808143648287836
2022-06-13 00:00:00+00:00,0.003138851646620543,0.0029444752274230346,0.0001943764191975082,0.0,0.0,0.04808143648287836
2022-06-14 00:00:00+00:00,0.0019023878207070515,0.0018921854206997496,1.0202400007301958e-05,0.0,0.0,0.04808143648287836
2022-06-15 00:00:00+00:00,0.0012350202373173538,0.0012391088422686754,-4.0886049513215625e-06,0.0,0.0,0.04808143648287836
2022-06-16 00:00:00+00:00,-0.006835493333359116,-0.006830822168371765,-4.478333445646955e-06,0.0002754736310073419,1.9283154170513933e-07,0.0483569101138857
2022-06-17 00:00:00+00:00,0.001741123502310244,0.001744724157837324,-3.6006555270799305e-06,0.0,0.0,0.0483569101138857
2022-06-18 00:00:00+00:00,0.005916970235703604,0.005855824857141,6.114537856260391e-05,0.0,0.0,0.0483569101138857
2022-06-19 00:00:00+00:00,0.0018028541560416212,0.0018088424340055743,-5.988277963953037e-06,0.0,0.0,0.0483569101138857
2022-06-20 00:00:00+00:00,-0.0002810948000634379,-0.0002667516569545582,-1.434314310887964e-05,0.0,0.0,0.0483569101138857
2022-06-21 00:00:00+00:00,-0.0005541907811473779,-0.0005396837081132122,-1.4507073034165712e-05,0.0,0.0,0.0483569101138857
2022-06-22 00:00:00+00:00,0.0058185243124238215,0.005831249675104841,-1.2725362681019593e-05,0.0,0.0,0.0483569101138857
2022-06-23 00:00:00+00:00,-0.00023239058304109995,-0.0002050738116762077,-4.899799286120797e-06,0.03202424582681638,2.2416972078771464e-05,0.016332664287069323
2022-06-24 00:00:00+00:00,-0.0001235749258043356,-0.00011867512651821482,-4.899799286120797e-06,0.0,0.0,0.016332664287069323
2022-06-25 00:00:00+00:00,-0.0004531888465066887,-0.0004482890472205679,-4.899799286120797e-06,0.0,0.0,0.016332664287069323
2022-06-26 00:00:00+00:00,0.00034848804511895576,0.00035338784440507655,-4.899799286120797e-06,0.0,0.0,0.016332664287069323
2022-06-27 00:00:00+00:00,-0.0003056855135967908,-0.00030078571431067,-4.899799286120797e-06,0.0,0.0,0.016332664287069323
2022-06-28 00:00:00+00:00,-0.002040557808806332,-0.0020377526737150277,-2.8051350913041564e-06,0.0,0.0,0.016332664287069323
2022-06-29 00:00:00+00:00,-0.0004075271075418492,-0.0004026273082557284,-4.899799286120797e-06,0.0,0.0,0.016332664287069323
2022-06-30 00:00:00+00:00,-0.0003142543448668642,-0.0002711830721624444,6.976971560605951e-06,0.07149749180717963,5.004824426502574e-05,0.05516482752011031
2022-07-01 00:00:00+00:00,-0.0016161578974550992,-0.0016309133855201784,1.4755488065079107e-05,0.0,0.0,0.05516482752011031
2022-07-02 00:00:00+00:00,0.0004493710577000552,0.0004417111455747503,7.659912125304915e-06,0.0,0.0,0.05516482752011031
2022-07-03 00:00:00+00:00,-8.055624584395798e-05,-9.587689756698062e-05,1.5320651723022638e-05,0.0,0.0,0.05516482752011031
2022-07-04 00:00:00+00:00,0.0036077527439453633,0.0036086516548098036,-8.989108644401992e-07,0.0,0.0,0.05516482752011031
2022-07-05 00:00:00+00:00,-0.0006333275836330601,-0.0006327282177820542,-5.99365851006e-07,0.0,0.0,0.05516482752011031
2022-07-06 00:00:00+00:00,0.0006319238592084103,0.0006318038757085541,1.1998349985624028e-07,0.0,0.0,0.05516482752011031
2022-07-07 00:00:00+00:00,0.002302727810986618,0.002379547042064043,1.3648703750629473e-05,0.12923990689722067,9.046793482805447e-05,0.07407507937711037
2022-07-08 00:00:00+00:00,-0.0009975235668421688,-0.0010026925258811035,5.1689590389347625e-06,0.0,0.0,0.07407507937711037
2022-07-09 00:00:00+00:00,0.0007577533686540153,0.0007452194948480114,1.253387380600396e-05,0.0,0.0,0.07407507937711037
2022-07-10 00:00:00+00:00,-0.002653565389844555,-0.002660304370190888,6.738980346332616e-06,0.0,0.0,0.07407507937711037
2022-07-11 00:00:00+00:00,-0.0049379065592087485,-0.00494566962752747,7.763068318721167e-06,0.0,0.0,0.07407507937711037
2022-07-12 00:00:00+00:00,-0.002088876267843941,-0.002118588522932894,2.971225508895274e-05,0.0,0.0,0.07407507937711037
2022-07-13 00:00:00+00:00,0.006319609068890488,0.006277308865187586,4.230020370290199e-05,0.0,0.0,0.07407507937711037
2022-07-14 00:00:00+00:00,0.007905145693347536,0.007992712604200399,2.8656690970679705e-06,0.1291893999284705,9.043257994992935e-05,0.055114320551360146
2022-07-15 00:00:00+00:00,-0.001151120944313369,-0.0011459013425855525,-5.219601727816563e-06,0.0,0.0,0.055114320551360146
2022-07-16 00:00:00+00:00,0.00311588057589732,0.0031180914868662378,-2.2109109689178126e-06,0.0,0.0,0.055114320551360146
2022-07-17 00:00:00+00:00,-0.0028844458394541046,-0.002898952479766428,1.4506640312323503e-05,0.0,0.0,0.055114320551360146
2022-07-18 00:00:00+00:00,0.0039068883782531726,0.003920589247199035,-1.3700868945862619e-05,0.0,0.0,0.055114320551360146
2022-07-19 00:00:00+00:00,-8.382628102414647e-05,-7.201914013242859e-05,-1.1807140891717884e-05,0.0,0.0,0.055114320551360146
2022-07-20 00:00:00+00:00,-0.003204072352236422,-0.003206962822777738,2.8904705413160833e-06,0.0,0.0,0.055114320551360146
2022-07-21 00:00:00+00:00,0.005029305570061141,0.005081188017400345,-1.1274051049825633e-05,0.05801199469911305,4.0608396289379135e-05,0.05801199469911305
2022-07-22 00:00:00+00:00,-0.003306835324468291,-0.003307773088362602,9.37763894311162e-07,0.0,0.0,0.05801199469911305
2022-07-23 00:00:00+00:00,0.0007049772591161449,0.0007002872794046951,4.689979711449793e-06,0.0,0.0,0.05801199469911305
2022-07-24 00:00:00+00:00,0.0003736620253519055,0.0003790719339175713,-5.4099085656657875e-06,0.0,0.0,0.05801199469911305
2022-07-25 00:00:00+00:00,-0.005532732465019349,-0.005535304426804334,2.5719617849851772e-06,0.0,0.0,0.05801199469911305
2022-07-26 00:00:00+00:00,0.0022800309666608193,0.0022705239609695288,9.507005691290647e-06,0.0,0.0,0.05801199469911305
2022-07-27 00:00:00+00:00,0.013845349969012632,0.013812540705290602,3.2809263722030376e-05,0.0,0.0,0.05801199469911305
2022-07-28 00:00:00+00:00,0.010346496420303688,0.010391896320196936,-4.791503603869795e-06,0.05801199469911304,4.060839628937913e-05,0.05235757639588913
2022-07-29 00:00:00+00:00,-0.0008273456812375834,-0.0008126159242701279,-1.4729756967455488e-05,0.0,0.0,0.05235757639588913
2022-07-30 00:00:00+00:00,-0.0015588484472340396,-0.0015431411743152728,-1.570727291876674e-05,0.0,0.0,0.05235757639588913
2022-07-31 00:00:00+00:00,-0.0033875895178689767,-0.00337188224495021,-1.570727291876674e-05,0.0,0.0,0.05235757639588913
2022-08-01 00:00:00+00:00,-0.00093534966291213,-0.0009196423899933633,-1.570727291876674e-05,0.0,0.0,0.05235757639588913
2022-08-02 00:00:00+00:00,0.0007892607016720227,0.0008034019594807885,-1.4141257808765695e-05,0.0,0.0,0.05235757639588913
2022-08-03 00:00:00+00:00,0.0016511863794651063,0.001659456258656837,-8.269879191730688e-06,0.0,0.0,0.05235757639588913
2022-08-04 00:00:00+00:00,-0.0007626947660246133,-0.0007196192173196837,-6.4252452278071425e-06,0.05235757639588913,3.665030347712239e-05,0.04531841746231585
2022-08-05 00:00:00+00:00,0.002991033968795706,0.003004629494034401,-1.3595525238694758e-05,0.0,0.0,0.04531841746231585
2022-08-06 00:00:00+00:00,0.0026979203017572753,0.0027112325868868304,-1.3312285129555282e-05,0.0,0.0,0.04531841746231585
2022-08-07 00:00:00+00:00,-0.0016632020078992257,-0.0016515943750425154,-1.1607632856710273e-05,0.0,0.0,0.04531841746231585
2022-08-08 00:00:00+00:00,3.653435070495695e-05,4.481198624653625e-05,-8.277635541579303e-06,0.0,0.0,0.04531841746231585
2022-08-09 00:00:00+00:00,-0.0027736521089852806,-0.002767589184505085,-6.062924480195928e-06,0.0,0.0,0.04531841746231585
2022-08-10 00:00:00+00:00,0.0022301117609237683,0.0022389730976822625,-8.86133675849393e-06,0.0,0.0,0.04531841746231585
2022-08-11 00:00:00+00:00,-0.0005606236132256059,-0.0005334095786719715,1.1998464545898493e-05,0.05601785585647554,3.921249909953288e-05,0.05601785585647554
2022-08-12 00:00:00+00:00,0.0024172048922059485,0.0024322269205217,-1.5022028315751764e-05,0.0,0.0,0.05601785585647554
2022-08-13 00:00:00+00:00,-0.0016645439948518763,-0.001660191127362549,-4.352867489327434e-06,0.0,0.0,0.05601785585647554
2022-08-14 00:00:00+00:00,-0.0017595460146180234,-0.0017528728875391207,-6.673127078902651e-06,0.0,0.0,0.05601785585647554
2022-08-15 00:00:00+00:00,-0.0004370091235549739,-0.0004325702686569068,-4.438854898067123e-06,0.0,0.0,0.05601785585647554
2022-08-16 00:00:00+00:00,-0.0007017841524966954,-0.0006855697841190386,-1.6214368377656847e-05,0.0,0.0,0.05601785585647554
2022-08-17 00:00:00+00:00,-0.002254241448079328,-0.0022374360913223856,-1.6805356756942665e-05,0.0,0.0,0.05601785585647554
2022-08-18 00:00:00+00:00,-0.0061180834879468035,-0.006008281212929166,-1.7058214434914563e-05,0.13249151511817447,9.274406058272213e-05,0.07647365926169893
2022-08-19 00:00:00+00:00,-0.004476669742790972,-0.004478688265027185,2.0185222362125434e-06,0.0,0.0,0.07647365926169893
2022-08-20 00:00:00+00:00,7.563043130529677e-05,6.945059490035888e-05,6.17983640493789e-06,0.0,0.0,0.07647365926169893
2022-08-21 00:00:00+00:00,0.0017861284378727518,0.0017751082012048447,1.1020236667907124e-05,0.0,0.0,0.07647365926169893
2022-08-22 00:00:00+00:00,-0.0014188944382264785,-0.0014135890781151982,-5.3053601112803636e-06,0.0,0.0,0.07647365926169893
2022-08-23 00:00:00+00:00,0.0007040689416106163,0.0007173180030777056,-1.3249061467089339e-05,0.0,0.0,0.07647365926169893
2022-08-24 00:00:00+00:00,-0.001331673442311763,-0.0013149975961731569,-1.667584613860607e-05,0.0,0.0,0.07647365926169893
2022-08-25 00:00:00+00:00,0.0019643289727005395,0.002002043343329343,-4.969895354066538e-06,0.046777821821052785,3.274447527473695e-05,0.02969583744064614
2022-08-26 00:00:00+00:00,-0.0031838792027241982,-0.003190003375279583,6.124172555384454e-06,0.0,0.0,0.02969583744064614
2022-08-27 00:00:00+00:00,-0.0006361904957300043,-0.0006430671608061347,6.876665076130427e-06,0.0,0.0,0.02969583744064614
2022-08-28 00:00:00+00:00,-0.0008490717835313589,-0.0008723289694981242,2.3257185966765243e-05,0.0,0.0,0.02969583744064614
2022-08-29 00:00:00+00:00,0.001714590389509133,0.0016942436925699255,2.0346696939207515e-05,0.0,0.0,0.02969583744064614
2022-08-30 00:00:00+00:00,-0.0006646085511601783,-0.000669222096464957,4.613545304778784e-06,0.0,0.0,0.02969583744064614
2022-08-31 00:00:00+00:00,-0.00023560979130049002,-0.0002436481575372985,8.038366236808502e-06,0.0,0.0,0.02969583744064614
2022-09-01 00:00:00+00:00,-2.07870862084523e-05,0.0,-0.0,0.02969583744064614,2.07870862084523e-05,0.0
2022-09-02 00:00:00+00:00,0.0,0.0,-0.0,0.0,0.0,0.0
2022-09-03 00:00:00+00:00,0.0,0.0,-0.0,0.0,0.0,0.0
2022-09-04 00:00:00+00:00,0.0,0.0,-0.0,0.0,0.0,0.0
2022-09-05 00:00:00+00:00,0.0,0.0,-0.0,0.0,0.0,0.0
2022-09-06 00:00:00+00:00,0.0,0.0,-0.0,0.0,0.0,0.0
2022-09-07 00:00:00+00:00,0.0,0.0,-0.0,0.0,0.0,0.0
2022-09-08 00:00:00+00:00,-0.00016511485345881442,-0.00014706073981599305,3.8236829076767815e-05,0.080415632456556,5.62909427195892e-05,0.080415632456556
2022-09-09 00:00:00+00:00,0.004132492792883845,0.004144110037226681,-1.1617244342836365e-05,0.0,0.0,0.080415632456556
2022-09-10 00:00:00+00:00,0.0008943538081285583,0.0009136362705571536,-1.9282462428595283e-05,0.0,0.0,0.080415632456556
2022-09-11 00:00:00+00:00,-0.0009557606970160798,-0.0009480243110955968,-7.73638592048297e-06,0.0,0.0,0.080415632456556
2022-09-12 00:00:00+00:00,-0.0007405252768402387,-0.0007422767293151425,1.7514524749037878e-06,0.0,0.0,0.080415632456556
2022-09-13 00:00:00+00:00,-0.006318244781283177,-0.0063212306137162885,2.985832433111925e-06,0.0,0.0,0.080415632456556
2022-09-14 00:00:00+00:00,0.005983803067261978,0.0059556234192583895,2.817964800358864e-05,0.0,0.0,0.080415632456556
2022-09-15 00:00:00+00:00,-0.002805457280683282,-0.0027690298722925083,1.9863534328815317e-05,0.080415632456556,5.62909427195892e-05,0.0731164071440178
2022-09-16 00:00:00+00:00,-0.0010402455076393212,-0.0011879567356798087,0.00014771122804048764,0.0,0.0,0.0731164071440178
2022-09-17 00:00:00+00:00,0.0025373876812410994,0.0024512119526170885,8.617572862401082e-05,0.0,0.0,0.0731164071440178
2022-09-18 00:00:00+00:00,-0.007755614222237108,-0.007793282698451599,3.7668476214490814e-05,0.0,0.0,0.0731164071440178
2022-09-19 00:00:00+00:00,7.576215312562394e-05,-9.47869846862977e-05,0.00017054913781192163,0.0,0.0,0.0731164071440178
2022-09-20 00:00:00+00:00,-0.0033579571825384687,-0.003521890382249964,0.00016393319971149518,0.0,0.0,0.0731164071440178
2022-09-21 00:00:00+00:00,-0.002897629600896297,-0.0029640734047243515,6.644380382805474e-05,0.0,0.0,0.0731164071440178
2022-09-22 00:00:00+00:00,0.018543423036276364,0.01865188082157805,1.760376956869279e-05,0.18008793552911054,0.00012606155487037739,0.10697152838509275
2022-09-23 00:00:00+00:00,0.002362646514233915,0.0023448159650250456,1.7830549208869182e-05,0.0,0.0,0.10697152838509275
2022-09-24 00:00:00+00:00,-0.004187402927469519,-0.0042103643660373795,2.2961438567860152e-05,0.0,0.0,0.10697152838509275
2022-09-25 00:00:00+00:00,0.00010597975093718418,8.884291208989233e-05,1.7136838847291854e-05,0.0,0.0,0.10697152838509275
2022-09-26 00:00:00+00:00,-0.004125563675788976,-0.004166305921805006,4.074224601603028e-05,0.0,0.0,0.10697152838509275
2022-09-27 00:00:00+00:00,-0.004226683763618666,-0.004257090420562128,3.0406656943462615e-05,0.0,0.0,0.10697152838509275
2022-09-28 00:00:00+00:00,-0.0004429161535290735,-0.0005128487902108279,6.993263668175439e-05,0.0,0.0,0.10697152838509275
2022-09-29 00:00:00+00:00,0.0022837293449408155,0.002355949361778061,2.6600530323193874e-06,0.10697152838509275,7.488006986956491e-05,0.08188557895395986
2022-09-30 00:00:00+00:00,-4.866642818044977e-05,-3.6212041049447246e-05,-1.2454387131002524e-05,0.0,0.0,0.08188557895395986
2022-10-01 00:00:00+00:00,-0.0008612837373803073,-0.0008400540821807037,-2.1229655199603634e-05,0.0,0.0,0.08188557895395986
2022-10-02 00:00:00+00:00,-0.003221887888281038,-0.0032058976818508033,-1.5990206430234513e-05,0.0,0.0,0.08188557895395986
2022-10-03 00:00:00+00:00,0.0036583533655907743,0.003666323698418258,-7.970332827483682e-06,0.0,0.0,0.08188557895395986
2022-10-04 00:00:00+00:00,0.0016222555690388516,0.0016291765381720403,-6.920969133188688e-06,0.0,0.0,0.08188557895395986
2022-10-05 00:00:00+00:00,0.0018087478538472658,0.0018181606011480234,-9.412747300757685e-06,0.0,0.0,0.08188557895395986
2022-10-06 00:00:00+00:00,-0.0011047517557726833,-0.001028723335993224,-1.870851451168749e-05,0.08188557895395986,5.7319905267771896e-05,0.07083741130113966
2022-10-07 00:00:00+00:00,-0.0002688505694486096,-0.0002487589544812673,-2.0091614967342242e-05,0.0,0.0,0.07083741130113966
2022-10-08 00:00:00+00:00,-0.004428706365167643,-0.004407455141777301,-2.12512233903419e-05,0.0,0.0,0.07083741130113966
2022-10-09 00:00:00+00:00,-0.00047937266115711147,-0.0004581214377667696,-2.12512233903419e-05,0.0,0.0,0.07083741130113966
2022-10-10 00:00:00+00:00,-0.00396122550449647,-0.0039399742811061286,-2.12512233903419e-05,0.0,0.0,0.07083741130113966
2022-10-11 00:00:00+00:00,0.0003518027616983375,0.0003730539850886794,-2.12512233903419e-05,0.0,0.0,0.07083741130113966
2022-10-12 00:00:00+00:00,-0.0025888331643439647,-0.002570303160108756,-1.853000423520862e-05,0.0,0.0,0.07083741130113966
2022-10-13 00:00:00+00:00,-0.0016564956401985318,-0.0015997214222284938,-7.188030059240324e-06,0.07083741130113966,4.958618791079776e-05,0.058797791895626374
2022-10-14 00:00:00+00:00,8.015505010003086e-05,8.791782857505093e-05,-7.762778475020073e-06,0.0,0.0,0.058797791895626374
2022-10-15 00:00:00+00:00,0.007098560964983142,0.00706333638381431,3.522458116883184e-05,0.0,0.0,0.058797791895626374
2022-10-16 00:00:00+00:00,-0.0022383799532142016,-0.0024747735356409725,0.00023639358242677106,0.0,0.0,0.058797791895626374
2022-10-17 00:00:00+00:00,-3.429063296297599e-05,-2.4766272642762953e-05,-9.524360320213039e-06,0.0,0.0,0.058797791895626374
2022-10-18 00:00:00+00:00,-0.002048492468989768,-0.0020363010408291694,-1.2191428160598651e-05,0.0,0.0,0.058797791895626374
2022-10-19 00:00:00+00:00,-0.0027450902821721307,-0.0027314800632930905,-1.3610218879040116e-05,0.0,0.0,0.058797791895626374
2022-10-20 00:00:00+00:00,-0.0019692367382488384,-0.0018747282052258114,-2.101907150121045e-06,0.13200946553272302,9.240662587290612e-05,0.07321167363709664
2022-10-21 00:00:00+00:00,0.0012588605680339234,0.0012796387731288678,-2.0778205094944398e-05,0.0,0.0,0.07321167363709664
2022-10-22 00:00:00+00:00,-1.680535293166981e-05,-1.7839101763425614e-05,1.0337488317558047e-06,0.0,0.0,0.07321167363709664
2022-10-23 00:00:00+00:00,0.0059708927659697245,0.005986477334936853,-1.5584568967128764e-05,0.0,0.0,0.07321167363709664
2022-10-24 00:00:00+00:00,-0.0030228370840982752,-0.003002033254917558,-2.080382918071738e-05,0.0,0.0,0.07321167363709664
2022-10-25 00:00:00+00:00,-0.0027950429535888626,-0.0027863951906988487,-8.647762890013855e-06,0.0,0.0,0.07321167363709664
2022-10-26 00:00:00+00:00,0.001323128572077191,0.001323156392513173,-2.7820435982096953e-08,0.0,0.0,0.07321167363709664
2022-10-27 00:00:00+00:00,0.002071746569678533,0.0021525773003215802,-2.9582559097079576e-05,0.07321167363709664,5.124817154596765e-05,0.1279716180956441
2022-10-28 00:00:00+00:00,0.00796991518497205,0.007991168071447285,-2.1252886475234096e-05,0.0,0.0,0.1279716180956441
2022-10-29 00:00:00+00:00,0.02985701046315518,0.02986328427173232,-6.273808577138956e-06,0.0,0.0,0.1279716180956441
2022-10-30 00:00:00+00:00,-0.003274466835243974,-0.003240525562834557,-3.3941272409417214e-05,0.0,0.0,0.1279716180956441
2022-10-31 00:00:00+00:00,0.0048405775518352194,0.004873792585311944,-3.321503347672443e-05,0.0,0.0,0.1279716180956441
2022-11-01 00:00:00+00:00,0.007946862647204152,0.007974911466458356,-2.8048819254203275e-05,0.0,0.0,0.1279716180956441
2022-11-02 00:00:00+00:00,-0.009346222205664757,-0.009345184995700091,-1.0372099646651959e-06,0.0,0.0,0.1279716180956441
2022-11-03 00:00:00+00:00,0.0052536636000355425,0.0053511901976295104,-7.946464927017124e-06,0.1279716180956441,8.958013266695088e-05,0.0510550607280486
2022-11-04 00:00:00+00:00,6.649607030421562e-05,7.683012514617994e-05,-1.0334054841964318e-05,0.0,0.0,0.0510550607280486
2022-11-05 00:00:00+00:00,-0.0033619264390593075,-0.0033470546104198344,-1.4871828639473277e-05,0.0,0.0,0.0510550607280486
2022-11-06 00:00:00+00:00,-0.004089062426539944,-0.004074413963791156,-1.4648462748788065e-05,0.0,0.0,0.0510550607280486
2022-11-07 00:00:00+00:00,0.0003700293086819588,0.0003808629372931471,-1.0833628611188274e-05,0.0,0.0,0.0510550607280486
2022-11-08 00:00:00+00:00,-0.012326196441593716,-0.012317891570140387,-8.304871453328025e-06,0.0,0.0,0.0510550607280486
2022-11-09 00:00:00+00:00,-0.007553179624436023,-0.0075623294571444,9.14983270837723e-06,0.0,0.0,0.0510550607280486
2022-11-10 00:00:00+00:00,0.003960080186137722,0.003984355824091075,-2.135307871519686e-06,0.031629042974048546,2.214033008183398e-05,0.019426017754000054
2022-11-11 00:00:00+00:00,-0.0010124243476183317,-0.0010089750639059314,-3.4492837124002497e-06,0.0,0.0,0.019426017754000054
2022-11-12 00:00:00+00:00,0.000689970461282624,0.0006919919326901053,-2.0214714074812458e-06,0.0,0.0,0.019426017754000054
2022-11-13 00:00:00+00:00,-0.0006985233395258198,-0.0006990631885592035,5.398490333836616e-07,0.0,0.0,0.019426017754000054
2022-11-14 00:00:00+00:00,0.0002202058232427368,0.00022418155203627046,-3.9757287935336516e-06,0.0,0.0,0.019426017754000054
2022-11-15 00:00:00+00:00,0.00024745671020907163,0.00025328451553527164,-5.827805326200017e-06,0.0,0.0,0.019426017754000054
2022-11-16 00:00:00+00:00,-0.00035784767711840226,-0.0003549456243261322,-2.902052792270068e-06,0.0,0.0,0.019426017754000054
2022-11-17 00:00:00+00:00,-1.3598212427800037e-05,0.0,-0.0,0.019426017754000054,1.3598212427800037e-05,0.0
2022-11-18 00:00:00+00:00,0.0,0.0,-0.0,0.0,0.0,0.0
2022-11-19 00:00:00+00:00,0.0,0.0,-0.0,0.0,0.0,0.0
2022-11-20 00:00:00+00:00,0.0,0.0,-0.0,0.0,0.0,0.0
2022-11-21 00:00:00+00:00,0.0,0.0,-0.0,0.0,0.0,0.0
2022-11-22 00:00:00+00:00,0.0,0.0,-0.0,0.0,0.0,0.0
2022-11-23 00:00:00+00:00,0.0,0.0,-0.0,0.0,0.0,0.0
2022-11-24 00:00:00+00:00,-0.0009872152077053606,-0.0009261841989376907,-1.7048318912143028e-05,0.06283241407932416,4.398268985552691e-05,0.06283241407932416
2022-11-25 00:00:00+00:00,-0.00296345145923671,-0.002944707921792707,-1.8743537444003194e-05,0.0,0.0,0.06283241407932416
2022-11-26 00:00:00+00:00,0.0014210653956663148,0.0014363707434118973,-1.5305347745582574e-05,0.0,0.0,0.06283241407932416
2022-11-27 00:00:00+00:00,-0.000992796311622205,-0.0009815125525397695,-1.1283759082435428e-05,0.0,0.0,0.06283241407932416
2022-11-28 00:00:00+00:00,-0.0009332751198128758,-0.0009218697800091968,-1.1405339803678922e-05,0.0,0.0,0.06283241407932416
2022-11-29 00:00:00+00:00,0.003259589991266164,0.0032763279180527552,-1.6737926786591162e-05,0.0,0.0,0.06283241407932416
2022-11-30 00:00:00+00:00,0.001409332682590863,0.0014214791307186076,-1.214644812774455e-05,0.0,0.0,0.06283241407932416
2022-12-01 00:00:00+00:00,0.0010368222511940122,0.001041550040122224,-4.005274215745372e-06,0.001032163874951808,7.225147124662657e-07,0.06180025020437235
2022-12-02 00:00:00+00:00,0.0002997508085961276,0.0003110704514248115,-1.1319642828683861e-05,0.0,0.0,0.06180025020437235
2022-12-03 00:00:00+00:00,-0.0010629917136722098,-0.0010552419622965816,-7.749751375628293e-06,0.0,0.0,0.06180025020437235
2022-12-04 00:00:00+00:00,-3.2728224428888765e-06,6.370179597750363e-06,-9.64300204063924e-06,0.0,0.0,0.06180025020437235
2022-12-05 00:00:00+00:00,0.0028221061169726703,0.0028331062525077974,-1.1000135535127256e-05,0.0,0.0,0.06180025020437235
2022-12-06 00:00:00+00:00,-0.0006254228588368144,-0.0006170711730241955,-8.35168581261888e-06,0.0,0.0,0.06180025020437235
2022-12-07 00:00:00+00:00,-0.002614860116881458,-0.0026117098491272904,-3.150267754167881e-06,0.0,0.0,0.06180025020437235
2022-12-08 00:00:00+00:00,-0.0019170237981615602,-0.0018349296520636994,5.52251099228997e-07,0.1180662817101285,8.264639719708995e-05,0.056266031505756146
2022-12-09 00:00:00+00:00,-0.001209785255117645,-0.0012112442333145892,1.4589781969442563e-06,0.0,0.0,0.056266031505756146
2022-12-10 00:00:00+00:00,-0.00043319476818461745,-0.0004193879280435775,-1.3806840141039974e-05,0.0,0.0,0.056266031505756146
2022-12-11 00:00:00+00:00,-0.0023330135089084892,-0.002318377588793212,-1.463592011527729e-05,0.0,0.0,0.056266031505756146
2022-12-12 00:00:00+00:00,-0.0009510428835618849,-0.0009468746959479385,-4.168187613946415e-06,0.0,0.0,0.056266031505756146
2022-12-13 00:00:00+00:00,0.0009284403336652868,0.0009414645133080817,-1.3024179642794905e-05,0.0,0.0,0.056266031505756146
2022-12-14 00:00:00+00:00,-0.0009539146566678519,-0.0009370348472161251,-1.6879809451726847e-05,0.0,0.0,0.056266031505756146
2022-12-15 00:00:00+00:00,-0.003079327007498071,-0.002926717281849102,-3.3470187921838535e-05,0.17019933961018657,0.0001191395377271306,0.11393330810443043
2022-12-16 00:00:00+00:00,-0.010125878236880728,-0.010101764252220426,-2.41139846603027e-05,0.0,0.0,0.11393330810443043
2022-12-17 00:00:00+00:00,0.002490754623489079,0.0025071946301820076,-1.644000669292879e-05,0.0,0.0,0.11393330810443043
2022-12-18 00:00:00+00:00,-0.00026303290799634853,-0.0003668534956734297,0.00010382058767708117,0.0,0.0,0.11393330810443043
2022-12-19 00:00:00+00:00,-0.003363377149266822,-0.0033695779695604054,6.200820293583623e-06,0.0,0.0,0.11393330810443043
2022-12-20 00:00:00+00:00,0.0011957374893665084,0.0012176405981830446,-2.190310881653623e-05,0.0,0.0,0.11393330810443043
2022-12-21 00:00:00+00:00,-0.00029932659440253174,-0.0002716225712038584,-2.7704023198673306e-05,0.0,0.0,0.11393330810443043
2022-12-22 00:00:00+00:00,-7.97533156731013e-05,0.0,-0.0,0.11393330810443043,7.97533156731013e-05,0.0
2022-12-23 00:00:00+00:00,0.0,0.0,-0.0,0.0,0.0,0.0
2022-12-24 00:00:00+00:00,0.0,0.0,-0.0,0.0,0.0,0.0
2022-12-25 00:00:00+00:00,0.0,0.0,-0.0,0.0,0.0,0.0
2022-12-26 00:00:00+00:00,0.0,0.0,-0.0,0.0,0.0,0.0
2022-12-27 00:00:00+00:00,0.0,0.0,-0.0,0.0,0.0,0.0
2022-12-28 00:00:00+00:00,0.0,0.0,-0.0,0.0,0.0,0.0
2022-12-29 00:00:00+00:00,0.0,0.0,-0.0,0.0,0.0,0.0
2022-12-30 00:00:00+00:00,0.0,0.0,-0.0,0.0,0.0,0.0
2022-12-31 00:00:00+00:00,0.0,0.0,-0.0,0.0,0.0,0.0
2023-01-01 00:00:00+00:00,0.0,0.0,-0.0,0.0,0.0,0.0
2023-01-02 00:00:00+00:00,0.0,0.0,-0.0,0.0,0.0,0.0
2023-01-03 00:00:00+00:00,0.0,0.0,-0.0,0.0,0.0,0.0
2023-01-04 00:00:00+00:00,0.0,0.0,-0.0,0.0,0.0,0.0
2023-01-05 00:00:00+00:00,-0.0028111099202036555,-0.002766464942133987,1.4006357988901175e-05,0.08378762294081402,5.865133605856981e-05,0.08378762294081402
2023-01-06 00:00:00+00:00,0.0068621469676957945,0.006881092187118942,-1.894521942314746e-05,0.0,0.0,0.08378762294081402
2023-01-07 00:00:00+00:00,-0.0016589371112195896,-0.0016675638848775759,8.626773657986211e-06,0.0,0.0,0.08378762294081402
2023-01-08 00:00:00+00:00,0.0031329557432394966,0.0031354429788264947,-2.4872355869980642e-06,0.0,0.0,0.08378762294081402
2023-01-09 00:00:00+00:00,-0.0007777768418538955,-0.0007566527252961722,-2.112411655772333e-05,0.0,0.0,0.08378762294081402
2023-01-10 00:00:00+00:00,0.00033340885606251145,0.00035854514294475563,-2.513628688224421e-05,0.0,0.0,0.08378762294081402
2023-01-11 00:00:00+00:00,0.005048178181632941,0.005073314468515185,-2.513628688224421e-05,0.0,0.0,0.08378762294081402
2023-01-12 00:00:00+00:00,0.0016915957427838199,0.0017882387200902025,-1.3676446721263448e-06,0.13610761804893734,9.527533263425614e-05,0.05231999510812333
2023-01-13 00:00:00+00:00,0.009369012274272857,0.009360663311053478,8.34896321937878e-06,0.0,0.0,0.05231999510812333
2023-01-14 00:00:00+00:00,0.00807875774071479,0.0081054241958215,-2.66664551067083e-05,0.0,0.0,0.05231999510812333
2023-01-15 00:00:00+00:00,-0.0019454951877018577,-0.0019186055878160132,-2.688959988584445e-05,0.0,0.0,0.05231999510812333
2023-01-16 00:00:00+00:00,-0.00044589575383385024,-0.00041142969545639846,-3.446605837745179e-05,0.0,0.0,0.05231999510812333
2023-01-17 00:00:00+00:00,0.0008193230053819066,0.0008356188526582582,-1.6295847276351637e-05,0.0,0.0,0.05231999510812333
2023-01-18 00:00:00+00:00,-0.00504773135891669,-0.0050320353603842535,-1.5695998532437e-05,0.0,0.0,0.05231999510812333
2023-01-19 00:00:00+00:00,0.0010788728968730205,0.001098173868109108,-1.2547938418793045e-05,0.009647189738992083,6.753032817294459e-06,0.04267280536913125
2023-01-20 00:00:00+00:00,0.005709272235189795,0.005701919070732613,7.353164457181851e-06,0.0,0.0,0.04267280536913125
2023-01-21 00:00:00+00:00,-0.0017293547289330645,-0.0017122284252262174,-1.7126303706847135e-05,0.0,0.0,0.04267280536913125
2023-01-22 00:00:00+00:00,0.0005091795006679748,0.0005219813422787141,-1.2801841610739375e-05,0.0,0.0,0.04267280536913125
2023-01-23 00:00:00+00:00,0.001974293590449151,0.0019923689373474076,-1.8075346898256613e-05,0.0,0.0,0.04267280536913125
2023-01-24 00:00:00+00:00,-0.0035484061932645407,-0.0035349474038151437,-1.345878944939715e-05,0.0,0.0,0.04267280536913125
2023-01-25 00:00:00+00:00,0.002490663101859651,0.0024956897449681078,-5.026643108456816e-06,0.0,0.0,0.04267280536913125
2023-01-26 00:00:00+00:00,-0.00040272223854666083,-0.0003418257127636693,-1.8268957734897457e-05,0.06089652578299152,4.262756804809406e-05,0.06089652578299152
2023-01-27 00:00:00+00:00,-0.00013901027671503328,-0.00012074131898013583,-1.8268957734897457e-05,0.0,0.0,0.06089652578299152
2023-01-28 00:00:00+00:00,-0.0012434773058108849,-0.0012242808939883125,-1.9196411822572416e-05,0.0,0.0,0.06089652578299152
2023-01-29 00:00:00+00:00,0.0038428973520545787,0.0038611663097894763,-1.8268957734897457e-05,0.0,0.0,0.06089652578299152
2023-01-30 00:00:00+00:00,-0.004659481299822025,-0.0046269086616285895,-3.257263819343542e-05,0.0,0.0,0.06089652578299152
2023-01-31 00:00:00+00:00,0.0007247081565657085,0.000742977114300606,-1.8268957734897457e-05,0.0,0.0,0.06089652578299152
2023-02-01 00:00:00+00:00,0.004073110574453616,0.004091379532188514,-1.8268957734897457e-05,0.0,0.0,0.06089652578299152
2023-02-02 00:00:00+00:00,-0.0028769264117584664,-0.0027421989864171025,-6.919100840991026e-05,0.09362345275922014,6.55364169314541e-05,0.09362345275922014
2023-02-03 00:00:00+00:00,0.002598280557113272,0.0026446269749326686,-4.634641781939675e-05,0.0,0.0,0.09362345275922014
2023-02-04 00:00:00+00:00,-0.002289500074724905,-0.0022453154224297187,-4.418465229518635e-05,0.0,0.0,0.09362345275922014
2023-02-05 00:00:00+00:00,-0.0034571312342211802,-0.0034277306613512025,-2.9400572869977902e-05,0.0,0.0,0.09362345275922014
2023-02-06 00:00:00+00:00,0.0002896273497239009,0.00031771438555166696,-2.8087035827766044e-05,0.0,0.0,0.09362345275922014
2023-02-07 00:00:00+00:00,0.0066416891623297235,0.006669776198157489,-2.8087035827766044e-05,0.0,0.0,0.09362345275922014
2023-02-08 00:00:00+00:00,-0.0020311491194502543,-0.0019962121237013597,-3.493699574889438e-05,0.0,0.0,0.09362345275922014
2023-02-09 00:00:00+00:00,-0.011730811187100195,-0.01162609772877871,-3.1414037496445884e-05,0.10471345832148626,7.329942082504039e-05,0.10471345832148626
2023-02-10 00:00:00+00:00,0.003445263744265666,0.0034748526261835686,-2.9588881917902376e-05,0.0,0.0,0.10471345832148626
2023-02-11 00:00:00+00:00,0.00392324124560128,0.0039509054941552334,-2.766424855395346e-05,0.0,0.0,0.10471345832148626
2023-02-12 00:00:00+00:00,0.00029287806011759254,0.00031695430202216025,-2.4076241904567732e-05,0.0,0.0,0.10471345832148626
2023-02-13 00:00:00+00:00,-0.0011004984218120667,-0.0010735598375242812,-2.693858428778556e-05,0.0,0.0,0.10471345832148626
2023-02-14 00:00:00+00:00,0.0052518645880978605,0.005264413448943107,-1.2548860845246916e-05,0.0,0.0,0.10471345832148626
2023-02-15 00:00:00+00:00,0.008136075200068139,0.00816504156047632,-2.896636040818114e-05,0.0,0.0,0.10471345832148626
2023-02-16 00:00:00+00:00,-0.003237834018770858,-0.003141200086610968,-2.3334511334849314e-05,0.10471345832148626,7.329942082504039e-05,0.07778170444949771
2023-02-17 00:00:00+00:00,0.001995502799975574,0.0020188373113104235,-2.3334511334849314e-05,0.0,0.0,0.07778170444949771
2023-02-18 00:00:00+00:00,0.00016265966634072327,0.0001859941776755726,-2.3334511334849314e-05,0.0,0.0,0.07778170444949771
2023-02-19 00:00:00+00:00,0.0033990493030900126,0.003422383814424862,-2.3334511334849314e-05,0.0,0.0,0.07778170444949771
2023-02-20 00:00:00+00:00,0.005530772995471036,0.005562972287661994,-3.2199292190958563e-05,0.0,0.0,0.07778170444949771
2023-02-21 00:00:00+00:00,-0.005767779091143424,-0.005739533831898156,-2.824525924526835e-05,0.0,0.0,0.07778170444949771
2023-02-22 00:00:00+00:00,0.0012386622172155576,0.0012758403163083286,-3.717809909277092e-05,0.0,0.0,0.07778170444949771
2023-02-23 00:00:00+00:00,-0.0025653129246838587,-0.002495150302998756,-1.5715428570454415e-05,0.07778170444949771,5.444719311464839e-05,0.05166235004012037
2023-02-24 00:00:00+00:00,-0.00503055731813653,-0.005015058613124494,-1.5498705012036113e-05,0.0,0.0,0.05166235004012037
2023-02-25 00:00:00+00:00,-0.0002860170366167318,-0.0002712219728122421,-1.4795063804489673e-05,0.0,0.0,0.05166235004012037
2023-02-26 00:00:00+00:00,0.0010039147738105866,0.0010193995299881118,-1.548475617752528e-05,0.0,0.0,0.05166235004012037
2023-02-27 00:00:00+00:00,-0.0004639718385725882,-0.00044847313356055206,-1.5498705012036113e-05,0.0,0.0,0.05166235004012037
2023-02-28 00:00:00+00:00,-0.003492669187952685,-0.003477716553980573,-1.495263397211204e-05,0.0,0.0,0.05166235004012037
2023-03-01 00:00:00+00:00,0.0036731167293704943,0.0036876937780578145,-1.4577048687320364e-05,0.0,0.0,0.05166235004012037
2023-03-02 00:00:00+00:00,-0.003483724335309092,-0.0034011439250157378,-2.4774123088006137e-05,0.08258041029335378,5.780628720534765e-05,0.08258041029335378
2023-03-03 00:00:00+00:00,-0.0057112038961294655,-0.005692998218876193,-1.8205677253272776e-05,0.0,0.0,0.08258041029335378
2023-03-04 00:00:00+00:00,-0.0028760969902926676,-0.0028583190795647144,-1.7777910727953205e-05,0.0,0.0,0.08258041029335378
2023-03-05 00:00:00+00:00,0.0020748909096158785,0.0020948448141550617,-1.9953904539183074e-05,0.0,0.0,0.08258041029335378
2023-03-06 00:00:00+00:00,-0.0008334646456480781,-0.0008179808187180743,-1.5483826930003833e-05,0.0,0.0,0.08258041029335378
2023-03-07 00:00:00+00:00,-0.0006632803335131847,-0.0006519986107609582,-1.1281722752226527e-05,0.0,0.0,0.08258041029335378
2023-03-08 00:00:00+00:00,-0.003194706320903701,-0.0031758920260265664,-1.881429487713479e-05,0.0,0.0,0.08258041029335378
2023-03-09 00:00:00+00:00,-5.780628720534765e-05,0.0,-0.0,0.08258041029335378,5.780628720534765e-05,0.0
2023-03-10 00:00:00+00:00,0.0,0.0,-0.0,0.0,0.0,0.0
2023-03-11 00:00:00+00:00,0.0,0.0,-0.0,0.0,0.0,0.0
2023-03-12 00:00:00+00:00,0.0,0.0,-0.0,0.0,0.0,0.0
2023-03-13 00:00:00+00:00,0.0,0.0,-0.0,0.0,0.0,0.0
2023-03-14 00:00:00+00:00,0.0,0.0,-0.0,0.0,0.0,0.0
2023-03-15 00:00:00+00:00,0.0,0.0,-0.0,0.0,0.0,0.0
2023-03-16 00:00:00+00:00,0.006096893728940042,0.006163126317568818,-7.788876946864988e-06,0.08349101668844451,5.844371168191116e-05,0.08349101668844451
2023-03-17 00:00:00+00:00,0.002654894594349149,0.002428229842602692,0.0002266647517464567,0.0,0.0,0.08349101668844451
2023-03-18 00:00:00+00:00,-0.0016721681121548647,-0.0019231880283795074,0.0002510199162246428,0.0,0.0,0.08349101668844451
2023-03-19 00:00:00+00:00,0.001636741478141773,0.001256832304904344,0.00037990917323742907,0.0,0.0,0.08349101668844451
2023-03-20 00:00:00+00:00,-0.0005258475156497207,-0.0009249153724866471,0.0003990678568369264,0.0,0.0,0.08349101668844451
2023-03-21 00:00:00+00:00,0.0008957036373903611,0.0006109466711422516,0.0002847569662481095,0.0,0.0,0.08349101668844451
2023-03-22 00:00:00+00:00,-0.0030523360170557645,-0.003357012270065403,0.0003046762530096386,0.0,0.0,0.08349101668844451
2023-03-23 00:00:00+00:00,0.003126809982838472,0.0032500675821666774,-8.972512401017851e-06,0.16326440989598262,0.00011428508692718783,0.07977339320753812
2023-03-24 00:00:00+00:00,-0.005307818413157756,-0.005288172220745569,-1.9646192412186452e-05,0.0,0.0,0.07977339320753812
2023-03-25 00:00:00+00:00,-0.001881066374529914,-0.0018802798088728878,-7.865656570263263e-07,0.0,0.0,0.07977339320753812
2023-03-26 00:00:00+00:00,0.0027881269503588465,0.0027762849890041533,1.1841961354692996e-05,0.0,0.0,0.07977339320753812
2023-03-27 00:00:00+00:00,-0.004411794923962867,-0.004405653569286785,-6.141354676082323e-06,0.0,0.0,0.07977339320753812
2023-03-28 00:00:00+00:00,0.00265331071343747,0.002642009216821758,1.1301496615711926e-05,0.0,0.0,0.07977339320753812
2023-03-29 00:00:00+00:00,0.0043174281517071676,0.004327611624217076,-1.018347250990828e-05,0.0,0.0,0.07977339320753812
2023-03-30 00:00:00+00:00,0.0011084169707498979,0.0012509850334285815,-2.1316660547605116e-05,0.17321628875868383,0.00012125140213107869,0.09344289555114571
2023-03-31 00:00:00+00:00,0.0030415879648038983,0.0030549918809562324,-1.3403916152334094e-05,0.0,0.0,0.09344289555114571
2023-04-01 00:00:00+00:00,-0.004118548191291828,-0.004106281475178351,-1.2266716113476654e-05,0.0,0.0,0.09344289555114571
2023-04-02 00:00:00+00:00,6.501770866543611e-05,7.50160984894087e-05,-9.998389823972591e-06,0.0,0.0,0.09344289555114571
2023-04-03 00:00:00+00:00,-0.0019909314577495167,-0.001976815506733083,-1.411595101643383e-05,0.0,0.0,0.09344289555114571
2023-04-04 00:00:00+00:00,0.0004231582776098022,0.00043036786421605085,-7.209586606248646e-06,0.0,0.0,0.09344289555114571
2023-04-05 00:00:00+00:00,0.0007377862075446335,0.0007538593200083861,-1.6073112463752575e-05,0.0,0.0,0.09344289555114571
2023-04-06 00:00:00+00:00,-0.0031549530586245022,-0.003078737490754475,-1.0805540984225111e-05,0.09344289555114571,6.5410026885802e-05,0.07320827225084764
2023-04-07 00:00:00+00:00,-0.0006670799848973938,-0.0006624623731251715,-4.617611772222215e-06,0.0,0.0,0.07320827225084764
2023-04-08 00:00:00+00:00,-0.0009756308014113795,-0.0009635053152784716,-1.2125486132907895e-05,0.0,0.0,0.07320827225084764
2023-04-09 00:00:00+00:00,0.0008702398707490121,0.0008765797071259355,-6.339836376923406e-06,0.0,0.0,0.07320827225084764
2023-04-10 00:00:00+00:00,0.001570452766604173,0.0015783691431240183,-7.916376519845411e-06,0.0,0.0,0.07320827225084764
2023-04-11 00:00:00+00:00,-0.0003560789272064455,-0.00034026777060706866,-1.581115659937682e-05,0.0,0.0,0.07320827225084764
2023-04-12 00:00:00+00:00,-0.0011381755425674887,-0.001117846337446151,-2.0329205121337882e-05,0.0,0.0,0.07320827225084764
2023-04-13 00:00:00+00:00,0.0006593068580606764,0.0007970635123190403,-1.6442129068257116e-05,0.17330646455729543,0.0001213145251901068,0.10009819230644779
2023-04-14 00:00:00+00:00,0.001010450598969206,0.0010404800566611403,-3.002945769193434e-05,0.0,0.0,0.10009819230644779
2023-04-15 00:00:00+00:00,0.000836014096155643,0.0008660435538475773,-3.002945769193434e-05,0.0,0.0,0.10009819230644779
2023-04-16 00:00:00+00:00,0.002764253506533005,0.002802078110950804,-3.7824604417798955e-05,0.0,0.0,0.10009819230644779
2023-04-17 00:00:00+00:00,-0.002269407498529043,-0.0022149956226641425,-5.441187586490042e-05,0.0,0.0,0.10009819230644779
2023-04-18 00:00:00+00:00,0.0016769016028546485,0.00170982089535847,-3.2919292503821485e-05,0.0,0.0,0.10009819230644779
2023-04-19 00:00:00+00:00,-0.0086714366651048,-0.00864920185364777,-2.223481145703125e-05,0.0,0.0,0.10009819230644779
2023-04-20 00:00:00+00:00,-0.003476489858761612,-0.003361877652423943,-3.438366190130062e-05,0.11461220633766873,8.022854443636812e-05,0.11461220633766873
2023-04-21 00:00:00+00:00,-0.005085583812624035,-0.0050589794542279035,-2.6604358396131354e-05,0.0,0.0,0.11461220633766873
2023-04-22 00:00:00+00:00,0.0034515236702076704,0.003458645672709493,-7.122002501822737e-06,0.0,0.0,0.11461220633766873
2023-04-23 00:00:00+00:00,-0.001856407372096233,-0.0018326459694783075,-2.376140261792548e-05,0.0,0.0,0.11461220633766873
2023-04-24 00:00:00+00:00,-0.0010490978882532079,-0.001020628216198931,-2.8469672054276915e-05,0.0,0.0,0.11461220633766873
2023-04-25 00:00:00+00:00,0.0031018811732266387,0.0031086902844051595,-6.809111178520901e-06,0.0,0.0,0.11461220633766873
2023-04-26 00:00:00+00:00,-0.0007818604785766027,-0.0007549816239462927,-2.6878854630310073e-05,0.0,0.0,0.11461220633766873
2023-04-27 00:00:00+00:00,0.00012493955348064873,0.0,0.0002842052774413727,0.22752246280103425,0.00015926572396072398,0.11291025646336553
2023-04-28 00:00:00+00:00,-0.0019137415693976784,-0.0022487045235295923,0.000334962954131914,0.0,0.0,0.11291025646336553
2023-04-29 00:00:00+00:00,-0.0006872957576694351,-0.0007217943574292518,3.44985997598167e-05,0.0,0.0,0.11291025646336553
2023-04-30 00:00:00+00:00,0.005316613893372362,0.005302648023750408,1.3965869621953682e-05,0.0,0.0,0.11291025646336553
2023-05-01 00:00:00+00:00,-0.0025408107450776356,-0.002902784090760716,0.0003619733456830804,0.0,0.0,0.11291025646336553
2023-05-02 00:00:00+00:00,-0.0018211816689900594,-0.0022672189588152447,0.00044603728982518527,0.0,0.0,0.11291025646336553
2023-05-03 00:00:00+00:00,0.0016224592846392698,0.0014570197895614526,0.0001654394950778171,0.0,0.0,0.11291025646336553
2023-05-04 00:00:00+00:00,-0.0006298531547896571,-0.0006216806675580572,2.3822119932748097e-06,0.015078141749820972,1.055469922487468e-05,0.09783211471354455
2023-05-05 00:00:00+00:00,0.0008084858755961637,0.0008039836416770463,4.502233919117321e-06,0.0,0.0,0.09783211471354455
2023-05-06 00:00:00+00:00,-0.0013304622290578533,-0.0013730191989582451,4.2556969900391884e-05,0.0,0.0,0.09783211471354455
2023-05-07 00:00:00+00:00,-0.00021728964135870897,-0.0002402019226246211,2.2912281265912135e-05,0.0,0.0,0.09783211471354455
2023-05-08 00:00:00+00:00,-0.002191461411603552,-0.0022616266042761062,7.016519267255416e-05,0.0,0.0,0.09783211471354455
2023-05-09 00:00:00+00:00,-0.00042212755132118814,-0.0005117036138740567,8.957606255286854e-05,0.0,0.0,0.09783211471354455
2023-05-10 00:00:00+00:00,0.0007752881356432457,0.0007057236321550328,6.956450348821298e-05,0.0,0.0,0.09783211471354455
2023-05-11 00:00:00+00:00,-6.848248029948119e-05,0.0,-0.0,0.09783211471354455,6.848248029948119e-05,0.0
2023-05-12 00:00:00+00:00,0.0,0.0,-0.0,0.0,0.0,0.0
2023-05-13 00:00:00+00:00,0.0,0.0,-0.0,0.0,0.0,0.0
2023-05-14 00:00:00+00:00,0.0,0.0,-0.0,0.0,0.0,0.0
2023-05-15 00:00:00+00:00,0.0,0.0,-0.0,0.0,0.0,0.0
2023-05-16 00:00:00+00:00,0.0,0.0,-0.0,0.0,0.0,0.0
2023-05-17 00:00:00+00:00,0.0,0.0,-0.0,0.0,0.0,0.0
2023-05-18 00:00:00+00:00,-0.002219748212650032,-0.0021646312282270295,-1.3549735509966427e-05,0.059381784161479656,4.1567248913035756e-05,0.059381784161479656
2023-05-19 00:00:00+00:00,0.0008466221561470626,0.0008605103678267495,-1.3888211679686862e-05,0.0,0.0,0.059381784161479656
2023-05-20 00:00:00+00:00,0.0004033649757383862,0.0004143969235999059,-1.1031947861519691e-05,0.0,0.0,0.059381784161479656
2023-05-21 00:00:00+00:00,-0.0001602681799025789,-0.00014789182844764332,-1.2376351454935589e-05,0.0,0.0,0.059381784161479656
2023-05-22 00:00:00+00:00,-0.0008723071249882252,-0.000857335789565433,-1.4971335422792251e-05,0.0,0.0,0.059381784161479656
2023-05-23 00:00:00+00:00,0.0005593970380304397,0.0005755696669468187,-1.6172628916378984e-05,0.0,0.0,0.059381784161479656
2023-05-24 00:00:00+00:00,-0.003833225342613072,-0.0038154108073646283,-1.7814535248443897e-05,0.0,0.0,0.059381784161479656
2023-05-25 00:00:00+00:00,0.0008316959934582645,0.0009498502603538888,-3.0480556988118787e-05,0.12524815701072212,8.767370990750549e-05,0.18462994117220177
2023-05-26 00:00:00+00:00,0.003478235701121166,0.003516088531660291,-3.785283053912481e-05,0.0,0.0,0.18462994117220177
2023-05-27 00:00:00+00:00,0.0021090872333204523,0.002159839234699573,-5.0752001379120686e-05,0.0,0.0,0.18462994117220177
2023-05-28 00:00:00+00:00,0.005120962364464938,0.005172181479595224,-5.121911513028636e-05,0.0,0.0,0.18462994117220177
2023-05-29 00:00:00+00:00,0.0016764475796251935,0.001731836561976854,-5.538898235166054e-05,0.0,0.0,0.18462994117220177
2023-05-30 00:00:00+00:00,0.006160469021515778,0.006209145782356123,-4.867676084034514e-05,0.0,0.0,0.18462994117220177
2023-05-31 00:00:00+00:00,-0.002477139991533208,-0.002423866868307381,-5.32731232258271e-05,0.0,0.0,0.18462994117220177
2023-06-01 00:00:00+00:00,-0.005879868611720615,-0.00558012163430833,-8.08828146604055e-05,0.3126630896455429,0.00021886416275188002,0.3126630896455429
2023-06-02 00:00:00+00:00,0.006903838034493907,0.0069697552303684285,-6.591719587452158e-05,0.0,0.0,0.3126630896455429
2023-06-03 00:00:00+00:00,-0.0018704143615797825,-0.0017766154346861196,-9.379892689366288e-05,0.0,0.0,0.3126630896455429
2023-06-04 00:00:00+00:00,0.004038325966096958,0.004132124892990621,-9.379892689366288e-05,0.0,0.0,0.3126630896455429
2023-06-05 00:00:00+00:00,-0.014054266249549684,-0.01396046732265602,-9.379892689366288e-05,0.0,0.0,0.3126630896455429
2023-06-06 00:00:00+00:00,0.009897657942575114,0.00988466835451579,1.2989588059324083e-05,0.0,0.0,0.3126630896455429
2023-06-07 00:00:00+00:00,-0.007612642429352038,-0.007546767442994618,-6.587498635741943e-05,0.0,0.0,0.3126630896455429
2023-06-08 00:00:00+00:00,0.00027289173135745576,0.0005217389731056339,-2.998307899629811e-05,0.3126630896455429,0.00021886416275188002,0.1638061571039014
2023-06-09 00:00:00+00:00,0.0029471411516325346,0.0029907938544391534,-4.365270280661868e-05,0.0,0.0,0.1638061571039014
2023-06-10 00:00:00+00:00,-0.015906031535745775,-0.01590500201404838,-1.029521697398021e-06,0.0,0.0,0.1638061571039014
2023-06-11 00:00:00+00:00,0.002899300803864919,0.0028699115221881228,2.9389281676796467e-05,0.0,0.0,0.1638061571039014
2023-06-12 00:00:00+00:00,0.00039695548821786387,0.00042871832111109585,-3.1762832893232e-05,0.0,0.0,0.1638061571039014
2023-06-13 00:00:00+00:00,-0.0008928179450630544,-0.0008791655208992297,-1.365242416382466e-05,0.0,0.0,0.1638061571039014
2023-06-14 00:00:00+00:00,-0.010824398092559242,-0.010828373667992153,3.9755754329116865e-06,0.0,0.0,0.1638061571039014
2023-06-15 00:00:00+00:00,-0.00011466430997273098,0.0,-0.0,0.1638061571039014,0.00011466430997273098,0.0
2023-06-16 00:00:00+00:00,0.0,0.0,-0.0,0.0,0.0,0.0
2023-06-17 00:00:00+00:00,0.0,0.0,-0.0,0.0,0.0,0.0
2023-06-18 00:00:00+00:00,0.0,0.0,-0.0,0.0,0.0,0.0
2023-06-19 00:00:00+00:00,0.0,0.0,-0.0,0.0,0.0,0.0
2023-06-20 00:00:00+00:00,0.0,0.0,-0.0,0.0,0.0,0.0
2023-06-21 00:00:00+00:00,0.0,0.0,-0.0,0.0,0.0,0.0
2023-06-22 00:00:00+00:00,0.0032776506377845314,0.003331387361216351,-7.738818883751428e-06,0.06571129221152609,4.5997904548068264e-05,0.06571129221152609
2023-06-23 00:00:00+00:00,0.014287310609313817,0.014295683870723871,-8.373261410053713e-06,0.0,0.0,0.06571129221152609
2023-06-24 00:00:00+00:00,0.0035418027690572815,0.003509395602520862,3.240716653641938e-05,0.0,0.0,0.06571129221152609
2023-06-25 00:00:00+00:00,-0.001753379780042984,-0.0017623171728966735,8.937392853689664e-06,0.0,0.0,0.06571129221152609
2023-06-26 00:00:00+00:00,0.003060896645358815,0.003055870060061094,5.026585297720688e-06,0.0,0.0,0.06571129221152609
2023-06-27 00:00:00+00:00,0.0033562692688606233,0.0033076925246497135,4.857674421090961e-05,0.0,0.0,0.06571129221152609
2023-06-28 00:00:00+00:00,-0.004649562035591786,-0.004728659375139722,7.909733954793609e-05,0.0,0.0,0.06571129221152609
2023-06-29 00:00:00+00:00,0.0047418282301260155,0.004726571052030759,2.977025442767655e-05,0.020732966189170754,1.4513076332419528e-05,0.04497832602235534
2023-06-30 00:00:00+00:00,0.00578043210462072,0.005708095486903637,7.233661771708307e-05,0.0,0.0,0.04497832602235534
2023-07-01 00:00:00+00:00,-0.0018251799271157309,-0.0018781628209286548,5.298289381292381e-05,0.0,0.0,0.04497832602235534
2023-07-02 00:00:00+00:00,0.0010413061254617483,0.0010294714283187463,1.1834697143002135e-05,0.0,0.0,0.04497832602235534
2023-07-03 00:00:00+00:00,0.0030289602155376704,0.003006069396075113,2.28908194625573e-05,0.0,0.0,0.04497832602235534
2023-07-04 00:00:00+00:00,-0.0029679295630538,-0.002986735226055377,1.8805663001576874e-05,0.0,0.0,0.04497832602235534
2023-07-05 00:00:00+00:00,-0.0008815111312386379,-0.0008805386998300346,-9.724314086033232e-07,0.0,0.0,0.04497832602235534
2023-07-06 00:00:00+00:00,-0.0013112178082005153,-0.001324837979995628,5.307442487427219e-05,0.056363218684513564,3.9454253079159495e-05,0.056363218684513564
2023-07-07 00:00:00+00:00,0.0022187479296658626,0.0021814935330119597,3.7254396653902926e-05,0.0,0.0,0.056363218684513564
2023-07-08 00:00:00+00:00,-0.0010716877394453368,-0.0011130087423273274,4.1321002881990585e-05,0.0,0.0,0.056363218684513564
2023-07-09 00:00:00+00:00,-0.0012744888924673178,-0.0013175954821172337,4.3106589649915975e-05,0.0,0.0,0.056363218684513564
2023-07-10 00:00:00+00:00,9.273761463031593e-06,-1.930859036407208e-05,2.8582351827103673e-05,0.0,0.0,0.056363218684513564
2023-07-11 00:00:00+00:00,0.0015556940036097876,0.0015533368938044014,2.357109805386356e-06,0.0,0.0,0.056363218684513564
2023-07-12 00:00:00+00:00,0.0017420973224105147,0.0017426429183673808,-5.455959568660917e-07,0.0,0.0,0.056363218684513564
2023-07-13 00:00:00+00:00,0.0106473860463027,0.010717576767280274,-5.923172683162863e-06,0.0918107832777317,6.426754829441219e-05,0.0918107832777317
2023-07-14 00:00:00+00:00,0.002229451562808859,0.002269588941988301,-4.013737917944236e-05,0.0,0.0,0.0918107832777317
2023-07-15 00:00:00+00:00,0.0001320930622823382,0.00015963629726565773,-2.7543234983319516e-05,0.0,0.0,0.0918107832777317
2023-07-16 00:00:00+00:00,-0.0013764706704946644,-0.0013508995311361505,-2.5571139358513837e-05,0.0,0.0,0.0918107832777317
2023-07-17 00:00:00+00:00,-0.0020512408445667804,-0.002024968270824025,-2.6272573742755706e-05,0.0,0.0,0.0918107832777317
2023-07-18 00:00:00+00:00,-0.004051709285031991,-0.004024546605745357,-2.716267928663332e-05,0.0,0.0,0.0918107832777317
2023-07-19 00:00:00+00:00,0.001078069731335858,0.0011056129663191776,-2.7543234983319516e-05,0.0,0.0,0.0918107832777317
2023-07-20 00:00:00+00:00,0.00013442594458407293,0.00020853547853562013,1.308443683868697e-05,0.12456281541462025,8.719397079023417e-05,0.032752032136888536
2023-07-21 00:00:00+00:00,-0.0010814320914186262,-0.0010866992732268806,5.267181808254414e-06,0.0,0.0,0.032752032136888536
2023-07-22 00:00:00+00:00,-0.0009784040832429058,-0.0009866448220488683,8.240738805962525e-06,0.0,0.0,0.032752032136888536
2023-07-23 00:00:00+00:00,0.00017017543682294118,0.00016272336695083493,7.452069872106249e-06,0.0,0.0,0.032752032136888536
2023-07-24 00:00:00+00:00,-0.001900437063398377,-0.0018973305331501933,-3.106530248183878e-06,0.0,0.0,0.032752032136888536
2023-07-25 00:00:00+00:00,8.542253753338136e-05,8.554093612955621e-05,-1.1839859617485215e-07,0.0,0.0,0.032752032136888536
2023-07-26 00:00:00+00:00,0.00138199033796719,0.0013832494898426927,-1.25915187550268e-06,0.0,0.0,0.032752032136888536
2023-07-27 00:00:00+00:00,0.0003323539354349272,0.00032850084163524876,4.1629095634210834e-06,0.00044259394820381215,3.098157637426685e-07,0.03230943818868472
2023-07-28 00:00:00+00:00,-5.917583328241648e-06,-7.735150773546107e-06,1.817567445304459e-06,0.0,0.0,0.03230943818868472
2023-07-29 00:00:00+00:00,-0.00011810604830211372,-0.00012330382917071837,5.197780868604655e-06,0.0,0.0,0.03230943818868472
2023-07-30 00:00:00+00:00,-0.00036216565940716875,-0.0003623373840711416,1.7172466397285946e-07,0.0,0.0,0.03230943818868472
2023-07-31 00:00:00+00:00,-0.000818765880453218,-0.0008250541048606907,6.288224407472763e-06,0.0,0.0,0.03230943818868472
2023-08-01 00:00:00+00:00,0.0006072419688360626,0.0006054292478064865,1.8127210295761569e-06,0.0,0.0,0.03230943818868472
2023-08-02 00:00:00+00:00,-0.0015206951974417922,-0.0015161169500504555,-4.578247391336625e-06,0.0,0.0,0.03230943818868472
2023-08-03 00:00:00+00:00,-0.0020643318309789133,-0.0019458941800567055,-2.6650087411873415e-05,0.13112509072904852,9.178756351033396e-05,0.0988156525403638
2023-08-04 00:00:00+00:00,5.666806305885784e-06,3.059453689398066e-05,-2.4927730588094878e-05,0.0,0.0,0.0988156525403638
2023-08-05 00:00:00+00:00,0.002107289168306193,0.0021299120237987836,-2.262285549259089e-05,0.0,0.0,0.0988156525403638
2023-08-06 00:00:00+00:00,-0.0018403189588491844,-0.0018156165279488816,-2.4702430900302847e-05,0.0,0.0,0.0988156525403638
2023-08-07 00:00:00+00:00,0.0010673706387981192,0.001094873505291416,-2.750286649329676e-05,0.0,0.0,0.0988156525403638
2023-08-08 00:00:00+00:00,0.0018026755265735752,0.0018312544955230365,-2.857896894946132e-05,0.0,0.0,0.0988156525403638
2023-08-09 00:00:00+00:00,0.0017476342148011162,0.0017748095074062416,-2.717529260512545e-05,0.0,0.0,0.0988156525403638
2023-08-10 00:00:00+00:00,0.0010867721679755833,0.0012601259847224442,-2.2922864338665943e-05,0.21490136058313564,0.00015043095240819493,0.11608570804277184
2023-08-11 00:00:00+00:00,0.0036162882236081936,0.003624469944311048,-8.181720702854561e-06,0.0,0.0,0.11608570804277184
2023-08-12 00:00:00+00:00,0.0010285276691588071,0.0010377228180928752,-9.195148934067958e-06,0.0,0.0,0.11608570804277184
2023-08-13 00:00:00+00:00,-0.003725598883863724,-0.0037167699853385312,-8.828898525193013e-06,0.0,0.0,0.11608570804277184
2023-08-14 00:00:00+00:00,0.0014289052343339512,0.0014429225835801158,-1.4017349246164701e-05,0.0,0.0,0.11608570804277184
2023-08-15 00:00:00+00:00,-0.00429341883503767,-0.004286158834856675,-7.2600001809949505e-06,0.0,0.0,0.11608570804277184
2023-08-16 00:00:00+00:00,-0.009018449598737146,-0.009036896778602223,1.8447179865076868e-05,0.0,0.0,0.11608570804277184
2023-08-17 00:00:00+00:00,-0.005867425984429896,-0.0058645073202230205,4.387224860756658e-05,0.06684416116348817,4.6790912814441714e-05,0.04924154687928367
2023-08-18 00:00:00+00:00,0.0028663593478605457,0.002797677238273321,6.868210958722486e-05,0.0,0.0,0.04924154687928367
2023-08-19 00:00:00+00:00,-0.000708478714006599,-0.0007637464413929694,5.526772738637041e-05,0.0,0.0,0.04924154687928367
2023-08-20 00:00:00+00:00,-0.0008020045875293369,-0.0008107764766904124,8.771889161075593e-06,0.0,0.0,0.04924154687928367
2023-08-21 00:00:00+00:00,-0.0019818501118973094,-0.0019986030709765795,1.675295907926989e-05,0.0,0.0,0.04924154687928367
2023-08-22 00:00:00+00:00,0.0002000957326073044,0.00016689954377863532,3.319618882866908e-05,0.0,0.0,0.04924154687928367
2023-08-23 00:00:00+00:00,0.001982267925683969,0.0019282627515595835,5.400517412438557e-05,0.0,0.0,0.04924154687928367
2023-08-24 00:00:00+00:00,-0.0021638219223304926,-0.0020912999845300513,-7.689342623343842e-06,0.09261799311013967,6.483259517709777e-05,0.043376446230856
2023-08-25 00:00:00+00:00,-0.00120905980471598,-0.0012122674929147517,3.207688198771801e-06,0.0,0.0,0.043376446230856
2023-08-26 00:00:00+00:00,0.0024581525558580396,0.002424092502748647,3.406005310939275e-05,0.0,0.0,0.043376446230856
2023-08-27 00:00:00+00:00,-0.00032114683394257696,-0.00033957054571467075,1.8423711772093775e-05,0.0,0.0,0.043376446230856
2023-08-28 00:00:00+00:00,-0.0026611798664014307,-0.0026933573817444043,3.21775153429736e-05,0.0,0.0,0.043376446230856
2023-08-29 00:00:00+00:00,-0.00012252487079646921,-0.00016658839993562198,4.406352913915276e-05,0.0,0.0,0.043376446230856
2023-08-30 00:00:00+00:00,-0.001527868282800213,-0.0015767461637065285,4.887788090631547e-05,0.0,0.0,0.043376446230856
2023-08-31 00:00:00+00:00,-0.001673309860759988,-0.0016436354809186734,3.052170915598296e-05,0.08599441285328219,6.019608899729753e-05,0.04261796662242619
2023-09-01 00:00:00+00:00,-0.0015913720609622025,-0.0016253223855329597,3.3950324570757144e-05,0.0,0.0,0.04261796662242619
2023-09-02 00:00:00+00:00,-0.0009511643221135662,-0.0009762611902981805,2.509686818461433e-05,0.0,0.0,0.04261796662242619
2023-09-03 00:00:00+00:00,0.0002644082953345714,0.00023830905257499763,2.6099242759573794e-05,0.0,0.0,0.04261796662242619
2023-09-04 00:00:00+00:00,-0.00048471511051562674,-0.0005065802582912625,2.1865147775635758e-05,0.0,0.0,0.04261796662242619
2023-09-05 00:00:00+00:00,-0.0003837078994702808,-0.00039605730765846127,1.2349408188180437e-05,0.0,0.0,0.04261796662242619
2023-09-06 00:00:00+00:00,0.0002601453560093826,0.0002465263585955201,1.3618997413862512e-05,0.0,0.0,0.04261796662242619
2023-09-07 00:00:00+00:00,0.000486121788465558,0.0005492577247685176,-6.047970791525712e-06,0.0815542364449055,5.708796551143385e-05,0.03893626982247931
2023-09-08 00:00:00+00:00,0.005465695226554874,0.005476353251693381,-1.0658025138507262e-05,0.0,0.0,0.03893626982247931
2023-09-09 00:00:00+00:00,-0.0012251418645741479,-0.0012134609836274041,-1.1680880946743794e-05,0.0,0.0,0.03893626982247931
2023-09-10 00:00:00+00:00,-0.0046896630657891555,-0.004683243642983523,-6.419422805632164e-06,0.0,0.0,0.03893626982247931
2023-09-11 00:00:00+00:00,-0.00180683481552846,-0.0017951539345817163,-1.1680880946743794e-05,0.0,0.0,0.03893626982247931
2023-09-12 00:00:00+00:00,0.0005764012469337401,0.0005840440473371945,-7.642800403454463e-06,0.0,0.0,0.03893626982247931
2023-09-13 00:00:00+00:00,0.0022264138466975623,0.0022377166564643298,-1.130280976676752e-05,0.0,0.0,0.03893626982247931
2023-09-14 00:00:00+00:00,0.001803948488456266,0.0018507136572903696,7.987593974006568e-06,0.0782182325830145,5.475276280811015e-05,0.1171545024054938
2023-09-15 00:00:00+00:00,0.0027107567882571413,0.0027405275046359133,-2.9770716378772056e-05,0.0,0.0,0.1171545024054938
2023-09-16 00:00:00+00:00,6.507414661586918e-05,9.827397528005004e-05,-3.319982866418086e-05,0.0,0.0,0.1171545024054938
2023-09-17 00:00:00+00:00,-0.002927623671551528,-0.0028983420752202987,-2.928159633122912e-05,0.0,0.0,0.1171545024054938
2023-09-18 00:00:00+00:00,0.005297920080336925,0.005330214890470023,-3.229481013309842e-05,0.0,0.0,0.1171545024054938
2023-09-19 00:00:00+00:00,0.004156287040209403,0.0041764048113624745,-2.0117771153071396e-05,0.0,0.0,0.1171545024054938
2023-09-20 00:00:00+00:00,-0.0002621058596210622,-0.00023235447373518708,-2.975138588587515e-05,0.0,0.0,0.1171545024054938
2023-09-21 00:00:00+00:00,-0.004289864166779695,-0.004150806676193835,1.9818803289643342e-05,0.2269661341078616,0.0001588762938755031,0.1098116317023678
2023-09-22 00:00:00+00:00,0.005125747754978499,0.0051018554892108565,2.3892265767642676e-05,0.0,0.0,0.1098116317023678
2023-09-23 00:00:00+00:00,-0.004519175711953949,-0.0045467351371622925,2.7559425208343245e-05,0.0,0.0,0.1098116317023678
2023-09-24 00:00:00+00:00,0.0030193497268022193,0.0029987034928676986,2.064623393452068e-05,0.0,0.0,0.1098116317023678
2023-09-25 00:00:00+00:00,0.003961322977373551,0.0039253739435031465,3.594903387040414e-05,0.0,0.0,0.1098116317023678
2023-09-26 00:00:00+00:00,-0.0019063381948100663,-0.001946290960772339,3.995276596227248e-05,0.0,0.0,0.1098116317023678
2023-09-27 00:00:00+00:00,0.0030492573836986667,0.0030160360707597493,3.322131293891733e-05,0.0,0.0,0.1098116317023678
2023-09-28 00:00:00+00:00,0.0008004338795801092,0.0008403496280303034,3.695239374146322e-05,0.1098116317023678,7.686814219165745e-05,0.09471208555949102
2023-09-29 00:00:00+00:00,-0.0007206469962398579,-0.0007605264669855371,3.987947074567929e-05,0.0,0.0,0.09471208555949102
2023-09-30 00:00:00+00:00,-0.00016544442151356808,-0.00019811109338346432,3.2666671869896255e-05,0.0,0.0,0.09471208555949102
2023-10-01 00:00:00+00:00,0.002395811263398089,0.00235659383013047,3.921743326761845e-05,0.0,0.0,0.09471208555949102
2023-10-02 00:00:00+00:00,-0.007070901329638496,-0.007105759639168239,3.485830952974288e-05,0.0,0.0,0.09471208555949102
2023-10-03 00:00:00+00:00,-0.0034649736668444127,-0.0035053465875558567,4.0372920711444245e-05,0.0,0.0,0.09471208555949102
2023-10-04 00:00:00+00:00,0.001971539179761145,0.0019452371600408463,2.6302019720298457e-05,0.0,0.0,0.09471208555949102
2023-10-05 00:00:00+00:00,-0.0022950440094706122,-0.0021885826830349868,3.362233542645924e-05,0.20011951694583552,0.00014008366186208485,0.10540743138634451
2023-10-06 00:00:00+00:00,0.003383581823001858,0.0033940830383537225,-1.0501215351864576e-05,0.0,0.0,0.10540743138634451
2023-10-07 00:00:00+00:00,-0.0014232521195930855,-0.0014313105177225715,8.058398129486035e-06,0.0,0.0,0.10540743138634451
2023-10-08 00:00:00+00:00,0.0003927134346231982,0.0003885018807021568,4.211553921041396e-06,0.0,0.0,0.10540743138634451
2023-10-09 00:00:00+00:00,-0.006261835058302894,-0.006284701619430691,2.2866561127796647e-05,0.0,0.0,0.10540743138634451
2023-10-10 00:00:00+00:00,-0.0014688807395880031,-0.0014946923843487342,2.581164476073111e-05,0.0,0.0,0.10540743138634451
2023-10-11 00:00:00+00:00,-0.0010486521233447148,-0.001049839538059282,1.1874147145671704e-06,0.0,0.0,0.10540743138634451
2023-10-12 00:00:00+00:00,-0.0025850626794594153,-0.002477603511282267,-1.6488993878575538e-05,0.12995739185510352,9.097017429857246e-05,0.12995739185510352
2023-10-13 00:00:00+00:00,0.0024598117651272716,0.0024666611694649948,-6.849404337723236e-06,0.0,0.0,0.12995739185510352
2023-10-14 00:00:00+00:00,0.0010465929816414565,0.0010299454397448178,1.6647541896638763e-05,0.0,0.0,0.12995739185510352
2023-10-15 00:00:00+00:00,-0.0005151093934400763,-0.0005027972301357239,-1.2312163304352508e-05,0.0,0.0,0.12995739185510352
2023-10-16 00:00:00+00:00,0.006842565941588779,0.0068352584374447665,7.3075041440124706e-06,0.0,0.0,0.12995739185510352
2023-10-17 00:00:00+00:00,-0.0022275541281605027,-0.0022221641453333122,-5.389982827190418e-06,0.0,0.0,0.12995739185510352
2023-10-18 00:00:00+00:00,-0.002029476768010655,-0.002009458131369295,-2.0018636641360144e-05,0.0,0.0,0.12995739185510352
2023-10-19 00:00:00+00:00,0.0038464487736647227,0.003878543436273175,1.653556410224689e-05,0.06947175244385584,4.863022671069909e-05,0.06048563941124768
2023-10-20 00:00:00+00:00,0.005139447431334095,0.005101783628529106,3.7663802804989825e-05,0.0,0.0,0.06048563941124768
2023-10-21 00:00:00+00:00,0.005162220896519237,0.005155051533679822,7.1693628394151875e-06,0.0,0.0,0.06048563941124768
2023-10-22 00:00:00+00:00,-0.0005765329765598572,-0.0005819101499035172,5.377173343659919e-06,0.0,0.0,0.06048563941124768
2023-10-23 00:00:00+00:00,0.00598300048186288,0.005983973695801007,-9.732139381269751e-07,0.0,0.0,0.06048563941124768
2023-10-24 00:00:00+00:00,-0.0033266354659010886,-0.003308489774077714,-1.8145691823374308e-05,0.0,0.0,0.06048563941124768
2023-10-25 00:00:00+00:00,0.004570876524343182,0.004589022216166557,-1.8145691823374308e-05,0.0,0.0,0.06048563941124768
2023-10-26 00:00:00+00:00,0.0016219726316056625,0.0017334440997309245,-2.285100469645899e-05,0.12660066204114712,8.862046342880298e-05,0.06611502262989942
2023-10-27 00:00:00+00:00,-0.002399445297557784,-0.0023748038980485075,-2.4641399509276664e-05,0.0,0.0,0.06611502262989942
2023-10-28 00:00:00+00:00,-0.0013899361972514112,-0.001351763036060473,-3.817316119093818e-05,0.0,0.0,0.06611502262989942
2023-10-29 00:00:00+00:00,0.0006181769679899308,0.0006472480740154108,-2.9071106025479927e-05,0.0,0.0,0.06611502262989942
2023-10-30 00:00:00+00:00,0.0010933715431568384,0.001128545065771058,-3.5173522614219645e-05,0.0,0.0,0.06611502262989942
2023-10-31 00:00:00+00:00,-0.00036032347850935054,-0.0003383812247989395,-2.194225371041102e-05,0.0,0.0,0.06611502262989942
2023-11-01 00:00:00+00:00,0.0019934078818046536,0.0020177021774451234,-2.4294295640469694e-05,0.0,0.0,0.06611502262989942
2023-11-02 00:00:00+00:00,-0.003657794024673582,-0.0035570462736219657,-5.238971480807483e-05,0.06908290891934546,4.835803624354182e-05,0.06908290891934546
2023-11-03 00:00:00+00:00,-0.0010828873520985901,-0.0010588907128563662,-2.399663924222384e-05,0.0,0.0,0.06908290891934546
2023-11-04 00:00:00+00:00,0.0037432097496445443,0.0037810005187252386,-3.7790769080694145e-05,0.0,0.0,0.06908290891934546
2023-11-05 00:00:00+00:00,-0.0008793039838401691,-0.0008518006961411993,-2.7503287698969815e-05,0.0,0.0,0.06908290891934546
2023-11-06 00:00:00+00:00,0.0034370997167516406,0.0034930351118600007,-5.5935395108360226e-05,0.0,0.0,0.06908290891934546
2023-11-07 00:00:00+00:00,-0.0006234861302390224,-0.000560031405909336,-6.345472432968639e-05,0.0,0.0,0.06908290891934546
2023-11-08 00:00:00+00:00,0.0006349049653404858,0.0006841248108727965,-4.921984553231066e-05,0.0,0.0,0.06908290891934546
2023-11-09 00:00:00+00:00,0.0011881938698967223,0.0013773178213260513,-8.391967222114526e-05,0.1502918274402625,0.00010520427920818376,0.08120891852091705
2023-11-10 00:00:00+00:00,0.00468114610704429,0.00473430830742023,-5.3162200375940534e-05,0.0,0.0,0.08120891852091705
2023-11-11 00:00:00+00:00,0.001498940894508328,0.0015755351162342938,-7.659422172596594e-05,0.0,0.0,0.08120891852091705
2023-11-12 00:00:00+00:00,-0.001640940919091228,-0.0015941406253922163,-4.680029369901189e-05,0.0,0.0,0.08120891852091705
2023-11-13 00:00:00+00:00,-0.007959460263604879,-0.007909535456765775,-4.992480683910417e-05,0.0,0.0,0.08120891852091705
2023-11-14 00:00:00+00:00,0.0005332111113267565,0.0005805680921622293,-4.735698083547278e-05,0.0,0.0,0.08120891852091705
2023-11-15 00:00:00+00:00,0.005040633367735228,0.005081507846649768,-4.0874478914540575e-05,0.0,0.0,0.08120891852091705
2023-11-16 00:00:00+00:00,-0.0022964035850035398,-0.002145584515555753,-4.984391768922457e-05,0.1442502167979463,0.00010097515175856241,0.06304129827702926
2023-11-17 00:00:00+00:00,0.0006448220393731938,0.0006637344288563026,-1.8912389483108777e-05,0.0,0.0,0.06304129827702926
2023-11-18 00:00:00+00:00,0.00012787048929518153,0.0001467828787782903,-1.8912389483108777e-05,0.0,0.0,0.06304129827702926
2023-11-19 00:00:00+00:00,0.0025710390852441904,0.002589951474727299,-1.8912389483108777e-05,0.0,0.0,0.06304129827702926
2023-11-20 00:00:00+00:00,-0.005109754290374325,-0.005090841900891216,-1.8912389483108777e-05,0.0,0.0,0.06304129827702926
2023-11-21 00:00:00+00:00,-0.005515525418393263,-0.005496613028910155,-1.8912389483108777e-05,0.0,0.0,0.06304129827702926
2023-11-22 00:00:00+00:00,0.006491167191029264,0.006510079580512373,-1.8912389483108777e-05,0.0,0.0,0.06304129827702926
2023-11-23 00:00:00+00:00,-0.0018539997527468129,-0.0017919731398858174,-1.789770406707505e-05,0.06304129827702926,4.412890879392048e-05,0.05965901355691682
2023-11-24 00:00:00+00:00,0.001577740410646329,0.001595638114713404,-1.789770406707505e-05,0.0,0.0,0.05965901355691682
2023-11-25 00:00:00+00:00,0.003764813761383775,0.0037827114654508504,-1.789770406707505e-05,0.0,0.0,0.05965901355691682
2023-11-26 00:00:00+00:00,-0.0012379902599159694,-0.0012178666780530859,-2.0123581862883617e-05,0.0,0.0,0.05965901355691682
2023-11-27 00:00:00+00:00,-0.002750379651960116,-0.0027324819478930407,-1.789770406707505e-05,0.0,0.0,0.05965901355691682
2023-11-28 00:00:00+00:00,0.0006184901358137018,0.0006363878398807769,-1.789770406707505e-05,0.0,0.0,0.05965901355691682
2023-11-29 00:00:00+00:00,-0.0015185990110579979,-0.0015007013069909228,-1.789770406707505e-05,0.0,0.0,0.05965901355691682
2023-11-30 00:00:00+00:00,-0.002142196544301561,-0.002019313903717087,-2.5627192980914818e-05,0.13893635371937063,9.725544760355944e-05,0.0792773401624538
2023-12-01 00:00:00+00:00,0.0005756440802858573,0.0005994272823345935,-2.3783202048736143e-05,0.0,0.0,0.0792773401624538
2023-12-02 00:00:00+00:00,0.0013970946075874163,0.0014219849176915211,-2.489031010410481e-05,0.0,0.0,0.0792773401624538
2023-12-03 00:00:00+00:00,-0.0014982219974661634,-0.001463441046403391,-3.4780951062772545e-05,0.0,0.0,0.0792773401624538
2023-12-04 00:00:00+00:00,0.000818911703411824,0.0008708966300632506,-5.198492665142665e-05,0.0,0.0,0.0792773401624538
2023-12-05 00:00:00+00:00,0.004034480063017557,0.0040784722482338056,-4.399218521624805e-05,0.0,0.0,0.0792773401624538
2023-12-06 00:00:00+00:00,-0.003623199648729074,-0.0035669817084996733,-5.621794022940087e-05,0.0,0.0,0.0792773401624538
2023-12-07 00:00:00+00:00,0.0007937673488358376,0.0009275702116174945,-3.5361846202010544e-05,0.14063002368520922,9.844101657964644e-05,0.06135268352275543
2023-12-08 00:00:00+00:00,0.005855858892546639,0.005915345840963468,-5.948694841682843e-05,0.0,0.0,0.06135268352275543
2023-12-09 00:00:00+00:00,0.0005446321867151916,0.0006423001371419012,-9.76679504267096e-05,0.0,0.0,0.06135268352275543
2023-12-10 00:00:00+00:00,0.0064749059322900355,0.006502843797022375,-2.7937864732339527e-05,0.0,0.0,0.06135268352275543
2023-12-11 00:00:00+00:00,-0.00301112216208589,-0.0029743522717970323,-3.6769890288857786e-05,0.0,0.0,0.06135268352275543
2023-12-12 00:00:00+00:00,-0.0007951480293205791,-0.0007702271828004711,-2.492084652010803e-05,0.0,0.0,0.06135268352275543
2023-12-13 00:00:00+00:00,0.001629213882135433,0.001649057180567198,-1.984329843176479e-05,0.0,0.0,0.06135268352275543
2023-12-14 00:00:00+00:00,-0.0011751830567523231,-0.001097121822340231,-2.7184282317657685e-05,0.07268136013490638,5.0876952094434466e-05,0.07268136013490638
2023-12-15 00:00:00+00:00,-0.0020226194092203545,-0.0019887437174818767,-3.3875691738477835e-05,0.0,0.0,0.07268136013490638
2023-12-16 00:00:00+00:00,0.002666817501835229,0.002697934935956587,-3.1117434121358145e-05,0.0,0.0,0.07268136013490638
2023-12-17 00:00:00+00:00,-0.003015053104243148,-0.0029916002829548163,-2.345282128833159e-05,0.0,0.0,0.07268136013490638
2023-12-18 00:00:00+00:00,0.0017534056965224892,0.0017752602547014542,-2.1854558178965e-05,0.0,0.0,0.07268136013490638
2023-12-19 00:00:00+00:00,-0.0028234272519282247,-0.002801622843887753,-2.1804408040471915e-05,0.0,0.0,0.07268136013490638
2023-12-20 00:00:00+00:00,0.004266898783227214,0.004293876650482089,-2.6977867254874553e-05,0.0,0.0,0.07268136013490638
2023-12-21 00:00:00+00:00,0.00186258733951751,0.0019739120189360094,-6.044772732406504e-05,0.07268136013490638,5.0876952094434466e-05,0.058072280682737655
2023-12-22 00:00:00+00:00,0.000878426229646719,0.000942230244432843,-6.380401478612386e-05,0.0,0.0,0.058072280682737655
2023-12-23 00:00:00+00:00,-0.000123666469512891,-8.581815093932016e-05,-3.784831857357085e-05,0.0,0.0,0.058072280682737655
2023-12-24 00:00:00+00:00,-0.00109785245801767,-0.0010292934848892437,-6.855897312842642e-05,0.0,0.0,0.058072280682737655
2023-12-25 00:00:00+00:00,0.0036913197625092907,0.0037527619776400478,-6.144221513075692e-05,0.0,0.0,0.058072280682737655
2023-12-26 00:00:00+00:00,-0.002976284994538509,-0.002912478076138351,-6.3806918400158e-05,0.0,0.0,0.058072280682737655
2023-12-27 00:00:00+00:00,-0.0018231859578300362,-0.0017769191910872923,-4.6266766742743916e-05,0.0,0.0,0.058072280682737655
2023-12-28 00:00:00+00:00,-0.0044773749790051436,-0.004271928124442576,-0.00011852513480947621,0.12417388536155824,8.692171975309076e-05,0.06610160467882058
2023-12-29 00:00:00+00:00,0.00012145501520929465,0.00020553162924842692,-8.407661403913227e-05,0.0,0.0,0.06610160467882058
2023-12-30 00:00:00+00:00,-0.0008891676566503043,-0.0008147812073490637,-7.438644930124056e-05,0.0,0.0,0.06610160467882058
2023-12-31 00:00:00+00:00,-0.0003774577670344946,-0.00028908884529554315,-8.836892173895149e-05,0.0,0.0,0.06610160467882058
2024-01-01 00:00:00+00:00,0.003912394795147111,0.003991048764046416,-7.86539688993052e-05,0.0,0.0,0.06610160467882058
2024-01-02 00:00:00+00:00,1.3246617054734201e-05,0.00014506214050093408,-0.00013181552344619988,0.0,0.0,0.06610160467882058
2024-01-03 00:00:00+00:00,-0.003907407675911783,-0.003875524558419024,-3.188311749275892e-05,0.0,0.0,0.06610160467882058
2024-01-04 00:00:00+00:00,0.001529934249254199,0.0015953776244609617,-1.9172251931588173e-05,0.06610160467882058,4.62711232751744e-05,0.06390750643862723
2024-01-05 00:00:00+00:00,-0.0012513167035107544,-0.0012321444515791661,-1.9172251931588173e-05,0.0,0.0,0.06390750643862723
2024-01-06 00:00:00+00:00,-0.0031329269463523444,-0.0031137546944207564,-1.9172251931588173e-05,0.0,0.0,0.06390750643862723
2024-01-07 00:00:00+00:00,-0.0036344714637540883,-0.0036152992118225003,-1.9172251931588173e-05,0.0,0.0,0.06390750643862723
2024-01-08 00:00:00+00:00,0.004409618938470423,0.004428791190402011,-1.9172251931588173e-05,0.0,0.0,0.06390750643862723
2024-01-09 00:00:00+00:00,-0.004182539878314633,-0.004163367626383045,-1.9172251931588173e-05,0.0,0.0,0.06390750643862723
2024-01-10 00:00:00+00:00,0.005530428844219876,0.005549601096151464,-1.9172251931588173e-05,0.0,0.0,0.06390750643862723
2024-01-11 00:00:00+00:00,0.015235954342579301,0.015308860686883237,-2.187190329118033e-05,0.07290634430393443,5.10344410127541e-05,0.07290634430393443
2024-01-12 00:00:00+00:00,0.0017654723130454647,0.001787344216336645,-2.187190329118033e-05,0.0,0.0,0.07290634430393443
2024-01-13 00:00:00+00:00,0.0032015860635978,0.0032234579668889802,-2.187190329118033e-05,0.0,0.0,0.07290634430393443
2024-01-14 00:00:00+00:00,-0.0037665716807046504,-0.00374469977741347,-2.187190329118033e-05,0.0,0.0,0.07290634430393443
2024-01-15 00:00:00+00:00,0.0038154954758154373,0.0038373673791066176,-2.187190329118033e-05,0.0,0.0,0.07290634430393443
2024-01-16 00:00:00+00:00,-0.0019755135876800478,-0.0019536416843888675,-2.187190329118033e-05,0.0,0.0,0.07290634430393443
2024-01-17 00:00:00+00:00,-0.000815354918402308,-0.0007934830151111276,-2.187190329118033e-05,0.0,0.0,0.07290634430393443
2024-01-18 00:00:00+00:00,-0.005129411948458607,-0.005102435141490811,-1.8043225533718843e-05,0.012762259191538297,8.933581434076808e-06,0.060144085112396134
2024-01-19 00:00:00+00:00,0.0012053251960616157,0.0012233684215953344,-1.8043225533718843e-05,0.0,0.0,0.060144085112396134
2024-01-20 00:00:00+00:00,-0.002371410242816129,-0.00235336701728241,-1.8043225533718843e-05,0.0,0.0,0.060144085112396134
2024-01-21 00:00:00+00:00,-0.0013818970668418814,-0.0013638538413081626,-1.8043225533718843e-05,0.0,0.0,0.060144085112396134
2024-01-22 00:00:00+00:00,-0.00157911633095105,-0.0015610731054173312,-1.8043225533718843e-05,0.0,0.0,0.060144085112396134
2024-01-23 00:00:00+00:00,0.0033434491648555295,0.0033614923903892485,-1.8043225533718843e-05,0.0,0.0,0.060144085112396134
2024-01-24 00:00:00+00:00,0.002503142704140444,0.002521185929674163,-1.8043225533718843e-05,0.0,0.0,0.060144085112396134
2024-01-25 00:00:00+00:00,-0.003396179197035706,-0.003337865441471398,-1.6212895985630853e-05,0.060144085112396134,4.2100859578677294e-05,0.05404298661876951
2024-01-26 00:00:00+00:00,0.008479257083332916,0.008495469979318547,-1.6212895985630853e-05,0.0,0.0,0.05404298661876951
2024-01-27 00:00:00+00:00,-0.0014252310796611664,-0.0014090181836755357,-1.6212895985630853e-05,0.0,0.0,0.05404298661876951
2024-01-28 00:00:00+00:00,-0.0019336031183587296,-0.0019173902223730988,-1.6212895985630853e-05,0.0,0.0,0.05404298661876951
2024-01-29 00:00:00+00:00,0.00521297611689796,0.005229189012883591,-1.6212895985630853e-05,0.0,0.0,0.05404298661876951
2024-01-30 00:00:00+00:00,-0.0007532420477320117,-0.0007370291517463808,-1.6212895985630853e-05,0.0,0.0,0.05404298661876951
2024-01-31 00:00:00+00:00,0.00015428078355619296,0.00017049367954182382,-1.6212895985630853e-05,0.0,0.0,0.05404298661876951
2024-02-01 00:00:00+00:00,-3.7823101111432744e-05,-2.4662292869836945e-05,-1.2704373433757435e-05,0.0006520497254833835,4.564348078383684e-07,0.053390936893286126
2024-02-02 00:00:00+00:00,-0.001327753692982412,-0.0013120943981462956,-1.5659294836116357e-05,0.0,0.0,0.053390936893286126
2024-02-03 00:00:00+00:00,-0.0009604983960483806,-0.0009472008493057387,-1.3297546742641844e-05,0.0,0.0,0.053390936893286126
2024-02-04 00:00:00+00:00,-0.0021179035845840573,-0.0021018863035160715,-1.601728106798584e-05,0.0,0.0,0.053390936893286126
2024-02-05 00:00:00+00:00,0.0020993615397053352,0.002115378820773321,-1.601728106798584e-05,0.0,0.0,0.053390936893286126
2024-02-06 00:00:00+00:00,-0.000975380362151452,-0.0009593630810834662,-1.601728106798584e-05,0.0,0.0,0.053390936893286126
2024-02-07 00:00:00+00:00,0.0009197792375081914,0.0009311803381723837,-1.140110066419232e-05,0.0,0.0,0.053390936893286126
2024-02-08 00:00:00+00:00,-0.0015200323765389323,-0.001461695931700072,-9.354795320211655e-06,0.06997378502664113,4.898164951864879e-05,0.06997378502664113
2024-02-09 00:00:00+00:00,0.005915628106718984,0.005930207844567136,-1.4579737848150946e-05,0.0,0.0,0.06997378502664113
2024-02-10 00:00:00+00:00,0.0005249703853365385,0.0005459625208445309,-2.099213550799234e-05,0.0,0.0,0.06997378502664113
2024-02-11 00:00:00+00:00,0.0012028071925635096,0.0012237993280715018,-2.099213550799234e-05,0.0,0.0,0.06997378502664113
2024-02-12 00:00:00+00:00,0.001930061026872954,0.0019510531623809463,-2.099213550799234e-05,0.0,0.0,0.06997378502664113
2024-02-13 00:00:00+00:00,0.0008484287062535814,0.0008694208417615737,-2.099213550799234e-05,0.0,0.0,0.06997378502664113
2024-02-14 00:00:00+00:00,0.0016029655821810866,0.0016239577176890788,-2.099213550799234e-05,0.0,0.0,0.06997378502664113
2024-02-15 00:00:00+00:00,0.004295875086719603,0.004535127892359712,-0.00012745466350955548,0.159711631615077,0.00011179814213055391,0.08973784658843588
2024-02-16 00:00:00+00:00,0.00999442143469386,0.010143337801593506,-0.0001489163668996458,0.0,0.0,0.08973784658843588
2024-02-17 00:00:00+00:00,0.0029165893008122326,0.0030102774074074914,-9.368810659525883e-05,0.0,0.0,0.08973784658843588
2024-02-18 00:00:00+00:00,0.012901486544666704,0.01300950174715904,-0.00010801520249233555,0.0,0.0,0.08973784658843588
2024-02-19 00:00:00+00:00,0.013321090977057333,0.013426825492178624,-0.00010573451512129046,0.0,0.0,0.08973784658843588
2024-02-20 00:00:00+00:00,-0.006959533355017302,-0.006820613335538375,-0.000138920019478927,0.0,0.0,0.08973784658843588
2024-02-21 00:00:00+00:00,0.001241731792470094,0.001321760452746894,-8.002866027680006e-05,0.0,0.0,0.08973784658843588
2024-02-22 00:00:00+00:00,0.007320419754225907,0.0074399733613193676,-5.673711448155462e-05,0.08973784658843588,6.281649261190511e-05,0.046860357030282074
2024-02-23 00:00:00+00:00,-0.0011211374531497943,-0.0010378424656231125,-8.329498752668185e-05,0.0,0.0,0.046860357030282074
2024-02-24 00:00:00+00:00,0.00014629976966375075,0.0002118899770972514,-6.559020743350066e-05,0.0,0.0,0.046860357030282074
2024-02-25 00:00:00+00:00,0.001111195566531993,0.0012251273868815029,-0.00011393182034950995,0.0,0.0,0.046860357030282074
2024-02-26 00:00:00+00:00,-0.0011383118375992852,-0.0010449226605647103,-9.33891770345749e-05,0.0,0.0,0.046860357030282074
2024-02-27 00:00:00+00:00,-0.0018097467671418582,-0.0016735848620207526,-0.00013616190512110547,0.0,0.0,0.046860357030282074
2024-02-28 00:00:00+00:00,0.00047615113340743925,0.0005939372181226899,-0.00011778608471525067,0.0,0.0,0.046860357030282074
2024-02-29 00:00:00+00:00,-0.004445098608233947,-0.004297016749707045,-0.00011527960860570387,0.046860357030282074,3.2802249921197454e-05,0.039628876309119994
2024-03-01 00:00:00+00:00,0.010617839800195254,0.010734732898499884,-0.0001168930983046297,0.0,0.0,0.039628876309119994
2024-03-02 00:00:00+00:00,0.0010927809357177674,0.0012389397610323006,-0.00014615882531453326,0.0,0.0,0.039628876309119994
2024-03-03 00:00:00+00:00,0.007508367724971028,0.0076525581839992874,-0.00014419045902825926,0.0,0.0,0.039628876309119994
2024-03-04 00:00:00+00:00,0.0021963266686351583,0.0023195885236514265,-0.00012326185501626837,0.0,0.0,0.039628876309119994
2024-03-05 00:00:00+00:00,-0.004760886212354699,-0.004596071895373265,-0.00016481431698143304,0.0,0.0,0.039628876309119994
2024-03-06 00:00:00+00:00,0.005535070556361879,0.005614578565334011,-7.950800897213209e-05,0.0,0.0,0.039628876309119994
2024-03-07 00:00:00+00:00,-0.0016955872662314836,-0.0016142062723145613,-5.3640780500538326e-05,0.039628876309119994,2.7740213416383997e-05,0.029942828395334655
2024-03-08 00:00:00+00:00,0.006516024483983546,0.006591626233114075,-7.560174913052862e-05,0.0,0.0,0.029942828395334655
2024-03-09 00:00:00+00:00,-0.0005780250563126416,-0.0005121169984468187,-6.590805786582297e-05,0.0,0.0,0.029942828395334655
2024-03-10 00:00:00+00:00,-0.00136027459160535,-0.0012857299740313187,-7.454461757403133e-05,0.0,0.0,0.029942828395334655
2024-03-11 00:00:00+00:00,0.0012773182175339014,0.0013380826963379738,-6.076447880407239e-05,0.0,0.0,0.029942828395334655
2024-03-12 00:00:00+00:00,-0.002040285785828248,-0.0019887522318760317,-5.153355395221664e-05,0.0,0.0,0.029942828395334655
2024-03-13 00:00:00+00:00,0.0011950052196555466,0.001268040568964311,-7.303534930876447e-05,0.0,0.0,0.029942828395334655
2024-03-14 00:00:00+00:00,0.0014555298693633722,0.0015546196445691263,-9.809123692850648e-05,0.0014264832532107155,9.985382772475008e-07,0.02851634514212394
2024-03-15 00:00:00+00:00,-0.0025354095440013867,-0.002505232121754734,-3.017742224665266e-05,0.0,0.0,0.02851634514212394
2024-03-16 00:00:00+00:00,-0.004557873359756417,-0.004531769354831591,-2.6104004924825965e-05,0.0,0.0,0.02851634514212394
2024-03-17 00:00:00+00:00,0.003092816186438833,0.00311710355759638,-2.428737115754696e-05,0.0,0.0,0.02851634514212394
2024-03-18 00:00:00+00:00,-0.0031967494424132974,-0.0031805129483980007,-1.623649401529682e-05,0.0,0.0,0.02851634514212394
2024-03-19 00:00:00+00:00,-0.0015191509017336378,-0.0014923542347853097,-2.6796666948328155e-05,0.0,0.0,0.02851634514212394
2024-03-20 00:00:00+00:00,0.005481767398922945,0.0054974503906790335,-1.5682991756088193e-05,0.0,0.0,0.02851634514212394
2024-03-21 00:00:00+00:00,-0.0027523491748615613,-0.002657818507570871,-3.586327504360676e-05,0.08381056035297633,5.866739224708343e-05,0.0552942152108524
2024-03-22 00:00:00+00:00,-0.0009550157663834105,-0.0009261145859770022,-2.890118040640833e-05,0.0,0.0,0.0552942152108524
2024-03-23 00:00:00+00:00,0.0032226266903117038,0.003247419510527946,-2.4792820216242e-05,0.0,0.0,0.0552942152108524
2024-03-24 00:00:00+00:00,0.0014564409979598647,0.0014822266258102176,-2.5785627850352855e-05,0.0,0.0,0.0552942152108524
2024-03-25 00:00:00+00:00,0.0028934215633397023,0.002927669141414848,-3.424757807514565e-05,0.0,0.0,0.0552942152108524
2024-03-26 00:00:00+00:00,0.0002865386388306451,0.0003349155477186199,-4.837690888797477e-05,0.0,0.0,0.0552942152108524
2024-03-27 00:00:00+00:00,-0.001815662660363848,-0.0017522816661784085,-6.338099418543956e-05,0.0,0.0,0.0552942152108524
2024-03-28 00:00:00+00:00,0.0007628658319996291,0.000952007779952354,-0.00010614126125650756,0.11857240956602495,8.300068669621747e-05,0.06327819435517255
2024-03-29 00:00:00+00:00,-0.0032451612807571613,-0.00309383211173871,-0.0001513291690184516,0.0,0.0,0.06327819435517255
2024-03-30 00:00:00+00:00,0.00014398850465220298,0.0003177187872543292,-0.00017373028260212622,0.0,0.0,0.06327819435517255
2024-03-31 00:00:00+00:00,0.003194346360262175,0.0033774573187864837,-0.00018311095852430878,0.0,0.0,0.06327819435517255
2024-04-01 00:00:00+00:00,-0.0021332581957315016,-0.002041620929403143,-9.163726632835846e-05,0.0,0.0,0.06327819435517255
2024-04-02 00:00:00+00:00,-0.007160749993938109,-0.007099541312929322,-6.120868100878664e-05,0.0,0.0,0.06327819435517255
2024-04-03 00:00:00+00:00,-0.000978271733020279,-0.0009301958084679649,-4.8075924552314126e-05,0.0,0.0,0.06327819435517255
2024-04-04 00:00:00+00:00,0.0037761579925950795,0.003858726077874846,-1.6328879744794195e-05,0.09462743647853192,6.623920553497234e-05,0.03134924212335937
2024-04-05 00:00:00+00:00,-0.00039839824574417127,-0.0003868824151425764,-1.1515830601594832e-05,0.0,0.0,0.03134924212335937
2024-04-06 00:00:00+00:00,0.001728865618594697,0.0017388976895665932,-1.0032070971896234e-05,0.0,0.0,0.03134924212335937
2024-04-07 00:00:00+00:00,-0.00042478200502302595,-0.0004153772323860181,-9.404772637007813e-06,0.0,0.0,0.03134924212335937
2024-04-08 00:00:00+00:00,-0.00017046577078953942,-0.0001610609981525316,-9.404772637007813e-06,0.0,0.0,0.03134924212335937
2024-04-09 00:00:00+00:00,-0.0004513903610960976,-0.00044198558845908977,-9.404772637007813e-06,0.0,0.0,0.03134924212335937
2024-04-10 00:00:00+00:00,-0.0019715294261730427,-0.0020176109311398536,4.608150496681087e-05,0.0,0.0,0.03134924212335937
2024-04-11 00:00:00+00:00,-0.00124305217219052,-0.001213705309478403,1.107868821566457e-06,0.04350675933383368,3.0454731533683578e-05,0.07485600145719305
2024-04-12 00:00:00+00:00,-0.005539472911360907,-0.005538801453027836,-6.714583330710224e-07,0.0,0.0,0.07485600145719305
2024-04-13 00:00:00+00:00,-0.006317808646561592,-0.006385742339284031,6.793369272243912e-05,0.0,0.0,0.07485600145719305
2024-04-14 00:00:00+00:00,0.004523227019842671,0.004428228765513377,9.499825432929456e-05,0.0,0.0,0.07485600145719305
2024-04-15 00:00:00+00:00,-0.0020629867799398286,-0.0021600360887090502,9.704930876922166e-05,0.0,0.0,0.07485600145719305
2024-04-16 00:00:00+00:00,-0.0024584971228418587,-0.002575420325717958,0.00011692320287609912,0.0,0.0,0.07485600145719305
2024-04-17 00:00:00+00:00,-0.001954438739722426,-0.0019995971197215067,4.515837999908086e-05,0.0,0.0,0.07485600145719305
2024-04-18 00:00:00+00:00,0.0069627854520271865,0.00686556459930092,0.00016324645743066307,0.0943222924348529,6.602560470439704e-05,0.019466290977659853
2024-04-19 00:00:00+00:00,0.0003439230119679248,0.00022908221233394985,0.00011484079963397497,0.0,0.0,0.019466290977659853
2024-04-20 00:00:00+00:00,-0.0003780536230456059,-0.0004809894231063734,0.00010293580006076753,0.0,0.0,0.019466290977659853
2024-04-21 00:00:00+00:00,0.002841291715325337,0.002730543703369415,0.00011074801195592199,0.0,0.0,0.019466290977659853
2024-04-22 00:00:00+00:00,0.0003227288092280119,0.00026222251563379087,6.050629359422101e-05,0.0,0.0,0.019466290977659853
2024-04-23 00:00:00+00:00,-0.0014492119921188436,-0.0016144778825755292,0.00016526589045668552,0.0,0.0,0.019466290977659853
2024-04-24 00:00:00+00:00,0.0001297260268362813,-0.00013734097358008394,0.00026706700041636525,0.0,0.0,0.019466290977659853
2024-04-25 00:00:00+00:00,-0.00121008504140972,-0.001411059454123416,0.00022080663817166082,0.028331750654235037,1.9832225457964526e-05,0.04779804163189489
2024-04-26 00:00:00+00:00,-0.0018295141749451837,-0.0018597794169260833,3.0265241980899527e-05,0.0,0.0,0.04779804163189489
2024-04-27 00:00:00+00:00,-0.0014437975549519276,-0.0014443006293401034,5.030743881756943e-07,0.0,0.0,0.04779804163189489
2024-04-28 00:00:00+00:00,0.0016739258077500727,0.0016596301304685973,1.4295677281475282e-05,0.0,0.0,0.04779804163189489
2024-04-29 00:00:00+00:00,0.0009345235489245492,0.000946402796211324,-1.1879247286774839e-05,0.0,0.0,0.04779804163189489
2024-04-30 00:00:00+00:00,-0.0035382958149294697,-0.0035254943044294076,-1.280151050006225e-05,0.0,0.0,0.04779804163189489
2024-05-01 00:00:00+00:00,-0.0006132822084996634,-0.0005994496942416012,-1.3832514258062223e-05,0.0,0.0,0.04779804163189489
2024-05-02 00:00:00+00:00,0.0006622426899563328,0.000706301133043699,-1.0599813945039743e-05,0.04779804163189489,3.345862914232642e-05,0.04231209286884915
2024-05-03 00:00:00+00:00,0.0023874982901738915,0.0023936117529120473,-6.1134627381556696e-06,0.0,0.0,0.04231209286884915
2024-05-04 00:00:00+00:00,0.002415746013058208,0.002405071729829719,1.067428322848892e-05,0.0,0.0,0.04231209286884915
2024-05-05 00:00:00+00:00,0.0008265213576663037,0.0006107899787675111,0.00021573137889879256,0.0,0.0,0.04231209286884915
2024-05-06 00:00:00+00:00,-0.0013605582442541252,-0.0014138139368225734,5.32556925684483e-05,0.0,0.0,0.04231209286884915
2024-05-07 00:00:00+00:00,-0.0017192555690165295,-0.0017302569247228945,1.1001355706365121e-05,0.0,0.0,0.04231209286884915
2024-05-08 00:00:00+00:00,-0.000285156503810363,-0.00027264016361882876,-1.2516340191534268e-05,0.0,0.0,0.04231209286884915
2024-05-09 00:00:00+00:00,0.0031451606879345745,0.0031966101260629924,-1.426846428918872e-05,0.053115676913184376,3.7180973839229065e-05,0.053115676913184376
2024-05-10 00:00:00+00:00,-0.0012238095671944576,-0.0012108785556499428,-1.2931011544514738e-05,0.0,0.0,0.053115676913184376
2024-05-11 00:00:00+00:00,0.001911167214848317,0.0019242934265054877,-1.312621165717069e-05,0.0,0.0,0.053115676913184376
2024-05-12 00:00:00+00:00,0.0014962062617662462,0.0015040421520028638,-7.835890236617526e-06,0.0,0.0,0.053115676913184376
2024-05-13 00:00:00+00:00,0.002151128627623603,0.0021597713449925315,-8.642717368928796e-06,0.0,0.0,0.053115676913184376
2024-05-14 00:00:00+00:00,-0.0023448148294186386,-0.00233847547337905,-6.339356039588555e-06,0.0,0.0,0.053115676913184376
2024-05-15 00:00:00+00:00,0.0015732446011512001,0.0015654235833041184,7.821017847081833e-06,0.0,0.0,0.053115676913184376
2024-05-16 00:00:00+00:00,-0.0017337681619887487,-0.0016684420488769047,-1.700874791973398e-05,0.0690248074173,4.8317365192109997e-05,0.0690248074173
2024-05-17 00:00:00+00:00,0.0005025873857172422,0.0005168838038295134,-1.4296418112271175e-05,0.0,0.0,0.0690248074173
2024-05-18 00:00:00+00:00,-0.002655579712419006,-0.0026437920009323166,-1.1787711486689406e-05,0.0,0.0,0.0690248074173
2024-05-19 00:00:00+00:00,-0.002030762682587282,-0.002018961511263146,-1.180117132413578e-05,0.0,0.0,0.0690248074173
2024-05-20 00:00:00+00:00,0.010861087775207228,0.010875083245159161,-1.3995469951931747e-05,0.0,0.0,0.0690248074173
2024-05-21 00:00:00+00:00,0.005310147164966022,0.005350787936201217,-4.064077123519498e-05,0.0,0.0,0.0690248074173
2024-05-22 00:00:00+00:00,-0.0003961412161612097,-0.0003596491809758315,-3.649203518537816e-05,0.0,0.0,0.0690248074173
2024-05-23 00:00:00+00:00,0.0020561562554251667,0.0021244286687246853,-1.9955048107408564e-05,0.0690248074173,4.8317365192109997e-05,0.05938207117323146
2024-05-24 00:00:00+00:00,-0.0016955908567185777,-0.0016756435282804217,-1.9947328438156047e-05,0.0,0.0,0.05938207117323146
2024-05-25 00:00:00+00:00,0.002092894602626837,0.0021256200620504047,-3.2725459423567856e-05,0.0,0.0,0.05938207117323146
2024-05-26 00:00:00+00:00,0.0015151986918076539,0.0015439336760483806,-2.87349842407267e-05,0.0,0.0,0.05938207117323146
2024-05-27 00:00:00+00:00,0.004875659890149627,0.004903062637623582,-2.7402747473955256e-05,0.0,0.0,0.05938207117323146
2024-05-28 00:00:00+00:00,-0.00019154074766089036,-0.00015630253589562723,-3.5238211765263145e-05,0.0,0.0,0.05938207117323146
2024-05-29 00:00:00+00:00,-0.004159738087228071,-0.004115743692157958,-4.3994395070111986e-05,0.0,0.0,0.05938207117323146
2024-05-30 00:00:00+00:00,0.0001316744969849762,0.00020662518713859455,-3.1951658794870605e-05,0.06142718765535389,4.2999031358747724e-05,0.06142718765535389
2024-05-31 00:00:00+00:00,-0.00016938872468625116,-0.00015005851013892612,-1.933021454732504e-05,0.0,0.0,0.06142718765535389
2024-06-01 00:00:00+00:00,-0.0013699811318055356,-0.0013453687933917267,-2.461233841380892e-05,0.0,0.0,0.06142718765535389
2024-06-02 00:00:00+00:00,-0.001969568006752602,-0.001930858743043766,-3.8709263708836084e-05,0.0,0.0,0.06142718765535389
2024-06-03 00:00:00+00:00,-0.0001650981595703989,-0.00013907361011239342,-2.6024549458005502e-05,0.0,0.0,0.06142718765535389
2024-06-04 00:00:00+00:00,0.006183801421062605,0.006204327008681703,-2.0525587619098228e-05,0.0,0.0,0.06142718765535389
2024-06-05 00:00:00+00:00,-0.0003490672341488639,-0.00032716045621533505,-2.1906777933528857e-05,0.0,0.0,0.06142718765535389
2024-06-06 00:00:00+00:00,-0.002376556783808353,-0.002302929785526674,-2.8298948821532918e-05,0.06475435637163728,4.532804946014609e-05,0.06475435637163728
2024-06-07 00:00:00+00:00,-0.003027873332378819,-0.0029743107951906737,-5.3562537188145346e-05,0.0,0.0,0.06475435637163728
2024-06-08 00:00:00+00:00,-0.000767688674404779,-0.0007472143182354128,-2.0474356169366136e-05,0.0,0.0,0.06475435637163728
2024-06-09 00:00:00+00:00,0.00020539746649275037,0.00022482377340424155,-1.9426306911491186e-05,0.0,0.0,0.06475435637163728
2024-06-10 00:00:00+00:00,-0.0009315985339452037,-0.0009121722270337125,-1.9426306911491186e-05,0.0,0.0,0.06475435637163728
2024-06-11 00:00:00+00:00,-0.0023320009517352296,-0.0023060610041163152,-2.5939947618914175e-05,0.0,0.0,0.06475435637163728
2024-06-12 00:00:00+00:00,0.005803154287379651,0.005824432245111589,-2.1277957731938152e-05,0.0,0.0,0.06475435637163728
2024-06-13 00:00:00+00:00,-0.006038938185933751,-0.005959790808948962,-7.179327039538383e-06,0.10281149992178695,7.196804994525087e-05,0.10281149992178695
2024-06-14 00:00:00+00:00,-0.0009021190878435513,-0.000933562442922131,3.1443355078579716e-05,0.0,0.0,0.10281149992178695
2024-06-15 00:00:00+00:00,0.0007973430942853477,0.0008062733011685541,-8.930206883206415e-06,0.0,0.0,0.10281149992178695
2024-06-16 00:00:00+00:00,-0.001617534678754541,-0.001638994009075716,2.145933032117498e-05,0.0,0.0,0.10281149992178695
2024-06-17 00:00:00+00:00,-0.0031633597316804113,-0.003172463175940986,9.103444260574626e-06,0.0,0.0,0.10281149992178695
2024-06-18 00:00:00+00:00,0.0013426587804487452,0.0013447509944721535,-2.0922140234083654e-06,0.0,0.0,0.10281149992178695
2024-06-19 00:00:00+00:00,0.0024507674982681142,0.0024147444049255184,3.602309334259571e-05,0.0,0.0,0.10281149992178695
2024-06-20 00:00:00+00:00,-7.196804994525087e-05,0.0,-0.0,0.10281149992178695,7.196804994525087e-05,0.0
2024-06-21 00:00:00+00:00,0.0,0.0,-0.0,0.0,0.0,0.0
2024-06-22 00:00:00+00:00,0.0,0.0,-0.0,0.0,0.0,0.0
2024-06-23 00:00:00+00:00,0.0,0.0,-0.0,0.0,0.0,0.0
2024-06-24 00:00:00+00:00,0.0,0.0,-0.0,0.0,0.0,0.0
2024-06-25 00:00:00+00:00,0.0,0.0,-0.0,0.0,0.0,0.0
2024-06-26 00:00:00+00:00,0.0,0.0,-0.0,0.0,0.0,0.0
2024-06-27 00:00:00+00:00,-0.0007568344367745571,-0.0007006751690401582,-1.161114895817451e-05,0.06364016968032069,4.454811877622448e-05,0.06364016968032069
2024-06-28 00:00:00+00:00,5.769287211297685e-05,7.493490328446613e-05,-1.7242031171489284e-05,0.0,0.0,0.06364016968032069
2024-06-29 00:00:00+00:00,0.0020320490714325324,0.002041275623232785,-9.226551800252893e-06,0.0,0.0,0.06364016968032069
2024-06-30 00:00:00+00:00,0.000579983517150883,0.0005867580132133532,-6.774496062470138e-06,0.0,0.0,0.06364016968032069
2024-07-01 00:00:00+00:00,0.0005377898398462701,0.0005552673396455766,-1.747749979930647e-05,0.0,0.0,0.06364016968032069
2024-07-02 00:00:00+00:00,-0.00442316237764403,-0.004410191874661484,-1.297050298254616e-05,0.0,0.0,0.06364016968032069
2024-07-03 00:00:00+00:00,-0.005022307895734219,-0.005030815950018781,8.50805428456207e-06,0.0,0.0,0.06364016968032069
2024-07-04 00:00:00+00:00,-0.013901568215635773,-0.013741330733268683,-2.97343091795659e-05,0.18643310455360543,0.0001305031731875238,0.12279293487328474
2024-07-05 00:00:00+00:00,-0.0036092347706125796,-0.0036798241311185105,7.058936050593084e-05,0.0,0.0,0.12279293487328474
2024-07-06 00:00:00+00:00,0.008052946424981798,0.008035480971890097,1.746545309170166e-05,0.0,0.0,0.12279293487328474
2024-07-07 00:00:00+00:00,-0.0021460661102518275,-0.0036647058904031534,0.001518639780151326,0.0,0.0,0.12279293487328474
2024-07-08 00:00:00+00:00,0.006324083691486097,0.005988356756178398,0.0003357269353076991,0.0,0.0,0.12279293487328474
2024-07-09 00:00:00+00:00,0.0027546644185953667,0.002653430853262459,0.00010123356533290778,0.0,0.0,0.12279293487328474
2024-07-10 00:00:00+00:00,0.0022506062715405115,0.002211028880701503,3.9577390839008405e-05,0.0,0.0,0.12279293487328474
2024-07-11 00:00:00+00:00,-0.0006217050496043532,-0.00045441664769847994,-1.8344230544823144e-05,0.21277738765864304,0.00014894417136105014,0.0899844527853583
2024-07-12 00:00:00+00:00,0.0009388250069466004,0.0009583907764379848,-1.9565769491384382e-05,0.0,0.0,0.0899844527853583
2024-07-13 00:00:00+00:00,0.005765416804966221,0.00577778651776836,-1.2369712802139278e-05,0.0,0.0,0.0899844527853583
2024-07-14 00:00:00+00:00,0.006293121355533137,0.006242090722436297,5.1030633096840615e-05,0.0,0.0,0.0899844527853583
2024-07-15 00:00:00+00:00,0.001799593010696214,0.001810342103503689,-1.0749092807474977e-05,0.0,0.0,0.0899844527853583
2024-07-16 00:00:00+00:00,0.0037031662212062204,0.0037023302656398445,8.35955566375976e-07,0.0,0.0,0.0899844527853583
2024-07-17 00:00:00+00:00,-0.0002870683993446465,-0.00026228533128076705,-2.4783068063879456e-05,0.0,0.0,0.0899844527853583
2024-07-18 00:00:00+00:00,0.0017110423965155679,0.0017986208424484499,-2.458932898313132e-05,0.0899844527853583,6.29891169497508e-05,0.08196442994377105
2024-07-19 00:00:00+00:00,0.0005836544940172504,0.0006082438230003817,-2.458932898313132e-05,0.0,0.0,0.08196442994377105
2024-07-20 00:00:00+00:00,-0.0018427164383418566,-0.0018181271093587253,-2.458932898313132e-05,0.0,0.0,0.08196442994377105
2024-07-21 00:00:00+00:00,0.004834754003205003,0.004859343332188135,-2.458932898313132e-05,0.0,0.0,0.08196442994377105
2024-07-22 00:00:00+00:00,-0.005190772213517198,-0.005166182884534066,-2.458932898313132e-05,0.0,0.0,0.08196442994377105
2024-07-23 00:00:00+00:00,-0.000417289953533689,-0.0003927006245505577,-2.458932898313132e-05,0.0,0.0,0.08196442994377105
2024-07-24 00:00:00+00:00,0.0009892240259569607,0.001013813354940092,-2.458932898313132e-05,0.0,0.0,0.08196442994377105
2024-07-25 00:00:00+00:00,-0.003534219084664342,-0.0034158969189706074,-7.3194089104254554e-06,0.15857536683329854,0.00011100275678330897,0.07661093688952748
2024-07-26 00:00:00+00:00,0.002078308302230772,0.0020809781933813724,-2.6698911506000334e-06,0.0,0.0,0.07661093688952748
2024-07-27 00:00:00+00:00,-0.0008864064045810774,-0.0008634231235142191,-2.2983281066858247e-05,0.0,0.0,0.07661093688952748
2024-07-28 00:00:00+00:00,-0.00019154801026438284,-0.00017254045376740662,-1.9007556496976216e-05,0.0,0.0,0.07661093688952748
2024-07-29 00:00:00+00:00,0.00019330577118887188,0.000206128909805441,-1.282313861656911e-05,0.0,0.0,0.07661093688952748
2024-07-30 00:00:00+00:00,3.337965473611677e-05,5.050564662308619e-05,-1.7125991886969423e-05,0.0,0.0,0.07661093688952748
2024-07-31 00:00:00+00:00,-0.001161995847120608,-0.001148219668449133,-1.3776178671474834e-05,0.0,0.0,0.07661093688952748
2024-08-01 00:00:00+00:00,-0.002611522075160893,-0.0024826573262446564,-2.238376287243629e-05,0.1521156943482861,0.00010648098604380026,0.07550475745875862
2024-08-02 00:00:00+00:00,-0.007831040444503785,-0.007814814849649685,-1.6225594854099932e-05,0.0,0.0,0.07550475745875862
2024-08-03 00:00:00+00:00,-0.006636637367953272,-0.00661555870481351,-2.1078663139761647e-05,0.0,0.0,0.07550475745875862
2024-08-04 00:00:00+00:00,-0.0037578989598697388,-0.003747687318947229,-1.0211640922509809e-05,0.0,0.0,0.07550475745875862
2024-08-05 00:00:00+00:00,-0.007708804701919856,-0.00770332720929001,-5.477492629845644e-06,0.0,0.0,0.07550475745875862
2024-08-06 00:00:00+00:00,0.008691753797731861,0.00869051098942409,1.242808307771166e-06,0.0,0.0,0.07550475745875862
2024-08-07 00:00:00+00:00,0.0006054296822860637,0.0006128378315641298,-7.408149278066102e-06,0.0,0.0,0.07550475745875862
2024-08-08 00:00:00+00:00,0.006122555496330482,0.006260287020246588,-1.9184450095228928e-05,0.1693529626012541,0.00011854707382087787,0.09384820514249549
2024-08-09 00:00:00+00:00,0.0041066759311399435,0.004104165022411356,2.5109087285874668e-06,0.0,0.0,0.09384820514249549
2024-08-10 00:00:00+00:00,-0.0009357445318016477,-0.000912202240300627,-2.354229150102071e-05,0.0,0.0,0.09384820514249549
2024-08-11 00:00:00+00:00,-0.001307624521684072,-0.001287957222573385,-1.966729911068707e-05,0.0,0.0,0.09384820514249549
2024-08-12 00:00:00+00:00,0.004929422222573136,0.00494399637959074,-1.4574157017603837e-05,0.0,0.0,0.09384820514249549
2024-08-13 00:00:00+00:00,0.0005875065868231429,0.0005921835121264192,-4.676925303276263e-06,0.0,0.0,0.09384820514249549
2024-08-14 00:00:00+00:00,0.0030984347124578524,0.0031106063554238086,-1.2171642965955953e-05,0.0,0.0,0.09384820514249549
2024-08-15 00:00:00+00:00,-0.0029013692861855674,-0.0028193448093287365,-1.633073325708405e-05,0.09384820514249549,6.569374359974684e-05,0.06969266299833159
2024-08-16 00:00:00+00:00,-0.001747865545474602,-0.001740516454161428,-7.349091313174067e-06,0.0,0.0,0.06969266299833159
2024-08-17 00:00:00+00:00,0.0017454481924833844,0.0017497632137129261,-4.3150212295417005e-06,0.0,0.0,0.06969266299833159
2024-08-18 00:00:00+00:00,-0.0008352437771001874,-0.0008309409520866704,-4.302825013516993e-06,0.0,0.0,0.06969266299833159
2024-08-19 00:00:00+00:00,0.002569071760528082,0.002575888399895949,-6.816639367866812e-06,0.0,0.0,0.06969266299833159
2024-08-20 00:00:00+00:00,-0.0015270871404464458,-0.0015162262358447858,-1.0860904601659995e-05,0.0,0.0,0.06969266299833159
2024-08-21 00:00:00+00:00,-0.0009072306698553206,-0.0008908971488917166,-1.6333520963603983e-05,0.0,0.0,0.06969266299833159
2024-08-22 00:00:00+00:00,-0.0009680812445196622,-0.0009186344338929117,-6.619465279183248e-07,0.06969266299833159,4.878486409883211e-05,0.0657998536698136
2024-08-23 00:00:00+00:00,0.008138468537979374,0.008150888918358088,-1.2420380378714015e-05,0.0,0.0,0.0657998536698136
2024-08-24 00:00:00+00:00,-0.001360206401803001,-0.0013567186805592325,-3.4877212437684704e-06,0.0,0.0,0.0657998536698136
2024-08-25 00:00:00+00:00,-0.0010123637236605291,-0.001000027896093781,-1.2335827566748305e-05,0.0,0.0,0.0657998536698136
2024-08-26 00:00:00+00:00,-0.004054883745532708,-0.0040389483369709525,-1.5935408561755458e-05,0.0,0.0,0.0657998536698136
2024-08-27 00:00:00+00:00,-0.005061413051545606,-0.005046487012739145,-1.4926038806460516e-05,0.0,0.0,0.0657998536698136
2024-08-28 00:00:00+00:00,5.865193691569227e-05,5.948167307046862e-05,-8.297361547763497e-07,0.0,0.0,0.0657998536698136
2024-08-29 00:00:00+00:00,-0.0006543435053352084,-0.0005942857793796528,-5.8403709360639565e-06,0.07745336431355954,5.4217355019491675e-05,0.07745336431355954
2024-08-30 00:00:00+00:00,0.004944087459460703,0.004951498971891868,-7.4115124311645116e-06,0.0,0.0,0.07745336431355954
2024-08-31 00:00:00+00:00,-0.002377628478136607,-0.0023727024441662645,-4.926033970342387e-06,0.0,0.0,0.07745336431355954
2024-09-01 00:00:00+00:00,-0.005443860440172409,-0.0054545098904987014,1.0649450326292868e-05,0.0,0.0,0.07745336431355954
2024-09-02 00:00:00+00:00,0.006513577981489324,0.0064992262603488435,1.4351721140481015e-05,0.0,0.0,0.07745336431355954
2024-09-03 00:00:00+00:00,-0.006657699921456863,-0.006655628043961475,-2.071877495387718e-06,0.0,0.0,0.07745336431355954
2024-09-04 00:00:00+00:00,0.006476169550613743,0.0064728653900921265,3.3041605216164497e-06,0.0,0.0,0.07745336431355954
2024-09-05 00:00:00+00:00,0.0006146152428089433,0.0007356748722360634,-1.5059817862176024e-05,0.15142830223563453,0.00010599981156494417,0.07397493792207498
2024-09-06 00:00:00+00:00,-0.003390832419198187,-0.003384401038095242,-6.431381102945199e-06,0.0,0.0,0.07397493792207498
2024-09-07 00:00:00+00:00,-0.001143189436846908,-0.0011391600219782926,-4.029414868615424e-06,0.0,0.0,0.07397493792207498
2024-09-08 00:00:00+00:00,-0.0013439943562576645,-0.0013478181207988566,3.823764541192056e-06,0.0,0.0,0.07397493792207498
2024-09-09 00:00:00+00:00,0.0006011217072087635,0.0005952984000955377,5.8233071132257416e-06,0.0,0.0,0.07397493792207498
2024-09-10 00:00:00+00:00,0.0001305047135715145,0.00013257157333705728,-2.066859765542775e-06,0.0,0.0,0.07397493792207498
2024-09-11 00:00:00+00:00,0.000787683111631007,0.000794006489324586,-6.323377693578969e-06,0.0,0.0,0.07397493792207498
2024-09-12 00:00:00+00:00,-0.0010402391454635838,-0.0009564704656972667,2.475712114824052e-05,0.15503685844936788,0.00010852580091455752,0.08106192052729289
2024-09-13 00:00:00+00:00,0.0006808128474409865,0.0006766511284411153,4.161718999871217e-06,0.0,0.0,0.08106192052729289
2024-09-14 00:00:00+00:00,-0.0027608852400169653,-0.0027847640552562925,2.3878815239327303e-05,0.0,0.0,0.08106192052729289
2024-09-15 00:00:00+00:00,0.0001601419924345931,0.0001642960105520142,-4.154018117421125e-06,0.0,0.0,0.08106192052729289
2024-09-16 00:00:00+00:00,-0.0016374718956517454,-0.0016312763330658445,-6.1955625859009954e-06,0.0,0.0,0.08106192052729289
2024-09-17 00:00:00+00:00,0.0024633772381704166,0.0024620583607234377,1.3188774469790548e-06,0.0,0.0,0.08106192052729289
2024-09-18 00:00:00+00:00,0.00026249291268454564,0.00025389872787024207,8.59418481430359e-06,0.0,0.0,0.08106192052729289
2024-09-19 00:00:00+00:00,0.005347387282365992,0.00546656083354493,-1.4089569364095281e-05,0.1501199740212043,0.00010508398181484302,0.06905805349391143
2024-09-20 00:00:00+00:00,0.005355248792863585,0.005369612522700051,-1.4363729836466112e-05,0.0,0.0,0.06905805349391143
2024-09-21 00:00:00+00:00,0.0054703517528635354,0.005478895615241802,-8.543862378266722e-06,0.0,0.0,0.06905805349391143
2024-09-22 00:00:00+00:00,0.002448453054553224,0.002443439785159834,5.0132693933905e-06,0.0,0.0,0.06905805349391143
2024-09-23 00:00:00+00:00,0.0041497654326866145,0.004157937417446816,-8.171984760202011e-06,0.0,0.0,0.06905805349391143
2024-09-24 00:00:00+00:00,0.005266885865232125,0.00528128654112721,-1.4400675895085354e-05,0.0,0.0,0.06905805349391143
2024-09-25 00:00:00+00:00,-0.0007817575765397698,-0.0007639178095806877,-1.7839766959082144e-05,0.0,0.0,0.06905805349391143
2024-09-26 00:00:00+00:00,-0.0027577569630547246,-0.002736448692408389,-2.027427509955197e-05,0.0014771364954048738,1.0339955467834116e-06,0.06758091699850656
2024-09-27 00:00:00+00:00,0.0018104094248926005,0.0018295632083883172,-1.915378349571673e-05,0.0,0.0,0.06758091699850656
2024-09-28 00:00:00+00:00,-0.00024507535953766866,-0.00022536403347671427,-1.971132606095441e-05,0.0,0.0,0.06758091699850656
2024-09-29 00:00:00+00:00,0.0029820002641268296,0.0029999129240818687,-1.791265995503916e-05,0.0,0.0,0.06758091699850656
2024-09-30 00:00:00+00:00,0.0013368678200542945,0.001351278436890471,-1.4410616836176547e-05,0.0,0.0,0.06758091699850656
2024-10-01 00:00:00+00:00,-0.0027140114860168133,-0.0027081535721313827,-5.857913885430549e-06,0.0,0.0,0.06758091699850656
2024-10-02 00:00:00+00:00,0.0007801245572142832,0.0007714380440478801,8.68651316640304e-06,0.0,0.0,0.06758091699850656
2024-10-03 00:00:00+00:00,-0.005463617293969235,-0.005468528810342216,9.377050478111146e-06,0.006379334435899303,4.465534105129512e-06,0.07396025143440586
2024-10-04 00:00:00+00:00,0.00912355024807904,0.009052294353238333,7.125589484070682e-05,0.0,0.0,0.07396025143440586
2024-10-05 00:00:00+00:00,-0.0016421234991975118,-0.001667285516338011,2.516201714049922e-05,0.0,0.0,0.07396025143440586
2024-10-06 00:00:00+00:00,0.006367431649537979,0.006362044754624754,5.386894913224953e-06,0.0,0.0,0.07396025143440586
2024-10-07 00:00:00+00:00,0.0021716694876614028,0.0021739800059162135,-2.3105182548108397e-06,0.0,0.0,0.07396025143440586
2024-10-08 00:00:00+00:00,-0.000812046744197699,-0.0007944075940318504,-1.7639150165848626e-05,0.0,0.0,0.07396025143440586
2024-10-09 00:00:00+00:00,-0.004367026924780517,-0.004359001867698627,-8.025057081890208e-06,0.0,0.0,0.07396025143440586
2024-10-10 00:00:00+00:00,-0.0011668169199127404,-0.0011039932656793188,-1.0395086936010895e-05,0.07489795328201523,5.242856729741066e-05,0.07489795328201523
2024-10-11 00:00:00+00:00,0.006515649474290078,0.006502396281456825,1.3253192833252596e-05,0.0,0.0,0.07489795328201523
2024-10-12 00:00:00+00:00,0.0037830728184712567,0.0038052055381558587,-2.2132719684601916e-05,0.0,0.0,0.07489795328201523
2024-10-13 00:00:00+00:00,0.0012353851389421014,0.0012545114547819632,-1.912631583986182e-05,0.0,0.0,0.07489795328201523
2024-10-14 00:00:00+00:00,0.0007799645933081233,0.0007957313614535204,-1.5766768145397026e-05,0.0,0.0,0.07489795328201523
2024-10-15 00:00:00+00:00,-0.004149650332693939,-0.004128928315959403,-2.0722016734535157e-05,0.0,0.0,0.07489795328201523
2024-10-16 00:00:00+00:00,0.0011261554372506482,0.0011423626053613436,-1.620716811069528e-05,0.0,0.0,0.07489795328201523
2024-10-17 00:00:00+00:00,-0.002315417528382932,-0.0021888292628098,-2.224790948271636e-05,0.14905765155773643,0.0001043403560904155,0.07415969827572119
2024-10-18 00:00:00+00:00,0.004326279111396165,0.004346038221404748,-1.9759110008583157e-05,0.0,0.0,0.07415969827572119
2024-10-19 00:00:00+00:00,0.0011893204627913632,0.0012115683722740795,-2.224790948271636e-05,0.0,0.0,0.07415969827572119
2024-10-20 00:00:00+00:00,-0.001344328234616011,-0.0013245072012593676,-1.9821033356643384e-05,0.0,0.0,0.07415969827572119
2024-10-21 00:00:00+00:00,-0.002158983638187868,-0.0021367357287051516,-2.224790948271636e-05,0.0,0.0,0.07415969827572119
2024-10-22 00:00:00+00:00,0.001820920643995339,0.0018431685534780553,-2.224790948271636e-05,0.0,0.0,0.07415969827572119
2024-10-23 00:00:00+00:00,0.0024179555868254483,0.0024384926320689436,-2.053704524349547e-05,0.0,0.0,0.07415969827572119
2024-10-24 00:00:00+00:00,0.0023466105504364025,0.0024133918010617065,-1.4869461832299392e-05,0.07415969827572119,5.1911788793004836e-05,0.0495648727743313
2024-10-25 00:00:00+00:00,-0.006678442603486808,-0.006666946031246802,-1.1496572240006146e-05,0.0,0.0,0.0495648727743313
2024-10-26 00:00:00+00:00,0.0012071501485607144,0.0011699375855548381,3.721256300587633e-05,0.0,0.0,0.0495648727743313
2024-10-27 00:00:00+00:00,0.0006774271794602795,0.0006711433448899497,6.2838345703297225e-06,0.0,0.0,0.0495648727743313
2024-10-28 00:00:00+00:00,0.0005153192447611334,0.00046848366170612073,4.6835583055012746e-05,0.0,0.0,0.0495648727743313
2024-10-29 00:00:00+00:00,0.0023923666942789502,0.002385282634837679,7.084059441271302e-06,0.0,0.0,0.0495648727743313
2024-10-30 00:00:00+00:00,-0.002205694059427531,-0.002221299559620529,1.560550019299821e-05,0.0,0.0,0.0495648727743313
2024-10-31 00:00:00+00:00,-0.004534242188903565,-0.004382821960600615,-3.5017445208275255e-05,0.1662896901352488,0.00011640278309467416,0.1167248173609175
2024-11-01 00:00:00+00:00,-0.001844712373013731,-0.0018096949278054559,-3.5017445208275255e-05,0.0,0.0,0.1167248173609175
2024-11-02 00:00:00+00:00,0.00014486919740525954,0.0001748377106385883,-2.9968513233328763e-05,0.0,0.0,0.1167248173609175
2024-11-03 00:00:00+00:00,-0.004316510335804982,-0.004290110100238376,-2.640023556660552e-05,0.0,0.0,0.1167248173609175
2024-11-04 00:00:00+00:00,0.0009822667136544277,0.0010050432272660636,-2.277651361163583e-05,0.0,0.0,0.1167248173609175
2024-11-05 00:00:00+00:00,0.007525734764618285,0.00754466694637014,-1.8932181751854016e-05,0.0,0.0,0.1167248173609175
2024-11-06 00:00:00+00:00,0.016117501977481123,0.016145578965049118,-2.80769875679951e-05,0.0,0.0,0.1167248173609175
2024-11-07 00:00:00+00:00,0.0009300536708294938,0.00100409036206082,7.670680921316147e-06,0.1167248173609175,8.170737215264225e-05,0.0632346640395379
2024-11-08 00:00:00+00:00,0.0006698272918251541,0.0006368861421137174,3.294114971143668e-05,0.0,0.0,0.0632346640395379
2024-11-09 00:00:00+00:00,0.006092195909854532,0.0060510955914420735,4.1100318412458255e-05,0.0,0.0,0.0632346640395379
2024-11-10 00:00:00+00:00,0.008850605414009846,0.008837755814103692,1.2849599906154306e-05,0.0,0.0,0.0632346640395379
2024-11-11 00:00:00+00:00,0.012981422980314468,0.012970911798284496,1.0511182029972186e-05,0.0,0.0,0.0632346640395379
2024-11-12 00:00:00+00:00,0.0004079601062404769,0.0004290823810696037,-2.1122274829126845e-05,0.0,0.0,0.0632346640395379
2024-11-13 00:00:00+00:00,0.0014598131601521896,0.0014857592913275727,-2.5946131175382993e-05,0.0,0.0,0.0632346640395379
2024-11-14 00:00:00+00:00,-0.002395232751687025,-0.0023290568795123075,-2.1911607347040425e-05,0.0632346640395379,4.426426482767653e-05,0.047229907954865286
2024-11-15 00:00:00+00:00,0.004299318854210476,0.0043172376451390115,-1.7918790928536116e-05,0.0,0.0,0.047229907954865286
2024-11-16 00:00:00+00:00,-0.0031866429487966605,-0.0031580159569870574,-2.862699180960295e-05,0.0,0.0,0.047229907954865286
2024-11-17 00:00:00+00:00,8.25390206920657e-05,0.0001117358413411441,-2.91968206490784e-05,0.0,0.0,0.047229907954865286
2024-11-18 00:00:00+00:00,-0.0005925715107817341,-0.0005586004548870382,-3.397105589469595e-05,0.0,0.0,0.047229907954865286
2024-11-19 00:00:00+00:00,0.0002704439036110401,0.0003032330310591655,-3.278912744812545e-05,0.0,0.0,0.047229907954865286
2024-11-20 00:00:00+00:00,-0.0018989571114492022,-0.0018789018756343277,-2.0055235814874447e-05,0.0,0.0,0.047229907954865286
2024-11-21 00:00:00+00:00,0.0021528293618284042,0.002236303251116812,-1.5123886116000741e-05,0.09764286167486774,6.835000317240741e-05,0.050412953720002464
2024-11-22 00:00:00+00:00,0.013397328683823114,0.013429521891939172,-3.219320811605637e-05,0.0,0.0,0.050412953720002464
2024-11-23 00:00:00+00:00,0.014659812341885414,0.01469628535770753,-3.6473015822115985e-05,0.0,0.0,0.050412953720002464
2024-11-24 00:00:00+00:00,-0.0003927836445047017,-0.0003600242989183697,-3.2759345586332e-05,0.0,0.0,0.050412953720002464
2024-11-25 00:00:00+00:00,-0.004493756337203038,-0.0044798655519350285,-1.389078526800948e-05,0.0,0.0,0.050412953720002464
2024-11-26 00:00:00+00:00,-0.001834000144692656,-0.0018188762585766552,-1.5123886116000741e-05,0.0,0.0,0.050412953720002464
2024-11-27 00:00:00+00:00,0.003894612444819355,0.003908698832347798,-1.4086387528443087e-05,0.0,0.0,0.050412953720002464
2024-11-28 00:00:00+00:00,0.0017730864555321514,0.001829681599113773,-2.130607597761985e-05,0.050412953720002464,3.528906760400172e-05,0.04355289447591956
2024-11-29 00:00:00+00:00,0.005720797468374401,0.0057440264046431325,-2.3228936268731698e-05,0.0,0.0,0.04355289447591956
2024-11-30 00:00:00+00:00,0.0008931232278422838,0.0009046826015651376,-1.1559373722853812e-05,0.0,0.0,0.04355289447591956
2024-12-01 00:00:00+00:00,0.0053058453518816965,0.005318911220224472,-1.306586834277587e-05,0.0,0.0,0.04355289447591956
2024-12-02 00:00:00+00:00,0.0032060068483791074,0.003236678538784829,-3.067169040572159e-05,0.0,0.0,0.04355289447591956
2024-12-03 00:00:00+00:00,-0.0030393702457734116,-0.0030145601216707315,-2.4810124102679957e-05,0.0,0.0,0.04355289447591956
2024-12-04 00:00:00+00:00,-0.0020930178724206687,-0.0020715624100149962,-2.1455462405672255e-05,0.0,0.0,0.04355289447591956
2024-12-05 00:00:00+00:00,0.003344984249248093,0.0035091768462784147,-9.02630363854857e-05,0.10561365806405079,7.392956064483556e-05,0.06206076358813122
2024-12-06 00:00:00+00:00,-0.0020700426409178867,-0.0019950403462987223,-7.500229461916423e-05,0.0,0.0,0.06206076358813122
2024-12-07 00:00:00+00:00,-0.0001523701950093293,-7.874378751891395e-05,-7.362640749041536e-05,0.0,0.0,0.06206076358813122
2024-12-08 00:00:00+00:00,-0.0011934837066247665,-0.0011026813622036999,-9.080234442106655e-05,0.0,0.0,0.06206076358813122
2024-12-09 00:00:00+00:00,-0.012551388145548672,-0.012502788051278989,-4.8600094269683506e-05,0.0,0.0,0.06206076358813122
2024-12-10 00:00:00+00:00,-0.002462577682500252,-0.0024439644182848996,-1.8613264215352315e-05,0.0,0.0,0.06206076358813122
2024-12-11 00:00:00+00:00,0.00643965011092538,0.006452829024377138,-1.3178913451757605e-05,0.0,0.0,0.06206076358813122
2024-12-12 00:00:00+00:00,-0.0011747664851282657,-0.0011209228622185762,2.7357303297054507e-05,0.11600132315249166,8.120092620674416e-05,0.05394055956436044
2024-12-13 00:00:00+00:00,0.004339072102283459,0.004338906235062798,1.6586722066040836e-07,0.0,0.0,0.05394055956436044
2024-12-14 00:00:00+00:00,-0.0013898074537203112,-0.001445118912606,5.531145888568866e-05,0.0,0.0,0.05394055956436044
2024-12-15 00:00:00+00:00,0.002803960671601374,0.002757269723242464,4.669094835891039e-05,0.0,0.0,0.05394055956436044
2024-12-16 00:00:00+00:00,0.00014538513037906366,0.00011079035250246107,3.459477787660257e-05,0.0,0.0,0.05394055956436044
2024-12-17 00:00:00+00:00,-0.00019719550677899946,-0.0002311192640946214,3.392375731562192e-05,0.0,0.0,0.05394055956436044
2024-12-18 00:00:00+00:00,-0.004362014573286737,-0.004362024282587459,9.709300721583504e-09,0.0,0.0,0.05394055956436044
2024-12-19 00:00:00+00:00,-0.005247564736786813,-0.0053004010999903785,0.00013037603204378183,0.110770955486022,7.753966884021541e-05,0.05683039592166156
2024-12-20 00:00:00+00:00,0.008223792966348557,0.008011952550814931,0.00021184041553362642,0.0,0.0,0.05683039592166156
2024-12-21 00:00:00+00:00,-0.006632630148802611,-0.006713655517483961,8.102536868134974e-05,0.0,0.0,0.05683039592166156
2024-12-22 00:00:00+00:00,0.002609264008147885,0.002472341682797887,0.00013692232534999802,0.0,0.0,0.05683039592166156
2024-12-23 00:00:00+00:00,0.007153152926414267,0.00709341736065309,5.973556576117689e-05,0.0,0.0,0.05683039592166156
2024-12-24 00:00:00+00:00,-0.0012265332896532447,-0.0012444416840160786,1.7908394362833986e-05,0.0,0.0,0.05683039592166156
2024-12-25 00:00:00+00:00,-0.001063375131422398,-0.0010781265972917837,1.4751465869385693e-05,0.0,0.0,0.05683039592166156
2024-12-26 00:00:00+00:00,-0.0039849133246694516,-0.003929375766072562,-1.5756281451726938e-05,0.05683039592166156,3.978127714516309e-05,0.05252093817242312
2024-12-27 00:00:00+00:00,-0.003667446426408973,-0.0036529611516610185,-1.4485274747954298e-05,0.0,0.0,0.05252093817242312
2024-12-28 00:00:00+00:00,0.002716631465392315,0.002730968893699314,-1.4337428306998927e-05,0.0,0.0,0.05252093817242312
2024-12-29 00:00:00+00:00,-0.002510662613361779,-0.0024949063319100523,-1.5756281451726938e-05,0.0,0.0,0.05252093817242312
2024-12-30 00:00:00+00:00,-0.0018735527196063865,-0.0018581068368992587,-1.5445882707127917e-05,0.0,0.0,0.05252093817242312
2024-12-31 00:00:00+00:00,-0.001997314357847084,-0.0019838154263180077,-1.3498931529076191e-05,0.0,0.0,0.05252093817242312
2025-01-01 00:00:00+00:00,0.0018368847086278044,0.0018526409900795314,-1.5756281451726938e-05,0.0,0.0,0.05252093817242312
2025-01-02 00:00:00+00:00,0.000631811828294572,0.0006624253423293647,-9.184054210437843e-06,0.030613514034792805,2.1429459824354965e-05,0.030613514034792805
2025-01-03 00:00:00+00:00,0.0007318389784017939,0.0007410230326122318,-9.184054210437843e-06,0.0,0.0,0.030613514034792805
2025-01-04 00:00:00+00:00,-0.0008733764740339013,-0.0008641924198234634,-9.184054210437843e-06,0.0,0.0,0.030613514034792805
2025-01-05 00:00:00+00:00,-0.0003659367088972627,-0.00035675265468682483,-9.184054210437843e-06,0.0,0.0,0.030613514034792805
2025-01-06 00:00:00+00:00,0.000979529915812769,0.0009887139700232067,-9.184054210437843e-06,0.0,0.0,0.030613514034792805
2025-01-07 00:00:00+00:00,-0.004159567764605289,-0.004150383710394851,-9.184054210437843e-06,0.0,0.0,0.030613514034792805
2025-01-08 00:00:00+00:00,-0.001187528811198824,-0.0011783447569883863,-9.184054210437843e-06,0.0,0.0,0.030613514034792805
2025-01-09 00:00:00+00:00,7.811946039952455e-05,-0.0008583971530505764,0.0010070384609850097,0.10074549647844107,7.052184753490875e-05,0.07013198244364827
2025-01-10 00:00:00+00:00,0.002478497103107761,0.002376591826018018,0.00010190527708974311,0.0,0.0,0.07013198244364827
2025-01-11 00:00:00+00:00,0.0010720558263014747,0.0010865352753967902,-1.4479449095315621e-05,0.0,0.0,0.07013198244364827
2025-01-12 00:00:00+00:00,-0.0023451315272748417,-0.0023310928576891843,-1.4038669585657293e-05,0.0,0.0,0.07013198244364827
2025-01-13 00:00:00+00:00,-0.002065721535373344,-0.002315287246878803,0.0002495657115054591,0.0,0.0,0.07013198244364827
2025-01-14 00:00:00+00:00,0.0021840079860022442,0.0021914381188822365,-7.430132879992317e-06,0.0,0.0,0.07013198244364827
2025-01-15 00:00:00+00:00,0.004823133633441828,0.004833336784907642,-1.0203151465814168e-05,0.0,0.0,0.07013198244364827
2025-01-16 00:00:00+00:00,0.00025823289210802835,0.00038331714297896373,-2.0841942771110947e-05,0.14891758299974922,0.00010424230809982446,0.07878560055610095
2025-01-17 00:00:00+00:00,0.004625981431607102,0.004643351686889709,-1.737025528260636e-05,0.0,0.0,0.07878560055610095
2025-01-18 00:00:00+00:00,-0.002069363129506162,-0.002049457159669658,-1.9905969836504467e-05,0.0,0.0,0.07878560055610095
2025-01-19 00:00:00+00:00,-0.007585634480879826,-0.007566395825080032,-1.9238655799794292e-05,0.0,0.0,0.07878560055610095
2025-01-20 00:00:00+00:00,0.0015459847914047326,0.0015650028475229698,-1.9018056118237207e-05,0.0,0.0,0.07878560055610095
2025-01-21 00:00:00+00:00,0.0027823760152190474,0.002796826082217042,-1.4450066997994476e-05,0.0,0.0,0.07878560055610095
2025-01-22 00:00:00+00:00,-0.0008981837404127317,-0.0008793177405035678,-1.8865999909163935e-05,0.0,0.0,0.07878560055610095
2025-01-23 00:00:00+00:00,-0.0014912904862111396,-0.0014236307381805592,-1.1848359196663243e-05,0.07973055547702462,5.581138883391724e-05,0.07973055547702462
2025-01-24 00:00:00+00:00,-0.0002447998626964345,-0.00022512953735469773,-1.9670325341736746e-05,0.0,0.0,0.07973055547702462
2025-01-25 00:00:00+00:00,0.0005993762471984829,0.0005986945509491543,6.816962493285599e-07,0.0,0.0,0.07973055547702462
2025-01-26 00:00:00+00:00,-0.00362637589853571,-0.003606031451347415,-2.034444718829499e-05,0.0,0.0,0.07973055547702462
2025-01-27 00:00:00+00:00,-0.0004710204743797294,-0.0004764305912216229,5.410116841893506e-06,0.0,0.0,0.07973055547702462
2025-01-28 00:00:00+00:00,-0.0013234592963710268,-0.0013101438949535862,-1.3315401417440497e-05,0.0,0.0,0.07973055547702462
2025-01-29 00:00:00+00:00,0.00034136084562754474,0.0003507267939794308,-9.365948351886081e-06,0.0,0.0,0.07973055547702462
2025-01-30 00:00:00+00:00,0.004361320410856289,0.004417708355688196,-5.765559979892312e-07,0.07973055547702462,5.581138883391724e-05,0.07941542672027968
2025-01-31 00:00:00+00:00,-0.0030588575205081916,-0.003047027401466805,-1.1830119041386464e-05,0.0,0.0,0.07941542672027968
2025-02-01 00:00:00+00:00,-0.007112244305743861,-0.007102867329233864,-9.376976509997024e-06,0.0,0.0,0.07941542672027968
2025-02-02 00:00:00+00:00,-0.004403759167943343,-0.0043935610359210585,-1.0198132022284718e-05,0.0,0.0,0.07941542672027968
2025-02-03 00:00:00+00:00,0.007465826162530309,0.007372157255022273,9.366890750803547e-05,0.0,0.0,0.07941542672027968
2025-02-04 00:00:00+00:00,-0.003280975601973716,-0.0033006781722658834,1.9702570292167787e-05,0.0,0.0,0.07941542672027968
2025-02-05 00:00:00+00:00,-0.0032912103835151764,-0.0033061631171352043,1.4952733620027857e-05,0.0,0.0,0.07941542672027968
2025-02-06 00:00:00+00:00,0.0012288360692143416,0.0011915578085831457,6.817847187554691e-05,0.04414315892050168,3.090021124435117e-05,0.035272267799778004
2025-02-07 00:00:00+00:00,0.0012515080167475993,0.001220421508967621,3.108650777997834e-05,0.0,0.0,0.035272267799778004
2025-02-08 00:00:00+00:00,-0.0013654672783893645,-0.0013636056080948923,-1.8616702944722833e-06,0.0,0.0,0.035272267799778004
2025-02-09 00:00:00+00:00,-0.0005218550031516715,-0.0005138901723598036,-7.96483079186787e-06,0.0,0.0,0.035272267799778004
2025-02-10 00:00:00+00:00,0.0001055733396638544,0.00011174739741952754,-6.174057755673142e-06,0.0,0.0,0.035272267799778004
2025-02-11 00:00:00+00:00,2.6795677989421454e-06,1.3261248138875547e-05,-1.0581680339933401e-05,0.0,0.0,0.035272267799778004
2025-02-12 00:00:00+00:00,0.0017604552176044242,0.0017710368979443577,-1.0581680339933401e-05,0.0,0.0,0.035272267799778004
2025-02-13 00:00:00+00:00,-0.0005722670957701202,-0.0004962168620390105,2.1271623834970545e-05,0.1390312250944004,9.73218575660803e-05,0.10375895729462242
2025-02-14 00:00:00+00:00,-0.0010906908894642347,-0.0010787513462483425,-1.1939543215892204e-05,0.0,0.0,0.10375895729462242
2025-02-15 00:00:00+00:00,0.0038956200186492248,0.003901147777099096,-5.527758449871011e-06,0.0,0.0,0.10375895729462242
2025-02-16 00:00:00+00:00,-0.0022876609601935253,-0.0023000871329191294,1.2426172725603981e-05,0.0,0.0,0.10375895729462242
2025-02-17 00:00:00+00:00,-0.0018156623007819293,-0.0018263167893117277,1.0654488529798304e-05,0.0,0.0,0.10375895729462242
2025-02-18 00:00:00+00:00,0.0016687379052520207,0.0016666139593961998,2.1239458558209207e-06,0.0,0.0,0.10375895729462242
2025-02-19 00:00:00+00:00,0.0024587200339951498,0.002464726121238149,-6.00608724299922e-06,0.0,0.0,0.10375895729462242
2025-02-20 00:00:00+00:00,0.0028371402879145274,0.0029266070211361925,-1.683546311542962e-05,0.10375895729462242,7.26312701062357e-05,0.0740231851536906
2025-02-21 00:00:00+00:00,-0.0024912095182388436,-0.002479001614543297,-1.2207903695546653e-05,0.0,0.0,0.0740231851536906
2025-02-22 00:00:00+00:00,-0.0016390962248185833,-0.0016362744610005245,-2.8217638180586863e-06,0.0,0.0,0.0740231851536906
2025-02-23 00:00:00+00:00,0.0012812424240986593,0.0012863167134409448,-5.07428934228549e-06,0.0,0.0,0.0740231851536906
2025-02-24 00:00:00+00:00,-0.007441673111846234,-0.0074331545236987475,-8.518588147486714e-06,0.0,0.0,0.0740231851536906
2025-02-25 00:00:00+00:00,-0.00164155416336196,-0.001656095277853551,1.454111449159098e-05,0.0,0.0,0.0740231851536906
2025-02-26 00:00:00+00:00,0.0005208858457700248,0.0005001386274351483,2.07472183348764e-05,0.0,0.0,0.0740231851536906
2025-02-27 00:00:00+00:00,0.0011905882944988494,0.0012653094498597198,-2.164838360089432e-05,0.07581824537139466,5.307277175997626e-05,0.07581824537139466
2025-02-28 00:00:00+00:00,0.0013203604936355977,0.001317984728916885,2.375764718712652e-06,0.0,0.0,0.07581824537139466
2025-03-01 00:00:00+00:00,-0.0009363627750318802,-0.000916028700714499,-2.0334074317381193e-05,0.0,0.0,0.07581824537139466
2025-03-02 00:00:00+00:00,0.0046196274063702416,0.004613081638156102,6.545768214139358e-06,0.0,0.0,0.07581824537139466
2025-03-03 00:00:00+00:00,-0.009919613377016738,-0.009912924691410073,-6.688685606664438e-06,0.0,0.0,0.07581824537139466
2025-03-04 00:00:00+00:00,-0.0035016843914910194,-0.003494566574615553,-7.117816875466532e-06,0.0,0.0,0.07581824537139466
2025-03-05 00:00:00+00:00,0.0018897903434570399,0.0018860741121601609,3.7162312968789078e-06,0.0,0.0,0.07581824537139466
2025-03-06 00:00:00+00:00,-0.0017818290042531056,-0.0016913622784980736,1.1090723248716258e-07,0.1293966185535989,9.057763298751924e-05,0.053578373182204236
2025-03-07 00:00:00+00:00,-0.003001153612739927,-0.0030128449495520158,1.1691336812088787e-05,0.0,0.0,0.053578373182204236
2025-03-08 00:00:00+00:00,-0.0006434248643195151,-0.0006406562018853247,-2.768662434190403e-06,0.0,0.0,0.053578373182204236
2025-03-09 00:00:00+00:00,-0.004768107295888169,-0.004760805099407166,-7.302196481002616e-06,0.0,0.0,0.053578373182204236
2025-03-10 00:00:00+00:00,-0.003780877567321008,-0.0037869008480341513,6.0232807131434e-06,0.0,0.0,0.053578373182204236
2025-03-11 00:00:00+00:00,0.0027825420254539903,0.0027900502307798784,-7.50820532588819e-06,0.0,0.0,0.053578373182204236
2025-03-12 00:00:00+00:00,0.0015221711961266365,0.0015128193589795487,9.35183714708784e-06,0.0,0.0,0.053578373182204236
2025-03-13 00:00:00+00:00,-0.00320153460663691,-0.003209683649563577,9.454096824308426e-06,0.0018643627109167227,1.3050538976417058e-06,0.051714010471287514
2025-03-14 00:00:00+00:00,0.001725185181907498,0.0017174536787719881,7.73150313550984e-06,0.0,0.0,0.051714010471287514
2025-03-15 00:00:00+00:00,0.0011759484775793708,0.0011733844969402045,2.5639806391664336e-06,0.0,0.0,0.051714010471287514
2025-03-16 00:00:00+00:00,-0.002142527881110225,-0.0021605610737016677,1.8033192591442667e-05,0.0,0.0,0.051714010471287514
2025-03-17 00:00:00+00:00,0.0008230362927033086,0.0008136478726722987,9.388420031009891e-06,0.0,0.0,0.051714010471287514
2025-03-18 00:00:00+00:00,-0.0007325100410579414,-0.0007418793269050769,9.369285847135514e-06,0.0,0.0,0.051714010471287514
2025-03-19 00:00:00+00:00,0.0023299765867462693,0.002332054714257058,-2.078127510788689e-06,0.0,0.0,0.051714010471287514
2025-03-20 00:00:00+00:00,-7.75225867109264e-05,3.27509746278216e-06,-8.291580168555827e-06,0.10358014857878964,7.250610400515274e-05,0.051866138107502124
2025-03-21 00:00:00+00:00,-0.003708774886360707,-0.0037156982378059866,6.92335144527992e-06,0.0,0.0,0.051866138107502124
2025-03-22 00:00:00+00:00,-0.00014557592754489536,-0.00015709332217304727,1.1517394628151922e-05,0.0,0.0,0.051866138107502124
2025-03-23 00:00:00+00:00,0.002117284353864487,0.0021266952052934026,-9.410851428915723e-06,0.0,0.0,0.051866138107502124
2025-03-24 00:00:00+00:00,0.004966835359131986,0.004979244851335587,-1.2409492203600959e-05,0.0,0.0,0.051866138107502124
2025-03-25 00:00:00+00:00,0.0010321502012216497,0.0010477100426539003,-1.555984143225064e-05,0.0,0.0,0.051866138107502124
2025-03-26 00:00:00+00:00,0.0007121910520406175,0.0007243189111142947,-1.2127859073677224e-05,0.0,0.0,0.051866138107502124
2025-03-27 00:00:00+00:00,-0.002011840175332988,-0.00195414538043297,-9.223993505396551e-06,0.06924400199231702,4.8470801394621916e-05,0.06924400199231702
2025-03-28 00:00:00+00:00,-0.0029680553366951477,-0.0029549349831976433,-1.312035349750423e-05,0.0,0.0,0.06924400199231702
2025-03-29 00:00:00+00:00,-0.0031024905879530377,-0.0031021592554035045,-3.3133254953323596e-07,0.0,0.0,0.06924400199231702
2025-03-30 00:00:00+00:00,-0.00016217493505299435,-0.00017946377747043605,1.7288842417441714e-05,0.0,0.0,0.06924400199231702
2025-03-31 00:00:00+00:00,0.0030546085066522144,0.0030463594686948696,8.249037957344728e-06,0.0,0.0,0.06924400199231702
2025-04-01 00:00:00+00:00,0.0037240914029591614,0.0036445819776714833,7.950942528767801e-05,0.0,0.0,0.06924400199231702
2025-04-02 00:00:00+00:00,-0.004391279699931037,-0.004485700821047761,9.442112111672349e-05,0.0,0.0,0.06924400199231702
2025-04-03 00:00:00+00:00,8.298780835223532e-05,2.335281366118979e-05,9.14216770059784e-05,0.045409546164189796,3.1786682314932856e-05,0.045409546164189796
2025-04-04 00:00:00+00:00,0.0008308406246843026,0.0006535426844499167,0.00017729794023438593,0.0,0.0,0.045409546164189796
2025-04-05 00:00:00+00:00,-0.0019277192067803514,-0.002174412015462852,0.00024669280868250075,0.0,0.0,0.045409546164189796
2025-04-06 00:00:00+00:00,-0.0017413311379440523,-0.0019333494907584836,0.00019201835281443133,0.0,0.0,0.045409546164189796
2025-04-07 00:00:00+00:00,-0.0010409292899072062,-0.0021833939650930585,0.0011424646751858523,0.0,0.0,0.045409546164189796
2025-04-08 00:00:00+00:00,0.002866514880531694,0.0024925531909102804,0.0003739616896214138,0.0,0.0,0.045409546164189796
2025-04-09 00:00:00+00:00,0.00176987395898507,0.0009426282763117124,0.0008272456826733578,0.0,0.0,0.045409546164189796
2025-04-10 00:00:00+00:00,-3.1786682314932856e-05,0.0,-0.0,0.045409546164189796,3.1786682314932856e-05,0.0
2025-04-11 00:00:00+00:00,0.0,0.0,-0.0,0.0,0.0,0.0
2025-04-12 00:00:00+00:00,0.0,0.0,-0.0,0.0,0.0,0.0
2025-04-13 00:00:00+00:00,0.0,0.0,-0.0,0.0,0.0,0.0
2025-04-14 00:00:00+00:00,0.0,0.0,-0.0,0.0,0.0,0.0
2025-04-15 00:00:00+00:00,0.0,0.0,-0.0,0.0,0.0,0.0
2025-04-16 00:00:00+00:00,0.0,0.0,-0.0,0.0,0.0,0.0
2025-04-17 00:00:00+00:00,0.0027547213686629156,0.0028306892404819954,-1.5056436618278094e-05,0.08701633600114485,6.0911435200801395e-05,0.08701633600114485
2025-04-18 00:00:00+00:00,-0.00012767208251485623,-0.000125297406705385,-2.374675809471243e-06,0.0,0.0,0.08701633600114485
2025-04-19 00:00:00+00:00,0.0019392216358044543,0.0019290985903557612,1.0123045448693186e-05,0.0,0.0,0.08701633600114485
2025-04-20 00:00:00+00:00,-0.0005042617354378007,-0.0005148102907695395,1.0548555331738783e-05,0.0,0.0,0.08701633600114485
2025-04-21 00:00:00+00:00,0.0007542750935826412,0.0007377824523386642,1.649264124397699e-05,0.0,0.0,0.08701633600114485
2025-04-22 00:00:00+00:00,0.006075116265421819,0.006078088308377938,-2.9720429561191014e-06,0.0,0.0,0.08701633600114485
2025-04-23 00:00:00+00:00,0.00020320173005926336,0.0002009301686079535,2.271561451309885e-06,0.0,0.0,0.08701633600114485
2025-04-24 00:00:00+00:00,0.0003321349017033871,0.00042436513794412304,-1.7711694587789832e-06,0.12922723825993854,9.045906678195698e-05,0.042210902258793676
2025-04-25 00:00:00+00:00,0.005837137457085594,0.0058186547803680475,1.8482676717546695e-05,0.0,0.0,0.042210902258793676
2025-04-26 00:00:00+00:00,0.006517849389209392,0.006521683405461559,-3.8340162521662295e-06,0.0,0.0,0.042210902258793676
2025-04-27 00:00:00+00:00,0.005255921115119706,0.00524637680800997,9.544307109735838e-06,0.0,0.0,0.042210902258793676
2025-04-28 00:00:00+00:00,-0.0013634417893735584,-0.001367836788516744,4.394999143185597e-06,0.0,0.0,0.042210902258793676
2025-04-29 00:00:00+00:00,-0.004129204379430516,-0.004152295009293144,2.3090629862627906e-05,0.0,0.0,0.042210902258793676
2025-04-30 00:00:00+00:00,0.00037502479981661784,0.00036882296300224456,6.201836814373258e-06,0.0,0.0,0.042210902258793676
2025-05-01 00:00:00+00:00,-0.000920357191447142,-0.0008782181689436527,-8.045174110735756e-06,0.04870549770393362,3.409384839275353e-05,0.04870549770393362
2025-05-02 00:00:00+00:00,0.002043581243936306,0.002044778912124846,-1.197668188539728e-06,0.0,0.0,0.04870549770393362
2025-05-03 00:00:00+00:00,-0.0036654004643967147,-0.0036703038903780584,4.903425981343516e-06,0.0,0.0,0.04870549770393362
2025-05-04 00:00:00+00:00,-0.00024146121176867415,-0.0002809311729979879,3.9469961229313726e-05,0.0,0.0,0.04870549770393362
2025-05-05 00:00:00+00:00,0.0022112523270376187,0.002193863733774849,1.7388593262769863e-05,0.0,0.0,0.04870549770393362
2025-05-06 00:00:00+00:00,0.0004893665955010699,0.00045941831554538665,2.994827995568322e-05,0.0,0.0,0.04870549770393362
2025-05-07 00:00:00+00:00,-0.0003207033204554129,-0.0003836279011590329,6.292458070362e-05,0.0,0.0,0.04870549770393362
2025-05-08 00:00:00+00:00,0.010495851440451148,0.01054094664618311,4.742011190137631e-06,0.0711960241744258,4.983721692209806e-05,0.0711960241744258
2025-05-09 00:00:00+00:00,0.0005693378651064251,0.0005402557131516557,2.9082151954769453e-05,0.0,0.0,0.0711960241744258
2025-05-10 00:00:00+00:00,0.0031991111538412506,0.0032204699610935785,-2.1358807252327742e-05,0.0,0.0,0.0711960241744258
2025-05-11 00:00:00+00:00,-0.0010260932299060725,-0.0010090674126850003,-1.7025817221072186e-05,0.0,0.0,0.0711960241744258
2025-05-12 00:00:00+00:00,-0.0017389467670450567,-0.0017287831786140366,-1.0163588431020156e-05,0.0,0.0,0.0711960241744258
2025-05-13 00:00:00+00:00,0.0008724835842659655,0.0008856619683406517,-1.3178384074686217e-05,0.0,0.0,0.0711960241744258
2025-05-14 00:00:00+00:00,6.51170502228419e-05,8.584719658170947e-05,-2.0730146358867564e-05,0.0,0.0,0.0711960241744258
2025-05-15 00:00:00+00:00,-0.004625411370680776,-0.004526728024632386,-1.2980529172021094e-05,0.12243259553766997,8.570281687636898e-05,0.05123657136324416
2025-05-16 00:00:00+00:00,-0.002765955611890456,-0.00276298773349424,-2.9678783962159176e-06,0.0,0.0,0.05123657136324416
2025-05-17 00:00:00+00:00,-0.002064446335758797,-0.0020598007158332916,-4.645619925505348e-06,0.0,0.0,0.05123657136324416
2025-05-18 00:00:00+00:00,0.00664671817042188,0.006649873574669285,-3.155404247405392e-06,0.0,0.0,0.05123657136324416
2025-05-19 00:00:00+00:00,-0.00225704016157855,-0.0022573726869266975,3.3252534814745386e-07,0.0,0.0,0.05123657136324416
2025-05-20 00:00:00+00:00,-0.0003462368352591528,-0.00033954585140482676,-6.690983854326055e-06,0.0,0.0,0.05123657136324416
2025-05-21 00:00:00+00:00,0.0022416891429844123,0.0022562382797887194,-1.4549136804306813e-05,0.0,0.0,0.05123657136324416
2025-05-22 00:00:00+00:00,0.0060706760196738594,0.006087574954879888,-1.4224998561181858e-05,0.0038199094926379684,2.673936644846578e-06,0.04741666187060619
2025-05-23 00:00:00+00:00,-0.005872702439256678,-0.005859635829744995,-1.306660951168295e-05,0.0,0.0,0.04741666187060619
2025-05-24 00:00:00+00:00,0.00027385844923547947,0.0002729618001595063,8.966490759731632e-07,0.0,0.0,0.04741666187060619
2025-05-25 00:00:00+00:00,-0.0003880580171206762,-0.00038029377582267376,-7.764241298002411e-06,0.0,0.0,0.04741666187060619
2025-05-26 00:00:00+00:00,4.1800197714215815e-06,1.4430553734609227e-05,-1.0250533963187646e-05,0.0,0.0,0.04741666187060619
2025-05-27 00:00:00+00:00,0.0006255854079949024,0.0006382103313012607,-1.2624923306358252e-05,0.0,0.0,0.04741666187060619
2025-05-28 00:00:00+00:00,0.00022118359121097003,0.00022833283840451067,-7.149247193540648e-06,0.0,0.0,0.04741666187060619
2025-05-29 00:00:00+00:00,-0.0026811114204232157,-0.002621630097982841,3.843814288679562e-05,0.13988495046738653,9.791946532717056e-05,0.09246828859678033
2025-05-30 00:00:00+00:00,-0.004938878353711374,-0.004949795622204553,1.0917268493178873e-05,0.0,0.0,0.09246828859678033
2025-05-31 00:00:00+00:00,0.002014379877860029,0.001995402148649869,1.897772921016021e-05,0.0,0.0,0.09246828859678033
2025-06-01 00:00:00+00:00,0.002618951293968609,0.002538223241633519,8.072805233509011e-05,0.0,0.0,0.09246828859678033
2025-06-02 00:00:00+00:00,0.0030602277274442303,0.0030093253215960317,5.090240584819862e-05,0.0,0.0,0.09246828859678033
2025-06-03 00:00:00+00:00,0.001873918262679972,0.0018453783877460186,2.853987493395327e-05,0.0,0.0,0.09246828859678033
2025-06-04 00:00:00+00:00,-0.0038423743906510575,-0.00385970849603141,1.733410538035244e-05,0.0,0.0,0.09246828859678033
2025-06-05 00:00:00+00:00,-0.005928712871454621,-0.005923254716426107,2.4873100308447774e-07,0.00815269433085547,5.706886031598829e-06,0.08431559426592486
2025-06-06 00:00:00+00:00,0.0022070299344280233,0.0021279714174645787,7.905851696344444e-05,0.0,0.0,0.08431559426592486
2025-06-07 00:00:00+00:00,0.0029959986475592898,0.00297400070901531,2.1997938543979794e-05,0.0,0.0,0.08431559426592486
2025-06-08 00:00:00+00:00,-0.0018002582825258084,-0.0018719202139822746,7.166193145646619e-05,0.0,0.0,0.08431559426592486
2025-06-09 00:00:00+00:00,0.007388719790321787,0.007349102422044057,3.961736827773011e-05,0.0,0.0,0.08431559426592486
2025-06-10 00:00:00+00:00,0.004014387964224758,0.003986044434056324,2.83435301684333e-05,0.0,0.0,0.08431559426592486
2025-06-11 00:00:00+00:00,-0.0021150537080378905,-0.002121257649463977,6.20394142608675e-06,0.0,0.0,0.08431559426592486
2025-06-12 00:00:00+00:00,-0.0046431226847875925,-0.004561448711749297,-2.265305705214895e-05,0.08431559426592486,5.90209159861474e-05,0.07929799087110634
2025-06-13 00:00:00+00:00,0.001018190069940389,0.0010324307996309766,-1.4240729690587632e-05,0.0,0.0,0.07929799087110634
2025-06-14 00:00:00+00:00,-0.004498627046785011,-0.004492689609718536,-5.937437066474087e-06,0.0,0.0,0.07929799087110634
2025-06-15 00:00:00+00:00,-0.0006933150353457737,-0.0006959635882408687,2.648552895094952e-06,0.0,0.0,0.07929799087110634
2025-06-16 00:00:00+00:00,0.0014918044930750886,0.001501449111214787,-9.64461813969831e-06,0.0,0.0,0.07929799087110634
2025-06-17 00:00:00+00:00,-0.0012908727229653824,-0.0012780490483716616,-1.282367459372096e-05,0.0,0.0,0.07929799087110634
2025-06-18 00:00:00+00:00,-0.00034064021151156013,-0.0003316799350330795,-8.96027647848066e-06,0.0,0.0,0.07929799087110634
2025-06-19 00:00:00+00:00,0.0015873455538114843,0.0016600352753103418,-1.7181127889082994e-05,0.07929799087110634,5.550859360977444e-05,0.06382291192081349
2025-06-20 00:00:00+00:00,-0.0009388310931190491,-0.0009281876652125747,-1.0643427906474463e-05,0.0,0.0,0.06382291192081349
2025-06-21 00:00:00+00:00,-0.003251433073718655,-0.003257200750268939,5.767676550283914e-06,0.0,0.0,0.06382291192081349
2025-06-22 00:00:00+00:00,-0.00017597628896722875,-0.00016285174535983266,-1.3124543607396088e-05,0.0,0.0,0.06382291192081349
2025-06-23 00:00:00+00:00,0.010840042245490168,0.010840922044330997,-8.797988408284131e-07,0.0,0.0,0.06382291192081349
2025-06-24 00:00:00+00:00,0.003428701086088326,0.0034461630347898606,-1.7461948701534572e-05,0.0,0.0,0.06382291192081349
2025-06-25 00:00:00+00:00,0.0040013471228433125,0.0040146513279477655,-1.3304205104453177e-05,0.0,0.0,0.06382291192081349
2025-06-26 00:00:00+00:00,-0.0031144617742727204,-0.0030473749958712954,-5.363327041391507e-06,0.08817635908576255,6.172345136003379e-05,0.08817635908576255
2025-06-27 00:00:00+00:00,0.005361457489115194,0.0053447612955223045,1.669619359288914e-05,0.0,0.0,0.08817635908576255
2025-06-28 00:00:00+00:00,-0.0014688238802475118,-0.0014671397117889738,-1.6841684585380646e-06,0.0,0.0,0.08817635908576255
2025-06-29 00:00:00+00:00,0.00274910936002224,0.002752376735008163,-3.2673749859229327e-06,0.0,0.0,0.08817635908576255
2025-06-30 00:00:00+00:00,0.00014944975732429807,0.0001567626636650758,-7.3129063407777165e-06,0.0,0.0,0.08817635908576255
2025-07-01 00:00:00+00:00,-0.0006580370830044685,-0.000638559366164219,-1.9477716840249516e-05,0.0,0.0,0.08817635908576255
2025-07-02 00:00:00+00:00,-0.0002041957161858012,-0.00020722986470194228,3.034148516141085e-06,0.0,0.0,0.08817635908576255
2025-07-03 00:00:00+00:00,0.00325313229908284,0.0032650670884662035,4.9788661976670086e-05,0.08817635908576255,6.172345136003379e-05,0.05743133717065499
2025-07-04 00:00:00+00:00,-0.002450133317630201,-0.0024826615655336023,3.2528247903401425e-05,0.0,0.0,0.05743133717065499
2025-07-05 00:00:00+00:00,0.00036545972682694493,0.00030985039882802895,5.560932799891597e-05,0.0,0.0,0.05743133717065499
2025-07-06 00:00:00+00:00,0.0008711281886657662,0.0008196852170218954,5.144297164387079e-05,0.0,0.0,0.05743133717065499
2025-07-07 00:00:00+00:00,-0.0025430712761115256,-0.002575951290955097,3.288001484357168e-05,0.0,0.0,0.05743133717065499
2025-07-08 00:00:00+00:00,0.0008509280419498721,0.0008351783592008775,1.574968274899457e-05,0.0,0.0,0.05743133717065499
2025-07-09 00:00:00+00:00,0.0012565907609861857,0.001242773068419612,1.3817692566573738e-05,0.0,0.0,0.05743133717065499
2025-07-10 00:00:00+00:00,0.01226696741872728,0.012321827222143363,3.664454613479536e-06,0.08360608289937341,5.8524258029561385e-05,0.08360608289937341
2025-07-11 00:00:00+00:00,0.01756657821352705,0.017591630358237433,-2.5052144710382745e-05,0.0,0.0,0.08360608289937341
2025-07-12 00:00:00+00:00,0.003330495363061304,0.0033527880890055926,-2.2292725944288927e-05,0.0,0.0,0.08360608289937341
2025-07-13 00:00:00+00:00,0.020281519368213752,0.020300337425352744,-1.881805713899097e-05,0.0,0.0,0.08360608289937341
2025-07-14 00:00:00+00:00,-0.0007861382583002417,-0.0007673394305603176,-1.8798827739924114e-05,0.0,0.0,0.08360608289937341
2025-07-15 00:00:00+00:00,0.002301097973037863,0.002326179797907675,-2.5081824869812025e-05,0.0,0.0,0.08360608289937341
2025-07-16 00:00:00+00:00,-0.0018689856706893446,-0.0018473551049216187,-2.163056576772589e-05,0.0,0.0,0.08360608289937341
2025-07-17 00:00:00+00:00,0.002109721242735187,0.0021463682889270243,-1.6296727280611034e-05,0.029071884158894425,2.0350318911226098e-05,0.05453419874047898
2025-07-18 00:00:00+00:00,-0.00031430147284201984,-0.00029794121321987613,-1.6360259622143695e-05,0.0,0.0,0.05453419874047898
2025-07-19 00:00:00+00:00,-0.0010160817111583892,-0.0010019306319272222,-1.4151079231166892e-05,0.0,0.0,0.05453419874047898
2025-07-20 00:00:00+00:00,0.00015402631592859606,0.00016466184803795797,-1.0635532109361914e-05,0.0,0.0,0.05453419874047898
2025-07-21 00:00:00+00:00,0.006079930881957268,0.006104496084450911,-2.456520249364246e-05,0.0,0.0,0.05453419874047898
2025-07-22 00:00:00+00:00,0.003678842764034966,0.0036952030236571095,-1.6360259622143695e-05,0.0,0.0,0.05453419874047898
2025-07-23 00:00:00+00:00,-0.0022180767847889142,-0.0022017165251667706,-1.6360259622143695e-05,0.0,0.0,0.05453419874047898
2025-07-24 00:00:00+00:00,-0.0027679874507969336,-0.002780764339902432,5.2757320360271456e-05,0.05711490179253275,3.998043125477293e-05,0.05711490179253275
2025-07-25 00:00:00+00:00,0.009128231492868484,0.009129758745342416,-1.527252473932327e-06,0.0,0.0,0.05711490179253275
2025-07-26 00:00:00+00:00,0.0027606335016291004,0.0027777679721668605,-1.7134470537759827e-05,0.0,0.0,0.05711490179253275
2025-07-27 00:00:00+00:00,0.0031397059497188964,0.003155108410859798,-1.540246114090127e-05,0.0,0.0,0.05711490179253275
2025-07-28 00:00:00+00:00,-0.003370459519454189,-0.003351023603948699,-1.9435915505489933e-05,0.0,0.0,0.05711490179253275
2025-07-29 00:00:00+00:00,-0.004553102877562038,-0.004535968407024278,-1.7134470537759827e-05,0.0,0.0,0.05711490179253275
2025-07-30 00:00:00+00:00,-7.185475133668999e-05,-7.100830849212465e-05,-8.464428445653361e-07,0.0,0.0,0.05711490179253275
2025-07-31 00:00:00+00:00,-0.005397238854250124,-0.005365612504124036,3.6003963727067795e-05,0.09661473407593563,6.763031385315493e-05,0.09661473407593563
2025-08-01 00:00:00+00:00,-0.0012669334926929683,-0.001389554497813794,0.00012262100512082562,0.0,0.0,0.09661473407593563
2025-08-02 00:00:00+00:00,-0.00610241862009382,-0.006249150798250636,0.0001467321781568161,0.0,0.0,0.09661473407593563
2025-08-03 00:00:00+00:00,0.009109904252106008,0.008965156057513442,0.00014474819459256677,0.0,0.0,0.09661473407593563
2025-08-04 00:00:00+00:00,0.0035734214227289935,0.003512580709313025,6.084071341596857e-05,0.0,0.0,0.09661473407593563
2025-08-05 00:00:00+00:00,-0.0038493751266099534,-0.0038682729685952065,1.889784198525301e-05,0.0,0.0,0.09661473407593563
2025-08-06 00:00:00+00:00,0.0035375476745193955,0.003504882716001992,3.2664958517403454e-05,0.0,0.0,0.09661473407593563
2025-08-07 00:00:00+00:00,0.003313738020884909,0.0033347346948688177,-1.2644437268268612e-05,0.011931766736628713,8.352236715640098e-06,0.08468296733930691
2025-08-08 00:00:00+00:00,0.0008550769561596412,0.0008363687950150415,1.8708161144599683e-05,0.0,0.0,0.08468296733930691
2025-08-09 00:00:00+00:00,0.004584368401889144,0.00460884728384308,-2.4478881953936754e-05,0.0,0.0,0.08468296733930691
2025-08-10 00:00:00+00:00,0.0037793590518603436,0.00379504530131544,-1.5686249455096518e-05,0.0,0.0,0.08468296733930691
2025-08-11 00:00:00+00:00,0.00044305998909184346,0.00046846487929363555,-2.5404890201792075e-05,0.0,0.0,0.08468296733930691
2025-08-12 00:00:00+00:00,0.0037278352836902762,0.0037532401738920684,-2.5404890201792075e-05,0.0,0.0,0.08468296733930691
2025-08-13 00:00:00+00:00,-0.0019398188101946389,-0.0019144139199928469,-2.5404890201792075e-05,0.0,0.0,0.08468296733930691
2025-08-14 00:00:00+00:00,-0.005064180664516971,-0.0049327593899773595,-2.720356467599311e-05,0.14888244266231093,0.00010421770986361766,0.06419947532300402
2025-08-15 00:00:00+00:00,-0.0020525258657027737,-0.002043010219470398,-9.515646232375654e-06,0.0,0.0,0.06419947532300402
2025-08-16 00:00:00+00:00,0.0012805794524672507,0.0012988685989972681,-1.828914653001739e-05,0.0,0.0,0.06419947532300402
2025-08-17 00:00:00+00:00,0.005740416309569009,0.00576423848787974,-2.3822178310730486e-05,0.0,0.0,0.06419947532300402
2025-08-18 00:00:00+00:00,-0.004403797019152683,-0.004414084022081065,1.0287002928381551e-05,0.0,0.0,0.06419947532300402
2025-08-19 00:00:00+00:00,-0.005888161259008299,-0.005891935225165162,3.7739661568627906e-06,0.0,0.0,0.06419947532300402
2025-08-20 00:00:00+00:00,0.007545540036700304,0.007565117024705301,-1.9576988004996847e-05,0.0,0.0,0.06419947532300402
2025-08-21 00:00:00+00:00,-0.004064108580560301,-0.003988600670496052,-1.6907154991990338e-05,0.08371536438894008,5.860075507225805e-05,0.08371536438894008
2025-08-22 00:00:00+00:00,0.007298211423068084,0.007311825215625014,-1.3613792556929435e-05,0.0,0.0,0.08371536438894008
2025-08-23 00:00:00+00:00,-0.0016192846397053969,-0.0015987626552790922,-2.052198442630477e-05,0.0,0.0,0.08371536438894008
2025-08-24 00:00:00+00:00,-0.0010218904763809624,-0.0009967758670642803,-2.5114609316682024e-05,0.0,0.0,0.08371536438894008
2025-08-25 00:00:00+00:00,-0.007279715952945778,-0.007265080832943303,-1.4635120002474505e-05,0.0,0.0,0.08371536438894008
2025-08-26 00:00:00+00:00,0.0032638192180443814,0.0032527985088993995,1.1020709144982017e-05,0.0,0.0,0.08371536438894008
2025-08-27 00:00:00+00:00,-0.0017926073813451756,-0.0017729108304117458,-1.969655093342982e-05,0.0,0.0,0.08371536438894008
2025-08-28 00:00:00+00:00,-0.005440086753554504,-0.005289129588224593,-2.7706923077295683e-05,0.17607177464659235,0.00012325024225261463,0.09235641025765227
2025-08-29 00:00:00+00:00,-0.002387544083247129,-0.0023593412062467498,-2.8202877000379275e-05,0.0,0.0,0.09235641025765227
2025-08-30 00:00:00+00:00,0.00010818255700391835,0.00013588948008121403,-2.7706923077295683e-05,0.0,0.0,0.09235641025765227
2025-08-31 00:00:00+00:00,0.00019130770270641627,0.00022324316402735857,-3.1935461320942294e-05,0.0,0.0,0.09235641025765227
2025-09-01 00:00:00+00:00,0.0012769161632698546,0.0012949663000906102,-1.8050136820755563e-05,0.0,0.0,0.09235641025765227
2025-09-02 00:00:00+00:00,0.00313160888827624,0.0031548734680201425,-2.326457974390261e-05,0.0,0.0,0.09235641025765227
2025-09-03 00:00:00+00:00,0.0036022526978014883,0.003629959620878784,-2.7706923077295683e-05,0.0,0.0,0.09235641025765227
2025-09-04 00:00:00+00:00,0.0013958508235204442,0.0015300055830037062,-2.0851581690871585e-05,0.16186168256055755,0.00011330317779239029,0.06950527230290528
2025-09-05 00:00:00+00:00,0.0026843529505170835,0.0027052045322079553,-2.0851581690871585e-05,0.0,0.0,0.06950527230290528
2025-09-06 00:00:00+00:00,-0.0014863047664939015,-0.0014654531848030299,-2.0851581690871585e-05,0.0,0.0,0.06950527230290528
2025-09-07 00:00:00+00:00,0.003003025075905822,0.0030238766575966932,-2.0851581690871585e-05,0.0,0.0,0.06950527230290528
2025-09-08 00:00:00+00:00,-0.0013293009090503643,-0.001308431255988694,-2.086965306167034e-05,0.0,0.0,0.06950527230290528
2025-09-09 00:00:00+00:00,-0.00024992331961485545,-0.0002084290195763825,-4.1494300038472935e-05,0.0,0.0,0.06950527230290528
2025-09-10 00:00:00+00:00,0.006412321495403065,0.006465341507221167,-5.3020011818102206e-05,0.0,0.0,0.06950527230290528
2025-09-11 00:00:00+00:00,-0.0015210922003542654,-0.0014596250568218337,-1.2813452920397892e-05,0.06950527230290528,4.8653690612033696e-05,0.04271150973465963
2025-09-12 00:00:00+00:00,0.0013090581485279314,0.0013218716014483294,-1.2813452920397892e-05,0.0,0.0,0.04271150973465963
2025-09-13 00:00:00+00:00,0.004219417717738417,0.004232162618685691,-1.2744900947273763e-05,0.0,0.0,0.04271150973465963
2025-09-14 00:00:00+00:00,0.0004475060879962808,0.00047450424685710783,-2.6998158860827028e-05,0.0,0.0,0.04271150973465963
2025-09-15 00:00:00+00:00,0.0007557048634839137,0.0007705970855830974,-1.4892222099183773e-05,0.0,0.0,0.04271150973465963
2025-09-16 00:00:00+00:00,-0.002042767719267689,-0.0020276495532820086,-1.5118165985680123e-05,0.0,0.0,0.04271150973465963
2025-09-17 00:00:00+00:00,0.0022749693784510426,0.0022877828313714404,-1.2813452920397892e-05,0.0,0.0,0.04271150973465963
2025-09-18 00:00:00+00:00,-0.0009546971932072228,-0.0009409848545909715,-1.3083118629153894e-05,0.0008988856958533423,6.292199870973396e-07,0.043610395430512976
2025-09-19 00:00:00+00:00,-0.003131912789035701,-0.003118829670406547,-1.3083118629153894e-05,0.0,0.0,0.043610395430512976
2025-09-20 00:00:00+00:00,-0.0006388214988178976,-0.0006258249468236733,-1.2996551994224325e-05,0.0,0.0,0.043610395430512976
2025-09-21 00:00:00+00:00,-0.0019536831639581083,-0.0019406000453289544,-1.3083118629153894e-05,0.0,0.0,0.043610395430512976
2025-09-22 00:00:00+00:00,-0.0038706701929903903,-0.0038576971906096984,-1.2973002380691848e-05,0.0,0.0,0.043610395430512976
2025-09-23 00:00:00+00:00,-0.0008754441518518625,-0.0008659229122694958,-9.521239582366747e-06,0.0,0.0,0.043610395430512976
2025-09-24 00:00:00+00:00,3.0456465195682337e-05,4.353958382483623e-05,-1.3083118629153894e-05,0.0,0.0,0.043610395430512976
2025-09-25 00:00:00+00:00,8.956347291329814e-05,0.00013361516640850014,-4.139815651316683e-06,0.0570169683484076,3.991187784388532e-05,0.013406572917894627
2025-09-26 00:00:00+00:00,-0.00017939194463956692,-0.00017536997276419852,-4.0219718753683885e-06,0.0,0.0,0.013406572917894627
2025-09-27 00:00:00+00:00,0.0007121079350340653,0.0007185711097720531,-6.463174737987821e-06,0.0,0.0,0.013406572917894627
2025-09-28 00:00:00+00:00,-0.0007768541408430764,-0.0007693023523841555,-7.551788458920863e-06,0.0,0.0,0.013406572917894627
2025-09-29 00:00:00+00:00,0.00029471137031772035,0.0002997723515942256,-5.060981276505222e-06,0.0,0.0,0.013406572917894627
2025-09-30 00:00:00+00:00,-0.0004169861442731912,-0.0004129586757029265,-4.027468570264725e-06,0.0,0.0,0.013406572917894627
2025-10-01 00:00:00+00:00,-0.00014976784545918043,-0.00014572361867276834,-4.044226786412094e-06,0.0,0.0,0.013406572917894627
2025-10-02 00:00:00+00:00,0.0002621941888327115,0.0003003171872499453,-8.62151921241227e-06,0.042144970292602196,2.9501479204821536e-05,0.028738397374707566
2025-10-03 00:00:00+00:00,-0.00018305231014313132,-0.00017715030547428763,-5.902004668843693e-06,0.0,0.0,0.028738397374707566
2025-10-04 00:00:00+00:00,0.0031675554624493287,0.0031759670476689188,-8.41158521959003e-06,0.0,0.0,0.028738397374707566
2025-10-05 00:00:00+00:00,0.0007231427454748713,0.0007317642646872836,-8.62151921241227e-06,0.0,0.0,0.028738397374707566
2025-10-06 00:00:00+00:00,6.819485690684974e-05,7.615639882355184e-05,-7.96154191670211e-06,0.0,0.0,0.028738397374707566
2025-10-07 00:00:00+00:00,-0.0037977478707084053,-0.003789126351495993,-8.62151921241227e-06,0.0,0.0,0.028738397374707566
2025-10-08 00:00:00+00:00,0.008213886093551887,0.0082225076127643,-8.62151921241227e-06,0.0,0.0,0.028738397374707566
2025-10-09 00:00:00+00:00,0.0049739455979033636,0.005005272211690891,-4.049823953500622e-06,0.03896684262003869,2.727678983402708e-05,0.03896684262003869
2025-10-10 00:00:00+00:00,0.0025839290464685968,0.0025934739745683754,-9.544928099778476e-06,0.0,0.0,0.03896684262003869
2025-10-11 00:00:00+00:00,0.006608175907601478,0.0065948139824328535,1.3361925168624368e-05,0.0,0.0,0.03896684262003869
2025-10-12 00:00:00+00:00,0.004712969769255062,0.004711511435170007,1.458334085054947e-06,0.0,0.0,0.03896684262003869
2025-10-13 00:00:00+00:00,-0.0017133835225083569,-0.0017426484006528584,2.9264878144501454e-05,0.0,0.0,0.03896684262003869
2025-10-14 00:00:00+00:00,-0.002252078791678958,-0.0022449839038089143,-7.094887870043545e-06,0.0,0.0,0.03896684262003869
2025-10-15 00:00:00+00:00,-0.0012464370114595928,-0.001254441190602175,8.004179142582148e-06,0.0,0.0,0.03896684262003869
2025-10-16 00:00:00+00:00,-0.002983993551217548,-0.002986209904601364,6.4074375954854074e-06,0.0059872631595275505,4.191084211669286e-06,0.03297957946051114
2025-10-17 00:00:00+00:00,0.001396730209901948,0.0014055900090261168,-8.859799124169016e-06,0.0,0.0,0.03297957946051114
2025-10-18 00:00:00+00:00,3.6110943515099456e-05,1.4527127941373335e-05,2.158381557372612e-05,0.0,0.0,0.03297957946051114
2025-10-19 00:00:00+00:00,0.0014632744146631938,0.0014650314017589526,-1.7569870957587312e-06,0.0,0.0,0.03297957946051114
2025-10-20 00:00:00+00:00,0.0042882870551749774,0.00427887880564438,9.408249530597315e-06,0.0,0.0,0.03297957946051114
2025-10-21 00:00:00+00:00,-0.001547811167359288,-0.001561583769537792,1.3772602178504058e-05,0.0,0.0,0.03297957946051114
2025-10-22 00:00:00+00:00,-0.0028561499113896847,-0.0028698623258356735,1.3712414445988623e-05,0.0,0.0,0.03297957946051114
2025-10-23 00:00:00+00:00,0.00042380407840325623,0.00039821860590742936,2.620649593030374e-05,0.0008871763349669673,6.210234344768771e-07,0.03209240312554417
2025-10-24 00:00:00+00:00,0.0018406601973776197,0.0018060233480702668,3.463684930735294e-05,0.0,0.0,0.03209240312554417
2025-10-25 00:00:00+00:00,0.0004172833676575436,0.0004052511234156989,1.2032244241844649e-05,0.0,0.0,0.03209240312554417
2025-10-26 00:00:00+00:00,0.005838599534669359,0.00582835804652192,1.0241488147439284e-05,0.0,0.0,0.03209240312554417
2025-10-27 00:00:00+00:00,0.00045778830623862803,0.0004606448510408327,-2.8565448022046866e-06,0.0,0.0,0.03209240312554417
2025-10-28 00:00:00+00:00,-0.0021771356262531845,-0.0021703050791719437,-6.8305470812408226e-06,0.0,0.0,0.03209240312554417
2025-10-29 00:00:00+00:00,0.002039187034185799,0.00203160408071328,7.582953472519205e-06,0.0,0.0,0.03209240312554417
2025-10-30 00:00:00+00:00,-0.003084391534126701,-0.0030918113861584597,3.244283963675629e-05,0.03574712514999619,2.502298760499733e-05,0.03574712514999619
2025-10-31 00:00:00+00:00,0.0039349672151355285,0.003851684814110447,8.328240102508087e-05,0.0,0.0,0.03574712514999619
2025-11-01 00:00:00+00:00,0.0006187673839937854,0.0005445399085048243,7.422747548896109e-05,0.0,0.0,0.03574712514999619
2025-11-02 00:00:00+00:00,-0.0008614730689816165,-0.0009315504819762888,7.007741299467227e-05,0.0,0.0,0.03574712514999619
2025-11-03 00:00:00+00:00,-0.0012588611592566812,-0.0013192525312207106,6.0391371964029305e-05,0.0,0.0,0.03574712514999619
2025-11-04 00:00:00+00:00,-0.00014841662885267532,-0.0002209285998056881,7.251197095301277e-05,0.0,0.0,0.03574712514999619
2025-11-05 00:00:00+00:00,0.00340688620576677,0.0033262176345326567,8.066857123411315e-05,0.0,0.0,0.03574712514999619
2025-11-06 00:00:00+00:00,0.0037081434031293317,0.003467343700784632,0.00026582268994969674,0.03574712514999619,2.502298760499733e-05,0.032960424202107375
2025-11-07 00:00:00+00:00,0.0021709589579180623,0.0016494108391708635,0.000521548118747199,0.0,0.0,0.032960424202107375
2025-11-08 00:00:00+00:00,-0.0043741909671815155,-0.004378439730663288,4.248763481772651e-06,0.0,0.0,0.032960424202107375
2025-11-09 00:00:00+00:00,0.0005745734529807463,0.00048142251492408163,9.315093805666475e-05,0.0,0.0,0.032960424202107375
2025-11-10 00:00:00+00:00,-0.004251253978522978,-0.004311395710949716,6.0141732426738256e-05,0.0,0.0,0.032960424202107375
2025-11-11 00:00:00+00:00,-0.0037694764055819707,-0.0037591347428843173,-1.034166269765321e-05,0.0,0.0,0.032960424202107375
2025-11-12 00:00:00+00:00,0.0022756309877960254,0.002284121593070488,-8.490605274462861e-06,0.0,0.0,0.032960424202107375
2025-11-13 00:00:00+00:00,-0.0004508122229289666,-0.00043959142968092726,-7.4853074057228586e-06,0.005336408346166437,3.7354858423165055e-06,0.03829683254827381
2025-11-14 00:00:00+00:00,0.006482963753113273,0.0064893183465380075,-6.354593424735074e-06,0.0,0.0,0.03829683254827381
2025-11-15 00:00:00+00:00,0.006810457740810426,0.006581164647167448,0.00022929309364297785,0.0,0.0,0.03829683254827381
2025-11-16 00:00:00+00:00,0.0001411109245691317,-0.0005820887590824239,0.0007231996836515556,0.0,0.0,0.03829683254827381
2025-11-17 00:00:00+00:00,-0.002509497547883209,-0.0031606474856200697,0.0006511499377368607,0.0,0.0,0.03829683254827381
2025-11-18 00:00:00+00:00,-0.0005522109438092062,-0.000636475464465173,8.426452065596687e-05,0.0,0.0,0.03829683254827381
2025-11-19 00:00:00+00:00,0.0021023930710155434,0.0019874502981942935,0.00011494277282124982,0.0,0.0,0.03829683254827381
2025-11-20 00:00:00+00:00,-0.002626491934280242,-0.002614094542220772,1.8640982881529937e-05,0.04434053562999949,3.1038374940999645e-05,0.04434053562999949
2025-11-21 00:00:00+00:00,-0.004036643409772458,-0.004027222376167152,-9.421033605305992e-06,0.0,0.0,0.04434053562999949
2025-11-22 00:00:00+00:00,-0.0022464527271902524,-0.00223681553347375,-9.63719371650224e-06,0.0,0.0,0.04434053562999949
2025-11-23 00:00:00+00:00,0.0022626469880319463,0.0022449067831317396,1.7740204900206495e-05,0.0,0.0,0.04434053562999949
2025-11-24 00:00:00+00:00,-0.0014569220009572762,-0.001481638967436185,2.4716966478908767e-05,0.0,0.0,0.04434053562999949
2025-11-25 00:00:00+00:00,-0.0005429749992688601,-0.0005786392005894595,3.566420132059934e-05,0.0,0.0,0.04434053562999949
2025-11-26 00:00:00+00:00,0.0009324984118912062,0.0009174975652822211,1.5000846608985127e-05,0.0,0.0,0.04434053562999949
2025-11-27 00:00:00+00:00,-0.0011660774327119682,-0.0011756660997249784,9.759091613964398e-05,0.12571749875233393,8.800224912663375e-05,0.08137696312233444
2025-11-28 00:00:00+00:00,0.0003913260559901239,0.0003315274152941233,5.979864069600063e-05,0.0,0.0,0.08137696312233444
2025-11-29 00:00:00+00:00,-0.0018565997242417506,-0.0019158148921121641,5.9215167870413494e-05,0.0,0.0,0.08137696312233444
2025-11-30 00:00:00+00:00,0.0013785948675599873,0.0012829069517029592,9.568791585702816e-05,0.0,0.0,0.08137696312233444
2025-12-01 00:00:00+00:00,-0.0028407293007611215,-0.0028757905653223792,3.50612645612578e-05,0.0,0.0,0.08137696312233444
2025-12-02 00:00:00+00:00,0.003708377235422014,0.0036373595597051526,7.101767571686128e-05,0.0,0.0,0.08137696312233444
2025-12-03 00:00:00+00:00,0.003495306435018104,0.0034139803324977212,8.132610252038298e-05,0.0,0.0,0.08137696312233444
2025-12-04 00:00:00+00:00,-0.001251443700913345,-0.001225494236757092,6.27846003049561e-06,0.046039891695355356,3.222792418674875e-05,0.046039891695355356
2025-12-05 00:00:00+00:00,-0.001213836398073555,-0.0012245461976797287,1.0709799606173563e-05,0.0,0.0,0.046039891695355356
2025-12-06 00:00:00+00:00,0.0020060143986958016,0.0019709858678972243,3.5028530798577215e-05,0.0,0.0,0.046039891695355356
2025-12-07 00:00:00+00:00,0.001218850927516106,0.0011747810827863949,4.40698447297111e-05,0.0,0.0,0.046039891695355356
2025-12-08 00:00:00+00:00,-0.001479929859682457,-0.0014827488822509636,2.819022568506609e-06,0.0,0.0,0.046039891695355356
2025-12-09 00:00:00+00:00,0.0004666987084558268,0.0004367175309838114,2.998117747201541e-05,0.0,0.0,0.046039891695355356
2025-12-10 00:00:00+00:00,-0.0008770396888893355,-0.0009385121522809739,6.147246339163847e-05,0.0,0.0,0.046039891695355356
2025-12-11 00:00:00+00:00,0.0011920237581963253,0.0012527076830366507,2.8104030280703162e-06,0.0907061826691366,6.349432786839563e-05,0.04466629097378125
2025-12-12 00:00:00+00:00,-0.0024589426445497317,-0.0024481030290562146,-1.0839615493517233e-05,0.0,0.0,0.04466629097378125
2025-12-13 00:00:00+00:00,0.0014360740836437667,0.0014363277881764979,-2.537045327310775e-07,0.0,0.0,0.04466629097378125
2025-12-14 00:00:00+00:00,-0.0020197260676967106,-0.0020160924649259932,-3.6336027707171044e-06,0.0,0.0,0.04466629097378125
2025-12-15 00:00:00+00:00,0.0010198406111240348,0.0010213364852087467,-1.4958740847119343e-06,0.0,0.0,0.04466629097378125
2025-12-16 00:00:00+00:00,-0.001551199544923817,-0.0015498832293288198,-1.3163155949973335e-06,0.0,0.0,0.04466629097378125
2025-12-17 00:00:00+00:00,-0.0014988142456072826,-0.001492796356224385,-6.017889382897548e-06,0.0,0.0,0.04466629097378125
2025-12-18 00:00:00+00:00,0.0033585817102974647,0.0021870814197942584,0.0012268839750270563,0.07911954931978579,5.538368452385005e-05,0.03445325834600454
2025-12-19 00:00:00+00:00,0.0010261019555741304,-0.0002046039194012481,0.0012307058749753785,0.0,0.0,0.03445325834600454
2025-12-20 00:00:00+00:00,0.0031271866405003872,0.0029361476296290855,0.0001910390108713019,0.0,0.0,0.03445325834600454
2025-12-21 00:00:00+00:00,0.008365379437045408,0.00807820549941125,0.0002871739376341583,0.0,0.0,0.03445325834600454
2025-12-22 00:00:00+00:00,0.0028274801534935116,0.0006513591260757204,0.002176121027417791,0.0,0.0,0.03445325834600454
2025-12-23 00:00:00+00:00,-0.006642503325153539,-0.00687231654976631,0.0002298132246127706,0.0,0.0,0.03445325834600454
2025-12-24 00:00:00+00:00,0.0015863366497138303,0.0013373651739988887,0.0002489714757149416,0.0,0.0,0.03445325834600454
2025-12-25 00:00:00+00:00,-0.002087834745328845,-0.002093487218218622,2.35441161620319e-05,0.025559490388935,1.78916432722545e-05,0.008893767957069537
2025-12-26 00:00:00+00:00,0.000322561303102242,0.0003320979126072485,-9.536609505006524e-06,0.0,0.0,0.008893767957069537
2025-12-27 00:00:00+00:00,0.0013617427091591958,0.0013668575151113064,-5.114805952110691e-06,0.0,0.0,0.008893767957069537
2025-12-28 00:00:00+00:00,0.00010012517787002148,9.931006403675606e-05,8.15113833265423e-07,0.0,0.0,0.008893767957069537
2025-12-29 00:00:00+00:00,0.0009199067657064051,0.000892003902806293,2.7902862900112114e-05,0.0,0.0,0.008893767957069537
2025-12-30 00:00:00+00:00,-0.0017459794161496284,-0.0019626384517851692,0.00021665903563554086,0.0,0.0,0.008893767957069537
2025-12-31 00:00:00+00:00,0.00012408433859648147,0.0,0.00012408433859648147,0.0,0.0,0.008893767957069537
