scheme,cost_scenario,window,side,signal_time,entry_time,exit_time,entry,exit,exit_reason,gross_return,funding_return,cost_return,net_return,initial_risk_return,result_r
anchored_12m_3m,round_trip_0_05pct,1,long,2022-02-21T01:00:00+00:00,2022-02-21T02:00:00+00:00,2022-02-21T11:00:00+00:00,2712.35,2651.429375,stop,-0.02246045864287416,0.0,0.0005,-0.02296045864287416,0.022460458642874208,-1.0222613441671007
anchored_12m_3m,round_trip_0_05pct,1,long,2022-02-24T18:00:00+00:00,2022-02-24T19:00:00+00:00,2022-02-24T20:00:00+00:00,2524.3,2644.191666666667,take,0.04749501511970333,0.0,0.0005,0.04699501511970333,0.03562126133977737,1.319296772549297
anchored_12m_3m,round_trip_0_05pct,2,long,2022-04-01T14:00:00+00:00,2022-04-01T15:00:00+00:00,2022-04-02T00:00:00+00:00,3420.51,3492.1725,take,0.020950823122867668,-0.0001,0.0005,0.020350823122867668,0.01571311734215072,1.2951486760858215
anchored_12m_3m,round_trip_0_05pct,2,long,2022-05-10T05:00:00+00:00,2022-05-10T06:00:00+00:00,2022-05-10T21:00:00+00:00,2403.27,2310.66125,stop,-0.038534475943194035,0.0,0.0005,-0.039034475943194036,0.038534475943194056,-1.0129753937937824
anchored_12m_3m,round_trip_0_05pct,2,long,2022-05-12T16:00:00+00:00,2022-05-12T17:00:00+00:00,2022-05-12T21:00:00+00:00,2024.63,1879.611875,stop,-0.0716269762870253,0.0,0.0005,-0.0721269762870253,0.07162697628702527,-1.0069806101823482
anchored_12m_3m,round_trip_0_05pct,2,long,2022-06-07T18:00:00+00:00,2022-06-07T19:00:00+00:00,2022-06-07T19:00:00+00:00,1806.52,1853.7583333333332,take,0.026148801747743367,0.0,0.0005,0.025648801747743366,0.019611601310807514,1.307838219901446
anchored_12m_3m,round_trip_0_05pct,2,long,2022-06-12T15:00:00+00:00,2022-06-12T16:00:00+00:00,2022-06-12T19:00:00+00:00,1525.2,1475.868125,stop,-0.0323445285864149,0.0,0.0005,-0.0328445285864149,0.032344528586414914,-1.0154585650758252
anchored_12m_3m,round_trip_0_05pct,2,long,2022-06-14T06:00:00+00:00,2022-06-14T07:00:00+00:00,2022-06-15T04:00:00+00:00,1233.6,1146.639375,stop,-0.07049337305447467,5.37e-05,0.0005,-0.07093967305447467,0.07049337305447471,-1.006331091571616
anchored_12m_3m,round_trip_0_05pct,2,long,2022-06-15T18:00:00+00:00,2022-06-15T19:00:00+00:00,2022-06-16T13:00:00+00:00,1171.49,1091.98875,stop,-0.06786336204320997,0.0,0.0005,-0.06836336204320997,0.06786336204320992,-1.0073677457901613
anchored_12m_3m,round_trip_0_05pct,2,long,2022-06-23T13:00:00+00:00,2022-06-23T14:00:00+00:00,2022-06-23T20:00:00+00:00,1107.46,1147.1108333333334,take,0.03580339997230908,0.0,0.0005,0.03530339997230908,0.026852549979231727,1.3147131277891075
anchored_12m_3m,round_trip_0_05pct,2,long,2022-06-28T08:00:00+00:00,2022-06-28T09:00:00+00:00,2022-06-28T14:00:00+00:00,1224.51,1198.755,stop,-0.02103290295710114,0.0,0.0005,-0.02153290295710114,0.021032902957101182,-1.023772277227721
anchored_12m_3m,round_trip_0_05pct,3,long,2022-07-13T16:00:00+00:00,2022-07-13T17:00:00+00:00,2022-07-13T23:00:00+00:00,1072.66,1110.2516666666668,take,0.03504527685069525,0.0,0.0005,0.03454527685069525,0.026283957638021327,1.3143103229143631
anchored_12m_3m,round_trip_0_05pct,3,long,2022-07-21T16:00:00+00:00,2022-07-21T17:00:00+00:00,2022-07-22T08:00:00+00:00,1557.4,1619.5733333333333,take,0.03992123624844823,-0.0001,0.0005,0.03932123624844823,0.029940927186336178,1.3132938737579525
anchored_12m_3m,round_trip_0_05pct,3,long,2022-09-19T19:00:00+00:00,2022-09-19T20:00:00+00:00,2022-09-20T20:00:00+00:00,1361.46,1342.49,time,-0.013933571313149096,-2.77e-06,0.0005,-0.014436341313149095,0.027524220322301077,-0.5244959219227101
anchored_12m_3m,round_trip_0_05pct,3,long,2022-09-22T18:00:00+00:00,2022-09-22T19:00:00+00:00,2022-09-22T23:00:00+00:00,1302.13,1349.4825,take,0.03636541666346682,0.0,0.0005,0.03586541666346682,0.027274062497600084,1.3150008975238914
anchored_12m_3m,round_trip_0_05pct,3,long,2022-09-24T04:00:00+00:00,2022-09-24T05:00:00+00:00,2022-09-25T05:00:00+00:00,1327.37,1321.91,time,-0.004113397168837518,8.115e-05,0.0005,-0.004532247168837518,0.023078531230930375,-0.19638369199003866
anchored_12m_3m,round_trip_0_05pct,3,long,2022-09-28T15:00:00+00:00,2022-09-28T16:00:00+00:00,2022-09-29T13:00:00+00:00,1331.25,1300.189375,stop,-0.02333192488262914,-2.427000000000001e-05,0.0005,-0.02385619488262914,0.02333192488262912,-1.0224700706280065
anchored_12m_3m,round_trip_0_05pct,4,long,2022-11-08T16:00:00+00:00,2022-11-08T17:00:00+00:00,2022-11-08T17:00:00+00:00,1545.29,1500.5925,stop,-0.02892499142555771,0.0,0.0005,-0.02942499142555771,0.02892499142555765,-1.0172860898260552
anchored_12m_3m,round_trip_0_05pct,4,long,2022-11-10T08:00:00+00:00,2022-11-10T09:00:00+00:00,2022-11-10T13:00:00+00:00,1215.35,1310.0025,take,0.07788085736619088,0.0,0.0005,0.07738085736619088,0.05841064302464313,1.3247732495179743
anchored_12m_3m,round_trip_0_05pct,4,long,2022-11-11T23:00:00+00:00,2022-11-12T00:00:00+00:00,2022-11-12T05:00:00+00:00,1288.67,1238.113125,stop,-0.039231824283951666,0.0,0.0005,-0.03973182428395167,0.039231824283951694,-1.0127447552879794
anchored_12m_3m,round_trip_0_05pct,5,long,2023-03-23T14:00:00+00:00,2023-03-23T15:00:00+00:00,2023-03-23T15:00:00+00:00,1803.89,1843.069166666667,take,0.02171926595671958,0.0,0.0005,0.02121926595671958,0.016289449467539605,1.3026386188805057
anchored_12m_3m,round_trip_0_05pct,7,long,2023-07-01T12:00:00+00:00,2023-07-01T13:00:00+00:00,2023-07-02T13:00:00+00:00,1926.41,1915.17,time,-0.005834687319937082,-0.00030000000000000003,0.0005,-0.006634687319937082,0.014236650038153876,-0.4660286866753261
anchored_12m_3m,round_trip_0_05pct,8,long,2023-11-22T09:00:00+00:00,2023-11-22T10:00:00+00:00,2023-11-22T18:00:00+00:00,2010.23,2055.0491666666667,take,0.02229554163785563,-0.0001,0.0005,0.02169554163785563,0.016721656228391772,1.297451720184193
anchored_12m_3m,round_trip_0_05pct,8,long,2023-12-07T22:00:00+00:00,2023-12-07T23:00:00+00:00,2023-12-08T04:00:00+00:00,2351.39,2392.1699999999996,take,0.017342933328796883,-0.00022693,0.0005,0.016616003328796883,0.013007199996597737,1.2774465936668224
anchored_12m_3m,round_trip_0_05pct,8,long,2023-12-08T05:00:00+00:00,2023-12-08T06:00:00+00:00,2023-12-08T13:00:00+00:00,2377.69,2345.030625,stop,-0.01373575823593498,-0.00012399,0.0005,-0.01435974823593498,0.013735758235934871,-1.0454281437749577
anchored_12m_3m,round_trip_0_05pct,9,long,2024-01-09T22:00:00+00:00,2024-01-09T23:00:00+00:00,2024-01-10T00:00:00+00:00,2341.16,2399.3766666666666,take,0.024866590351221962,-0.0001,0.0005,0.024266590351221962,0.01864994276341639,1.3011616528294743
anchored_12m_3m,round_trip_0_05pct,9,long,2024-01-10T01:00:00+00:00,2024-01-10T02:00:00+00:00,2024-01-10T15:00:00+00:00,2377.11,2439.57,take,0.026275603569039685,-0.0001,0.0005,0.025675603569039685,0.01970670267677976,1.3028868395773296
anchored_12m_3m,round_trip_0_05pct,9,long,2024-01-10T16:00:00+00:00,2024-01-10T17:00:00+00:00,2024-01-10T20:00:00+00:00,2408.55,2490.8525,take,0.03417097423761173,0.0,0.0005,0.03367097423761173,0.02562823067820886,1.3138235979060953
anchored_12m_3m,round_trip_0_05pct,9,long,2024-01-12T13:00:00+00:00,2024-01-12T14:00:00+00:00,2024-01-12T16:00:00+00:00,2674.0,2621.7937500000003,stop,-0.019523653702318566,-0.0001,0.0005,-0.020123653702318566,0.019523653702318573,-1.0307319525918828
anchored_12m_3m,round_trip_0_05pct,9,long,2024-03-06T04:00:00+00:00,2024-03-06T05:00:00+00:00,2024-03-06T08:00:00+00:00,3652.93,3832.170833333333,take,0.04906768904231207,0.0,0.0005,0.04856768904231207,0.0368007667817341,1.319746659909772
anchored_12m_3m,round_trip_0_05pct,9,long,2024-03-06T12:00:00+00:00,2024-03-06T13:00:00+00:00,2024-03-07T13:00:00+00:00,3821.53,3810.23,time,-0.0029569308627697133,-0.00115379,0.0005,-0.004610720862769714,0.03978200485146,-0.11589966066279085
anchored_12m_3m,round_trip_0_05pct,9,long,2024-03-16T00:00:00+00:00,2024-03-16T01:00:00+00:00,2024-03-16T13:00:00+00:00,3763.27,3649.408125,stop,-0.030256100412673015,-0.0002749,0.0005,-0.031031000412673017,0.03025610041267301,-1.0256113639706006
anchored_12m_3m,round_trip_0_05pct,9,long,2024-03-20T17:00:00+00:00,2024-03-20T18:00:00+00:00,2024-03-20T20:00:00+00:00,3301.75,3454.423333333333,take,0.046240125186138625,0.0,0.0005,0.045740125186138625,0.034680093889604,1.3189158406474233
anchored_12m_3m,round_trip_0_05pct,10,long,2024-04-14T06:00:00+00:00,2024-04-14T07:00:00+00:00,2024-04-14T17:00:00+00:00,3089.89,2978.73125,stop,-0.03597498616455608,-0.0002,0.0005,-0.03667498616455608,0.03597498616455602,-1.019457964397766
anchored_12m_3m,round_trip_0_05pct,10,long,2024-04-14T18:00:00+00:00,2024-04-14T19:00:00+00:00,2024-04-15T06:00:00+00:00,3082.26,3246.3183333333336,take,0.05322663673192185,-0.0001,0.0005,0.05262663673192185,0.039919977548941346,1.3183032647601645
anchored_12m_3m,round_trip_0_05pct,10,long,2024-04-27T18:00:00+00:00,2024-04-27T19:00:00+00:00,2024-04-28T02:00:00+00:00,3255.18,3310.115,take,0.01687617889026094,-9.322e-05,0.0005,0.016282958890260938,0.012657134167695792,1.2864649038657714
anchored_12m_3m,round_trip_0_05pct,10,long,2024-05-01T18:00:00+00:00,2024-05-01T19:00:00+00:00,2024-05-01T19:00:00+00:00,2988.2,2921.6706249999997,stop,-0.02226403018539591,0.0,0.0005,-0.02276403018539591,0.02226403018539587,-1.0224577489266977
anchored_12m_3m,round_trip_0_05pct,10,long,2024-05-01T21:00:00+00:00,2024-05-01T22:00:00+00:00,2024-05-02T01:00:00+00:00,2966.4,2898.63625,stop,-0.022843766855447756,8.6e-07,0.0005,-0.023342906855447758,0.022843766855447655,-1.0218501617162614
anchored_12m_3m,round_trip_0_05pct,10,long,2024-05-21T23:00:00+00:00,2024-05-22T00:00:00+00:00,2024-05-22T11:00:00+00:00,3792.33,3715.689375,stop,-0.020209376557419834,-0.00027641000000000005,0.0005,-0.020985786557419835,0.020209376557419844,-1.0384183053739444
anchored_12m_3m,round_trip_0_05pct,10,long,2024-06-14T21:00:00+00:00,2024-06-14T22:00:00+00:00,2024-06-15T12:00:00+00:00,3503.04,3561.4816666666666,take,0.016683128558813598,-0.0002,0.0005,0.0159831285588136,0.012512346419110245,1.2773885907124813
anchored_12m_3m,round_trip_0_05pct,10,long,2024-06-15T13:00:00+00:00,2024-06-15T14:00:00+00:00,2024-06-16T14:00:00+00:00,3568.2,3578.26,time,0.0028193486912169163,-0.0002,0.0005,0.0021193486912169162,0.0131964295723334,0.16060015927794413
anchored_12m_3m,round_trip_0_05pct,10,long,2024-06-25T03:00:00+00:00,2024-06-25T04:00:00+00:00,2024-06-26T04:00:00+00:00,3370.38,3385.93,time,0.004613723081670296,-0.0002,0.0005,0.003913723081670296,0.01894574944071591,0.20657525815576325
anchored_12m_3m,round_trip_0_05pct,11,long,2024-07-05T15:00:00+00:00,2024-07-05T16:00:00+00:00,2024-07-06T16:00:00+00:00,2989.97,3049.64,time,0.019956721973799052,-0.00026374,0.0005,0.019192981973799053,0.02907596062836749,0.6600979489246429
anchored_12m_3m,round_trip_0_05pct,11,long,2024-07-08T10:00:00+00:00,2024-07-08T11:00:00+00:00,2024-07-08T14:00:00+00:00,3013.07,2953.0150000000003,stop,-0.01993149843846964,0.0,0.0005,-0.020431498438469642,0.019931498438469707,-1.0250859212388612
anchored_12m_3m,round_trip_0_05pct,11,long,2024-07-08T19:00:00+00:00,2024-07-08T20:00:00+00:00,2024-07-09T08:00:00+00:00,3003.18,3107.5575,take,0.03475565900145838,-5.681e-05,0.0005,0.034198849001458385,0.026066744251093836,1.3119723994692318
anchored_12m_3m,round_trip_0_05pct,11,long,2024-08-05T15:00:00+00:00,2024-08-05T16:00:00+00:00,2024-08-06T16:00:00+00:00,2448.96,2529.46,time,0.03287109630210372,0.00019819,0.0005,0.03256928630210372,0.06557783712269695,0.49665081574993364
anchored_12m_3m,round_trip_0_05pct,11,long,2024-08-12T10:00:00+00:00,2024-08-12T11:00:00+00:00,2024-08-12T14:00:00+00:00,2639.81,2713.01,take,0.027729268394316442,0.0,0.0005,0.02722926839431644,0.020796951295737207,1.3092913479052903
anchored_12m_3m,round_trip_0_05pct,11,long,2024-08-12T17:00:00+00:00,2024-08-12T18:00:00+00:00,2024-08-12T23:00:00+00:00,2654.13,2744.9875,take,0.03423249803136996,0.0,0.0005,0.03373249803136996,0.025674373523527493,1.3138586614570424
anchored_12m_3m,round_trip_0_05pct,11,long,2024-08-28T18:00:00+00:00,2024-08-28T19:00:00+00:00,2024-08-29T19:00:00+00:00,2531.99,2527.54,time,-0.0017575108906432435,-7.510000000000001e-06,0.0005,-0.0022650208906432436,0.02455504366130986,-0.09224259267810313
anchored_12m_3m,round_trip_0_05pct,11,long,2024-09-07T08:00:00+00:00,2024-09-07T09:00:00+00:00,2024-09-08T09:00:00+00:00,2295.01,2293.99,time,-0.00044444250787600836,-0.00011104,0.0005,-0.0010554825078760083,0.02167419749805007,-0.048697651111233316
anchored_12m_3m,round_trip_0_05pct,12,long,2024-11-25T20:00:00+00:00,2024-11-25T21:00:00+00:00,2024-11-25T21:00:00+00:00,3504.59,3428.0281250000003,stop,-0.021846171734782094,0.0,0.0005,-0.022346171734782094,0.021846171734782094,-1.0228873052024914
anchored_12m_3m,round_trip_0_05pct,12,long,2024-11-27T04:00:00+00:00,2024-11-27T05:00:00+00:00,2024-11-27T13:00:00+00:00,3403.71,3490.8166666666666,take,0.025591682801022086,-0.00020895,0.0005,0.024882732801022087,0.019193762100766495,1.2963968538522421
anchored_12m_3m,round_trip_0_05pct,12,long,2024-12-06T14:00:00+00:00,2024-12-06T15:00:00+00:00,2024-12-07T15:00:00+00:00,3987.88,4007.66,time,0.004960028887529111,-0.0008123900000000001,0.0005,0.0036476388875291113,0.02208347543055458,0.16517503773351985
anchored_12m_3m,round_trip_0_05pct,12,long,2024-12-20T16:00:00+00:00,2024-12-20T17:00:00+00:00,2024-12-21T17:00:00+00:00,3382.18,3381.29,time,-0.00026314388944403966,-0.00016352,0.0005,-0.0009266638894440397,0.0414213244120656,-0.022371662485377027
anchored_12m_3m,round_trip_0_05pct,12,long,2024-12-23T03:00:00+00:00,2024-12-23T04:00:00+00:00,2024-12-23T06:00:00+00:00,3349.68,3278.21625,stop,-0.021334500609013318,0.0,0.0005,-0.02183450060901332,0.021334500609013367,-1.023436217662799
anchored_12m_3m,round_trip_0_05pct,12,long,2024-12-23T11:00:00+00:00,2024-12-23T12:00:00+00:00,2024-12-23T21:00:00+00:00,3338.11,3432.909166666667,take,0.028399054155395342,0.0,0.0005,0.027899054155395342,0.021299290616546458,1.309858373110409
anchored_12m_3m,round_trip_0_05pct,12,long,2024-12-24T03:00:00+00:00,2024-12-24T04:00:00+00:00,2024-12-24T15:00:00+00:00,3395.66,3489.7949999999996,take,0.02772215121655286,-8.121e-05,0.0005,0.027140941216552857,0.02079161341241465,1.3053792737579004
anchored_12m_3m,round_trip_0_10pct,1,long,2022-02-21T01:00:00+00:00,2022-02-21T02:00:00+00:00,2022-02-21T11:00:00+00:00,2712.35,2651.429375,stop,-0.02246045864287416,0.0,0.001,-0.02346045864287416,0.022460458642874208,-1.0445226883342034
anchored_12m_3m,round_trip_0_10pct,1,long,2022-02-24T18:00:00+00:00,2022-02-24T19:00:00+00:00,2022-02-24T20:00:00+00:00,2524.3,2644.191666666667,take,0.04749501511970333,0.0,0.001,0.04649501511970333,0.03562126133977737,1.3052602117652559
anchored_12m_3m,round_trip_0_10pct,2,long,2022-04-01T14:00:00+00:00,2022-04-01T15:00:00+00:00,2022-04-02T00:00:00+00:00,3420.51,3492.1725,take,0.020950823122867668,-0.0001,0.001,0.019850823122867668,0.01571311734215072,1.2633281283795594
anchored_12m_3m,round_trip_0_10pct,2,long,2022-05-10T05:00:00+00:00,2022-05-10T06:00:00+00:00,2022-05-10T21:00:00+00:00,2403.27,2310.66125,stop,-0.038534475943194035,0.0,0.001,-0.039534475943194036,0.038534475943194056,-1.0259507875875655
anchored_12m_3m,round_trip_0_10pct,2,long,2022-05-12T16:00:00+00:00,2022-05-12T17:00:00+00:00,2022-05-12T21:00:00+00:00,2024.63,1879.611875,stop,-0.0716269762870253,0.0,0.001,-0.0726269762870253,0.07162697628702527,-1.0139612203646962
anchored_12m_3m,round_trip_0_10pct,2,long,2022-06-07T18:00:00+00:00,2022-06-07T19:00:00+00:00,2022-06-07T19:00:00+00:00,1806.52,1853.7583333333332,take,0.026148801747743367,0.0,0.001,0.025148801747743366,0.019611601310807514,1.282343106469558
anchored_12m_3m,round_trip_0_10pct,2,long,2022-06-12T15:00:00+00:00,2022-06-12T16:00:00+00:00,2022-06-12T19:00:00+00:00,1525.2,1475.868125,stop,-0.0323445285864149,0.0,0.001,-0.0333445285864149,0.032344528586414914,-1.030917130151651
anchored_12m_3m,round_trip_0_10pct,2,long,2022-06-14T06:00:00+00:00,2022-06-14T07:00:00+00:00,2022-06-15T04:00:00+00:00,1233.6,1146.639375,stop,-0.07049337305447467,5.37e-05,0.001,-0.07143967305447467,0.07049337305447471,-1.0134239568770342
anchored_12m_3m,round_trip_0_10pct,2,long,2022-06-15T18:00:00+00:00,2022-06-15T19:00:00+00:00,2022-06-16T13:00:00+00:00,1171.49,1091.98875,stop,-0.06786336204320997,0.0,0.001,-0.06886336204320997,0.06786336204320992,-1.014735491580322
anchored_12m_3m,round_trip_0_10pct,2,long,2022-06-23T13:00:00+00:00,2022-06-23T14:00:00+00:00,2022-06-23T20:00:00+00:00,1107.46,1147.1108333333334,take,0.03580339997230908,0.0,0.001,0.03480339997230908,0.026852549979231727,1.2960929222448778
anchored_12m_3m,round_trip_0_10pct,2,long,2022-06-28T08:00:00+00:00,2022-06-28T09:00:00+00:00,2022-06-28T14:00:00+00:00,1224.51,1198.755,stop,-0.02103290295710114,0.0,0.001,-0.02203290295710114,0.021032902957101182,-1.0475445544554436
anchored_12m_3m,round_trip_0_10pct,3,long,2022-07-13T16:00:00+00:00,2022-07-13T17:00:00+00:00,2022-07-13T23:00:00+00:00,1072.66,1110.2516666666668,take,0.03504527685069525,0.0,0.001,0.03404527685069525,0.026283957638021327,1.2952873124953872
anchored_12m_3m,round_trip_0_10pct,3,long,2022-07-21T16:00:00+00:00,2022-07-21T17:00:00+00:00,2022-07-22T08:00:00+00:00,1557.4,1619.5733333333333,take,0.03992123624844823,-0.0001,0.001,0.03882123624844823,0.029940927186336178,1.2965943241118019
anchored_12m_3m,round_trip_0_10pct,3,long,2022-09-19T19:00:00+00:00,2022-09-19T20:00:00+00:00,2022-09-20T20:00:00+00:00,1361.46,1342.49,time,-0.013933571313149096,-2.77e-06,0.001,-0.014936341313149096,0.027524220322301077,-0.5426617407595431
anchored_12m_3m,round_trip_0_10pct,3,long,2022-09-22T18:00:00+00:00,2022-09-22T19:00:00+00:00,2022-09-22T23:00:00+00:00,1302.13,1349.4825,take,0.03636541666346682,0.0,0.001,0.03536541666346682,0.027274062497600084,1.2966684617144482
anchored_12m_3m,round_trip_0_10pct,3,long,2022-09-24T04:00:00+00:00,2022-09-24T05:00:00+00:00,2022-09-25T05:00:00+00:00,1327.37,1321.91,time,-0.004113397168837518,8.115e-05,0.001,-0.005032247168837518,0.023078531230930375,-0.21804884888398726
anchored_12m_3m,round_trip_0_10pct,3,long,2022-09-28T15:00:00+00:00,2022-09-28T16:00:00+00:00,2022-09-29T13:00:00+00:00,1331.25,1300.189375,stop,-0.02333192488262914,-2.427000000000001e-05,0.001,-0.02435619488262914,0.02333192488262912,-1.0438999356097962
anchored_12m_3m,round_trip_0_10pct,4,long,2022-11-08T16:00:00+00:00,2022-11-08T17:00:00+00:00,2022-11-08T17:00:00+00:00,1545.29,1500.5925,stop,-0.02892499142555771,0.0,0.001,-0.029924991425557712,0.02892499142555765,-1.0345721796521081
anchored_12m_3m,round_trip_0_10pct,4,long,2022-11-10T08:00:00+00:00,2022-11-10T09:00:00+00:00,2022-11-10T13:00:00+00:00,1215.35,1310.0025,take,0.07788085736619088,0.0,0.001,0.07688085736619088,0.05841064302464313,1.3162131657026146
anchored_12m_3m,round_trip_0_10pct,4,long,2022-11-11T23:00:00+00:00,2022-11-12T00:00:00+00:00,2022-11-12T05:00:00+00:00,1288.67,1238.113125,stop,-0.039231824283951666,0.0,0.001,-0.04023182428395167,0.039231824283951694,-1.0254895105759596
anchored_12m_3m,round_trip_0_10pct,5,long,2023-03-23T14:00:00+00:00,2023-03-23T15:00:00+00:00,2023-03-23T15:00:00+00:00,1803.89,1843.069166666667,take,0.02171926595671958,0.0,0.001,0.02071926595671958,0.016289449467539605,1.2719439044276715
anchored_12m_3m,round_trip_0_10pct,7,long,2023-07-01T12:00:00+00:00,2023-07-01T13:00:00+00:00,2023-07-02T13:00:00+00:00,1926.41,1915.17,time,-0.005834687319937082,-0.00030000000000000003,0.001,-0.007134687319937082,0.014236650038153876,-0.5011493083566916
anchored_12m_3m,round_trip_0_10pct,8,long,2023-11-22T09:00:00+00:00,2023-11-22T10:00:00+00:00,2023-11-22T18:00:00+00:00,2010.23,2055.0491666666667,take,0.02229554163785563,-0.0001,0.001,0.02119554163785563,0.016721656228391772,1.267550375893246
anchored_12m_3m,round_trip_0_10pct,8,long,2023-12-07T22:00:00+00:00,2023-12-07T23:00:00+00:00,2023-12-08T04:00:00+00:00,2351.39,2392.1699999999996,take,0.017342933328796883,-0.00022693,0.001,0.016116003328796882,0.013007199996597737,1.2390063451790014
anchored_12m_3m,round_trip_0_10pct,8,long,2023-12-08T05:00:00+00:00,2023-12-08T06:00:00+00:00,2023-12-08T13:00:00+00:00,2377.69,2345.030625,stop,-0.01373575823593498,-0.00012399,0.001,-0.014859748235934979,0.013735758235934871,-1.0818294833596864
anchored_12m_3m,round_trip_0_10pct,9,long,2024-01-09T22:00:00+00:00,2024-01-09T23:00:00+00:00,2024-01-10T00:00:00+00:00,2341.16,2399.3766666666666,take,0.024866590351221962,-0.0001,0.001,0.023766590351221962,0.01864994276341639,1.2743519190762536
anchored_12m_3m,round_trip_0_10pct,9,long,2024-01-10T01:00:00+00:00,2024-01-10T02:00:00+00:00,2024-01-10T15:00:00+00:00,2377.11,2439.57,take,0.026275603569039685,-0.0001,0.001,0.025175603569039685,0.01970670267677976,1.2775147614473263
anchored_12m_3m,round_trip_0_10pct,9,long,2024-01-10T16:00:00+00:00,2024-01-10T17:00:00+00:00,2024-01-10T20:00:00+00:00,2408.55,2490.8525,take,0.03417097423761173,0.0,0.001,0.03317097423761173,0.02562823067820886,1.2943138624788602
anchored_12m_3m,round_trip_0_10pct,9,long,2024-01-12T13:00:00+00:00,2024-01-12T14:00:00+00:00,2024-01-12T16:00:00+00:00,2674.0,2621.7937500000003,stop,-0.019523653702318566,-0.0001,0.001,-0.020623653702318567,0.019523653702318573,-1.0563419130851188
anchored_12m_3m,round_trip_0_10pct,9,long,2024-03-06T04:00:00+00:00,2024-03-06T05:00:00+00:00,2024-03-06T08:00:00+00:00,3652.93,3832.170833333333,take,0.04906768904231207,0.0,0.001,0.04806768904231207,0.0368007667817341,1.3061599864862123
anchored_12m_3m,round_trip_0_10pct,9,long,2024-03-06T12:00:00+00:00,2024-03-06T13:00:00+00:00,2024-03-07T13:00:00+00:00,3821.53,3810.23,time,-0.0029569308627697133,-0.00115379,0.001,-0.005110720862769713,0.03978200485146,-0.12846815744586965
anchored_12m_3m,round_trip_0_10pct,9,long,2024-03-16T00:00:00+00:00,2024-03-16T01:00:00+00:00,2024-03-16T13:00:00+00:00,3763.27,3649.408125,stop,-0.030256100412673015,-0.0002749,0.001,-0.03153100041267302,0.03025610041267301,-1.0421369569313699
anchored_12m_3m,round_trip_0_10pct,9,long,2024-03-20T17:00:00+00:00,2024-03-20T18:00:00+00:00,2024-03-20T20:00:00+00:00,3301.75,3454.423333333333,take,0.046240125186138625,0.0,0.001,0.045240125186138624,0.034680093889604,1.3044983479615144
anchored_12m_3m,round_trip_0_10pct,10,long,2024-04-14T06:00:00+00:00,2024-04-14T07:00:00+00:00,2024-04-14T17:00:00+00:00,3089.89,2978.73125,stop,-0.03597498616455608,-0.0002,0.001,-0.03717498616455608,0.03597498616455602,-1.0333565103961693
anchored_12m_3m,round_trip_0_10pct,10,long,2024-04-14T18:00:00+00:00,2024-04-14T19:00:00+00:00,2024-04-15T06:00:00+00:00,3082.26,3246.3183333333336,take,0.05322663673192185,-0.0001,0.001,0.05212663673192185,0.039919977548941346,1.3057782076158562
anchored_12m_3m,round_trip_0_10pct,10,long,2024-04-27T18:00:00+00:00,2024-04-27T19:00:00+00:00,2024-04-28T02:00:00+00:00,3255.18,3310.115,take,0.01687617889026094,-9.322e-05,0.001,0.015782958890260938,0.012657134167695792,1.2469614907411697
anchored_12m_3m,round_trip_0_10pct,10,long,2024-05-01T18:00:00+00:00,2024-05-01T19:00:00+00:00,2024-05-01T19:00:00+00:00,2988.2,2921.6706249999997,stop,-0.02226403018539591,0.0,0.001,-0.023264030185395912,0.02226403018539587,-1.0449154978533939
anchored_12m_3m,round_trip_0_10pct,10,long,2024-05-01T21:00:00+00:00,2024-05-01T22:00:00+00:00,2024-05-02T01:00:00+00:00,2966.4,2898.63625,stop,-0.022843766855447756,8.6e-07,0.001,-0.02384290685544776,0.022843766855447655,-1.0437379704635636
anchored_12m_3m,round_trip_0_10pct,10,long,2024-05-21T23:00:00+00:00,2024-05-22T00:00:00+00:00,2024-05-22T11:00:00+00:00,3792.33,3715.689375,stop,-0.020209376557419834,-0.00027641000000000005,0.001,-0.021485786557419836,0.020209376557419844,-1.0631592961996326
anchored_12m_3m,round_trip_0_10pct,10,long,2024-06-14T21:00:00+00:00,2024-06-14T22:00:00+00:00,2024-06-15T12:00:00+00:00,3503.04,3561.4816666666666,take,0.016683128558813598,-0.0002,0.001,0.015483128558813598,0.012512346419110245,1.237428060269019
anchored_12m_3m,round_trip_0_10pct,10,long,2024-06-15T13:00:00+00:00,2024-06-15T14:00:00+00:00,2024-06-16T14:00:00+00:00,3568.2,3578.26,time,0.0028193486912169163,-0.0002,0.001,0.0016193486912169162,0.0131964295723334,0.12271112290948119
anchored_12m_3m,round_trip_0_10pct,10,long,2024-06-25T03:00:00+00:00,2024-06-25T04:00:00+00:00,2024-06-26T04:00:00+00:00,3370.38,3385.93,time,0.004613723081670296,-0.0002,0.001,0.003413723081670296,0.01894574944071591,0.18018411424432415
anchored_12m_3m,round_trip_0_10pct,11,long,2024-07-05T15:00:00+00:00,2024-07-05T16:00:00+00:00,2024-07-06T16:00:00+00:00,2989.97,3049.64,time,0.019956721973799052,-0.00026374,0.001,0.018692981973799053,0.02907596062836749,0.6429016125287206
anchored_12m_3m,round_trip_0_10pct,11,long,2024-07-08T10:00:00+00:00,2024-07-08T11:00:00+00:00,2024-07-08T14:00:00+00:00,3013.07,2953.0150000000003,stop,-0.01993149843846964,0.0,0.001,-0.020931498438469642,0.019931498438469707,-1.0501718424777255
anchored_12m_3m,round_trip_0_10pct,11,long,2024-07-08T19:00:00+00:00,2024-07-08T20:00:00+00:00,2024-07-09T08:00:00+00:00,3003.18,3107.5575,take,0.03475565900145838,-5.681e-05,0.001,0.033698849001458385,0.026066744251093836,1.2927908708830902
anchored_12m_3m,round_trip_0_10pct,11,long,2024-08-05T15:00:00+00:00,2024-08-05T16:00:00+00:00,2024-08-06T16:00:00+00:00,2448.96,2529.46,time,0.03287109630210372,0.00019819,0.001,0.03206928630210372,0.06557783712269695,0.4890262885935333
anchored_12m_3m,round_trip_0_10pct,11,long,2024-08-12T10:00:00+00:00,2024-08-12T11:00:00+00:00,2024-08-12T14:00:00+00:00,2639.81,2713.01,take,0.027729268394316442,0.0,0.001,0.02672926839431644,0.020796951295737207,1.2852493624772394
anchored_12m_3m,round_trip_0_10pct,11,long,2024-08-12T17:00:00+00:00,2024-08-12T18:00:00+00:00,2024-08-12T23:00:00+00:00,2654.13,2744.9875,take,0.03423249803136996,0.0,0.001,0.03323249803136996,0.025674373523527493,1.2943839895807527
anchored_12m_3m,round_trip_0_10pct,11,long,2024-08-28T18:00:00+00:00,2024-08-28T19:00:00+00:00,2024-08-29T19:00:00+00:00,2531.99,2527.54,time,-0.0017575108906432435,-7.510000000000001e-06,0.001,-0.0027650208906432436,0.02455504366130986,-0.11260500811081624
anchored_12m_3m,round_trip_0_10pct,11,long,2024-09-07T08:00:00+00:00,2024-09-07T09:00:00+00:00,2024-09-08T09:00:00+00:00,2295.01,2293.99,time,-0.00044444250787600836,-0.00011104,0.001,-0.0015554825078760084,0.02167419749805007,-0.07176655597126252
anchored_12m_3m,round_trip_0_10pct,12,long,2024-11-25T20:00:00+00:00,2024-11-25T21:00:00+00:00,2024-11-25T21:00:00+00:00,3504.59,3428.0281250000003,stop,-0.021846171734782094,0.0,0.001,-0.022846171734782095,0.021846171734782094,-1.045774610404983
anchored_12m_3m,round_trip_0_10pct,12,long,2024-11-27T04:00:00+00:00,2024-11-27T05:00:00+00:00,2024-11-27T13:00:00+00:00,3403.71,3490.8166666666666,take,0.025591682801022086,-0.00020895,0.001,0.024382732801022086,0.019193762100766495,1.270346723743563
anchored_12m_3m,round_trip_0_10pct,12,long,2024-12-06T14:00:00+00:00,2024-12-06T15:00:00+00:00,2024-12-07T15:00:00+00:00,3987.88,4007.66,time,0.004960028887529111,-0.0008123900000000001,0.001,0.0031476388875291113,0.02208347543055458,0.14253367398747638
anchored_12m_3m,round_trip_0_10pct,12,long,2024-12-20T16:00:00+00:00,2024-12-20T17:00:00+00:00,2024-12-21T17:00:00+00:00,3382.18,3381.29,time,-0.00026314388944403966,-0.00016352,0.001,-0.0014266638894440396,0.0414213244120656,-0.03444273957180537
anchored_12m_3m,round_trip_0_10pct,12,long,2024-12-23T03:00:00+00:00,2024-12-23T04:00:00+00:00,2024-12-23T06:00:00+00:00,3349.68,3278.21625,stop,-0.021334500609013318,0.0,0.001,-0.02233450060901332,0.021334500609013367,-1.0468724353256
anchored_12m_3m,round_trip_0_10pct,12,long,2024-12-23T11:00:00+00:00,2024-12-23T12:00:00+00:00,2024-12-23T21:00:00+00:00,3338.11,3432.909166666667,take,0.028399054155395342,0.0,0.001,0.02739905415539534,0.021299290616546458,1.2863834128874814
anchored_12m_3m,round_trip_0_10pct,12,long,2024-12-24T03:00:00+00:00,2024-12-24T04:00:00+00:00,2024-12-24T15:00:00+00:00,3395.66,3489.7949999999996,take,0.02772215121655286,-8.121e-05,0.001,0.026640941216552857,0.02079161341241465,1.2813311159703258
anchored_12m_3m,round_trip_0_12pct,1,long,2022-02-21T01:00:00+00:00,2022-02-21T02:00:00+00:00,2022-02-21T11:00:00+00:00,2712.35,2651.429375,stop,-0.02246045864287416,0.0,0.0012,-0.02366045864287416,0.022460458642874208,-1.0534272260010444
anchored_12m_3m,round_trip_0_12pct,1,long,2022-02-24T18:00:00+00:00,2022-02-24T19:00:00+00:00,2022-02-24T20:00:00+00:00,2524.3,2644.191666666667,take,0.04749501511970333,0.0,0.0012,0.04629501511970333,0.03562126133977737,1.2996455874516395
anchored_12m_3m,round_trip_0_12pct,2,long,2022-04-01T14:00:00+00:00,2022-04-01T15:00:00+00:00,2022-04-02T00:00:00+00:00,3420.51,3492.1725,take,0.020950823122867668,-0.0001,0.0012,0.01965082312286767,0.01571311734215072,1.2505999092970548
anchored_12m_3m,round_trip_0_12pct,2,long,2022-05-10T05:00:00+00:00,2022-05-10T06:00:00+00:00,2022-05-10T21:00:00+00:00,2403.27,2310.66125,stop,-0.038534475943194035,0.0,0.0012,-0.039734475943194035,0.038534475943194056,-1.0311409451050786
anchored_12m_3m,round_trip_0_12pct,2,long,2022-05-12T16:00:00+00:00,2022-05-12T17:00:00+00:00,2022-05-12T21:00:00+00:00,2024.63,1879.611875,stop,-0.0716269762870253,0.0,0.0012,-0.07282697628702531,0.07162697628702527,-1.0167534644376355
anchored_12m_3m,round_trip_0_12pct,2,long,2022-06-07T18:00:00+00:00,2022-06-07T19:00:00+00:00,2022-06-07T19:00:00+00:00,1806.52,1853.7583333333332,take,0.026148801747743367,0.0,0.0012,0.024948801747743367,0.019611601310807514,1.272145061096803
anchored_12m_3m,round_trip_0_12pct,2,long,2022-06-12T15:00:00+00:00,2022-06-12T16:00:00+00:00,2022-06-12T19:00:00+00:00,1525.2,1475.868125,stop,-0.0323445285864149,0.0,0.0012,-0.0335445285864149,0.032344528586414914,-1.0371005561819813
anchored_12m_3m,round_trip_0_12pct,2,long,2022-06-14T06:00:00+00:00,2022-06-14T07:00:00+00:00,2022-06-15T04:00:00+00:00,1233.6,1146.639375,stop,-0.07049337305447467,5.37e-05,0.0012,-0.07163967305447468,0.07049337305447471,-1.0162611029992017
anchored_12m_3m,round_trip_0_12pct,2,long,2022-06-15T18:00:00+00:00,2022-06-15T19:00:00+00:00,2022-06-16T13:00:00+00:00,1171.49,1091.98875,stop,-0.06786336204320997,0.0,0.0012,-0.06906336204320998,0.06786336204320992,-1.0176825898963862
anchored_12m_3m,round_trip_0_12pct,2,long,2022-06-23T13:00:00+00:00,2022-06-23T14:00:00+00:00,2022-06-23T20:00:00+00:00,1107.46,1147.1108333333334,take,0.03580339997230908,0.0,0.0012,0.03460339997230908,0.026852549979231727,1.2886448400271857
anchored_12m_3m,round_trip_0_12pct,2,long,2022-06-28T08:00:00+00:00,2022-06-28T09:00:00+00:00,2022-06-28T14:00:00+00:00,1224.51,1198.755,stop,-0.02103290295710114,0.0,0.0012,-0.02223290295710114,0.021032902957101182,-1.0570534653465327
anchored_12m_3m,round_trip_0_12pct,3,long,2022-07-13T16:00:00+00:00,2022-07-13T17:00:00+00:00,2022-07-13T23:00:00+00:00,1072.66,1110.2516666666668,take,0.03504527685069525,0.0,0.0012,0.03384527685069525,0.026283957638021327,1.2876781083277968
anchored_12m_3m,round_trip_0_12pct,3,long,2022-07-21T16:00:00+00:00,2022-07-21T17:00:00+00:00,2022-07-22T08:00:00+00:00,1557.4,1619.5733333333333,take,0.03992123624844823,-0.0001,0.0012,0.03862123624844823,0.029940927186336178,1.2899145042533415
anchored_12m_3m,round_trip_0_12pct,3,long,2022-09-19T19:00:00+00:00,2022-09-19T20:00:00+00:00,2022-09-20T20:00:00+00:00,1361.46,1342.49,time,-0.013933571313149096,-2.77e-06,0.0012,-0.015136341313149095,0.027524220322301077,-0.5499280682942763
anchored_12m_3m,round_trip_0_12pct,3,long,2022-09-22T18:00:00+00:00,2022-09-22T19:00:00+00:00,2022-09-22T23:00:00+00:00,1302.13,1349.4825,take,0.03636541666346682,0.0,0.0012,0.03516541666346682,0.027274062497600084,1.2893354873906708
anchored_12m_3m,round_trip_0_12pct,3,long,2022-09-24T04:00:00+00:00,2022-09-24T05:00:00+00:00,2022-09-25T05:00:00+00:00,1327.37,1321.91,time,-0.004113397168837518,8.115e-05,0.0012,-0.0052322471688375175,0.023078531230930375,-0.2267149116415667
anchored_12m_3m,round_trip_0_12pct,3,long,2022-09-28T15:00:00+00:00,2022-09-28T16:00:00+00:00,2022-09-29T13:00:00+00:00,1331.25,1300.189375,stop,-0.02333192488262914,-2.427000000000001e-05,0.0012,-0.02455619488262914,0.02333192488262912,-1.052471881602512
anchored_12m_3m,round_trip_0_12pct,4,long,2022-11-08T16:00:00+00:00,2022-11-08T17:00:00+00:00,2022-11-08T17:00:00+00:00,1545.29,1500.5925,stop,-0.02892499142555771,0.0,0.0012,-0.03012499142555771,0.02892499142555765,-1.041486615582529
anchored_12m_3m,round_trip_0_12pct,4,long,2022-11-10T08:00:00+00:00,2022-11-10T09:00:00+00:00,2022-11-10T13:00:00+00:00,1215.35,1310.0025,take,0.07788085736619088,0.0,0.0012,0.07668085736619087,0.05841064302464313,1.3127891321764706
anchored_12m_3m,round_trip_0_12pct,4,long,2022-11-11T23:00:00+00:00,2022-11-12T00:00:00+00:00,2022-11-12T05:00:00+00:00,1288.67,1238.113125,stop,-0.039231824283951666,0.0,0.0012,-0.040431824283951666,0.039231824283951694,-1.0305874126911516
anchored_12m_3m,round_trip_0_12pct,5,long,2023-03-23T14:00:00+00:00,2023-03-23T15:00:00+00:00,2023-03-23T15:00:00+00:00,1803.89,1843.069166666667,take,0.02171926595671958,0.0,0.0012,0.02051926595671958,0.016289449467539605,1.2596660186465378
anchored_12m_3m,round_trip_0_12pct,7,long,2023-07-01T12:00:00+00:00,2023-07-01T13:00:00+00:00,2023-07-02T13:00:00+00:00,1926.41,1915.17,time,-0.005834687319937082,-0.00030000000000000003,0.0012,-0.0073346873199370815,0.014236650038153876,-0.5151975570292378
anchored_12m_3m,round_trip_0_12pct,8,long,2023-11-22T09:00:00+00:00,2023-11-22T10:00:00+00:00,2023-11-22T18:00:00+00:00,2010.23,2055.0491666666667,take,0.02229554163785563,-0.0001,0.0012,0.020995541637855632,0.016721656228391772,1.2555898381768673
anchored_12m_3m,round_trip_0_12pct,8,long,2023-12-07T22:00:00+00:00,2023-12-07T23:00:00+00:00,2023-12-08T04:00:00+00:00,2351.39,2392.1699999999996,take,0.017342933328796883,-0.00022693,0.0012,0.015916003328796884,0.013007199996597737,1.2236302457838732
anchored_12m_3m,round_trip_0_12pct,8,long,2023-12-08T05:00:00+00:00,2023-12-08T06:00:00+00:00,2023-12-08T13:00:00+00:00,2377.69,2345.030625,stop,-0.01373575823593498,-0.00012399,0.0012,-0.01505974823593498,0.013735758235934871,-1.0963900191935778
anchored_12m_3m,round_trip_0_12pct,9,long,2024-01-09T22:00:00+00:00,2024-01-09T23:00:00+00:00,2024-01-10T00:00:00+00:00,2341.16,2399.3766666666666,take,0.024866590351221962,-0.0001,0.0012,0.023566590351221963,0.01864994276341639,1.2636280255749652
anchored_12m_3m,round_trip_0_12pct,9,long,2024-01-10T01:00:00+00:00,2024-01-10T02:00:00+00:00,2024-01-10T15:00:00+00:00,2377.11,2439.57,take,0.026275603569039685,-0.0001,0.0012,0.024975603569039686,0.01970670267677976,1.2673659301953253
anchored_12m_3m,round_trip_0_12pct,9,long,2024-01-10T16:00:00+00:00,2024-01-10T17:00:00+00:00,2024-01-10T20:00:00+00:00,2408.55,2490.8525,take,0.03417097423761173,0.0,0.0012,0.03297097423761173,0.02562823067820886,1.2865099683079664
anchored_12m_3m,round_trip_0_12pct,9,long,2024-01-12T13:00:00+00:00,2024-01-12T14:00:00+00:00,2024-01-12T16:00:00+00:00,2674.0,2621.7937500000003,stop,-0.019523653702318566,-0.0001,0.0012,-0.020823653702318565,0.019523653702318573,-1.0665858972824134
anchored_12m_3m,round_trip_0_12pct,9,long,2024-03-06T04:00:00+00:00,2024-03-06T05:00:00+00:00,2024-03-06T08:00:00+00:00,3652.93,3832.170833333333,take,0.04906768904231207,0.0,0.0012,0.04786768904231207,0.0368007667817341,1.3007253171167887
anchored_12m_3m,round_trip_0_12pct,9,long,2024-03-06T12:00:00+00:00,2024-03-06T13:00:00+00:00,2024-03-07T13:00:00+00:00,3821.53,3810.23,time,-0.0029569308627697133,-0.00115379,0.0012,-0.005310720862769713,0.03978200485146,-0.13349555615910114
anchored_12m_3m,round_trip_0_12pct,9,long,2024-03-16T00:00:00+00:00,2024-03-16T01:00:00+00:00,2024-03-16T13:00:00+00:00,3763.27,3649.408125,stop,-0.030256100412673015,-0.0002749,0.0012,-0.031731000412673016,0.03025610041267301,-1.0487471941156776
anchored_12m_3m,round_trip_0_12pct,9,long,2024-03-20T17:00:00+00:00,2024-03-20T18:00:00+00:00,2024-03-20T20:00:00+00:00,3301.75,3454.423333333333,take,0.046240125186138625,0.0,0.0012,0.045040125186138626,0.034680093889604,1.298731350887151
anchored_12m_3m,round_trip_0_12pct,10,long,2024-04-14T06:00:00+00:00,2024-04-14T07:00:00+00:00,2024-04-14T17:00:00+00:00,3089.89,2978.73125,stop,-0.03597498616455608,-0.0002,0.0012,-0.037374986164556076,0.03597498616455602,-1.0389159287955305
anchored_12m_3m,round_trip_0_12pct,10,long,2024-04-14T18:00:00+00:00,2024-04-14T19:00:00+00:00,2024-04-15T06:00:00+00:00,3082.26,3246.3183333333336,take,0.05322663673192185,-0.0001,0.0012,0.05192663673192185,0.039919977548941346,1.3007681847581327
anchored_12m_3m,round_trip_0_12pct,10,long,2024-04-27T18:00:00+00:00,2024-04-27T19:00:00+00:00,2024-04-28T02:00:00+00:00,3255.18,3310.115,take,0.01687617889026094,-9.322e-05,0.0012,0.015582958890260939,0.012657134167695792,1.231160125491329
anchored_12m_3m,round_trip_0_12pct,10,long,2024-05-01T18:00:00+00:00,2024-05-01T19:00:00+00:00,2024-05-01T19:00:00+00:00,2988.2,2921.6706249999997,stop,-0.02226403018539591,0.0,0.0012,-0.02346403018539591,0.02226403018539587,-1.053898597424072
anchored_12m_3m,round_trip_0_12pct,10,long,2024-05-01T21:00:00+00:00,2024-05-01T22:00:00+00:00,2024-05-02T01:00:00+00:00,2966.4,2898.63625,stop,-0.022843766855447756,8.6e-07,0.0012,-0.024042906855447757,0.022843766855447655,-1.0524930939624844
anchored_12m_3m,round_trip_0_12pct,10,long,2024-05-21T23:00:00+00:00,2024-05-22T00:00:00+00:00,2024-05-22T11:00:00+00:00,3792.33,3715.689375,stop,-0.020209376557419834,-0.00027641000000000005,0.0012,-0.021685786557419835,0.020209376557419844,-1.0730556925299077
anchored_12m_3m,round_trip_0_12pct,10,long,2024-06-14T21:00:00+00:00,2024-06-14T22:00:00+00:00,2024-06-15T12:00:00+00:00,3503.04,3561.4816666666666,take,0.016683128558813598,-0.0002,0.0012,0.0152831285588136,0.012512346419110245,1.2214438480916343
anchored_12m_3m,round_trip_0_12pct,10,long,2024-06-15T13:00:00+00:00,2024-06-15T14:00:00+00:00,2024-06-16T14:00:00+00:00,3568.2,3578.26,time,0.0028193486912169163,-0.0002,0.0012,0.0014193486912169164,0.0131964295723334,0.10755550836209603
anchored_12m_3m,round_trip_0_12pct,10,long,2024-06-25T03:00:00+00:00,2024-06-25T04:00:00+00:00,2024-06-26T04:00:00+00:00,3370.38,3385.93,time,0.004613723081670296,-0.0002,0.0012,0.0032137230816702963,0.01894574944071591,0.16962765667974855
anchored_12m_3m,round_trip_0_12pct,11,long,2024-07-05T15:00:00+00:00,2024-07-05T16:00:00+00:00,2024-07-06T16:00:00+00:00,2989.97,3049.64,time,0.019956721973799052,-0.00026374,0.0012,0.018492981973799054,0.02907596062836749,0.6360230779703517
anchored_12m_3m,round_trip_0_12pct,11,long,2024-07-08T10:00:00+00:00,2024-07-08T11:00:00+00:00,2024-07-08T14:00:00+00:00,3013.07,2953.0150000000003,stop,-0.01993149843846964,0.0,0.0012,-0.02113149843846964,0.019931498438469707,-1.0602062109732713
anchored_12m_3m,round_trip_0_12pct,11,long,2024-07-08T19:00:00+00:00,2024-07-08T20:00:00+00:00,2024-07-09T08:00:00+00:00,3003.18,3107.5575,take,0.03475565900145838,-5.681e-05,0.0012,0.033498849001458386,0.026066744251093836,1.2851182594486337
anchored_12m_3m,round_trip_0_12pct,11,long,2024-08-05T15:00:00+00:00,2024-08-05T16:00:00+00:00,2024-08-06T16:00:00+00:00,2448.96,2529.46,time,0.03287109630210372,0.00019819,0.0012,0.03186928630210372,0.06557783712269695,0.4859764777309732
anchored_12m_3m,round_trip_0_12pct,11,long,2024-08-12T10:00:00+00:00,2024-08-12T11:00:00+00:00,2024-08-12T14:00:00+00:00,2639.81,2713.01,take,0.027729268394316442,0.0,0.0012,0.026529268394316442,0.020796951295737207,1.275632568306019
anchored_12m_3m,round_trip_0_12pct,11,long,2024-08-12T17:00:00+00:00,2024-08-12T18:00:00+00:00,2024-08-12T23:00:00+00:00,2654.13,2744.9875,take,0.03423249803136996,0.0,0.0012,0.03303249803136996,0.025674373523527493,1.2865941208302367
anchored_12m_3m,round_trip_0_12pct,11,long,2024-08-28T18:00:00+00:00,2024-08-28T19:00:00+00:00,2024-08-29T19:00:00+00:00,2531.99,2527.54,time,-0.0017575108906432435,-7.510000000000001e-06,0.0012,-0.0029650208906432437,0.02455504366130986,-0.12074997428390148
anchored_12m_3m,round_trip_0_12pct,11,long,2024-09-07T08:00:00+00:00,2024-09-07T09:00:00+00:00,2024-09-08T09:00:00+00:00,2295.01,2293.99,time,-0.00044444250787600836,-0.00011104,0.0012,-0.0017554825078760082,0.02167419749805007,-0.0809941179152742
anchored_12m_3m,round_trip_0_12pct,12,long,2024-11-25T20:00:00+00:00,2024-11-25T21:00:00+00:00,2024-11-25T21:00:00+00:00,3504.59,3428.0281250000003,stop,-0.021846171734782094,0.0,0.0012,-0.023046171734782094,0.021846171734782094,-1.0549295324859795
anchored_12m_3m,round_trip_0_12pct,12,long,2024-11-27T04:00:00+00:00,2024-11-27T05:00:00+00:00,2024-11-27T13:00:00+00:00,3403.71,3490.8166666666666,take,0.025591682801022086,-0.00020895,0.0012,0.024182732801022087,0.019193762100766495,1.2599266717000914
anchored_12m_3m,round_trip_0_12pct,12,long,2024-12-06T14:00:00+00:00,2024-12-06T15:00:00+00:00,2024-12-07T15:00:00+00:00,3987.88,4007.66,time,0.004960028887529111,-0.0008123900000000001,0.0012,0.0029476388875291117,0.02208347543055458,0.13347712848905902
anchored_12m_3m,round_trip_0_12pct,12,long,2024-12-20T16:00:00+00:00,2024-12-20T17:00:00+00:00,2024-12-21T17:00:00+00:00,3382.18,3381.29,time,-0.00026314388944403966,-0.00016352,0.0012,-0.0016266638894440397,0.0414213244120656,-0.03927117040637671
anchored_12m_3m,round_trip_0_12pct,12,long,2024-12-23T03:00:00+00:00,2024-12-23T04:00:00+00:00,2024-12-23T06:00:00+00:00,3349.68,3278.21625,stop,-0.021334500609013318,0.0,0.0012,-0.022534500609013318,0.021334500609013367,-1.0562469223907203
anchored_12m_3m,round_trip_0_12pct,12,long,2024-12-23T11:00:00+00:00,2024-12-23T12:00:00+00:00,2024-12-23T21:00:00+00:00,3338.11,3432.909166666667,take,0.028399054155395342,0.0,0.0012,0.027199054155395343,0.021299290616546458,1.2769934287983105
anchored_12m_3m,round_trip_0_12pct,12,long,2024-12-24T03:00:00+00:00,2024-12-24T04:00:00+00:00,2024-12-24T15:00:00+00:00,3395.66,3489.7949999999996,take,0.02772215121655286,-8.121e-05,0.0012,0.026440941216552858,0.02079161341241465,1.271711852855296
anchored_12m_3m,round_trip_0_16pct,1,long,2022-02-21T01:00:00+00:00,2022-02-21T02:00:00+00:00,2022-02-21T11:00:00+00:00,2712.35,2651.429375,stop,-0.02246045864287416,0.0,0.0016,-0.02406045864287416,0.022460458642874208,-1.0712363013347266
anchored_12m_3m,round_trip_0_16pct,1,long,2022-02-24T18:00:00+00:00,2022-02-24T19:00:00+00:00,2022-02-24T20:00:00+00:00,2524.3,2644.191666666667,take,0.04749501511970333,0.0,0.0016,0.045895015119703335,0.03562126133977737,1.2884163388244068
anchored_12m_3m,round_trip_0_16pct,2,long,2022-04-01T14:00:00+00:00,2022-04-01T15:00:00+00:00,2022-04-02T00:00:00+00:00,3420.51,3492.1725,take,0.020950823122867668,-0.0001,0.0016,0.019250823122867668,0.01571311734215072,1.225143471132045
anchored_12m_3m,round_trip_0_16pct,2,long,2022-05-10T05:00:00+00:00,2022-05-10T06:00:00+00:00,2022-05-10T21:00:00+00:00,2403.27,2310.66125,stop,-0.038534475943194035,0.0,0.0016,-0.04013447594319403,0.038534475943194056,-1.041521260140105
anchored_12m_3m,round_trip_0_16pct,2,long,2022-05-12T16:00:00+00:00,2022-05-12T17:00:00+00:00,2022-05-12T21:00:00+00:00,2024.63,1879.611875,stop,-0.0716269762870253,0.0,0.0016,-0.0732269762870253,0.07162697628702527,-1.0223379525835137
anchored_12m_3m,round_trip_0_16pct,2,long,2022-06-07T18:00:00+00:00,2022-06-07T19:00:00+00:00,2022-06-07T19:00:00+00:00,1806.52,1853.7583333333332,take,0.026148801747743367,0.0,0.0016,0.024548801747743366,0.019611601310807514,1.2517489703512925
anchored_12m_3m,round_trip_0_16pct,2,long,2022-06-12T15:00:00+00:00,2022-06-12T16:00:00+00:00,2022-06-12T19:00:00+00:00,1525.2,1475.868125,stop,-0.0323445285864149,0.0,0.0016,-0.0339445285864149,0.032344528586414914,-1.0494674082426418
anchored_12m_3m,round_trip_0_16pct,2,long,2022-06-14T06:00:00+00:00,2022-06-14T07:00:00+00:00,2022-06-15T04:00:00+00:00,1233.6,1146.639375,stop,-0.07049337305447467,5.37e-05,0.0016,-0.07203967305447467,0.07049337305447471,-1.0219353952435364
anchored_12m_3m,round_trip_0_16pct,2,long,2022-06-15T18:00:00+00:00,2022-06-15T19:00:00+00:00,2022-06-16T13:00:00+00:00,1171.49,1091.98875,stop,-0.06786336204320997,0.0,0.0016,-0.06946336204320998,0.06786336204320992,-1.0235767865285146
anchored_12m_3m,round_trip_0_16pct,2,long,2022-06-23T13:00:00+00:00,2022-06-23T14:00:00+00:00,2022-06-23T20:00:00+00:00,1107.46,1147.1108333333334,take,0.03580339997230908,0.0,0.0016,0.03420339997230908,0.026852549979231727,1.273748675591802
anchored_12m_3m,round_trip_0_16pct,2,long,2022-06-28T08:00:00+00:00,2022-06-28T09:00:00+00:00,2022-06-28T14:00:00+00:00,1224.51,1198.755,stop,-0.02103290295710114,0.0,0.0016,-0.02263290295710114,0.021032902957101182,-1.076071287128711
anchored_12m_3m,round_trip_0_16pct,3,long,2022-07-13T16:00:00+00:00,2022-07-13T17:00:00+00:00,2022-07-13T23:00:00+00:00,1072.66,1110.2516666666668,take,0.03504527685069525,0.0,0.0016,0.03344527685069525,0.026283957638021327,1.2724596999926163
anchored_12m_3m,round_trip_0_16pct,3,long,2022-07-21T16:00:00+00:00,2022-07-21T17:00:00+00:00,2022-07-22T08:00:00+00:00,1557.4,1619.5733333333333,take,0.03992123624844823,-0.0001,0.0016,0.03822123624844823,0.029940927186336178,1.2765548645364213
anchored_12m_3m,round_trip_0_16pct,3,long,2022-09-19T19:00:00+00:00,2022-09-19T20:00:00+00:00,2022-09-20T20:00:00+00:00,1361.46,1342.49,time,-0.013933571313149096,-2.77e-06,0.0016,-0.015536341313149096,0.027524220322301077,-0.5644607233637428
anchored_12m_3m,round_trip_0_16pct,3,long,2022-09-22T18:00:00+00:00,2022-09-22T19:00:00+00:00,2022-09-22T23:00:00+00:00,1302.13,1349.4825,take,0.03636541666346682,0.0,0.0016,0.034765416663466824,0.027274062497600084,1.2746695387431162
anchored_12m_3m,round_trip_0_16pct,3,long,2022-09-24T04:00:00+00:00,2022-09-24T05:00:00+00:00,2022-09-25T05:00:00+00:00,1327.37,1321.91,time,-0.004113397168837518,8.115e-05,0.0016,-0.005632247168837518,0.023078531230930375,-0.24404703715672563
anchored_12m_3m,round_trip_0_16pct,3,long,2022-09-28T15:00:00+00:00,2022-09-28T16:00:00+00:00,2022-09-29T13:00:00+00:00,1331.25,1300.189375,stop,-0.02333192488262914,-2.427000000000001e-05,0.0016,-0.02495619488262914,0.02333192488262912,-1.069615773587944
anchored_12m_3m,round_trip_0_16pct,4,long,2022-11-08T16:00:00+00:00,2022-11-08T17:00:00+00:00,2022-11-08T17:00:00+00:00,1545.29,1500.5925,stop,-0.02892499142555771,0.0,0.0016,-0.030524991425557712,0.02892499142555765,-1.0553154874433714
anchored_12m_3m,round_trip_0_16pct,4,long,2022-11-10T08:00:00+00:00,2022-11-10T09:00:00+00:00,2022-11-10T13:00:00+00:00,1215.35,1310.0025,take,0.07788085736619088,0.0,0.0016,0.07628085736619088,0.05841064302464313,1.305941065124183
anchored_12m_3m,round_trip_0_16pct,4,long,2022-11-11T23:00:00+00:00,2022-11-12T00:00:00+00:00,2022-11-12T05:00:00+00:00,1288.67,1238.113125,stop,-0.039231824283951666,0.0,0.0016,-0.04083182428395166,0.039231824283951694,-1.0407832169215356
anchored_12m_3m,round_trip_0_16pct,5,long,2023-03-23T14:00:00+00:00,2023-03-23T15:00:00+00:00,2023-03-23T15:00:00+00:00,1803.89,1843.069166666667,take,0.02171926595671958,0.0,0.0016,0.02011926595671958,0.016289449467539605,1.2351102470842705
anchored_12m_3m,round_trip_0_16pct,7,long,2023-07-01T12:00:00+00:00,2023-07-01T13:00:00+00:00,2023-07-02T13:00:00+00:00,1926.41,1915.17,time,-0.005834687319937082,-0.00030000000000000003,0.0016,-0.007734687319937082,0.014236650038153876,-0.5432940543743302
anchored_12m_3m,round_trip_0_16pct,8,long,2023-11-22T09:00:00+00:00,2023-11-22T10:00:00+00:00,2023-11-22T18:00:00+00:00,2010.23,2055.0491666666667,take,0.02229554163785563,-0.0001,0.0016,0.02059554163785563,0.016721656228391772,1.2316687627441099
anchored_12m_3m,round_trip_0_16pct,8,long,2023-12-07T22:00:00+00:00,2023-12-07T23:00:00+00:00,2023-12-08T04:00:00+00:00,2351.39,2392.1699999999996,take,0.017342933328796883,-0.00022693,0.0016,0.015516003328796883,0.013007199996597737,1.1928780469936164
anchored_12m_3m,round_trip_0_16pct,8,long,2023-12-08T05:00:00+00:00,2023-12-08T06:00:00+00:00,2023-12-08T13:00:00+00:00,2377.69,2345.030625,stop,-0.01373575823593498,-0.00012399,0.0016,-0.01545974823593498,0.013735758235934871,-1.125511090861361
anchored_12m_3m,round_trip_0_16pct,9,long,2024-01-09T22:00:00+00:00,2024-01-09T23:00:00+00:00,2024-01-10T00:00:00+00:00,2341.16,2399.3766666666666,take,0.024866590351221962,-0.0001,0.0016,0.023166590351221962,0.01864994276341639,1.2421802385723886
anchored_12m_3m,round_trip_0_16pct,9,long,2024-01-10T01:00:00+00:00,2024-01-10T02:00:00+00:00,2024-01-10T15:00:00+00:00,2377.11,2439.57,take,0.026275603569039685,-0.0001,0.0016,0.024575603569039685,0.01970670267677976,1.2470682676913225
anchored_12m_3m,round_trip_0_16pct,9,long,2024-01-10T16:00:00+00:00,2024-01-10T17:00:00+00:00,2024-01-10T20:00:00+00:00,2408.55,2490.8525,take,0.03417097423761173,0.0,0.0016,0.03257097423761173,0.02562823067820886,1.2709021799661784
anchored_12m_3m,round_trip_0_16pct,9,long,2024-01-12T13:00:00+00:00,2024-01-12T14:00:00+00:00,2024-01-12T16:00:00+00:00,2674.0,2621.7937500000003,stop,-0.019523653702318566,-0.0001,0.0016,-0.021223653702318566,0.019523653702318573,-1.0870738656770023
anchored_12m_3m,round_trip_0_16pct,9,long,2024-03-06T04:00:00+00:00,2024-03-06T05:00:00+00:00,2024-03-06T08:00:00+00:00,3652.93,3832.170833333333,take,0.04906768904231207,0.0,0.0016,0.04746768904231207,0.0368007667817341,1.289855978377941
anchored_12m_3m,round_trip_0_16pct,9,long,2024-03-06T12:00:00+00:00,2024-03-06T13:00:00+00:00,2024-03-07T13:00:00+00:00,3821.53,3810.23,time,-0.0029569308627697133,-0.00115379,0.0016,-0.005710720862769713,0.03978200485146,-0.14355035358556417
anchored_12m_3m,round_trip_0_16pct,9,long,2024-03-16T00:00:00+00:00,2024-03-16T01:00:00+00:00,2024-03-16T13:00:00+00:00,3763.27,3649.408125,stop,-0.030256100412673015,-0.0002749,0.0016,-0.032131000412673014,0.03025610041267301,-1.061967668484293
anchored_12m_3m,round_trip_0_16pct,9,long,2024-03-20T17:00:00+00:00,2024-03-20T18:00:00+00:00,2024-03-20T20:00:00+00:00,3301.75,3454.423333333333,take,0.046240125186138625,0.0,0.0016,0.04464012518613863,0.034680093889604,1.2871973567384238
anchored_12m_3m,round_trip_0_16pct,10,long,2024-04-14T06:00:00+00:00,2024-04-14T07:00:00+00:00,2024-04-14T17:00:00+00:00,3089.89,2978.73125,stop,-0.03597498616455608,-0.0002,0.0016,-0.037774986164556074,0.03597498616455602,-1.0500347655942528
anchored_12m_3m,round_trip_0_16pct,10,long,2024-04-14T18:00:00+00:00,2024-04-14T19:00:00+00:00,2024-04-15T06:00:00+00:00,3082.26,3246.3183333333336,take,0.05322663673192185,-0.0001,0.0016,0.05152663673192185,0.039919977548941346,1.290748139042686
anchored_12m_3m,round_trip_0_16pct,10,long,2024-04-27T18:00:00+00:00,2024-04-27T19:00:00+00:00,2024-04-28T02:00:00+00:00,3255.18,3310.115,take,0.01687617889026094,-9.322e-05,0.0016,0.015182958890260938,0.012657134167695792,1.1995573949916474
anchored_12m_3m,round_trip_0_16pct,10,long,2024-05-01T18:00:00+00:00,2024-05-01T19:00:00+00:00,2024-05-01T19:00:00+00:00,2988.2,2921.6706249999997,stop,-0.02226403018539591,0.0,0.0016,-0.023864030185395912,0.02226403018539587,-1.0718647965654289
anchored_12m_3m,round_trip_0_16pct,10,long,2024-05-01T21:00:00+00:00,2024-05-01T22:00:00+00:00,2024-05-02T01:00:00+00:00,2966.4,2898.63625,stop,-0.022843766855447756,8.6e-07,0.0016,-0.024442906855447758,0.022843766855447655,-1.0700033409603262
anchored_12m_3m,round_trip_0_16pct,10,long,2024-05-21T23:00:00+00:00,2024-05-22T00:00:00+00:00,2024-05-22T11:00:00+00:00,3792.33,3715.689375,stop,-0.020209376557419834,-0.00027641000000000005,0.0016,-0.022085786557419836,0.020209376557419844,-1.0928484851904583
anchored_12m_3m,round_trip_0_16pct,10,long,2024-06-14T21:00:00+00:00,2024-06-14T22:00:00+00:00,2024-06-15T12:00:00+00:00,3503.04,3561.4816666666666,take,0.016683128558813598,-0.0002,0.0016,0.014883128558813599,0.012512346419110245,1.1894754237368645
anchored_12m_3m,round_trip_0_16pct,10,long,2024-06-15T13:00:00+00:00,2024-06-15T14:00:00+00:00,2024-06-16T14:00:00+00:00,3568.2,3578.26,time,0.0028193486912169163,-0.0002,0.0016,0.0010193486912169162,0.0131964295723334,0.07724427926732566
anchored_12m_3m,round_trip_0_16pct,10,long,2024-06-25T03:00:00+00:00,2024-06-25T04:00:00+00:00,2024-06-26T04:00:00+00:00,3370.38,3385.93,time,0.004613723081670296,-0.0002,0.0016,0.002813723081670296,0.01894574944071591,0.14851474155059727
anchored_12m_3m,round_trip_0_16pct,11,long,2024-07-05T15:00:00+00:00,2024-07-05T16:00:00+00:00,2024-07-06T16:00:00+00:00,2989.97,3049.64,time,0.019956721973799052,-0.00026374,0.0016,0.018092981973799053,0.02907596062836749,0.6222660088536138
anchored_12m_3m,round_trip_0_16pct,11,long,2024-07-08T10:00:00+00:00,2024-07-08T11:00:00+00:00,2024-07-08T14:00:00+00:00,3013.07,2953.0150000000003,stop,-0.01993149843846964,0.0,0.0016,-0.021531498438469642,0.019931498438469707,-1.0802749479643627
anchored_12m_3m,round_trip_0_16pct,11,long,2024-07-08T19:00:00+00:00,2024-07-08T20:00:00+00:00,2024-07-09T08:00:00+00:00,3003.18,3107.5575,take,0.03475565900145838,-5.681e-05,0.0016,0.03309884900145839,0.026066744251093836,1.2697730365797204
anchored_12m_3m,round_trip_0_16pct,11,long,2024-08-05T15:00:00+00:00,2024-08-05T16:00:00+00:00,2024-08-06T16:00:00+00:00,2448.96,2529.46,time,0.03287109630210372,0.00019819,0.0016,0.03146928630210372,0.06557783712269695,0.47987685600585295
anchored_12m_3m,round_trip_0_16pct,11,long,2024-08-12T10:00:00+00:00,2024-08-12T11:00:00+00:00,2024-08-12T14:00:00+00:00,2639.81,2713.01,take,0.027729268394316442,0.0,0.0016,0.02612926839431644,0.020796951295737207,1.2563989799635782
anchored_12m_3m,round_trip_0_16pct,11,long,2024-08-12T17:00:00+00:00,2024-08-12T18:00:00+00:00,2024-08-12T23:00:00+00:00,2654.13,2744.9875,take,0.03423249803136996,0.0,0.0016,0.032632498031369965,0.025674373523527493,1.2710143833292051
anchored_12m_3m,round_trip_0_16pct,11,long,2024-08-28T18:00:00+00:00,2024-08-28T19:00:00+00:00,2024-08-29T19:00:00+00:00,2531.99,2527.54,time,-0.0017575108906432435,-7.510000000000001e-06,0.0016,-0.003365020890643244,0.02455504366130986,-0.13703990663007198
anchored_12m_3m,round_trip_0_16pct,11,long,2024-09-07T08:00:00+00:00,2024-09-07T09:00:00+00:00,2024-09-08T09:00:00+00:00,2295.01,2293.99,time,-0.00044444250787600836,-0.00011104,0.0016,-0.0021554825078760084,0.02167419749805007,-0.09944924180329756
anchored_12m_3m,round_trip_0_16pct,12,long,2024-11-25T20:00:00+00:00,2024-11-25T21:00:00+00:00,2024-11-25T21:00:00+00:00,3504.59,3428.0281250000003,stop,-0.021846171734782094,0.0,0.0016,-0.023446171734782095,0.021846171734782094,-1.0732393766479726
anchored_12m_3m,round_trip_0_16pct,12,long,2024-11-27T04:00:00+00:00,2024-11-27T05:00:00+00:00,2024-11-27T13:00:00+00:00,3403.71,3490.8166666666666,take,0.025591682801022086,-0.00020895,0.0016,0.023782732801022086,0.019193762100766495,1.2390865676131482
anchored_12m_3m,round_trip_0_16pct,12,long,2024-12-06T14:00:00+00:00,2024-12-06T15:00:00+00:00,2024-12-07T15:00:00+00:00,3987.88,4007.66,time,0.004960028887529111,-0.0008123900000000001,0.0016,0.0025476388875291115,0.02208347543055458,0.11536403749222425
anchored_12m_3m,round_trip_0_16pct,12,long,2024-12-20T16:00:00+00:00,2024-12-20T17:00:00+00:00,2024-12-21T17:00:00+00:00,3382.18,3381.29,time,-0.00026314388944403966,-0.00016352,0.0016,-0.00202666388944404,0.0414213244120656,-0.048928032075519386
anchored_12m_3m,round_trip_0_16pct,12,long,2024-12-23T03:00:00+00:00,2024-12-23T04:00:00+00:00,2024-12-23T06:00:00+00:00,3349.68,3278.21625,stop,-0.021334500609013318,0.0,0.0016,-0.02293450060901332,0.021334500609013367,-1.0749958965209614
anchored_12m_3m,round_trip_0_16pct,12,long,2024-12-23T11:00:00+00:00,2024-12-23T12:00:00+00:00,2024-12-23T21:00:00+00:00,3338.11,3432.909166666667,take,0.028399054155395342,0.0,0.0016,0.02679905415539534,0.021299290616546458,1.2582134606199684
anchored_12m_3m,round_trip_0_16pct,12,long,2024-12-24T03:00:00+00:00,2024-12-24T04:00:00+00:00,2024-12-24T15:00:00+00:00,3395.66,3489.7949999999996,take,0.02772215121655286,-8.121e-05,0.0016,0.026040941216552857,0.02079161341241465,1.2524733266252361
rolling_12m_3m,round_trip_0_05pct,1,long,2022-02-21T01:00:00+00:00,2022-02-21T02:00:00+00:00,2022-02-21T11:00:00+00:00,2712.35,2651.429375,stop,-0.02246045864287416,0.0,0.0005,-0.02296045864287416,0.022460458642874208,-1.0222613441671007
rolling_12m_3m,round_trip_0_05pct,1,long,2022-02-24T18:00:00+00:00,2022-02-24T19:00:00+00:00,2022-02-24T20:00:00+00:00,2524.3,2644.191666666667,take,0.04749501511970333,0.0,0.0005,0.04699501511970333,0.03562126133977737,1.319296772549297
rolling_12m_3m,round_trip_0_05pct,2,long,2022-04-01T14:00:00+00:00,2022-04-01T15:00:00+00:00,2022-04-02T00:00:00+00:00,3420.51,3492.1725,take,0.020950823122867668,-0.0001,0.0005,0.020350823122867668,0.01571311734215072,1.2951486760858215
rolling_12m_3m,round_trip_0_05pct,2,long,2022-05-10T05:00:00+00:00,2022-05-10T06:00:00+00:00,2022-05-10T21:00:00+00:00,2403.27,2310.66125,stop,-0.038534475943194035,0.0,0.0005,-0.039034475943194036,0.038534475943194056,-1.0129753937937824
rolling_12m_3m,round_trip_0_05pct,2,long,2022-05-12T16:00:00+00:00,2022-05-12T17:00:00+00:00,2022-05-12T21:00:00+00:00,2024.63,1879.611875,stop,-0.0716269762870253,0.0,0.0005,-0.0721269762870253,0.07162697628702527,-1.0069806101823482
rolling_12m_3m,round_trip_0_05pct,2,long,2022-06-07T18:00:00+00:00,2022-06-07T19:00:00+00:00,2022-06-07T19:00:00+00:00,1806.52,1853.7583333333332,take,0.026148801747743367,0.0,0.0005,0.025648801747743366,0.019611601310807514,1.307838219901446
rolling_12m_3m,round_trip_0_05pct,2,long,2022-06-12T15:00:00+00:00,2022-06-12T16:00:00+00:00,2022-06-12T19:00:00+00:00,1525.2,1475.868125,stop,-0.0323445285864149,0.0,0.0005,-0.0328445285864149,0.032344528586414914,-1.0154585650758252
rolling_12m_3m,round_trip_0_05pct,2,long,2022-06-14T06:00:00+00:00,2022-06-14T07:00:00+00:00,2022-06-15T04:00:00+00:00,1233.6,1146.639375,stop,-0.07049337305447467,5.37e-05,0.0005,-0.07093967305447467,0.07049337305447471,-1.006331091571616
rolling_12m_3m,round_trip_0_05pct,2,long,2022-06-15T18:00:00+00:00,2022-06-15T19:00:00+00:00,2022-06-16T13:00:00+00:00,1171.49,1091.98875,stop,-0.06786336204320997,0.0,0.0005,-0.06836336204320997,0.06786336204320992,-1.0073677457901613
rolling_12m_3m,round_trip_0_05pct,2,long,2022-06-18T23:00:00+00:00,2022-06-19T00:00:00+00:00,2022-06-19T02:00:00+00:00,994.09,950.585625,stop,-0.04376301441519381,0.0,0.0005,-0.04426301441519381,0.043763014415193785,-1.0114251727556143
rolling_12m_3m,round_trip_0_05pct,2,long,2022-06-23T13:00:00+00:00,2022-06-23T14:00:00+00:00,2022-06-23T20:00:00+00:00,1107.46,1147.1108333333334,take,0.03580339997230908,0.0,0.0005,0.03530339997230908,0.026852549979231727,1.3147131277891075
rolling_12m_3m,round_trip_0_05pct,2,long,2022-06-28T08:00:00+00:00,2022-06-28T09:00:00+00:00,2022-06-28T14:00:00+00:00,1224.51,1198.755,stop,-0.02103290295710114,0.0,0.0005,-0.02153290295710114,0.021032902957101182,-1.023772277227721
rolling_12m_3m,round_trip_0_05pct,3,long,2022-07-13T14:00:00+00:00,2022-07-13T15:00:00+00:00,2022-07-13T23:00:00+00:00,1065.82,1101.7116666666666,take,0.03367516716393637,0.0,0.0005,0.03317516716393637,0.02525637537295224,1.313536351675569
rolling_12m_3m,round_trip_0_05pct,3,long,2022-07-19T08:00:00+00:00,2022-07-19T09:00:00+00:00,2022-07-20T09:00:00+00:00,1534.58,1549.49,time,0.009716013502065746,4.179e-05,0.0005,0.009257803502065745,0.03542663139099951,0.2613232796505112
rolling_12m_3m,round_trip_0_05pct,3,long,2022-07-21T16:00:00+00:00,2022-07-21T17:00:00+00:00,2022-07-22T08:00:00+00:00,1557.4,1619.5733333333333,take,0.03992123624844823,-0.0001,0.0005,0.03932123624844823,0.029940927186336178,1.3132938737579525
rolling_12m_3m,round_trip_0_05pct,3,long,2022-07-24T02:00:00+00:00,2022-07-24T03:00:00+00:00,2022-07-24T06:00:00+00:00,1565.32,1612.2949999999998,take,0.030009838243937326,0.0,0.0005,0.029509838243937325,0.022507378682953008,1.3111183963100932
rolling_12m_3m,round_trip_0_05pct,3,long,2022-08-05T01:00:00+00:00,2022-08-05T02:00:00+00:00,2022-08-05T11:00:00+00:00,1646.34,1688.8083333333332,take,0.025795603176338666,-0.0001,0.0005,0.025195603176338666,0.019346702382253965,1.3023202961683893
rolling_12m_3m,round_trip_0_05pct,3,long,2022-09-19T16:00:00+00:00,2022-09-19T17:00:00+00:00,2022-09-20T17:00:00+00:00,1350.62,1334.69,time,-0.011794583228443067,-2.77e-06,0.0005,-0.012297353228443067,0.02722638491951846,-0.4516704389802098
rolling_12m_3m,round_trip_0_05pct,3,long,2022-09-22T18:00:00+00:00,2022-09-22T19:00:00+00:00,2022-09-22T23:00:00+00:00,1302.13,1349.4825,take,0.03636541666346682,0.0,0.0005,0.03586541666346682,0.027274062497600084,1.3150008975238914
rolling_12m_3m,round_trip_0_05pct,3,long,2022-09-24T03:00:00+00:00,2022-09-24T04:00:00+00:00,2022-09-25T04:00:00+00:00,1320.92,1326.92,time,0.004542288707870323,8.115e-05,0.0005,0.004123438707870323,0.023902848015019868,0.17250825948770923
rolling_12m_3m,round_trip_0_05pct,3,long,2022-09-28T15:00:00+00:00,2022-09-28T16:00:00+00:00,2022-09-29T13:00:00+00:00,1331.25,1300.189375,stop,-0.02333192488262914,-2.427000000000001e-05,0.0005,-0.02385619488262914,0.02333192488262912,-1.0224700706280065
rolling_12m_3m,round_trip_0_05pct,4,long,2022-11-07T19:00:00+00:00,2022-11-07T20:00:00+00:00,2022-11-07T21:00:00+00:00,1599.9,1575.3425,stop,-0.01534939683730241,0.0,0.0005,-0.01584939683730241,0.01534939683730236,-1.032574569887003
rolling_12m_3m,round_trip_0_05pct,4,long,2022-11-08T16:00:00+00:00,2022-11-08T17:00:00+00:00,2022-11-08T17:00:00+00:00,1545.29,1500.5925,stop,-0.02892499142555771,0.0,0.0005,-0.02942499142555771,0.02892499142555765,-1.0172860898260552
rolling_12m_3m,round_trip_0_05pct,4,long,2022-11-10T08:00:00+00:00,2022-11-10T09:00:00+00:00,2022-11-10T13:00:00+00:00,1215.35,1310.0025,take,0.07788085736619088,0.0,0.0005,0.07738085736619088,0.05841064302464313,1.3247732495179743
rolling_12m_3m,round_trip_0_05pct,4,long,2022-11-11T23:00:00+00:00,2022-11-12T00:00:00+00:00,2022-11-12T05:00:00+00:00,1288.67,1238.113125,stop,-0.039231824283951666,0.0,0.0005,-0.03973182428395167,0.039231824283951694,-1.0127447552879794
rolling_12m_3m,round_trip_0_05pct,5,long,2023-02-17T19:00:00+00:00,2023-02-17T20:00:00+00:00,2023-02-17T22:00:00+00:00,1706.43,1679.486875,stop,-0.015789176819441808,0.0,0.0005,-0.01628917681944181,0.015789176819441756,-1.0316672620566505
rolling_12m_3m,round_trip_0_05pct,5,long,2023-03-23T14:00:00+00:00,2023-03-23T15:00:00+00:00,2023-03-23T15:00:00+00:00,1803.89,1843.069166666667,take,0.02171926595671958,0.0,0.0005,0.02121926595671958,0.016289449467539605,1.3026386188805057
rolling_12m_3m,round_trip_0_05pct,6,long,2023-04-27T15:00:00+00:00,2023-04-27T16:00:00+00:00,2023-04-28T16:00:00+00:00,1899.14,1892.42,time,-0.0035384437166295912,0.0,0.0005,-0.004038443716629592,0.023817359436376466,-0.16955883490852644
rolling_12m_3m,round_trip_0_05pct,6,long,2023-06-06T14:00:00+00:00,2023-06-06T15:00:00+00:00,2023-06-06T16:00:00+00:00,1837.93,1864.595,take,0.014508169516793235,0.0,0.0005,0.014008169516793234,0.01088112713759502,1.2873822113882003
rolling_12m_3m,round_trip_0_05pct,6,long,2023-06-15T18:00:00+00:00,2023-06-15T19:00:00+00:00,2023-06-16T14:00:00+00:00,1668.6,1646.27875,stop,-0.013377232410403894,0.00013204000000000002,0.0005,-0.013745192410403895,0.013377232410403962,-1.0275064369602906
rolling_12m_3m,round_trip_0_05pct,7,long,2023-07-01T03:00:00+00:00,2023-07-01T04:00:00+00:00,2023-07-02T04:00:00+00:00,1919.72,1912.92,time,-0.003542183235055063,-0.00030000000000000003,0.0005,-0.004342183235055063,0.016608541870689473,-0.2614427725722322
rolling_12m_3m,round_trip_0_05pct,8,long,2023-10-06T14:00:00+00:00,2023-10-06T15:00:00+00:00,2023-10-06T19:00:00+00:00,1633.51,1653.2066666666667,take,0.012057879453855058,-5.905e-05,0.0005,0.011498829453855058,0.009043409590391249,1.2715148350764438
rolling_12m_3m,round_trip_0_05pct,8,long,2023-11-10T14:00:00+00:00,2023-11-10T15:00:00+00:00,2023-11-11T01:00:00+00:00,2080.99,2034.0749999999998,stop,-0.022544558118972158,-0.0002626,0.0005,-0.02330715811897216,0.022544558118972217,-1.0338263449642946
rolling_12m_3m,round_trip_0_05pct,8,long,2023-11-13T17:00:00+00:00,2023-11-13T18:00:00+00:00,2023-11-13T21:00:00+00:00,2081.85,2053.77,stop,-0.01348800345846235,0.0,0.0005,-0.01398800345846235,0.013488003458462417,-1.0370699786324737
rolling_12m_3m,round_trip_0_05pct,8,long,2023-11-15T13:00:00+00:00,2023-11-15T14:00:00+00:00,2023-11-15T19:00:00+00:00,2014.1,2052.3266666666664,take,0.018979527663306905,-0.0001,0.0005,0.018379527663306906,0.014234645747480259,1.2911826531798554
rolling_12m_3m,round_trip_0_05pct,8,long,2023-11-22T06:00:00+00:00,2023-11-22T07:00:00+00:00,2023-11-22T13:00:00+00:00,1994.63,2039.2866666666669,take,0.022388446311680132,-0.0001,0.0005,0.021788446311680133,0.016791334733760155,1.2976006170535648
rolling_12m_3m,round_trip_0_05pct,8,long,2023-11-22T15:00:00+00:00,2023-11-22T16:00:00+00:00,2023-11-22T19:00:00+00:00,2033.87,2079.0533333333333,take,0.02221544805387432,-0.0001,0.0005,0.02161544805387432,0.01666158604040573,1.2973223558342564
rolling_12m_3m,round_trip_0_05pct,8,long,2023-12-07T14:00:00+00:00,2023-12-07T15:00:00+00:00,2023-12-07T15:00:00+00:00,2267.52,2300.7891666666665,take,0.014672049934142395,0.0,0.0005,0.014172049934142394,0.01100403745060683,1.2878954654376298
rolling_12m_3m,round_trip_0_05pct,8,long,2023-12-07T17:00:00+00:00,2023-12-07T18:00:00+00:00,2023-12-07T21:00:00+00:00,2336.97,2376.025833333333,take,0.016712167179438797,0.0,0.0005,0.016212167179438797,0.012534125384579169,1.293442237252928
rolling_12m_3m,round_trip_0_05pct,8,long,2023-12-07T22:00:00+00:00,2023-12-07T23:00:00+00:00,2023-12-08T04:00:00+00:00,2351.39,2392.1699999999996,take,0.017342933328796883,-0.00022693,0.0005,0.016616003328796883,0.013007199996597737,1.2774465936668224
rolling_12m_3m,round_trip_0_05pct,8,long,2023-12-08T05:00:00+00:00,2023-12-08T06:00:00+00:00,2023-12-08T13:00:00+00:00,2377.69,2345.030625,stop,-0.01373575823593498,-0.00012399,0.0005,-0.01435974823593498,0.013735758235934871,-1.0454281437749577
rolling_12m_3m,round_trip_0_05pct,8,long,2023-12-21T17:00:00+00:00,2023-12-21T18:00:00+00:00,2023-12-22T06:00:00+00:00,2234.93,2278.2891666666665,take,0.019400682198845942,-0.00044152,0.0005,0.01845916219884594,0.0145505116491344,1.2686263303973964
rolling_12m_3m,round_trip_0_05pct,8,long,2023-12-22T12:00:00+00:00,2023-12-22T13:00:00+00:00,2023-12-23T13:00:00+00:00,2296.28,2296.35,time,3.0484087306215102e-05,-0.00069681,0.0005,-0.0011663259126937849,0.016652204870486163,-0.07004032929963189
rolling_12m_3m,round_trip_0_05pct,9,long,2024-01-09T21:00:00+00:00,2024-01-09T22:00:00+00:00,2024-01-09T22:00:00+00:00,2317.94,2372.2183333333332,take,0.023416625681999204,0.0,0.0005,0.022916625681999203,0.017562469261499403,1.3048635326148146
rolling_12m_3m,round_trip_0_05pct,9,long,2024-01-09T23:00:00+00:00,2024-01-10T00:00:00+00:00,2024-01-10T09:00:00+00:00,2344.33,2404.0533333333333,take,0.02547565118107653,-0.0002,0.0005,0.02477565118107653,0.01910673838580743,1.2966970437759275
rolling_12m_3m,round_trip_0_05pct,9,long,2024-01-10T10:00:00+00:00,2024-01-10T11:00:00+00:00,2024-01-10T12:00:00+00:00,2401.19,2345.9187500000003,stop,-0.023018274272339823,0.0,0.0005,-0.023518274272339823,0.023018274272339944,-1.0217218716783085
rolling_12m_3m,round_trip_0_05pct,9,long,2024-01-10T13:00:00+00:00,2024-01-10T14:00:00+00:00,2024-01-10T15:00:00+00:00,2378.62,2455.3933333333334,take,0.03227641797905245,0.0,0.0005,0.03177641797905245,0.024207313484289204,1.3126784184323335
rolling_12m_3m,round_trip_0_05pct,9,long,2024-01-10T16:00:00+00:00,2024-01-10T17:00:00+00:00,2024-01-10T20:00:00+00:00,2408.55,2490.8525,take,0.03417097423761173,0.0,0.0005,0.03367097423761173,0.02562823067820886,1.3138235979060953
rolling_12m_3m,round_trip_0_05pct,9,long,2024-01-12T11:00:00+00:00,2024-01-12T12:00:00+00:00,2024-01-12T14:00:00+00:00,2648.23,2715.1875,take,0.025283868848249513,0.0,0.0005,0.024783868848249513,0.018962901636187142,1.306966060560803
rolling_12m_3m,round_trip_0_05pct,9,long,2024-01-12T15:00:00+00:00,2024-01-12T16:00:00+00:00,2024-01-12T17:00:00+00:00,2648.4,2598.24125,stop,-0.018939265216734613,-0.0001,0.0005,-0.019539265216734613,0.01893926521673459,-1.0316802153163718
rolling_12m_3m,round_trip_0_05pct,9,long,2024-01-13T17:00:00+00:00,2024-01-13T18:00:00+00:00,2024-01-14T18:00:00+00:00,2555.76,2532.42,time,-0.009132312893229466,-0.0002,0.0005,-0.009832312893229467,0.015225901493097962,-0.6457622819697437
rolling_12m_3m,round_trip_0_05pct,9,long,2024-01-19T13:00:00+00:00,2024-01-19T14:00:00+00:00,2024-01-19T15:00:00+00:00,2497.68,2469.706875,stop,-0.011199643268953619,0.0,0.0005,-0.011699643268953619,0.011199643268953572,-1.044644279107183
rolling_12m_3m,round_trip_0_05pct,9,long,2024-02-01T17:00:00+00:00,2024-02-01T18:00:00+00:00,2024-02-02T18:00:00+00:00,2304.04,2293.62,time,-0.004522490928976941,-0.00023678000000000002,0.0005,-0.00525927092897694,0.01198709657818441,-0.43874435270242235
rolling_12m_3m,round_trip_0_05pct,9,long,2024-03-01T14:00:00+00:00,2024-03-01T15:00:00+00:00,2024-03-02T15:00:00+00:00,3419.57,3421.37,time,0.0005263819720022767,-0.00101302,0.0005,-0.0009866380279977232,0.01892946335357955,-0.05212181716768798
rolling_12m_3m,round_trip_0_05pct,9,long,2024-03-06T04:00:00+00:00,2024-03-06T05:00:00+00:00,2024-03-06T08:00:00+00:00,3652.93,3832.170833333333,take,0.04906768904231207,0.0,0.0005,0.04856768904231207,0.0368007667817341,1.319746659909772
rolling_12m_3m,round_trip_0_05pct,9,long,2024-03-06T12:00:00+00:00,2024-03-06T13:00:00+00:00,2024-03-07T13:00:00+00:00,3821.53,3810.23,time,-0.0029569308627697133,-0.00115379,0.0005,-0.004610720862769714,0.03978200485146,-0.11589966066279085
rolling_12m_3m,round_trip_0_05pct,9,long,2024-03-15T23:00:00+00:00,2024-03-16T00:00:00+00:00,2024-03-16T18:00:00+00:00,3745.01,3629.549375,stop,-0.0308305251521358,-0.0007526,0.0005,-0.0320831251521358,0.030830525152135763,-1.0406285651580367
rolling_12m_3m,round_trip_0_05pct,9,long,2024-03-17T10:00:00+00:00,2024-03-17T11:00:00+00:00,2024-03-18T11:00:00+00:00,3598.74,3600.76,time,0.000561307568760272,-0.00074073,0.0005,-0.000679422431239728,0.022342542111961402,-0.030409361111866918
rolling_12m_3m,round_trip_0_05pct,9,long,2024-03-20T17:00:00+00:00,2024-03-20T18:00:00+00:00,2024-03-20T20:00:00+00:00,3301.75,3454.423333333333,take,0.046240125186138625,0.0,0.0005,0.045740125186138625,0.034680093889604,1.3189158406474233
rolling_12m_3m,round_trip_0_05pct,9,long,2024-03-22T03:00:00+00:00,2024-03-22T04:00:00+00:00,2024-03-22T10:00:00+00:00,3524.94,3450.5212500000002,stop,-0.02111206148189748,-0.00023317,0.0005,-0.021845231481897483,0.02111206148189757,-1.0347275419138282
rolling_12m_3m,round_trip_0_05pct,9,long,2024-03-23T07:00:00+00:00,2024-03-23T08:00:00+00:00,2024-03-24T08:00:00+00:00,3367.61,3379.66,time,0.003578205314748395,-0.00057039,0.0005,0.002507815314748395,0.021777499472919928,0.115156256477785
rolling_12m_3m,round_trip_0_05pct,10,long,2024-04-05T18:00:00+00:00,2024-04-05T19:00:00+00:00,2024-04-06T19:00:00+00:00,3329.19,3350.79,time,0.006488064664377902,-0.00036732,0.0005,0.005620744664377902,0.017719024747761453,0.31721523867096596
rolling_12m_3m,round_trip_0_05pct,10,long,2024-04-13T15:00:00+00:00,2024-04-13T16:00:00+00:00,2024-04-13T17:00:00+00:00,3273.12,3195.726875,stop,-0.02364506189812776,0.0,0.0005,-0.024145061898127762,0.023645061898127796,-1.021146064330648
rolling_12m_3m,round_trip_0_05pct,10,long,2024-04-14T05:00:00+00:00,2024-04-14T06:00:00+00:00,2024-04-15T06:00:00+00:00,3072.18,3218.523333333333,take,0.04763501270541881,-0.00030000000000000003,0.0005,0.04683501270541881,0.03572625952906405,1.3109408407929624
rolling_12m_3m,round_trip_0_05pct,10,long,2024-04-18T03:00:00+00:00,2024-04-18T04:00:00+00:00,2024-04-18T06:00:00+00:00,3023.94,2961.4750000000004,stop,-0.020656825201558093,0.0,0.0005,-0.021156825201558094,0.020656825201558204,-1.0242050748419063
rolling_12m_3m,round_trip_0_05pct,10,long,2024-04-18T10:00:00+00:00,2024-04-18T11:00:00+00:00,2024-04-19T01:00:00+00:00,3010.06,2945.500625,stop,-0.021447869809904097,-6.353e-05,0.0005,-0.022011399809904096,0.02144786980990411,-1.0262744041713532
rolling_12m_3m,round_trip_0_05pct,10,long,2024-04-27T13:00:00+00:00,2024-04-27T14:00:00+00:00,2024-04-27T17:00:00+00:00,3149.61,3197.266666666667,take,0.015130973887772292,-2.355e-05,0.0005,0.014607423887772291,0.011348230415829254,1.287198387106848
rolling_12m_3m,round_trip_0_05pct,10,long,2024-04-27T18:00:00+00:00,2024-04-27T19:00:00+00:00,2024-04-28T02:00:00+00:00,3255.18,3310.115,take,0.01687617889026094,-9.322e-05,0.0005,0.016282958890260938,0.012657134167695792,1.2864649038657714
rolling_12m_3m,round_trip_0_05pct,10,long,2024-05-01T18:00:00+00:00,2024-05-01T19:00:00+00:00,2024-05-01T19:00:00+00:00,2988.2,2921.6706249999997,stop,-0.02226403018539591,0.0,0.0005,-0.02276403018539591,0.02226403018539587,-1.0224577489266977
rolling_12m_3m,round_trip_0_05pct,10,long,2024-05-01T21:00:00+00:00,2024-05-01T22:00:00+00:00,2024-05-02T01:00:00+00:00,2966.4,2898.63625,stop,-0.022843766855447756,8.6e-07,0.0005,-0.023342906855447758,0.022843766855447655,-1.0218501617162614
rolling_12m_3m,round_trip_0_05pct,10,long,2024-05-07T08:00:00+00:00,2024-05-07T09:00:00+00:00,2024-05-07T11:00:00+00:00,3118.05,3070.1843750000003,stop,-0.01535114093744483,0.0,0.0005,-0.01585114093744483,0.015351140937444902,-1.0325708689691144
rolling_12m_3m,round_trip_0_05pct,10,long,2024-05-09T17:00:00+00:00,2024-05-09T18:00:00+00:00,2024-05-09T22:00:00+00:00,3002.75,3054.7166666666667,take,0.017306358060666716,0.0,0.0005,0.016806358060666715,0.012979768545499946,1.2948118451999238
rolling_12m_3m,round_trip_0_05pct,10,long,2024-05-21T23:00:00+00:00,2024-05-22T00:00:00+00:00,2024-05-22T11:00:00+00:00,3792.33,3715.689375,stop,-0.020209376557419834,-0.00027641000000000005,0.0005,-0.020985786557419835,0.020209376557419844,-1.0384183053739444
rolling_12m_3m,round_trip_0_05pct,10,long,2024-05-23T21:00:00+00:00,2024-05-23T22:00:00+00:00,2024-05-24T05:00:00+00:00,3844.36,3731.1018750000003,stop,-0.029460853041858637,-0.0001,0.0005,-0.030060853041858637,0.02946085304185873,-1.0203660090611568
rolling_12m_3m,round_trip_0_05pct,10,long,2024-05-27T06:00:00+00:00,2024-05-27T07:00:00+00:00,2024-05-27T15:00:00+00:00,3896.29,3963.205,take,0.017174029653850287,-0.0001,0.0005,0.016574029653850287,0.012880522240387658,1.2867513711425003
rolling_12m_3m,round_trip_0_05pct,10,long,2024-06-14T07:00:00+00:00,2024-06-14T08:00:00+00:00,2024-06-14T14:00:00+00:00,3515.84,3472.2268750000003,stop,-0.012404752491580906,-0.0001,0.0005,-0.013004752491580906,0.012404752491580918,-1.0483685587767435
rolling_12m_3m,round_trip_0_05pct,10,long,2024-06-14T21:00:00+00:00,2024-06-14T22:00:00+00:00,2024-06-15T12:00:00+00:00,3503.04,3561.4816666666666,take,0.016683128558813598,-0.0002,0.0005,0.0159831285588136,0.012512346419110245,1.2773885907124813
rolling_12m_3m,round_trip_0_05pct,10,long,2024-06-15T13:00:00+00:00,2024-06-15T14:00:00+00:00,2024-06-16T14:00:00+00:00,3568.2,3578.26,time,0.0028193486912169163,-0.0002,0.0005,0.0021193486912169162,0.0131964295723334,0.16060015927794413
rolling_12m_3m,round_trip_0_05pct,10,long,2024-06-18T20:00:00+00:00,2024-06-18T21:00:00+00:00,2024-06-19T01:00:00+00:00,3460.67,3537.576666666667,take,0.022223056999559843,0.0,0.0005,0.021723056999559842,0.01666729274966984,1.30333446024041
rolling_12m_3m,round_trip_0_05pct,10,long,2024-06-21T18:00:00+00:00,2024-06-21T19:00:00+00:00,2024-06-22T08:00:00+00:00,3521.93,3473.99375,stop,-0.013610790106560855,-0.00010401,0.0005,-0.014214800106560855,0.013610790106560876,-1.0443772914923453
rolling_12m_3m,round_trip_0_05pct,10,long,2024-06-24T21:00:00+00:00,2024-06-24T22:00:00+00:00,2024-06-25T22:00:00+00:00,3351.21,3401.76,time,0.015084103950513406,-0.00030000000000000003,0.0005,0.014284103950513405,0.01905356572700609,0.7496814063662343
rolling_12m_3m,round_trip_0_05pct,10,long,2024-06-26T19:00:00+00:00,2024-06-26T20:00:00+00:00,2024-06-26T23:00:00+00:00,3407.32,3374.6218750000003,stop,-0.009596435028115913,0.0,0.0005,-0.010096435028115913,0.009596435028115947,-1.0521026817286887
rolling_12m_3m,round_trip_0_05pct,11,long,2024-07-05T15:00:00+00:00,2024-07-05T16:00:00+00:00,2024-07-06T16:00:00+00:00,2989.97,3049.64,time,0.019956721973799052,-0.00026374,0.0005,0.019192981973799053,0.02907596062836749,0.6600979489246429
rolling_12m_3m,round_trip_0_05pct,11,long,2024-07-08T10:00:00+00:00,2024-07-08T11:00:00+00:00,2024-07-08T14:00:00+00:00,3013.07,2953.0150000000003,stop,-0.01993149843846964,0.0,0.0005,-0.020431498438469642,0.019931498438469707,-1.0250859212388612
rolling_12m_3m,round_trip_0_05pct,11,long,2024-07-08T18:00:00+00:00,2024-07-08T19:00:00+00:00,2024-07-09T08:00:00+00:00,2990.16,3092.975,take,0.03438444765497506,-5.681e-05,0.0005,0.03382763765497506,0.025788335741231235,1.3117417887843894
rolling_12m_3m,round_trip_0_05pct,11,long,2024-07-23T11:00:00+00:00,2024-07-23T12:00:00+00:00,2024-07-23T13:00:00+00:00,3514.54,3466.73375,stop,-0.013602420231381696,0.0,0.0005,-0.014102420231381696,0.013602420231381633,-1.0367581644659478
rolling_12m_3m,round_trip_0_05pct,11,long,2024-07-30T12:00:00+00:00,2024-07-30T13:00:00+00:00,2024-07-30T14:00:00+00:00,3353.0,3309.2712500000002,stop,-0.01304167909334919,0.0,0.0005,-0.01354167909334919,0.013041679093349228,-1.0383386216162107
rolling_12m_3m,round_trip_0_05pct,11,long,2024-08-05T15:00:00+00:00,2024-08-05T16:00:00+00:00,2024-08-06T16:00:00+00:00,2448.96,2529.46,time,0.03287109630210372,0.00019819,0.0005,0.03256928630210372,0.06557783712269695,0.49665081574993364
rolling_12m_3m,round_trip_0_05pct,11,long,2024-08-12T10:00:00+00:00,2024-08-12T11:00:00+00:00,2024-08-12T14:00:00+00:00,2639.81,2713.01,take,0.027729268394316442,0.0,0.0005,0.02722926839431644,0.020796951295737207,1.3092913479052903
rolling_12m_3m,round_trip_0_05pct,11,long,2024-08-12T17:00:00+00:00,2024-08-12T18:00:00+00:00,2024-08-12T23:00:00+00:00,2654.13,2744.9875,take,0.03423249803136996,0.0,0.0005,0.03373249803136996,0.025674373523527493,1.3138586614570424
rolling_12m_3m,round_trip_0_05pct,11,long,2024-08-28T09:00:00+00:00,2024-08-28T10:00:00+00:00,2024-08-28T13:00:00+00:00,2539.54,2483.158125,stop,-0.022201609346574558,0.0,0.0005,-0.02270160934657456,0.02220160934657457,-1.0225208899136464
rolling_12m_3m,round_trip_0_05pct,11,long,2024-08-28T16:00:00+00:00,2024-08-28T17:00:00+00:00,2024-08-29T15:00:00+00:00,2513.35,2593.3508333333334,take,0.03183035921512456,-1.16e-05,0.0005,0.03131875921512456,0.02387276941134342,1.311903058898692
rolling_12m_3m,round_trip_0_05pct,11,long,2024-08-31T09:00:00+00:00,2024-08-31T10:00:00+00:00,2024-09-01T02:00:00+00:00,2513.06,2480.8312499999997,stop,-0.012824504786992819,-0.0001231,0.0005,-0.013447604786992818,0.01282450478699278,-1.048586671403641
rolling_12m_3m,round_trip_0_05pct,11,long,2024-09-07T07:00:00+00:00,2024-09-07T08:00:00+00:00,2024-09-08T08:00:00+00:00,2287.03,2295.4,time,0.003659768345845915,-0.00010567,0.0005,0.003054098345845915,0.021607445026956308,0.14134472363742143
rolling_12m_3m,round_trip_0_05pct,11,long,2024-09-20T16:00:00+00:00,2024-09-20T17:00:00+00:00,2024-09-21T17:00:00+00:00,2546.1,2568.59,time,0.008833117316680461,-0.00011200999999999999,0.0005,0.008221107316680461,0.014610335414948331,0.5626912102421117
rolling_12m_3m,round_trip_0_05pct,12,long,2024-10-08T21:00:00+00:00,2024-10-08T22:00:00+00:00,2024-10-09T18:00:00+00:00,2455.39,2420.2687499999997,stop,-0.014303735862734701,-0.0002364,0.0005,-0.015040135862734701,0.014303735862734616,-1.0514830535929163
rolling_12m_3m,round_trip_0_05pct,12,long,2024-11-23T16:00:00+00:00,2024-11-23T17:00:00+00:00,2024-11-24T11:00:00+00:00,3416.36,3358.301875,stop,-0.016994147279560723,-0.00023721,0.0005,-0.017731357279560725,0.016994147279560674,-1.043380228961927
rolling_12m_3m,round_trip_0_05pct,12,long,2024-11-25T20:00:00+00:00,2024-11-25T21:00:00+00:00,2024-11-25T21:00:00+00:00,3504.59,3428.0281250000003,stop,-0.021846171734782094,0.0,0.0005,-0.022346171734782094,0.021846171734782094,-1.0228873052024914
rolling_12m_3m,round_trip_0_05pct,12,long,2024-11-27T04:00:00+00:00,2024-11-27T05:00:00+00:00,2024-11-27T13:00:00+00:00,3403.71,3490.8166666666666,take,0.025591682801022086,-0.00020895,0.0005,0.024882732801022087,0.019193762100766495,1.2963968538522421
rolling_12m_3m,round_trip_0_05pct,12,long,2024-11-30T23:00:00+00:00,2024-12-01T00:00:00+00:00,2024-12-02T00:00:00+00:00,3705.74,3705.08,time,-0.0001781020794766608,-0.00040664,0.0005,-0.0010847420794766608,0.01414343019208039,-0.07669582730249284
rolling_12m_3m,round_trip_0_05pct,12,long,2024-12-06T03:00:00+00:00,2024-12-06T04:00:00+00:00,2024-12-06T15:00:00+00:00,3909.83,4024.1191666666664,take,0.0292312368227432,-0.0002554,0.0005,0.0284758368227432,0.021923427617057515,1.298877042410448
rolling_12m_3m,round_trip_0_05pct,12,long,2024-12-06T16:00:00+00:00,2024-12-06T17:00:00+00:00,2024-12-07T17:00:00+00:00,4006.72,3995.06,time,-0.002910111013497252,-0.00077988,0.0005,-0.0041899910134972525,0.021671872504192956,-0.19333774747367102
rolling_12m_3m,round_trip_0_05pct,12,long,2024-12-20T16:00:00+00:00,2024-12-20T17:00:00+00:00,2024-12-21T17:00:00+00:00,3382.18,3381.29,time,-0.00026314388944403966,-0.00016352,0.0005,-0.0009266638894440397,0.0414213244120656,-0.022371662485377027
rolling_12m_3m,round_trip_0_05pct,12,long,2024-12-23T03:00:00+00:00,2024-12-23T04:00:00+00:00,2024-12-23T06:00:00+00:00,3349.68,3278.21625,stop,-0.021334500609013318,0.0,0.0005,-0.02183450060901332,0.021334500609013367,-1.023436217662799
rolling_12m_3m,round_trip_0_05pct,12,long,2024-12-23T11:00:00+00:00,2024-12-23T12:00:00+00:00,2024-12-23T21:00:00+00:00,3338.11,3432.909166666667,take,0.028399054155395342,0.0,0.0005,0.027899054155395342,0.021299290616546458,1.309858373110409
rolling_12m_3m,round_trip_0_05pct,12,long,2024-12-24T03:00:00+00:00,2024-12-24T04:00:00+00:00,2024-12-24T15:00:00+00:00,3395.66,3489.7949999999996,take,0.02772215121655286,-8.121e-05,0.0005,0.027140941216552857,0.02079161341241465,1.3053792737579004
rolling_12m_3m,round_trip_0_10pct,1,long,2022-02-21T01:00:00+00:00,2022-02-21T02:00:00+00:00,2022-02-21T11:00:00+00:00,2712.35,2651.429375,stop,-0.02246045864287416,0.0,0.001,-0.02346045864287416,0.022460458642874208,-1.0445226883342034
rolling_12m_3m,round_trip_0_10pct,1,long,2022-02-24T18:00:00+00:00,2022-02-24T19:00:00+00:00,2022-02-24T20:00:00+00:00,2524.3,2644.191666666667,take,0.04749501511970333,0.0,0.001,0.04649501511970333,0.03562126133977737,1.3052602117652559
rolling_12m_3m,round_trip_0_10pct,2,long,2022-04-01T14:00:00+00:00,2022-04-01T15:00:00+00:00,2022-04-02T00:00:00+00:00,3420.51,3492.1725,take,0.020950823122867668,-0.0001,0.001,0.019850823122867668,0.01571311734215072,1.2633281283795594
rolling_12m_3m,round_trip_0_10pct,2,long,2022-05-10T05:00:00+00:00,2022-05-10T06:00:00+00:00,2022-05-10T21:00:00+00:00,2403.27,2310.66125,stop,-0.038534475943194035,0.0,0.001,-0.039534475943194036,0.038534475943194056,-1.0259507875875655
rolling_12m_3m,round_trip_0_10pct,2,long,2022-05-12T16:00:00+00:00,2022-05-12T17:00:00+00:00,2022-05-12T21:00:00+00:00,2024.63,1879.611875,stop,-0.0716269762870253,0.0,0.001,-0.0726269762870253,0.07162697628702527,-1.0139612203646962
rolling_12m_3m,round_trip_0_10pct,2,long,2022-06-07T18:00:00+00:00,2022-06-07T19:00:00+00:00,2022-06-07T19:00:00+00:00,1806.52,1853.7583333333332,take,0.026148801747743367,0.0,0.001,0.025148801747743366,0.019611601310807514,1.282343106469558
rolling_12m_3m,round_trip_0_10pct,2,long,2022-06-12T15:00:00+00:00,2022-06-12T16:00:00+00:00,2022-06-12T19:00:00+00:00,1525.2,1475.868125,stop,-0.0323445285864149,0.0,0.001,-0.0333445285864149,0.032344528586414914,-1.030917130151651
rolling_12m_3m,round_trip_0_10pct,2,long,2022-06-14T06:00:00+00:00,2022-06-14T07:00:00+00:00,2022-06-15T04:00:00+00:00,1233.6,1146.639375,stop,-0.07049337305447467,5.37e-05,0.001,-0.07143967305447467,0.07049337305447471,-1.0134239568770342
rolling_12m_3m,round_trip_0_10pct,2,long,2022-06-15T18:00:00+00:00,2022-06-15T19:00:00+00:00,2022-06-16T13:00:00+00:00,1171.49,1091.98875,stop,-0.06786336204320997,0.0,0.001,-0.06886336204320997,0.06786336204320992,-1.014735491580322
rolling_12m_3m,round_trip_0_10pct,2,long,2022-06-18T23:00:00+00:00,2022-06-19T00:00:00+00:00,2022-06-19T02:00:00+00:00,994.09,950.585625,stop,-0.04376301441519381,0.0,0.001,-0.044763014415193814,0.043763014415193785,-1.0228503455112279
rolling_12m_3m,round_trip_0_10pct,2,long,2022-06-23T13:00:00+00:00,2022-06-23T14:00:00+00:00,2022-06-23T20:00:00+00:00,1107.46,1147.1108333333334,take,0.03580339997230908,0.0,0.001,0.03480339997230908,0.026852549979231727,1.2960929222448778
rolling_12m_3m,round_trip_0_10pct,2,long,2022-06-28T08:00:00+00:00,2022-06-28T09:00:00+00:00,2022-06-28T14:00:00+00:00,1224.51,1198.755,stop,-0.02103290295710114,0.0,0.001,-0.02203290295710114,0.021032902957101182,-1.0475445544554436
rolling_12m_3m,round_trip_0_10pct,3,long,2022-07-13T14:00:00+00:00,2022-07-13T15:00:00+00:00,2022-07-13T23:00:00+00:00,1065.82,1101.7116666666666,take,0.03367516716393637,0.0,0.001,0.03267516716393637,0.02525637537295224,1.2937393700178024
rolling_12m_3m,round_trip_0_10pct,3,long,2022-07-19T08:00:00+00:00,2022-07-19T09:00:00+00:00,2022-07-20T09:00:00+00:00,1534.58,1549.49,time,0.009716013502065746,4.179e-05,0.001,0.008757803502065745,0.03542663139099951,0.247209603572152
rolling_12m_3m,round_trip_0_10pct,3,long,2022-07-21T16:00:00+00:00,2022-07-21T17:00:00+00:00,2022-07-22T08:00:00+00:00,1557.4,1619.5733333333333,take,0.03992123624844823,-0.0001,0.001,0.03882123624844823,0.029940927186336178,1.2965943241118019
rolling_12m_3m,round_trip_0_10pct,3,long,2022-07-24T02:00:00+00:00,2022-07-24T03:00:00+00:00,2022-07-24T06:00:00+00:00,1565.32,1612.2949999999998,take,0.030009838243937326,0.0,0.001,0.029009838243937325,0.022507378682953008,1.2889034592868538
rolling_12m_3m,round_trip_0_10pct,3,long,2022-08-05T01:00:00+00:00,2022-08-05T02:00:00+00:00,2022-08-05T11:00:00+00:00,1646.34,1688.8083333333332,take,0.025795603176338666,-0.0001,0.001,0.024695603176338666,0.019346702382253965,1.2764760985309338
rolling_12m_3m,round_trip_0_10pct,3,long,2022-09-19T16:00:00+00:00,2022-09-19T17:00:00+00:00,2022-09-20T17:00:00+00:00,1350.62,1334.69,time,-0.011794583228443067,-2.77e-06,0.001,-0.012797353228443067,0.02722638491951846,-0.4700349776980016
rolling_12m_3m,round_trip_0_10pct,3,long,2022-09-22T18:00:00+00:00,2022-09-22T19:00:00+00:00,2022-09-22T23:00:00+00:00,1302.13,1349.4825,take,0.03636541666346682,0.0,0.001,0.03536541666346682,0.027274062497600084,1.2966684617144482
rolling_12m_3m,round_trip_0_10pct,3,long,2022-09-24T03:00:00+00:00,2022-09-24T04:00:00+00:00,2022-09-25T04:00:00+00:00,1320.92,1326.92,time,0.004542288707870323,8.115e-05,0.001,0.0036234387078703236,0.023902848015019868,0.1515902500653252
rolling_12m_3m,round_trip_0_10pct,3,long,2022-09-28T15:00:00+00:00,2022-09-28T16:00:00+00:00,2022-09-29T13:00:00+00:00,1331.25,1300.189375,stop,-0.02333192488262914,-2.427000000000001e-05,0.001,-0.02435619488262914,0.02333192488262912,-1.0438999356097962
rolling_12m_3m,round_trip_0_10pct,4,long,2022-11-07T19:00:00+00:00,2022-11-07T20:00:00+00:00,2022-11-07T21:00:00+00:00,1599.9,1575.3425,stop,-0.01534939683730241,0.0,0.001,-0.01634939683730241,0.01534939683730236,-1.065149139774003
rolling_12m_3m,round_trip_0_10pct,4,long,2022-11-08T16:00:00+00:00,2022-11-08T17:00:00+00:00,2022-11-08T17:00:00+00:00,1545.29,1500.5925,stop,-0.02892499142555771,0.0,0.001,-0.029924991425557712,0.02892499142555765,-1.0345721796521081
rolling_12m_3m,round_trip_0_10pct,4,long,2022-11-10T08:00:00+00:00,2022-11-10T09:00:00+00:00,2022-11-10T13:00:00+00:00,1215.35,1310.0025,take,0.07788085736619088,0.0,0.001,0.07688085736619088,0.05841064302464313,1.3162131657026146
rolling_12m_3m,round_trip_0_10pct,4,long,2022-11-11T23:00:00+00:00,2022-11-12T00:00:00+00:00,2022-11-12T05:00:00+00:00,1288.67,1238.113125,stop,-0.039231824283951666,0.0,0.001,-0.04023182428395167,0.039231824283951694,-1.0254895105759596
rolling_12m_3m,round_trip_0_10pct,5,long,2023-02-17T19:00:00+00:00,2023-02-17T20:00:00+00:00,2023-02-17T22:00:00+00:00,1706.43,1679.486875,stop,-0.015789176819441808,0.0,0.001,-0.01678917681944181,0.015789176819441756,-1.0633345241132977
rolling_12m_3m,round_trip_0_10pct,5,long,2023-03-23T14:00:00+00:00,2023-03-23T15:00:00+00:00,2023-03-23T15:00:00+00:00,1803.89,1843.069166666667,take,0.02171926595671958,0.0,0.001,0.02071926595671958,0.016289449467539605,1.2719439044276715
rolling_12m_3m,round_trip_0_10pct,6,long,2023-04-27T15:00:00+00:00,2023-04-27T16:00:00+00:00,2023-04-28T16:00:00+00:00,1899.14,1892.42,time,-0.0035384437166295912,0.0,0.001,-0.004538443716629591,0.023817359436376466,-0.1905519261592864
rolling_12m_3m,round_trip_0_10pct,6,long,2023-06-06T14:00:00+00:00,2023-06-06T15:00:00+00:00,2023-06-06T16:00:00+00:00,1837.93,1864.595,take,0.014508169516793235,0.0,0.001,0.013508169516793234,0.01088112713759502,1.2414310894430787
rolling_12m_3m,round_trip_0_10pct,6,long,2023-06-15T18:00:00+00:00,2023-06-15T19:00:00+00:00,2023-06-16T14:00:00+00:00,1668.6,1646.27875,stop,-0.013377232410403894,0.00013204000000000002,0.001,-0.014245192410403895,0.013377232410403962,-1.0648833759758027
rolling_12m_3m,round_trip_0_10pct,7,long,2023-07-01T03:00:00+00:00,2023-07-01T04:00:00+00:00,2023-07-02T04:00:00+00:00,1919.72,1912.92,time,-0.003542183235055063,-0.00030000000000000003,0.001,-0.004842183235055063,0.016608541870689473,-0.291547763359075
rolling_12m_3m,round_trip_0_10pct,8,long,2023-10-06T14:00:00+00:00,2023-10-06T15:00:00+00:00,2023-10-06T19:00:00+00:00,1633.51,1653.2066666666667,take,0.012057879453855058,-5.905e-05,0.001,0.01099882945385506,0.009043409590391249,1.2162259537090383
rolling_12m_3m,round_trip_0_10pct,8,long,2023-11-10T14:00:00+00:00,2023-11-10T15:00:00+00:00,2023-11-11T01:00:00+00:00,2080.99,2034.0749999999998,stop,-0.022544558118972158,-0.0002626,0.001,-0.02380715811897216,0.022544558118972217,-1.0560046461472852
rolling_12m_3m,round_trip_0_10pct,8,long,2023-11-13T17:00:00+00:00,2023-11-13T18:00:00+00:00,2023-11-13T21:00:00+00:00,2081.85,2053.77,stop,-0.01348800345846235,0.0,0.001,-0.01448800345846235,0.013488003458462417,-1.0741399572649524
rolling_12m_3m,round_trip_0_10pct,8,long,2023-11-15T13:00:00+00:00,2023-11-15T14:00:00+00:00,2023-11-15T19:00:00+00:00,2014.1,2052.3266666666664,take,0.018979527663306905,-0.0001,0.001,0.017879527663306905,0.014234645747480259,1.2560570863852965
rolling_12m_3m,round_trip_0_10pct,8,long,2023-11-22T06:00:00+00:00,2023-11-22T07:00:00+00:00,2023-11-22T13:00:00+00:00,1994.63,2039.2866666666669,take,0.022388446311680132,-0.0001,0.001,0.021288446311680132,0.016791334733760155,1.2678233534870946
rolling_12m_3m,round_trip_0_10pct,8,long,2023-11-22T15:00:00+00:00,2023-11-22T16:00:00+00:00,2023-11-22T19:00:00+00:00,2033.87,2079.0533333333333,take,0.02221544805387432,-0.0001,0.001,0.02111544805387432,0.01666158604040573,1.2673132079183582
rolling_12m_3m,round_trip_0_10pct,8,long,2023-12-07T14:00:00+00:00,2023-12-07T15:00:00+00:00,2023-12-07T15:00:00+00:00,2267.52,2300.7891666666665,take,0.014672049934142395,0.0,0.001,0.013672049934142394,0.01100403745060683,1.2424575975419305
rolling_12m_3m,round_trip_0_10pct,8,long,2023-12-07T17:00:00+00:00,2023-12-07T18:00:00+00:00,2023-12-07T21:00:00+00:00,2336.97,2376.025833333333,take,0.016712167179438797,0.0,0.001,0.015712167179438796,0.012534125384579169,1.2535511411725302
rolling_12m_3m,round_trip_0_10pct,8,long,2023-12-07T22:00:00+00:00,2023-12-07T23:00:00+00:00,2023-12-08T04:00:00+00:00,2351.39,2392.1699999999996,take,0.017342933328796883,-0.00022693,0.001,0.016116003328796882,0.013007199996597737,1.2390063451790014
rolling_12m_3m,round_trip_0_10pct,8,long,2023-12-08T05:00:00+00:00,2023-12-08T06:00:00+00:00,2023-12-08T13:00:00+00:00,2377.69,2345.030625,stop,-0.01373575823593498,-0.00012399,0.001,-0.014859748235934979,0.013735758235934871,-1.0818294833596864
rolling_12m_3m,round_trip_0_10pct,8,long,2023-12-21T17:00:00+00:00,2023-12-21T18:00:00+00:00,2023-12-22T06:00:00+00:00,2234.93,2278.2891666666665,take,0.019400682198845942,-0.00044152,0.001,0.01795916219884594,0.0145505116491344,1.2342632776019473
rolling_12m_3m,round_trip_0_10pct,8,long,2023-12-22T12:00:00+00:00,2023-12-22T13:00:00+00:00,2023-12-23T13:00:00+00:00,2296.28,2296.35,time,3.0484087306215102e-05,-0.00069681,0.001,-0.0016663259126937849,0.016652204870486163,-0.10006638313987644
rolling_12m_3m,round_trip_0_10pct,9,long,2024-01-09T21:00:00+00:00,2024-01-09T22:00:00+00:00,2024-01-09T22:00:00+00:00,2317.94,2372.2183333333332,take,0.023416625681999204,0.0,0.001,0.022416625681999203,0.017562469261499403,1.2763937318962957
rolling_12m_3m,round_trip_0_10pct,9,long,2024-01-09T23:00:00+00:00,2024-01-10T00:00:00+00:00,2024-01-10T09:00:00+00:00,2344.33,2404.0533333333333,take,0.02547565118107653,-0.0002,0.001,0.02427565118107653,0.01910673838580743,1.2705282655206391
rolling_12m_3m,round_trip_0_10pct,9,long,2024-01-10T10:00:00+00:00,2024-01-10T11:00:00+00:00,2024-01-10T12:00:00+00:00,2401.19,2345.9187500000003,stop,-0.023018274272339823,0.0,0.001,-0.024018274272339823,0.023018274272339944,-1.0434437433566224
rolling_12m_3m,round_trip_0_10pct,9,long,2024-01-10T13:00:00+00:00,2024-01-10T14:00:00+00:00,2024-01-10T15:00:00+00:00,2378.62,2455.3933333333334,take,0.03227641797905245,0.0,0.001,0.03127641797905245,0.024207313484289204,1.2920235035313261
rolling_12m_3m,round_trip_0_10pct,9,long,2024-01-10T16:00:00+00:00,2024-01-10T17:00:00+00:00,2024-01-10T20:00:00+00:00,2408.55,2490.8525,take,0.03417097423761173,0.0,0.001,0.03317097423761173,0.02562823067820886,1.2943138624788602
rolling_12m_3m,round_trip_0_10pct,9,long,2024-01-12T11:00:00+00:00,2024-01-12T12:00:00+00:00,2024-01-12T14:00:00+00:00,2648.23,2715.1875,take,0.025283868848249513,0.0,0.001,0.024283868848249512,0.018962901636187142,1.280598787788273
rolling_12m_3m,round_trip_0_10pct,9,long,2024-01-12T15:00:00+00:00,2024-01-12T16:00:00+00:00,2024-01-12T17:00:00+00:00,2648.4,2598.24125,stop,-0.018939265216734613,-0.0001,0.001,-0.020039265216734613,0.01893926521673459,-1.0580803947466808
rolling_12m_3m,round_trip_0_10pct,9,long,2024-01-13T17:00:00+00:00,2024-01-13T18:00:00+00:00,2024-01-14T18:00:00+00:00,2555.76,2532.42,time,-0.009132312893229466,-0.0002,0.001,-0.010332312893229466,0.015225901493097962,-0.6786010600366222
rolling_12m_3m,round_trip_0_10pct,9,long,2024-01-19T13:00:00+00:00,2024-01-19T14:00:00+00:00,2024-01-19T15:00:00+00:00,2497.68,2469.706875,stop,-0.011199643268953619,0.0,0.001,-0.01219964326895362,0.011199643268953572,-1.0892885582143619
rolling_12m_3m,round_trip_0_10pct,9,long,2024-02-01T17:00:00+00:00,2024-02-01T18:00:00+00:00,2024-02-02T18:00:00+00:00,2304.04,2293.62,time,-0.004522490928976941,-0.00023678000000000002,0.001,-0.005759270928976941,0.01198709657818441,-0.48045587114550903
rolling_12m_3m,round_trip_0_10pct,9,long,2024-03-01T14:00:00+00:00,2024-03-01T15:00:00+00:00,2024-03-02T15:00:00+00:00,3419.57,3421.37,time,0.0005263819720022767,-0.00101302,0.001,-0.0014866380279977233,0.01892946335357955,-0.07853566687175
rolling_12m_3m,round_trip_0_10pct,9,long,2024-03-06T04:00:00+00:00,2024-03-06T05:00:00+00:00,2024-03-06T08:00:00+00:00,3652.93,3832.170833333333,take,0.04906768904231207,0.0,0.001,0.04806768904231207,0.0368007667817341,1.3061599864862123
rolling_12m_3m,round_trip_0_10pct,9,long,2024-03-06T12:00:00+00:00,2024-03-06T13:00:00+00:00,2024-03-07T13:00:00+00:00,3821.53,3810.23,time,-0.0029569308627697133,-0.00115379,0.001,-0.005110720862769713,0.03978200485146,-0.12846815744586965
rolling_12m_3m,round_trip_0_10pct,9,long,2024-03-15T23:00:00+00:00,2024-03-16T00:00:00+00:00,2024-03-16T18:00:00+00:00,3745.01,3629.549375,stop,-0.0308305251521358,-0.0007526,0.001,-0.0325831251521358,0.030830525152135763,-1.0568462584192675
rolling_12m_3m,round_trip_0_10pct,9,long,2024-03-17T10:00:00+00:00,2024-03-17T11:00:00+00:00,2024-03-18T11:00:00+00:00,3598.74,3600.76,time,0.000561307568760272,-0.00074073,0.001,-0.001179422431239728,0.022342542111961402,-0.052788193274045894
rolling_12m_3m,round_trip_0_10pct,9,long,2024-03-20T17:00:00+00:00,2024-03-20T18:00:00+00:00,2024-03-20T20:00:00+00:00,3301.75,3454.423333333333,take,0.046240125186138625,0.0,0.001,0.045240125186138624,0.034680093889604,1.3044983479615144
rolling_12m_3m,round_trip_0_10pct,9,long,2024-03-22T03:00:00+00:00,2024-03-22T04:00:00+00:00,2024-03-22T10:00:00+00:00,3524.94,3450.5212500000002,stop,-0.02111206148189748,-0.00023317,0.001,-0.022345231481897484,0.02111206148189757,-1.0584106862826868
rolling_12m_3m,round_trip_0_10pct,9,long,2024-03-23T07:00:00+00:00,2024-03-23T08:00:00+00:00,2024-03-24T08:00:00+00:00,3367.61,3379.66,time,0.003578205314748395,-0.00057039,0.001,0.002007815314748395,0.021777499472919928,0.09219677939816233
rolling_12m_3m,round_trip_0_10pct,10,long,2024-04-05T18:00:00+00:00,2024-04-05T19:00:00+00:00,2024-04-06T19:00:00+00:00,3329.19,3350.79,time,0.006488064664377902,-0.00036732,0.001,0.005120744664377902,0.017719024747761453,0.2889969813392148
rolling_12m_3m,round_trip_0_10pct,10,long,2024-04-13T15:00:00+00:00,2024-04-13T16:00:00+00:00,2024-04-13T17:00:00+00:00,3273.12,3195.726875,stop,-0.02364506189812776,0.0,0.001,-0.024645061898127762,0.023645061898127796,-1.0422921286612976
rolling_12m_3m,round_trip_0_10pct,10,long,2024-04-14T05:00:00+00:00,2024-04-14T06:00:00+00:00,2024-04-15T06:00:00+00:00,3072.18,3218.523333333333,take,0.04763501270541881,-0.00030000000000000003,0.001,0.04633501270541881,0.03572625952906405,1.296945532955229
rolling_12m_3m,round_trip_0_10pct,10,long,2024-04-18T03:00:00+00:00,2024-04-18T04:00:00+00:00,2024-04-18T06:00:00+00:00,3023.94,2961.4750000000004,stop,-0.020656825201558093,0.0,0.001,-0.021656825201558094,0.020656825201558204,-1.0484101496838176
rolling_12m_3m,round_trip_0_10pct,10,long,2024-04-18T10:00:00+00:00,2024-04-18T11:00:00+00:00,2024-04-19T01:00:00+00:00,3010.06,2945.500625,stop,-0.021447869809904097,-6.353e-05,0.001,-0.022511399809904097,0.02144786980990411,-1.0495867426194871
rolling_12m_3m,round_trip_0_10pct,10,long,2024-04-27T13:00:00+00:00,2024-04-27T14:00:00+00:00,2024-04-27T17:00:00+00:00,3149.61,3197.266666666667,take,0.015130973887772292,-2.355e-05,0.001,0.01410742388777229,0.011348230415829254,1.2431386542957688
rolling_12m_3m,round_trip_0_10pct,10,long,2024-04-27T18:00:00+00:00,2024-04-27T19:00:00+00:00,2024-04-28T02:00:00+00:00,3255.18,3310.115,take,0.01687617889026094,-9.322e-05,0.001,0.015782958890260938,0.012657134167695792,1.2469614907411697
rolling_12m_3m,round_trip_0_10pct,10,long,2024-05-01T18:00:00+00:00,2024-05-01T19:00:00+00:00,2024-05-01T19:00:00+00:00,2988.2,2921.6706249999997,stop,-0.02226403018539591,0.0,0.001,-0.023264030185395912,0.02226403018539587,-1.0449154978533939
rolling_12m_3m,round_trip_0_10pct,10,long,2024-05-01T21:00:00+00:00,2024-05-01T22:00:00+00:00,2024-05-02T01:00:00+00:00,2966.4,2898.63625,stop,-0.022843766855447756,8.6e-07,0.001,-0.02384290685544776,0.022843766855447655,-1.0437379704635636
rolling_12m_3m,round_trip_0_10pct,10,long,2024-05-07T08:00:00+00:00,2024-05-07T09:00:00+00:00,2024-05-07T11:00:00+00:00,3118.05,3070.1843750000003,stop,-0.01535114093744483,0.0,0.001,-0.01635114093744483,0.015351140937444902,-1.0651417379382337
rolling_12m_3m,round_trip_0_10pct,10,long,2024-05-09T17:00:00+00:00,2024-05-09T18:00:00+00:00,2024-05-09T22:00:00+00:00,3002.75,3054.7166666666667,take,0.017306358060666716,0.0,0.001,0.016306358060666715,0.012979768545499946,1.2562903570665047
rolling_12m_3m,round_trip_0_10pct,10,long,2024-05-21T23:00:00+00:00,2024-05-22T00:00:00+00:00,2024-05-22T11:00:00+00:00,3792.33,3715.689375,stop,-0.020209376557419834,-0.00027641000000000005,0.001,-0.021485786557419836,0.020209376557419844,-1.0631592961996326
rolling_12m_3m,round_trip_0_10pct,10,long,2024-05-23T21:00:00+00:00,2024-05-23T22:00:00+00:00,2024-05-24T05:00:00+00:00,3844.36,3731.1018750000003,stop,-0.029460853041858637,-0.0001,0.001,-0.030560853041858637,0.02946085304185873,-1.0373376832787904
rolling_12m_3m,round_trip_0_10pct,10,long,2024-05-27T06:00:00+00:00,2024-05-27T07:00:00+00:00,2024-05-27T15:00:00+00:00,3896.29,3963.205,take,0.017174029653850287,-0.0001,0.001,0.016074029653850287,0.012880522240387658,1.247933069316801
rolling_12m_3m,round_trip_0_10pct,10,long,2024-06-14T07:00:00+00:00,2024-06-14T08:00:00+00:00,2024-06-14T14:00:00+00:00,3515.84,3472.2268750000003,stop,-0.012404752491580906,-0.0001,0.001,-0.013504752491580906,0.012404752491580918,-1.0886756910906974
rolling_12m_3m,round_trip_0_10pct,10,long,2024-06-14T21:00:00+00:00,2024-06-14T22:00:00+00:00,2024-06-15T12:00:00+00:00,3503.04,3561.4816666666666,take,0.016683128558813598,-0.0002,0.001,0.015483128558813598,0.012512346419110245,1.237428060269019
rolling_12m_3m,round_trip_0_10pct,10,long,2024-06-15T13:00:00+00:00,2024-06-15T14:00:00+00:00,2024-06-16T14:00:00+00:00,3568.2,3578.26,time,0.0028193486912169163,-0.0002,0.001,0.0016193486912169162,0.0131964295723334,0.12271112290948119
rolling_12m_3m,round_trip_0_10pct,10,long,2024-06-18T20:00:00+00:00,2024-06-18T21:00:00+00:00,2024-06-19T01:00:00+00:00,3460.67,3537.576666666667,take,0.022223056999559843,0.0,0.001,0.02122305699955984,0.01666729274966984,1.2733355871474836
rolling_12m_3m,round_trip_0_10pct,10,long,2024-06-21T18:00:00+00:00,2024-06-21T19:00:00+00:00,2024-06-22T08:00:00+00:00,3521.93,3473.99375,stop,-0.013610790106560855,-0.00010401,0.001,-0.014714800106560854,0.013610790106560876,-1.0811128517416346
rolling_12m_3m,round_trip_0_10pct,10,long,2024-06-24T21:00:00+00:00,2024-06-24T22:00:00+00:00,2024-06-25T22:00:00+00:00,3351.21,3401.76,time,0.015084103950513406,-0.00030000000000000003,0.001,0.013784103950513407,0.01905356572700609,0.7234395990759951
rolling_12m_3m,round_trip_0_10pct,10,long,2024-06-26T19:00:00+00:00,2024-06-26T20:00:00+00:00,2024-06-26T23:00:00+00:00,3407.32,3374.6218750000003,stop,-0.009596435028115913,0.0,0.001,-0.010596435028115914,0.009596435028115947,-1.1042053634573812
rolling_12m_3m,round_trip_0_10pct,11,long,2024-07-05T15:00:00+00:00,2024-07-05T16:00:00+00:00,2024-07-06T16:00:00+00:00,2989.97,3049.64,time,0.019956721973799052,-0.00026374,0.001,0.018692981973799053,0.02907596062836749,0.6429016125287206
rolling_12m_3m,round_trip_0_10pct,11,long,2024-07-08T10:00:00+00:00,2024-07-08T11:00:00+00:00,2024-07-08T14:00:00+00:00,3013.07,2953.0150000000003,stop,-0.01993149843846964,0.0,0.001,-0.020931498438469642,0.019931498438469707,-1.0501718424777255
rolling_12m_3m,round_trip_0_10pct,11,long,2024-07-08T18:00:00+00:00,2024-07-08T19:00:00+00:00,2024-07-09T08:00:00+00:00,2990.16,3092.975,take,0.03438444765497506,-5.681e-05,0.001,0.03332763765497506,0.025788335741231235,1.2923531781730973
rolling_12m_3m,round_trip_0_10pct,11,long,2024-07-23T11:00:00+00:00,2024-07-23T12:00:00+00:00,2024-07-23T13:00:00+00:00,3514.54,3466.73375,stop,-0.013602420231381696,0.0,0.001,-0.014602420231381696,0.013602420231381633,-1.0735163289318912
rolling_12m_3m,round_trip_0_10pct,11,long,2024-07-30T12:00:00+00:00,2024-07-30T13:00:00+00:00,2024-07-30T14:00:00+00:00,3353.0,3309.2712500000002,stop,-0.01304167909334919,0.0,0.001,-0.01404167909334919,0.013041679093349228,-1.0766772432324243
rolling_12m_3m,round_trip_0_10pct,11,long,2024-08-05T15:00:00+00:00,2024-08-05T16:00:00+00:00,2024-08-06T16:00:00+00:00,2448.96,2529.46,time,0.03287109630210372,0.00019819,0.001,0.03206928630210372,0.06557783712269695,0.4890262885935333
rolling_12m_3m,round_trip_0_10pct,11,long,2024-08-12T10:00:00+00:00,2024-08-12T11:00:00+00:00,2024-08-12T14:00:00+00:00,2639.81,2713.01,take,0.027729268394316442,0.0,0.001,0.02672926839431644,0.020796951295737207,1.2852493624772394
rolling_12m_3m,round_trip_0_10pct,11,long,2024-08-12T17:00:00+00:00,2024-08-12T18:00:00+00:00,2024-08-12T23:00:00+00:00,2654.13,2744.9875,take,0.03423249803136996,0.0,0.001,0.03323249803136996,0.025674373523527493,1.2943839895807527
rolling_12m_3m,round_trip_0_10pct,11,long,2024-08-28T09:00:00+00:00,2024-08-28T10:00:00+00:00,2024-08-28T13:00:00+00:00,2539.54,2483.158125,stop,-0.022201609346574558,0.0,0.001,-0.02320160934657456,0.02220160934657457,-1.0450417798272933
rolling_12m_3m,round_trip_0_10pct,11,long,2024-08-28T16:00:00+00:00,2024-08-28T17:00:00+00:00,2024-08-29T15:00:00+00:00,2513.35,2593.3508333333334,take,0.03183035921512456,-1.16e-05,0.001,0.030818759215124558,0.02387276941134342,1.290958693735829
rolling_12m_3m,round_trip_0_10pct,11,long,2024-08-31T09:00:00+00:00,2024-08-31T10:00:00+00:00,2024-09-01T02:00:00+00:00,2513.06,2480.8312499999997,stop,-0.012824504786992819,-0.0001231,0.001,-0.013947604786992817,0.01282450478699278,-1.0875745316216139
rolling_12m_3m,round_trip_0_10pct,11,long,2024-09-07T07:00:00+00:00,2024-09-07T08:00:00+00:00,2024-09-08T08:00:00+00:00,2287.03,2295.4,time,0.003659768345845915,-0.00010567,0.001,0.002554098345845915,0.021607445026956308,0.11820455137845112
rolling_12m_3m,round_trip_0_10pct,11,long,2024-09-20T16:00:00+00:00,2024-09-20T17:00:00+00:00,2024-09-21T17:00:00+00:00,2546.1,2568.59,time,0.008833117316680461,-0.00011200999999999999,0.001,0.007721107316680462,0.014610335414948331,0.5284688610762991
rolling_12m_3m,round_trip_0_10pct,12,long,2024-10-08T21:00:00+00:00,2024-10-08T22:00:00+00:00,2024-10-09T18:00:00+00:00,2455.39,2420.2687499999997,stop,-0.014303735862734701,-0.0002364,0.001,-0.0155401358627347,0.014303735862734616,-1.086438956358336
rolling_12m_3m,round_trip_0_10pct,12,long,2024-11-23T16:00:00+00:00,2024-11-23T17:00:00+00:00,2024-11-24T11:00:00+00:00,3416.36,3358.301875,stop,-0.016994147279560723,-0.00023721,0.001,-0.018231357279560725,0.016994147279560674,-1.0728021229690106
rolling_12m_3m,round_trip_0_10pct,12,long,2024-11-25T20:00:00+00:00,2024-11-25T21:00:00+00:00,2024-11-25T21:00:00+00:00,3504.59,3428.0281250000003,stop,-0.021846171734782094,0.0,0.001,-0.022846171734782095,0.021846171734782094,-1.045774610404983
rolling_12m_3m,round_trip_0_10pct,12,long,2024-11-27T04:00:00+00:00,2024-11-27T05:00:00+00:00,2024-11-27T13:00:00+00:00,3403.71,3490.8166666666666,take,0.025591682801022086,-0.00020895,0.001,0.024382732801022086,0.019193762100766495,1.270346723743563
rolling_12m_3m,round_trip_0_10pct,12,long,2024-11-30T23:00:00+00:00,2024-12-01T00:00:00+00:00,2024-12-02T00:00:00+00:00,3705.74,3705.08,time,-0.0001781020794766608,-0.00040664,0.001,-0.0015847420794766608,0.01414343019208039,-0.11204793023718085
rolling_12m_3m,round_trip_0_10pct,12,long,2024-12-06T03:00:00+00:00,2024-12-06T04:00:00+00:00,2024-12-06T15:00:00+00:00,3909.83,4024.1191666666664,take,0.0292312368227432,-0.0002554,0.001,0.0279758368227432,0.021923427617057515,1.2760703896947487
rolling_12m_3m,round_trip_0_10pct,12,long,2024-12-06T16:00:00+00:00,2024-12-06T17:00:00+00:00,2024-12-07T17:00:00+00:00,4006.72,3995.06,time,-0.002910111013497252,-0.00077988,0.001,-0.004689991013497252,0.021671872504192956,-0.21640912720346883
rolling_12m_3m,round_trip_0_10pct,12,long,2024-12-20T16:00:00+00:00,2024-12-20T17:00:00+00:00,2024-12-21T17:00:00+00:00,3382.18,3381.29,time,-0.00026314388944403966,-0.00016352,0.001,-0.0014266638894440396,0.0414213244120656,-0.03444273957180537
rolling_12m_3m,round_trip_0_10pct,12,long,2024-12-23T03:00:00+00:00,2024-12-23T04:00:00+00:00,2024-12-23T06:00:00+00:00,3349.68,3278.21625,stop,-0.021334500609013318,0.0,0.001,-0.02233450060901332,0.021334500609013367,-1.0468724353256
rolling_12m_3m,round_trip_0_10pct,12,long,2024-12-23T11:00:00+00:00,2024-12-23T12:00:00+00:00,2024-12-23T21:00:00+00:00,3338.11,3432.909166666667,take,0.028399054155395342,0.0,0.001,0.02739905415539534,0.021299290616546458,1.2863834128874814
rolling_12m_3m,round_trip_0_10pct,12,long,2024-12-24T03:00:00+00:00,2024-12-24T04:00:00+00:00,2024-12-24T15:00:00+00:00,3395.66,3489.7949999999996,take,0.02772215121655286,-8.121e-05,0.001,0.026640941216552857,0.02079161341241465,1.2813311159703258
rolling_12m_3m,round_trip_0_12pct,1,long,2022-02-21T01:00:00+00:00,2022-02-21T02:00:00+00:00,2022-02-21T11:00:00+00:00,2712.35,2651.429375,stop,-0.02246045864287416,0.0,0.0012,-0.02366045864287416,0.022460458642874208,-1.0534272260010444
rolling_12m_3m,round_trip_0_12pct,1,long,2022-02-24T18:00:00+00:00,2022-02-24T19:00:00+00:00,2022-02-24T20:00:00+00:00,2524.3,2644.191666666667,take,0.04749501511970333,0.0,0.0012,0.04629501511970333,0.03562126133977737,1.2996455874516395
rolling_12m_3m,round_trip_0_12pct,2,long,2022-04-01T14:00:00+00:00,2022-04-01T15:00:00+00:00,2022-04-02T00:00:00+00:00,3420.51,3492.1725,take,0.020950823122867668,-0.0001,0.0012,0.01965082312286767,0.01571311734215072,1.2505999092970548
rolling_12m_3m,round_trip_0_12pct,2,long,2022-05-10T05:00:00+00:00,2022-05-10T06:00:00+00:00,2022-05-10T21:00:00+00:00,2403.27,2310.66125,stop,-0.038534475943194035,0.0,0.0012,-0.039734475943194035,0.038534475943194056,-1.0311409451050786
rolling_12m_3m,round_trip_0_12pct,2,long,2022-05-12T16:00:00+00:00,2022-05-12T17:00:00+00:00,2022-05-12T21:00:00+00:00,2024.63,1879.611875,stop,-0.0716269762870253,0.0,0.0012,-0.07282697628702531,0.07162697628702527,-1.0167534644376355
rolling_12m_3m,round_trip_0_12pct,2,long,2022-06-07T18:00:00+00:00,2022-06-07T19:00:00+00:00,2022-06-07T19:00:00+00:00,1806.52,1853.7583333333332,take,0.026148801747743367,0.0,0.0012,0.024948801747743367,0.019611601310807514,1.272145061096803
rolling_12m_3m,round_trip_0_12pct,2,long,2022-06-12T15:00:00+00:00,2022-06-12T16:00:00+00:00,2022-06-12T19:00:00+00:00,1525.2,1475.868125,stop,-0.0323445285864149,0.0,0.0012,-0.0335445285864149,0.032344528586414914,-1.0371005561819813
rolling_12m_3m,round_trip_0_12pct,2,long,2022-06-14T06:00:00+00:00,2022-06-14T07:00:00+00:00,2022-06-15T04:00:00+00:00,1233.6,1146.639375,stop,-0.07049337305447467,5.37e-05,0.0012,-0.07163967305447468,0.07049337305447471,-1.0162611029992017
rolling_12m_3m,round_trip_0_12pct,2,long,2022-06-15T18:00:00+00:00,2022-06-15T19:00:00+00:00,2022-06-16T13:00:00+00:00,1171.49,1091.98875,stop,-0.06786336204320997,0.0,0.0012,-0.06906336204320998,0.06786336204320992,-1.0176825898963862
rolling_12m_3m,round_trip_0_12pct,2,long,2022-06-18T23:00:00+00:00,2022-06-19T00:00:00+00:00,2022-06-19T02:00:00+00:00,994.09,950.585625,stop,-0.04376301441519381,0.0,0.0012,-0.04496301441519381,0.043763014415193785,-1.0274204146134733
rolling_12m_3m,round_trip_0_12pct,2,long,2022-06-23T13:00:00+00:00,2022-06-23T14:00:00+00:00,2022-06-23T20:00:00+00:00,1107.46,1147.1108333333334,take,0.03580339997230908,0.0,0.0012,0.03460339997230908,0.026852549979231727,1.2886448400271857
rolling_12m_3m,round_trip_0_12pct,2,long,2022-06-28T08:00:00+00:00,2022-06-28T09:00:00+00:00,2022-06-28T14:00:00+00:00,1224.51,1198.755,stop,-0.02103290295710114,0.0,0.0012,-0.02223290295710114,0.021032902957101182,-1.0570534653465327
rolling_12m_3m,round_trip_0_12pct,3,long,2022-07-13T14:00:00+00:00,2022-07-13T15:00:00+00:00,2022-07-13T23:00:00+00:00,1065.82,1101.7116666666666,take,0.03367516716393637,0.0,0.0012,0.03247516716393637,0.02525637537295224,1.2858205773546958
rolling_12m_3m,round_trip_0_12pct,3,long,2022-07-19T08:00:00+00:00,2022-07-19T09:00:00+00:00,2022-07-20T09:00:00+00:00,1534.58,1549.49,time,0.009716013502065746,4.179e-05,0.0012,0.008557803502065746,0.03542663139099951,0.24156413314080832
rolling_12m_3m,round_trip_0_12pct,3,long,2022-07-21T16:00:00+00:00,2022-07-21T17:00:00+00:00,2022-07-22T08:00:00+00:00,1557.4,1619.5733333333333,take,0.03992123624844823,-0.0001,0.0012,0.03862123624844823,0.029940927186336178,1.2899145042533415
rolling_12m_3m,round_trip_0_12pct,3,long,2022-07-24T02:00:00+00:00,2022-07-24T03:00:00+00:00,2022-07-24T06:00:00+00:00,1565.32,1612.2949999999998,take,0.030009838243937326,0.0,0.0012,0.028809838243937326,0.022507378682953008,1.2800174844775583
rolling_12m_3m,round_trip_0_12pct,3,long,2022-08-05T01:00:00+00:00,2022-08-05T02:00:00+00:00,2022-08-05T11:00:00+00:00,1646.34,1688.8083333333332,take,0.025795603176338666,-0.0001,0.0012,0.024495603176338667,0.019346702382253965,1.2661384194759517
rolling_12m_3m,round_trip_0_12pct,3,long,2022-09-19T16:00:00+00:00,2022-09-19T17:00:00+00:00,2022-09-20T17:00:00+00:00,1350.62,1334.69,time,-0.011794583228443067,-2.77e-06,0.0012,-0.012997353228443066,0.02722638491951846,-0.47738079318511834
rolling_12m_3m,round_trip_0_12pct,3,long,2022-09-22T18:00:00+00:00,2022-09-22T19:00:00+00:00,2022-09-22T23:00:00+00:00,1302.13,1349.4825,take,0.03636541666346682,0.0,0.0012,0.03516541666346682,0.027274062497600084,1.2893354873906708
rolling_12m_3m,round_trip_0_12pct,3,long,2022-09-24T03:00:00+00:00,2022-09-24T04:00:00+00:00,2022-09-25T04:00:00+00:00,1320.92,1326.92,time,0.004542288707870323,8.115e-05,0.0012,0.003423438707870324,0.023902848015019868,0.1432230462963716
rolling_12m_3m,round_trip_0_12pct,3,long,2022-09-28T15:00:00+00:00,2022-09-28T16:00:00+00:00,2022-09-29T13:00:00+00:00,1331.25,1300.189375,stop,-0.02333192488262914,-2.427000000000001e-05,0.0012,-0.02455619488262914,0.02333192488262912,-1.052471881602512
rolling_12m_3m,round_trip_0_12pct,4,long,2022-11-07T19:00:00+00:00,2022-11-07T20:00:00+00:00,2022-11-07T21:00:00+00:00,1599.9,1575.3425,stop,-0.01534939683730241,0.0,0.0012,-0.01654939683730241,0.01534939683730236,-1.0781789677288027
rolling_12m_3m,round_trip_0_12pct,4,long,2022-11-08T16:00:00+00:00,2022-11-08T17:00:00+00:00,2022-11-08T17:00:00+00:00,1545.29,1500.5925,stop,-0.02892499142555771,0.0,0.0012,-0.03012499142555771,0.02892499142555765,-1.041486615582529
rolling_12m_3m,round_trip_0_12pct,4,long,2022-11-10T08:00:00+00:00,2022-11-10T09:00:00+00:00,2022-11-10T13:00:00+00:00,1215.35,1310.0025,take,0.07788085736619088,0.0,0.0012,0.07668085736619087,0.05841064302464313,1.3127891321764706
rolling_12m_3m,round_trip_0_12pct,4,long,2022-11-11T23:00:00+00:00,2022-11-12T00:00:00+00:00,2022-11-12T05:00:00+00:00,1288.67,1238.113125,stop,-0.039231824283951666,0.0,0.0012,-0.040431824283951666,0.039231824283951694,-1.0305874126911516
rolling_12m_3m,round_trip_0_12pct,5,long,2023-02-17T19:00:00+00:00,2023-02-17T20:00:00+00:00,2023-02-17T22:00:00+00:00,1706.43,1679.486875,stop,-0.015789176819441808,0.0,0.0012,-0.016989176819441808,0.015789176819441756,-1.0760014289359563
rolling_12m_3m,round_trip_0_12pct,5,long,2023-03-23T14:00:00+00:00,2023-03-23T15:00:00+00:00,2023-03-23T15:00:00+00:00,1803.89,1843.069166666667,take,0.02171926595671958,0.0,0.0012,0.02051926595671958,0.016289449467539605,1.2596660186465378
rolling_12m_3m,round_trip_0_12pct,6,long,2023-04-27T15:00:00+00:00,2023-04-27T16:00:00+00:00,2023-04-28T16:00:00+00:00,1899.14,1892.42,time,-0.0035384437166295912,0.0,0.0012,-0.004738443716629591,0.023817359436376466,-0.19894916265959037
rolling_12m_3m,round_trip_0_12pct,6,long,2023-06-06T14:00:00+00:00,2023-06-06T15:00:00+00:00,2023-06-06T16:00:00+00:00,1837.93,1864.595,take,0.014508169516793235,0.0,0.0012,0.013308169516793235,0.01088112713759502,1.22305064066503
rolling_12m_3m,round_trip_0_12pct,6,long,2023-06-15T18:00:00+00:00,2023-06-15T19:00:00+00:00,2023-06-16T14:00:00+00:00,1668.6,1646.27875,stop,-0.013377232410403894,0.00013204000000000002,0.0012,-0.014445192410403894,0.013377232410403962,-1.0798341515820074
rolling_12m_3m,round_trip_0_12pct,7,long,2023-07-01T03:00:00+00:00,2023-07-01T04:00:00+00:00,2023-07-02T04:00:00+00:00,1919.72,1912.92,time,-0.003542183235055063,-0.00030000000000000003,0.0012,-0.005042183235055063,0.016608541870689473,-0.3035897596738121
rolling_12m_3m,round_trip_0_12pct,8,long,2023-10-06T14:00:00+00:00,2023-10-06T15:00:00+00:00,2023-10-06T19:00:00+00:00,1633.51,1653.2066666666667,take,0.012057879453855058,-5.905e-05,0.0012,0.010798829453855059,0.009043409590391249,1.194110401162076
rolling_12m_3m,round_trip_0_12pct,8,long,2023-11-10T14:00:00+00:00,2023-11-10T15:00:00+00:00,2023-11-11T01:00:00+00:00,2080.99,2034.0749999999998,stop,-0.022544558118972158,-0.0002626,0.0012,-0.02400715811897216,0.022544558118972217,-1.0648759666204812
rolling_12m_3m,round_trip_0_12pct,8,long,2023-11-13T17:00:00+00:00,2023-11-13T18:00:00+00:00,2023-11-13T21:00:00+00:00,2081.85,2053.77,stop,-0.01348800345846235,0.0,0.0012,-0.01468800345846235,0.013488003458462417,-1.0889679487179438
rolling_12m_3m,round_trip_0_12pct,8,long,2023-11-15T13:00:00+00:00,2023-11-15T14:00:00+00:00,2023-11-15T19:00:00+00:00,2014.1,2052.3266666666664,take,0.018979527663306905,-0.0001,0.0012,0.017679527663306906,0.014234645747480259,1.2420068596674732
rolling_12m_3m,round_trip_0_12pct,8,long,2023-11-22T06:00:00+00:00,2023-11-22T07:00:00+00:00,2023-11-22T13:00:00+00:00,1994.63,2039.2866666666669,take,0.022388446311680132,-0.0001,0.0012,0.021088446311680133,0.016791334733760155,1.2559124480605068
rolling_12m_3m,round_trip_0_12pct,8,long,2023-11-22T15:00:00+00:00,2023-11-22T16:00:00+00:00,2023-11-22T19:00:00+00:00,2033.87,2079.0533333333333,take,0.02221544805387432,-0.0001,0.0012,0.02091544805387432,0.01666158604040573,1.255309548751999
rolling_12m_3m,round_trip_0_12pct,8,long,2023-12-07T14:00:00+00:00,2023-12-07T15:00:00+00:00,2023-12-07T15:00:00+00:00,2267.52,2300.7891666666665,take,0.014672049934142395,0.0,0.0012,0.013472049934142395,0.01100403745060683,1.2242824503836511
rolling_12m_3m,round_trip_0_12pct,8,long,2023-12-07T17:00:00+00:00,2023-12-07T18:00:00+00:00,2023-12-07T21:00:00+00:00,2336.97,2376.025833333333,take,0.016712167179438797,0.0,0.0012,0.015512167179438797,0.012534125384579169,1.237594702740371
rolling_12m_3m,round_trip_0_12pct,8,long,2023-12-07T22:00:00+00:00,2023-12-07T23:00:00+00:00,2023-12-08T04:00:00+00:00,2351.39,2392.1699999999996,take,0.017342933328796883,-0.00022693,0.0012,0.015916003328796884,0.013007199996597737,1.2236302457838732
rolling_12m_3m,round_trip_0_12pct,8,long,2023-12-08T05:00:00+00:00,2023-12-08T06:00:00+00:00,2023-12-08T13:00:00+00:00,2377.69,2345.030625,stop,-0.01373575823593498,-0.00012399,0.0012,-0.01505974823593498,0.013735758235934871,-1.0963900191935778
rolling_12m_3m,round_trip_0_12pct,8,long,2023-12-21T17:00:00+00:00,2023-12-21T18:00:00+00:00,2023-12-22T06:00:00+00:00,2234.93,2278.2891666666665,take,0.019400682198845942,-0.00044152,0.0012,0.01775916219884594,0.0145505116491344,1.2205180564837679
rolling_12m_3m,round_trip_0_12pct,8,long,2023-12-22T12:00:00+00:00,2023-12-22T13:00:00+00:00,2023-12-23T13:00:00+00:00,2296.28,2296.35,time,3.0484087306215102e-05,-0.00069681,0.0012,-0.0018663259126937848,0.016652204870486163,-0.11207680467597425
rolling_12m_3m,round_trip_0_12pct,9,long,2024-01-09T21:00:00+00:00,2024-01-09T22:00:00+00:00,2024-01-09T22:00:00+00:00,2317.94,2372.2183333333332,take,0.023416625681999204,0.0,0.0012,0.022216625681999204,0.017562469261499403,1.2650058116088883
rolling_12m_3m,round_trip_0_12pct,9,long,2024-01-09T23:00:00+00:00,2024-01-10T00:00:00+00:00,2024-01-10T09:00:00+00:00,2344.33,2404.0533333333333,take,0.02547565118107653,-0.0002,0.0012,0.024075651181076532,0.01910673838580743,1.260060754218524
rolling_12m_3m,round_trip_0_12pct,9,long,2024-01-10T10:00:00+00:00,2024-01-10T11:00:00+00:00,2024-01-10T12:00:00+00:00,2401.19,2345.9187500000003,stop,-0.023018274272339823,0.0,0.0012,-0.024218274272339822,0.023018274272339944,-1.0521324920279478
rolling_12m_3m,round_trip_0_12pct,9,long,2024-01-10T13:00:00+00:00,2024-01-10T14:00:00+00:00,2024-01-10T15:00:00+00:00,2378.62,2455.3933333333334,take,0.03227641797905245,0.0,0.0012,0.031076417979052452,0.024207313484289204,1.2837615375709233
rolling_12m_3m,round_trip_0_12pct,9,long,2024-01-10T16:00:00+00:00,2024-01-10T17:00:00+00:00,2024-01-10T20:00:00+00:00,2408.55,2490.8525,take,0.03417097423761173,0.0,0.0012,0.03297097423761173,0.02562823067820886,1.2865099683079664
rolling_12m_3m,round_trip_0_12pct,9,long,2024-01-12T11:00:00+00:00,2024-01-12T12:00:00+00:00,2024-01-12T14:00:00+00:00,2648.23,2715.1875,take,0.025283868848249513,0.0,0.0012,0.024083868848249514,0.018962901636187142,1.2700518786792612
rolling_12m_3m,round_trip_0_12pct,9,long,2024-01-12T15:00:00+00:00,2024-01-12T16:00:00+00:00,2024-01-12T17:00:00+00:00,2648.4,2598.24125,stop,-0.018939265216734613,-0.0001,0.0012,-0.020239265216734612,0.01893926521673459,-1.0686404665188043
rolling_12m_3m,round_trip_0_12pct,9,long,2024-01-13T17:00:00+00:00,2024-01-13T18:00:00+00:00,2024-01-14T18:00:00+00:00,2555.76,2532.42,time,-0.009132312893229466,-0.0002,0.0012,-0.010532312893229466,0.015225901493097962,-0.6917365712633737
rolling_12m_3m,round_trip_0_12pct,9,long,2024-01-19T13:00:00+00:00,2024-01-19T14:00:00+00:00,2024-01-19T15:00:00+00:00,2497.68,2469.706875,stop,-0.011199643268953619,0.0,0.0012,-0.012399643268953618,0.011199643268953572,-1.1071462698572334
rolling_12m_3m,round_trip_0_12pct,9,long,2024-02-01T17:00:00+00:00,2024-02-01T18:00:00+00:00,2024-02-02T18:00:00+00:00,2304.04,2293.62,time,-0.004522490928976941,-0.00023678000000000002,0.0012,-0.0059592709289769405,0.01198709657818441,-0.4971404785227437
rolling_12m_3m,round_trip_0_12pct,9,long,2024-03-01T14:00:00+00:00,2024-03-01T15:00:00+00:00,2024-03-02T15:00:00+00:00,3419.57,3421.37,time,0.0005263819720022767,-0.00101302,0.0012,-0.0016866380279977231,0.01892946335357955,-0.0891012067533748
rolling_12m_3m,round_trip_0_12pct,9,long,2024-03-06T04:00:00+00:00,2024-03-06T05:00:00+00:00,2024-03-06T08:00:00+00:00,3652.93,3832.170833333333,take,0.04906768904231207,0.0,0.0012,0.04786768904231207,0.0368007667817341,1.3007253171167887
rolling_12m_3m,round_trip_0_12pct,9,long,2024-03-06T12:00:00+00:00,2024-03-06T13:00:00+00:00,2024-03-07T13:00:00+00:00,3821.53,3810.23,time,-0.0029569308627697133,-0.00115379,0.0012,-0.005310720862769713,0.03978200485146,-0.13349555615910114
rolling_12m_3m,round_trip_0_12pct,9,long,2024-03-15T23:00:00+00:00,2024-03-16T00:00:00+00:00,2024-03-16T18:00:00+00:00,3745.01,3629.549375,stop,-0.0308305251521358,-0.0007526,0.0012,-0.0327831251521358,0.030830525152135763,-1.0633333357237598
rolling_12m_3m,round_trip_0_12pct,9,long,2024-03-17T10:00:00+00:00,2024-03-17T11:00:00+00:00,2024-03-18T11:00:00+00:00,3598.74,3600.76,time,0.000561307568760272,-0.00074073,0.0012,-0.001379422431239728,0.022342542111961402,-0.061739726138917476
rolling_12m_3m,round_trip_0_12pct,9,long,2024-03-20T17:00:00+00:00,2024-03-20T18:00:00+00:00,2024-03-20T20:00:00+00:00,3301.75,3454.423333333333,take,0.046240125186138625,0.0,0.0012,0.045040125186138626,0.034680093889604,1.298731350887151
rolling_12m_3m,round_trip_0_12pct,9,long,2024-03-22T03:00:00+00:00,2024-03-22T04:00:00+00:00,2024-03-22T10:00:00+00:00,3524.94,3450.5212500000002,stop,-0.02111206148189748,-0.00023317,0.0012,-0.022545231481897483,0.02111206148189757,-1.0678839440302303
rolling_12m_3m,round_trip_0_12pct,9,long,2024-03-23T07:00:00+00:00,2024-03-23T08:00:00+00:00,2024-03-24T08:00:00+00:00,3367.61,3379.66,time,0.003578205314748395,-0.00057039,0.0012,0.001807815314748395,0.021777499472919928,0.08301298856631326
rolling_12m_3m,round_trip_0_12pct,10,long,2024-04-05T18:00:00+00:00,2024-04-05T19:00:00+00:00,2024-04-06T19:00:00+00:00,3329.19,3350.79,time,0.006488064664377902,-0.00036732,0.0012,0.004920744664377902,0.017719024747761453,0.27770967840651434
rolling_12m_3m,round_trip_0_12pct,10,long,2024-04-13T15:00:00+00:00,2024-04-13T16:00:00+00:00,2024-04-13T17:00:00+00:00,3273.12,3195.726875,stop,-0.02364506189812776,0.0,0.0012,-0.02484506189812776,0.023645061898127796,-1.0507505543935574
rolling_12m_3m,round_trip_0_12pct,10,long,2024-04-14T05:00:00+00:00,2024-04-14T06:00:00+00:00,2024-04-15T06:00:00+00:00,3072.18,3218.523333333333,take,0.04763501270541881,-0.00030000000000000003,0.0012,0.04613501270541881,0.03572625952906405,1.2913474098201358
rolling_12m_3m,round_trip_0_12pct,10,long,2024-04-18T03:00:00+00:00,2024-04-18T04:00:00+00:00,2024-04-18T06:00:00+00:00,3023.94,2961.4750000000004,stop,-0.020656825201558093,0.0,0.0012,-0.021856825201558093,0.020656825201558204,-1.0580921796205822
rolling_12m_3m,round_trip_0_12pct,10,long,2024-04-18T10:00:00+00:00,2024-04-18T11:00:00+00:00,2024-04-19T01:00:00+00:00,3010.06,2945.500625,stop,-0.021447869809904097,-6.353e-05,0.0012,-0.022711399809904095,0.02144786980990411,-1.0589116779987409
rolling_12m_3m,round_trip_0_12pct,10,long,2024-04-27T13:00:00+00:00,2024-04-27T14:00:00+00:00,2024-04-27T17:00:00+00:00,3149.61,3197.266666666667,take,0.015130973887772292,-2.355e-05,0.0012,0.013907423887772292,0.011348230415829254,1.225514761171337
rolling_12m_3m,round_trip_0_12pct,10,long,2024-04-27T18:00:00+00:00,2024-04-27T19:00:00+00:00,2024-04-28T02:00:00+00:00,3255.18,3310.115,take,0.01687617889026094,-9.322e-05,0.0012,0.015582958890260939,0.012657134167695792,1.231160125491329
rolling_12m_3m,round_trip_0_12pct,10,long,2024-05-01T18:00:00+00:00,2024-05-01T19:00:00+00:00,2024-05-01T19:00:00+00:00,2988.2,2921.6706249999997,stop,-0.02226403018539591,0.0,0.0012,-0.02346403018539591,0.02226403018539587,-1.053898597424072
rolling_12m_3m,round_trip_0_12pct,10,long,2024-05-01T21:00:00+00:00,2024-05-01T22:00:00+00:00,2024-05-02T01:00:00+00:00,2966.4,2898.63625,stop,-0.022843766855447756,8.6e-07,0.0012,-0.024042906855447757,0.022843766855447655,-1.0524930939624844
rolling_12m_3m,round_trip_0_12pct,10,long,2024-05-07T08:00:00+00:00,2024-05-07T09:00:00+00:00,2024-05-07T11:00:00+00:00,3118.05,3070.1843750000003,stop,-0.01535114093744483,0.0,0.0012,-0.01655114093744483,0.015351140937444902,-1.0781700855258813
rolling_12m_3m,round_trip_0_12pct,10,long,2024-05-09T17:00:00+00:00,2024-05-09T18:00:00+00:00,2024-05-09T22:00:00+00:00,3002.75,3054.7166666666667,take,0.017306358060666716,0.0,0.0012,0.016106358060666716,0.012979768545499946,1.2408817618131374
rolling_12m_3m,round_trip_0_12pct,10,long,2024-05-21T23:00:00+00:00,2024-05-22T00:00:00+00:00,2024-05-22T11:00:00+00:00,3792.33,3715.689375,stop,-0.020209376557419834,-0.00027641000000000005,0.0012,-0.021685786557419835,0.020209376557419844,-1.0730556925299077
rolling_12m_3m,round_trip_0_12pct,10,long,2024-05-23T21:00:00+00:00,2024-05-23T22:00:00+00:00,2024-05-24T05:00:00+00:00,3844.36,3731.1018750000003,stop,-0.029460853041858637,-0.0001,0.0012,-0.030760853041858636,0.02946085304185873,-1.0441263529658436
rolling_12m_3m,round_trip_0_12pct,10,long,2024-05-27T06:00:00+00:00,2024-05-27T07:00:00+00:00,2024-05-27T15:00:00+00:00,3896.29,3963.205,take,0.017174029653850287,-0.0001,0.0012,0.015874029653850288,0.012880522240387658,1.2324057485865212
rolling_12m_3m,round_trip_0_12pct,10,long,2024-06-14T07:00:00+00:00,2024-06-14T08:00:00+00:00,2024-06-14T14:00:00+00:00,3515.84,3472.2268750000003,stop,-0.012404752491580906,-0.0001,0.0012,-0.013704752491580905,0.012404752491580918,-1.1047985440162789
rolling_12m_3m,round_trip_0_12pct,10,long,2024-06-14T21:00:00+00:00,2024-06-14T22:00:00+00:00,2024-06-15T12:00:00+00:00,3503.04,3561.4816666666666,take,0.016683128558813598,-0.0002,0.0012,0.0152831285588136,0.012512346419110245,1.2214438480916343
rolling_12m_3m,round_trip_0_12pct,10,long,2024-06-15T13:00:00+00:00,2024-06-15T14:00:00+00:00,2024-06-16T14:00:00+00:00,3568.2,3578.26,time,0.0028193486912169163,-0.0002,0.0012,0.0014193486912169164,0.0131964295723334,0.10755550836209603
rolling_12m_3m,round_trip_0_12pct,10,long,2024-06-18T20:00:00+00:00,2024-06-18T21:00:00+00:00,2024-06-19T01:00:00+00:00,3460.67,3537.576666666667,take,0.022223056999559843,0.0,0.0012,0.021023056999559843,0.01666729274966984,1.2613360379103131
rolling_12m_3m,round_trip_0_12pct,10,long,2024-06-21T18:00:00+00:00,2024-06-21T19:00:00+00:00,2024-06-22T08:00:00+00:00,3521.93,3473.99375,stop,-0.013610790106560855,-0.00010401,0.0012,-0.014914800106560855,0.013610790106560876,-1.0958070758413503
rolling_12m_3m,round_trip_0_12pct,10,long,2024-06-24T21:00:00+00:00,2024-06-24T22:00:00+00:00,2024-06-25T22:00:00+00:00,3351.21,3401.76,time,0.015084103950513406,-0.00030000000000000003,0.0012,0.013584103950513406,0.01905356572700609,0.7129428761598994
rolling_12m_3m,round_trip_0_12pct,10,long,2024-06-26T19:00:00+00:00,2024-06-26T20:00:00+00:00,2024-06-26T23:00:00+00:00,3407.32,3374.6218750000003,stop,-0.009596435028115913,0.0,0.0012,-0.010796435028115912,0.009596435028115947,-1.125046436148858
rolling_12m_3m,round_trip_0_12pct,11,long,2024-07-05T15:00:00+00:00,2024-07-05T16:00:00+00:00,2024-07-06T16:00:00+00:00,2989.97,3049.64,time,0.019956721973799052,-0.00026374,0.0012,0.018492981973799054,0.02907596062836749,0.6360230779703517
rolling_12m_3m,round_trip_0_12pct,11,long,2024-07-08T10:00:00+00:00,2024-07-08T11:00:00+00:00,2024-07-08T14:00:00+00:00,3013.07,2953.0150000000003,stop,-0.01993149843846964,0.0,0.0012,-0.02113149843846964,0.019931498438469707,-1.0602062109732713
rolling_12m_3m,round_trip_0_12pct,11,long,2024-07-08T18:00:00+00:00,2024-07-08T19:00:00+00:00,2024-07-09T08:00:00+00:00,2990.16,3092.975,take,0.03438444765497506,-5.681e-05,0.0012,0.03312763765497506,0.025788335741231235,1.2845977339285803
rolling_12m_3m,round_trip_0_12pct,11,long,2024-07-23T11:00:00+00:00,2024-07-23T12:00:00+00:00,2024-07-23T13:00:00+00:00,3514.54,3466.73375,stop,-0.013602420231381696,0.0,0.0012,-0.014802420231381695,0.013602420231381633,-1.0882195947182685
rolling_12m_3m,round_trip_0_12pct,11,long,2024-07-30T12:00:00+00:00,2024-07-30T13:00:00+00:00,2024-07-30T14:00:00+00:00,3353.0,3309.2712500000002,stop,-0.01304167909334919,0.0,0.0012,-0.01424167909334919,0.013041679093349228,-1.0920126918789097
rolling_12m_3m,round_trip_0_12pct,11,long,2024-08-05T15:00:00+00:00,2024-08-05T16:00:00+00:00,2024-08-06T16:00:00+00:00,2448.96,2529.46,time,0.03287109630210372,0.00019819,0.0012,0.03186928630210372,0.06557783712269695,0.4859764777309732
rolling_12m_3m,round_trip_0_12pct,11,long,2024-08-12T10:00:00+00:00,2024-08-12T11:00:00+00:00,2024-08-12T14:00:00+00:00,2639.81,2713.01,take,0.027729268394316442,0.0,0.0012,0.026529268394316442,0.020796951295737207,1.275632568306019
rolling_12m_3m,round_trip_0_12pct,11,long,2024-08-12T17:00:00+00:00,2024-08-12T18:00:00+00:00,2024-08-12T23:00:00+00:00,2654.13,2744.9875,take,0.03423249803136996,0.0,0.0012,0.03303249803136996,0.025674373523527493,1.2865941208302367
rolling_12m_3m,round_trip_0_12pct,11,long,2024-08-28T09:00:00+00:00,2024-08-28T10:00:00+00:00,2024-08-28T13:00:00+00:00,2539.54,2483.158125,stop,-0.022201609346574558,0.0,0.0012,-0.023401609346574558,0.02220160934657457,-1.054050135792752
rolling_12m_3m,round_trip_0_12pct,11,long,2024-08-28T16:00:00+00:00,2024-08-28T17:00:00+00:00,2024-08-29T15:00:00+00:00,2513.35,2593.3508333333334,take,0.03183035921512456,-1.16e-05,0.0012,0.03061875921512456,0.02387276941134342,1.282580947670684
rolling_12m_3m,round_trip_0_12pct,11,long,2024-08-31T09:00:00+00:00,2024-08-31T10:00:00+00:00,2024-09-01T02:00:00+00:00,2513.06,2480.8312499999997,stop,-0.012824504786992819,-0.0001231,0.0012,-0.014147604786992818,0.01282450478699278,-1.103169675708803
rolling_12m_3m,round_trip_0_12pct,11,long,2024-09-07T07:00:00+00:00,2024-09-07T08:00:00+00:00,2024-09-08T08:00:00+00:00,2287.03,2295.4,time,0.003659768345845915,-0.00010567,0.0012,0.002354098345845915,0.021607445026956308,0.108948482474863
rolling_12m_3m,round_trip_0_12pct,11,long,2024-09-20T16:00:00+00:00,2024-09-20T17:00:00+00:00,2024-09-21T17:00:00+00:00,2546.1,2568.59,time,0.008833117316680461,-0.00011200999999999999,0.0012,0.007521107316680462,0.014610335414948331,0.514779921409974
rolling_12m_3m,round_trip_0_12pct,12,long,2024-10-08T21:00:00+00:00,2024-10-08T22:00:00+00:00,2024-10-09T18:00:00+00:00,2455.39,2420.2687499999997,stop,-0.014303735862734701,-0.0002364,0.0012,-0.015740135862734702,0.014303735862734616,-1.1004213174645041
rolling_12m_3m,round_trip_0_12pct,12,long,2024-11-23T16:00:00+00:00,2024-11-23T17:00:00+00:00,2024-11-24T11:00:00+00:00,3416.36,3358.301875,stop,-0.016994147279560723,-0.00023721,0.0012,-0.018431357279560724,0.016994147279560674,-1.0845708805718437
rolling_12m_3m,round_trip_0_12pct,12,long,2024-11-25T20:00:00+00:00,2024-11-25T21:00:00+00:00,2024-11-25T21:00:00+00:00,3504.59,3428.0281250000003,stop,-0.021846171734782094,0.0,0.0012,-0.023046171734782094,0.021846171734782094,-1.0549295324859795
rolling_12m_3m,round_trip_0_12pct,12,long,2024-11-27T04:00:00+00:00,2024-11-27T05:00:00+00:00,2024-11-27T13:00:00+00:00,3403.71,3490.8166666666666,take,0.025591682801022086,-0.00020895,0.0012,0.024182732801022087,0.019193762100766495,1.2599266717000914
rolling_12m_3m,round_trip_0_12pct,12,long,2024-11-30T23:00:00+00:00,2024-12-01T00:00:00+00:00,2024-12-02T00:00:00+00:00,3705.74,3705.08,time,-0.0001781020794766608,-0.00040664,0.0012,-0.0017847420794766607,0.01414343019208039,-0.12618877141105603
rolling_12m_3m,round_trip_0_12pct,12,long,2024-12-06T03:00:00+00:00,2024-12-06T04:00:00+00:00,2024-12-06T15:00:00+00:00,3909.83,4024.1191666666664,take,0.0292312368227432,-0.0002554,0.0012,0.0277758368227432,0.021923427617057515,1.2669477286084692
rolling_12m_3m,round_trip_0_12pct,12,long,2024-12-06T16:00:00+00:00,2024-12-06T17:00:00+00:00,2024-12-07T17:00:00+00:00,4006.72,3995.06,time,-0.002910111013497252,-0.00077988,0.0012,-0.004889991013497252,0.021671872504192956,-0.22563767909538793
rolling_12m_3m,round_trip_0_12pct,12,long,2024-12-20T16:00:00+00:00,2024-12-20T17:00:00+00:00,2024-12-21T17:00:00+00:00,3382.18,3381.29,time,-0.00026314388944403966,-0.00016352,0.0012,-0.0016266638894440397,0.0414213244120656,-0.03927117040637671
rolling_12m_3m,round_trip_0_12pct,12,long,2024-12-23T03:00:00+00:00,2024-12-23T04:00:00+00:00,2024-12-23T06:00:00+00:00,3349.68,3278.21625,stop,-0.021334500609013318,0.0,0.0012,-0.022534500609013318,0.021334500609013367,-1.0562469223907203
rolling_12m_3m,round_trip_0_12pct,12,long,2024-12-23T11:00:00+00:00,2024-12-23T12:00:00+00:00,2024-12-23T21:00:00+00:00,3338.11,3432.909166666667,take,0.028399054155395342,0.0,0.0012,0.027199054155395343,0.021299290616546458,1.2769934287983105
rolling_12m_3m,round_trip_0_12pct,12,long,2024-12-24T03:00:00+00:00,2024-12-24T04:00:00+00:00,2024-12-24T15:00:00+00:00,3395.66,3489.7949999999996,take,0.02772215121655286,-8.121e-05,0.0012,0.026440941216552858,0.02079161341241465,1.271711852855296
rolling_12m_3m,round_trip_0_16pct,1,long,2022-02-21T01:00:00+00:00,2022-02-21T02:00:00+00:00,2022-02-21T11:00:00+00:00,2712.35,2651.429375,stop,-0.02246045864287416,0.0,0.0016,-0.02406045864287416,0.022460458642874208,-1.0712363013347266
rolling_12m_3m,round_trip_0_16pct,1,long,2022-02-24T18:00:00+00:00,2022-02-24T19:00:00+00:00,2022-02-24T20:00:00+00:00,2524.3,2644.191666666667,take,0.04749501511970333,0.0,0.0016,0.045895015119703335,0.03562126133977737,1.2884163388244068
rolling_12m_3m,round_trip_0_16pct,2,long,2022-04-01T14:00:00+00:00,2022-04-01T15:00:00+00:00,2022-04-02T00:00:00+00:00,3420.51,3492.1725,take,0.020950823122867668,-0.0001,0.0016,0.019250823122867668,0.01571311734215072,1.225143471132045
rolling_12m_3m,round_trip_0_16pct,2,long,2022-05-10T05:00:00+00:00,2022-05-10T06:00:00+00:00,2022-05-10T21:00:00+00:00,2403.27,2310.66125,stop,-0.038534475943194035,0.0,0.0016,-0.04013447594319403,0.038534475943194056,-1.041521260140105
rolling_12m_3m,round_trip_0_16pct,2,long,2022-05-12T16:00:00+00:00,2022-05-12T17:00:00+00:00,2022-05-12T21:00:00+00:00,2024.63,1879.611875,stop,-0.0716269762870253,0.0,0.0016,-0.0732269762870253,0.07162697628702527,-1.0223379525835137
rolling_12m_3m,round_trip_0_16pct,2,long,2022-06-07T18:00:00+00:00,2022-06-07T19:00:00+00:00,2022-06-07T19:00:00+00:00,1806.52,1853.7583333333332,take,0.026148801747743367,0.0,0.0016,0.024548801747743366,0.019611601310807514,1.2517489703512925
rolling_12m_3m,round_trip_0_16pct,2,long,2022-06-12T15:00:00+00:00,2022-06-12T16:00:00+00:00,2022-06-12T19:00:00+00:00,1525.2,1475.868125,stop,-0.0323445285864149,0.0,0.0016,-0.0339445285864149,0.032344528586414914,-1.0494674082426418
rolling_12m_3m,round_trip_0_16pct,2,long,2022-06-14T06:00:00+00:00,2022-06-14T07:00:00+00:00,2022-06-15T04:00:00+00:00,1233.6,1146.639375,stop,-0.07049337305447467,5.37e-05,0.0016,-0.07203967305447467,0.07049337305447471,-1.0219353952435364
rolling_12m_3m,round_trip_0_16pct,2,long,2022-06-15T18:00:00+00:00,2022-06-15T19:00:00+00:00,2022-06-16T13:00:00+00:00,1171.49,1091.98875,stop,-0.06786336204320997,0.0,0.0016,-0.06946336204320998,0.06786336204320992,-1.0235767865285146
rolling_12m_3m,round_trip_0_16pct,2,long,2022-06-18T23:00:00+00:00,2022-06-19T00:00:00+00:00,2022-06-19T02:00:00+00:00,994.09,950.585625,stop,-0.04376301441519381,0.0,0.0016,-0.04536301441519381,0.043763014415193785,-1.0365605528179642
rolling_12m_3m,round_trip_0_16pct,2,long,2022-06-23T13:00:00+00:00,2022-06-23T14:00:00+00:00,2022-06-23T20:00:00+00:00,1107.46,1147.1108333333334,take,0.03580339997230908,0.0,0.0016,0.03420339997230908,0.026852549979231727,1.273748675591802
rolling_12m_3m,round_trip_0_16pct,2,long,2022-06-28T08:00:00+00:00,2022-06-28T09:00:00+00:00,2022-06-28T14:00:00+00:00,1224.51,1198.755,stop,-0.02103290295710114,0.0,0.0016,-0.02263290295710114,0.021032902957101182,-1.076071287128711
rolling_12m_3m,round_trip_0_16pct,3,long,2022-07-13T14:00:00+00:00,2022-07-13T15:00:00+00:00,2022-07-13T23:00:00+00:00,1065.82,1101.7116666666666,take,0.03367516716393637,0.0,0.0016,0.03207516716393637,0.02525637537295224,1.2699829920284829
rolling_12m_3m,round_trip_0_16pct,3,long,2022-07-19T08:00:00+00:00,2022-07-19T09:00:00+00:00,2022-07-20T09:00:00+00:00,1534.58,1549.49,time,0.009716013502065746,4.179e-05,0.0016,0.008157803502065745,0.03542663139099951,0.23027319227812093
rolling_12m_3m,round_trip_0_16pct,3,long,2022-07-21T16:00:00+00:00,2022-07-21T17:00:00+00:00,2022-07-22T08:00:00+00:00,1557.4,1619.5733333333333,take,0.03992123624844823,-0.0001,0.0016,0.03822123624844823,0.029940927186336178,1.2765548645364213
rolling_12m_3m,round_trip_0_16pct,3,long,2022-07-24T02:00:00+00:00,2022-07-24T03:00:00+00:00,2022-07-24T06:00:00+00:00,1565.32,1612.2949999999998,take,0.030009838243937326,0.0,0.0016,0.028409838243937325,0.022507378682953008,1.2622455348589667
rolling_12m_3m,round_trip_0_16pct,3,long,2022-08-05T01:00:00+00:00,2022-08-05T02:00:00+00:00,2022-08-05T11:00:00+00:00,1646.34,1688.8083333333332,take,0.025795603176338666,-0.0001,0.0016,0.024095603176338666,0.019346702382253965,1.2454630613659874
rolling_12m_3m,round_trip_0_16pct,3,long,2022-09-19T16:00:00+00:00,2022-09-19T17:00:00+00:00,2022-09-20T17:00:00+00:00,1350.62,1334.69,time,-0.011794583228443067,-2.77e-06,0.0016,-0.013397353228443067,0.02722638491951846,-0.4920724241593518
rolling_12m_3m,round_trip_0_16pct,3,long,2022-09-22T18:00:00+00:00,2022-09-22T19:00:00+00:00,2022-09-22T23:00:00+00:00,1302.13,1349.4825,take,0.03636541666346682,0.0,0.0016,0.034765416663466824,0.027274062497600084,1.2746695387431162
rolling_12m_3m,round_trip_0_16pct,3,long,2022-09-24T03:00:00+00:00,2022-09-24T04:00:00+00:00,2022-09-25T04:00:00+00:00,1320.92,1326.92,time,0.004542288707870323,8.115e-05,0.0016,0.003023438707870324,0.023902848015019868,0.1264886387584643
rolling_12m_3m,round_trip_0_16pct,3,long,2022-09-28T15:00:00+00:00,2022-09-28T16:00:00+00:00,2022-09-29T13:00:00+00:00,1331.25,1300.189375,stop,-0.02333192488262914,-2.427000000000001e-05,0.0016,-0.02495619488262914,0.02333192488262912,-1.069615773587944
rolling_12m_3m,round_trip_0_16pct,4,long,2022-11-07T19:00:00+00:00,2022-11-07T20:00:00+00:00,2022-11-07T21:00:00+00:00,1599.9,1575.3425,stop,-0.01534939683730241,0.0,0.0016,-0.01694939683730241,0.01534939683730236,-1.1042386236384027
rolling_12m_3m,round_trip_0_16pct,4,long,2022-11-08T16:00:00+00:00,2022-11-08T17:00:00+00:00,2022-11-08T17:00:00+00:00,1545.29,1500.5925,stop,-0.02892499142555771,0.0,0.0016,-0.030524991425557712,0.02892499142555765,-1.0553154874433714
rolling_12m_3m,round_trip_0_16pct,4,long,2022-11-10T08:00:00+00:00,2022-11-10T09:00:00+00:00,2022-11-10T13:00:00+00:00,1215.35,1310.0025,take,0.07788085736619088,0.0,0.0016,0.07628085736619088,0.05841064302464313,1.305941065124183
rolling_12m_3m,round_trip_0_16pct,4,long,2022-11-11T23:00:00+00:00,2022-11-12T00:00:00+00:00,2022-11-12T05:00:00+00:00,1288.67,1238.113125,stop,-0.039231824283951666,0.0,0.0016,-0.04083182428395166,0.039231824283951694,-1.0407832169215356
rolling_12m_3m,round_trip_0_16pct,5,long,2023-02-17T19:00:00+00:00,2023-02-17T20:00:00+00:00,2023-02-17T22:00:00+00:00,1706.43,1679.486875,stop,-0.015789176819441808,0.0,0.0016,-0.01738917681944181,0.015789176819441756,-1.101335238581274
rolling_12m_3m,round_trip_0_16pct,5,long,2023-03-23T14:00:00+00:00,2023-03-23T15:00:00+00:00,2023-03-23T15:00:00+00:00,1803.89,1843.069166666667,take,0.02171926595671958,0.0,0.0016,0.02011926595671958,0.016289449467539605,1.2351102470842705
rolling_12m_3m,round_trip_0_16pct,6,long,2023-04-27T15:00:00+00:00,2023-04-27T16:00:00+00:00,2023-04-28T16:00:00+00:00,1899.14,1892.42,time,-0.0035384437166295912,0.0,0.0016,-0.005138443716629591,0.023817359436376466,-0.21574363566019833
rolling_12m_3m,round_trip_0_16pct,6,long,2023-06-06T14:00:00+00:00,2023-06-06T15:00:00+00:00,2023-06-06T16:00:00+00:00,1837.93,1864.595,take,0.014508169516793235,0.0,0.0016,0.012908169516793234,0.01088112713759502,1.1862897431089328
rolling_12m_3m,round_trip_0_16pct,6,long,2023-06-15T18:00:00+00:00,2023-06-15T19:00:00+00:00,2023-06-16T14:00:00+00:00,1668.6,1646.27875,stop,-0.013377232410403894,0.00013204000000000002,0.0016,-0.014845192410403895,0.013377232410403962,-1.109735702794417
rolling_12m_3m,round_trip_0_16pct,7,long,2023-07-01T03:00:00+00:00,2023-07-01T04:00:00+00:00,2023-07-02T04:00:00+00:00,1919.72,1912.92,time,-0.003542183235055063,-0.00030000000000000003,0.0016,-0.005442183235055063,0.016608541870689473,-0.3276737523032864
rolling_12m_3m,round_trip_0_16pct,8,long,2023-10-06T14:00:00+00:00,2023-10-06T15:00:00+00:00,2023-10-06T19:00:00+00:00,1633.51,1653.2066666666667,take,0.012057879453855058,-5.905e-05,0.0016,0.010398829453855058,0.009043409590391249,1.1498792960681514
rolling_12m_3m,round_trip_0_16pct,8,long,2023-11-10T14:00:00+00:00,2023-11-10T15:00:00+00:00,2023-11-11T01:00:00+00:00,2080.99,2034.0749999999998,stop,-0.022544558118972158,-0.0002626,0.0016,-0.02440715811897216,0.022544558118972217,-1.0826186075668738
rolling_12m_3m,round_trip_0_16pct,8,long,2023-11-13T17:00:00+00:00,2023-11-13T18:00:00+00:00,2023-11-13T21:00:00+00:00,2081.85,2053.77,stop,-0.01348800345846235,0.0,0.0016,-0.01508800345846235,0.013488003458462417,-1.1186239316239268
rolling_12m_3m,round_trip_0_16pct,8,long,2023-11-15T13:00:00+00:00,2023-11-15T14:00:00+00:00,2023-11-15T19:00:00+00:00,2014.1,2052.3266666666664,take,0.018979527663306905,-0.0001,0.0016,0.017279527663306905,0.014234645747480259,1.2139064062318259
rolling_12m_3m,round_trip_0_16pct,8,long,2023-11-22T06:00:00+00:00,2023-11-22T07:00:00+00:00,2023-11-22T13:00:00+00:00,1994.63,2039.2866666666669,take,0.022388446311680132,-0.0001,0.0016,0.020688446311680132,0.016791334733760155,1.2320906372073306
rolling_12m_3m,round_trip_0_16pct,8,long,2023-11-22T15:00:00+00:00,2023-11-22T16:00:00+00:00,2023-11-22T19:00:00+00:00,2033.87,2079.0533333333333,take,0.02221544805387432,-0.0001,0.0016,0.02051544805387432,0.01666158604040573,1.2313022304192802
rolling_12m_3m,round_trip_0_16pct,8,long,2023-12-07T14:00:00+00:00,2023-12-07T15:00:00+00:00,2023-12-07T15:00:00+00:00,2267.52,2300.7891666666665,take,0.014672049934142395,0.0,0.0016,0.013072049934142394,0.01100403745060683,1.1879321560670915
rolling_12m_3m,round_trip_0_16pct,8,long,2023-12-07T17:00:00+00:00,2023-12-07T18:00:00+00:00,2023-12-07T21:00:00+00:00,2336.97,2376.025833333333,take,0.016712167179438797,0.0,0.0016,0.015112167179438796,0.012534125384579169,1.2056818258760529
rolling_12m_3m,round_trip_0_16pct,8,long,2023-12-07T22:00:00+00:00,2023-12-07T23:00:00+00:00,2023-12-08T04:00:00+00:00,2351.39,2392.1699999999996,take,0.017342933328796883,-0.00022693,0.0016,0.015516003328796883,0.013007199996597737,1.1928780469936164
rolling_12m_3m,round_trip_0_16pct,8,long,2023-12-08T05:00:00+00:00,2023-12-08T06:00:00+00:00,2023-12-08T13:00:00+00:00,2377.69,2345.030625,stop,-0.01373575823593498,-0.00012399,0.0016,-0.01545974823593498,0.013735758235934871,-1.125511090861361
rolling_12m_3m,round_trip_0_16pct,8,long,2023-12-21T17:00:00+00:00,2023-12-21T18:00:00+00:00,2023-12-22T06:00:00+00:00,2234.93,2278.2891666666665,take,0.019400682198845942,-0.00044152,0.0016,0.01735916219884594,0.0145505116491344,1.1930276142474088
rolling_12m_3m,round_trip_0_16pct,8,long,2023-12-22T12:00:00+00:00,2023-12-22T13:00:00+00:00,2023-12-23T13:00:00+00:00,2296.28,2296.35,time,3.0484087306215102e-05,-0.00069681,0.0016,-0.0022663259126937847,0.016652204870486163,-0.13609764774816988
rolling_12m_3m,round_trip_0_16pct,9,long,2024-01-09T21:00:00+00:00,2024-01-09T22:00:00+00:00,2024-01-09T22:00:00+00:00,2317.94,2372.2183333333332,take,0.023416625681999204,0.0,0.0016,0.021816625681999203,0.017562469261499403,1.2422299710340732
rolling_12m_3m,round_trip_0_16pct,9,long,2024-01-09T23:00:00+00:00,2024-01-10T00:00:00+00:00,2024-01-10T09:00:00+00:00,2344.33,2404.0533333333333,take,0.02547565118107653,-0.0002,0.0016,0.02367565118107653,0.01910673838580743,1.2391257316142932
rolling_12m_3m,round_trip_0_16pct,9,long,2024-01-10T10:00:00+00:00,2024-01-10T11:00:00+00:00,2024-01-10T12:00:00+00:00,2401.19,2345.9187500000003,stop,-0.023018274272339823,0.0,0.0016,-0.024618274272339823,0.023018274272339944,-1.0695099893705988
rolling_12m_3m,round_trip_0_16pct,9,long,2024-01-10T13:00:00+00:00,2024-01-10T14:00:00+00:00,2024-01-10T15:00:00+00:00,2378.62,2455.3933333333334,take,0.03227641797905245,0.0,0.0016,0.03067641797905245,0.024207313484289204,1.2672376056501173
rolling_12m_3m,round_trip_0_16pct,9,long,2024-01-10T16:00:00+00:00,2024-01-10T17:00:00+00:00,2024-01-10T20:00:00+00:00,2408.55,2490.8525,take,0.03417097423761173,0.0,0.0016,0.03257097423761173,0.02562823067820886,1.2709021799661784
rolling_12m_3m,round_trip_0_16pct,9,long,2024-01-12T11:00:00+00:00,2024-01-12T12:00:00+00:00,2024-01-12T14:00:00+00:00,2648.23,2715.1875,take,0.025283868848249513,0.0,0.0016,0.023683868848249513,0.018962901636187142,1.2489580604612371
rolling_12m_3m,round_trip_0_16pct,9,long,2024-01-12T15:00:00+00:00,2024-01-12T16:00:00+00:00,2024-01-12T17:00:00+00:00,2648.4,2598.24125,stop,-0.018939265216734613,-0.0001,0.0016,-0.020639265216734613,0.01893926521673459,-1.0897606100630512
rolling_12m_3m,round_trip_0_16pct,9,long,2024-01-13T17:00:00+00:00,2024-01-13T18:00:00+00:00,2024-01-14T18:00:00+00:00,2555.76,2532.42,time,-0.009132312893229466,-0.0002,0.0016,-0.010932312893229467,0.015225901493097962,-0.7180075937168767
rolling_12m_3m,round_trip_0_16pct,9,long,2024-01-19T13:00:00+00:00,2024-01-19T14:00:00+00:00,2024-01-19T15:00:00+00:00,2497.68,2469.706875,stop,-0.011199643268953619,0.0,0.0016,-0.01279964326895362,0.011199643268953572,-1.1428616931429765
rolling_12m_3m,round_trip_0_16pct,9,long,2024-02-01T17:00:00+00:00,2024-02-01T18:00:00+00:00,2024-02-02T18:00:00+00:00,2304.04,2293.62,time,-0.004522490928976941,-0.00023678000000000002,0.0016,-0.006359270928976941,0.01198709657818441,-0.530509693277213
rolling_12m_3m,round_trip_0_16pct,9,long,2024-03-01T14:00:00+00:00,2024-03-01T15:00:00+00:00,2024-03-02T15:00:00+00:00,3419.57,3421.37,time,0.0005263819720022767,-0.00101302,0.0016,-0.002086638027997723,0.01892946335357955,-0.11023228651662441
rolling_12m_3m,round_trip_0_16pct,9,long,2024-03-06T04:00:00+00:00,2024-03-06T05:00:00+00:00,2024-03-06T08:00:00+00:00,3652.93,3832.170833333333,take,0.04906768904231207,0.0,0.0016,0.04746768904231207,0.0368007667817341,1.289855978377941
rolling_12m_3m,round_trip_0_16pct,9,long,2024-03-06T12:00:00+00:00,2024-03-06T13:00:00+00:00,2024-03-07T13:00:00+00:00,3821.53,3810.23,time,-0.0029569308627697133,-0.00115379,0.0016,-0.005710720862769713,0.03978200485146,-0.14355035358556417
rolling_12m_3m,round_trip_0_16pct,9,long,2024-03-15T23:00:00+00:00,2024-03-16T00:00:00+00:00,2024-03-16T18:00:00+00:00,3745.01,3629.549375,stop,-0.0308305251521358,-0.0007526,0.0016,-0.0331831251521358,0.030830525152135763,-1.0763074903327445
rolling_12m_3m,round_trip_0_16pct,9,long,2024-03-17T10:00:00+00:00,2024-03-17T11:00:00+00:00,2024-03-18T11:00:00+00:00,3598.74,3600.76,time,0.000561307568760272,-0.00074073,0.0016,-0.001779422431239728,0.022342542111961402,-0.07964279186866066
rolling_12m_3m,round_trip_0_16pct,9,long,2024-03-20T17:00:00+00:00,2024-03-20T18:00:00+00:00,2024-03-20T20:00:00+00:00,3301.75,3454.423333333333,take,0.046240125186138625,0.0,0.0016,0.04464012518613863,0.034680093889604,1.2871973567384238
rolling_12m_3m,round_trip_0_16pct,9,long,2024-03-22T03:00:00+00:00,2024-03-22T04:00:00+00:00,2024-03-22T10:00:00+00:00,3524.94,3450.5212500000002,stop,-0.02111206148189748,-0.00023317,0.0016,-0.022945231481897484,0.02111206148189757,-1.0868304595253173
rolling_12m_3m,round_trip_0_16pct,9,long,2024-03-23T07:00:00+00:00,2024-03-23T08:00:00+00:00,2024-03-24T08:00:00+00:00,3367.61,3379.66,time,0.003578205314748395,-0.00057039,0.0016,0.0014078153147483949,0.021777499472919928,0.06464540690261511
rolling_12m_3m,round_trip_0_16pct,10,long,2024-04-05T18:00:00+00:00,2024-04-05T19:00:00+00:00,2024-04-06T19:00:00+00:00,3329.19,3350.79,time,0.006488064664377902,-0.00036732,0.0016,0.004520744664377902,0.017719024747761453,0.2551350725411134
rolling_12m_3m,round_trip_0_16pct,10,long,2024-04-13T15:00:00+00:00,2024-04-13T16:00:00+00:00,2024-04-13T17:00:00+00:00,3273.12,3195.726875,stop,-0.02364506189812776,0.0,0.0016,-0.025245061898127762,0.023645061898127796,-1.067667405858077
rolling_12m_3m,round_trip_0_16pct,10,long,2024-04-14T05:00:00+00:00,2024-04-14T06:00:00+00:00,2024-04-15T06:00:00+00:00,3072.18,3218.523333333333,take,0.04763501270541881,-0.00030000000000000003,0.0016,0.04573501270541881,0.03572625952906405,1.2801511635499494
rolling_12m_3m,round_trip_0_16pct,10,long,2024-04-18T03:00:00+00:00,2024-04-18T04:00:00+00:00,2024-04-18T06:00:00+00:00,3023.94,2961.4750000000004,stop,-0.020656825201558093,0.0,0.0016,-0.022256825201558094,0.020656825201558204,-1.0774562394941114
rolling_12m_3m,round_trip_0_16pct,10,long,2024-04-18T10:00:00+00:00,2024-04-18T11:00:00+00:00,2024-04-19T01:00:00+00:00,3010.06,2945.500625,stop,-0.021447869809904097,-6.353e-05,0.0016,-0.023111399809904096,0.02144786980990411,-1.077561548757248
rolling_12m_3m,round_trip_0_16pct,10,long,2024-04-27T13:00:00+00:00,2024-04-27T14:00:00+00:00,2024-04-27T17:00:00+00:00,3149.61,3197.266666666667,take,0.015130973887772292,-2.355e-05,0.0016,0.01350742388777229,0.011348230415829254,1.1902669749224737
rolling_12m_3m,round_trip_0_16pct,10,long,2024-04-27T18:00:00+00:00,2024-04-27T19:00:00+00:00,2024-04-28T02:00:00+00:00,3255.18,3310.115,take,0.01687617889026094,-9.322e-05,0.0016,0.015182958890260938,0.012657134167695792,1.1995573949916474
rolling_12m_3m,round_trip_0_16pct,10,long,2024-05-01T18:00:00+00:00,2024-05-01T19:00:00+00:00,2024-05-01T19:00:00+00:00,2988.2,2921.6706249999997,stop,-0.02226403018539591,0.0,0.0016,-0.023864030185395912,0.02226403018539587,-1.0718647965654289
rolling_12m_3m,round_trip_0_16pct,10,long,2024-05-01T21:00:00+00:00,2024-05-01T22:00:00+00:00,2024-05-02T01:00:00+00:00,2966.4,2898.63625,stop,-0.022843766855447756,8.6e-07,0.0016,-0.024442906855447758,0.022843766855447655,-1.0700033409603262
rolling_12m_3m,round_trip_0_16pct,10,long,2024-05-07T08:00:00+00:00,2024-05-07T09:00:00+00:00,2024-05-07T11:00:00+00:00,3118.05,3070.1843750000003,stop,-0.01535114093744483,0.0,0.0016,-0.01695114093744483,0.015351140937444902,-1.1042267807011767
rolling_12m_3m,round_trip_0_16pct,10,long,2024-05-09T17:00:00+00:00,2024-05-09T18:00:00+00:00,2024-05-09T22:00:00+00:00,3002.75,3054.7166666666667,take,0.017306358060666716,0.0,0.0016,0.015706358060666715,0.012979768545499946,1.210064571306402
rolling_12m_3m,round_trip_0_16pct,10,long,2024-05-21T23:00:00+00:00,2024-05-22T00:00:00+00:00,2024-05-22T11:00:00+00:00,3792.33,3715.689375,stop,-0.020209376557419834,-0.00027641000000000005,0.0016,-0.022085786557419836,0.020209376557419844,-1.0928484851904583
rolling_12m_3m,round_trip_0_16pct,10,long,2024-05-23T21:00:00+00:00,2024-05-23T22:00:00+00:00,2024-05-24T05:00:00+00:00,3844.36,3731.1018750000003,stop,-0.029460853041858637,-0.0001,0.0016,-0.031160853041858637,0.02946085304185873,-1.0577036923399503
rolling_12m_3m,round_trip_0_16pct,10,long,2024-05-27T06:00:00+00:00,2024-05-27T07:00:00+00:00,2024-05-27T15:00:00+00:00,3896.29,3963.205,take,0.017174029653850287,-0.0001,0.0016,0.015474029653850287,0.012880522240387658,1.2013511071259617
rolling_12m_3m,round_trip_0_16pct,10,long,2024-06-14T07:00:00+00:00,2024-06-14T08:00:00+00:00,2024-06-14T14:00:00+00:00,3515.84,3472.2268750000003,stop,-0.012404752491580906,-0.0001,0.0016,-0.014104752491580906,0.012404752491580918,-1.137044249867442
rolling_12m_3m,round_trip_0_16pct,10,long,2024-06-14T21:00:00+00:00,2024-06-14T22:00:00+00:00,2024-06-15T12:00:00+00:00,3503.04,3561.4816666666666,take,0.016683128558813598,-0.0002,0.0016,0.014883128558813599,0.012512346419110245,1.1894754237368645
rolling_12m_3m,round_trip_0_16pct,10,long,2024-06-15T13:00:00+00:00,2024-06-15T14:00:00+00:00,2024-06-16T14:00:00+00:00,3568.2,3578.26,time,0.0028193486912169163,-0.0002,0.0016,0.0010193486912169162,0.0131964295723334,0.07724427926732566
rolling_12m_3m,round_trip_0_16pct,10,long,2024-06-18T20:00:00+00:00,2024-06-18T21:00:00+00:00,2024-06-19T01:00:00+00:00,3460.67,3537.576666666667,take,0.022223056999559843,0.0,0.0016,0.020623056999559842,0.01666729274966984,1.2373369394359717
rolling_12m_3m,round_trip_0_16pct,10,long,2024-06-21T18:00:00+00:00,2024-06-21T19:00:00+00:00,2024-06-22T08:00:00+00:00,3521.93,3473.99375,stop,-0.013610790106560855,-0.00010401,0.0016,-0.015314800106560856,0.013610790106560876,-1.125195524040782
rolling_12m_3m,round_trip_0_16pct,10,long,2024-06-24T21:00:00+00:00,2024-06-24T22:00:00+00:00,2024-06-25T22:00:00+00:00,3351.21,3401.76,time,0.015084103950513406,-0.00030000000000000003,0.0016,0.013184103950513405,0.01905356572700609,0.6919494303277081
rolling_12m_3m,round_trip_0_16pct,10,long,2024-06-26T19:00:00+00:00,2024-06-26T20:00:00+00:00,2024-06-26T23:00:00+00:00,3407.32,3374.6218750000003,stop,-0.009596435028115913,0.0,0.0016,-0.011196435028115913,0.009596435028115947,-1.166728581531812
rolling_12m_3m,round_trip_0_16pct,11,long,2024-07-05T15:00:00+00:00,2024-07-05T16:00:00+00:00,2024-07-06T16:00:00+00:00,2989.97,3049.64,time,0.019956721973799052,-0.00026374,0.0016,0.018092981973799053,0.02907596062836749,0.6222660088536138
rolling_12m_3m,round_trip_0_16pct,11,long,2024-07-08T10:00:00+00:00,2024-07-08T11:00:00+00:00,2024-07-08T14:00:00+00:00,3013.07,2953.0150000000003,stop,-0.01993149843846964,0.0,0.0016,-0.021531498438469642,0.019931498438469707,-1.0802749479643627
rolling_12m_3m,round_trip_0_16pct,11,long,2024-07-08T18:00:00+00:00,2024-07-08T19:00:00+00:00,2024-07-09T08:00:00+00:00,2990.16,3092.975,take,0.03438444765497506,-5.681e-05,0.0016,0.032727637654975064,0.025788335741231235,1.2690868454395468
rolling_12m_3m,round_trip_0_16pct,11,long,2024-07-23T11:00:00+00:00,2024-07-23T12:00:00+00:00,2024-07-23T13:00:00+00:00,3514.54,3466.73375,stop,-0.013602420231381696,0.0,0.0016,-0.015202420231381696,0.013602420231381633,-1.117626126291023
rolling_12m_3m,round_trip_0_16pct,11,long,2024-07-30T12:00:00+00:00,2024-07-30T13:00:00+00:00,2024-07-30T14:00:00+00:00,3353.0,3309.2712500000002,stop,-0.01304167909334919,0.0,0.0016,-0.01464167909334919,0.013041679093349228,-1.1226835891718807
rolling_12m_3m,round_trip_0_16pct,11,long,2024-08-05T15:00:00+00:00,2024-08-05T16:00:00+00:00,2024-08-06T16:00:00+00:00,2448.96,2529.46,time,0.03287109630210372,0.00019819,0.0016,0.03146928630210372,0.06557783712269695,0.47987685600585295
rolling_12m_3m,round_trip_0_16pct,11,long,2024-08-12T10:00:00+00:00,2024-08-12T11:00:00+00:00,2024-08-12T14:00:00+00:00,2639.81,2713.01,take,0.027729268394316442,0.0,0.0016,0.02612926839431644,0.020796951295737207,1.2563989799635782
rolling_12m_3m,round_trip_0_16pct,11,long,2024-08-12T17:00:00+00:00,2024-08-12T18:00:00+00:00,2024-08-12T23:00:00+00:00,2654.13,2744.9875,take,0.03423249803136996,0.0,0.0016,0.032632498031369965,0.025674373523527493,1.2710143833292051
rolling_12m_3m,round_trip_0_16pct,11,long,2024-08-28T09:00:00+00:00,2024-08-28T10:00:00+00:00,2024-08-28T13:00:00+00:00,2539.54,2483.158125,stop,-0.022201609346574558,0.0,0.0016,-0.02380160934657456,0.02220160934657457,-1.0720668477236697
rolling_12m_3m,round_trip_0_16pct,11,long,2024-08-28T16:00:00+00:00,2024-08-28T17:00:00+00:00,2024-08-29T15:00:00+00:00,2513.35,2593.3508333333334,take,0.03183035921512456,-1.16e-05,0.0016,0.03021875921512456,0.02387276941134342,1.2658254555403936
rolling_12m_3m,round_trip_0_16pct,11,long,2024-08-31T09:00:00+00:00,2024-08-31T10:00:00+00:00,2024-09-01T02:00:00+00:00,2513.06,2480.8312499999997,stop,-0.012824504786992819,-0.0001231,0.0016,-0.014547604786992819,0.01282450478699278,-1.1343599638831814
rolling_12m_3m,round_trip_0_16pct,11,long,2024-09-07T07:00:00+00:00,2024-09-07T08:00:00+00:00,2024-09-08T08:00:00+00:00,2287.03,2295.4,time,0.003659768345845915,-0.00010567,0.0016,0.001954098345845915,0.021607445026956308,0.09043634466768675
rolling_12m_3m,round_trip_0_16pct,11,long,2024-09-20T16:00:00+00:00,2024-09-20T17:00:00+00:00,2024-09-21T17:00:00+00:00,2546.1,2568.59,time,0.008833117316680461,-0.00011200999999999999,0.0016,0.007121107316680462,0.014610335414948331,0.4874020420773239
rolling_12m_3m,round_trip_0_16pct,12,long,2024-10-08T21:00:00+00:00,2024-10-08T22:00:00+00:00,2024-10-09T18:00:00+00:00,2455.39,2420.2687499999997,stop,-0.014303735862734701,-0.0002364,0.0016,-0.0161401358627347,0.014303735862734616,-1.12838603967684
rolling_12m_3m,round_trip_0_16pct,12,long,2024-11-23T16:00:00+00:00,2024-11-23T17:00:00+00:00,2024-11-24T11:00:00+00:00,3416.36,3358.301875,stop,-0.016994147279560723,-0.00023721,0.0016,-0.018831357279560725,0.016994147279560674,-1.1081083957775106
rolling_12m_3m,round_trip_0_16pct,12,long,2024-11-25T20:00:00+00:00,2024-11-25T21:00:00+00:00,2024-11-25T21:00:00+00:00,3504.59,3428.0281250000003,stop,-0.021846171734782094,0.0,0.0016,-0.023446171734782095,0.021846171734782094,-1.0732393766479726
rolling_12m_3m,round_trip_0_16pct,12,long,2024-11-27T04:00:00+00:00,2024-11-27T05:00:00+00:00,2024-11-27T13:00:00+00:00,3403.71,3490.8166666666666,take,0.025591682801022086,-0.00020895,0.0016,0.023782732801022086,0.019193762100766495,1.2390865676131482
rolling_12m_3m,round_trip_0_16pct,12,long,2024-11-30T23:00:00+00:00,2024-12-01T00:00:00+00:00,2024-12-02T00:00:00+00:00,3705.74,3705.08,time,-0.0001781020794766608,-0.00040664,0.0016,-0.002184742079476661,0.01414343019208039,-0.15447045375880644
rolling_12m_3m,round_trip_0_16pct,12,long,2024-12-06T03:00:00+00:00,2024-12-06T04:00:00+00:00,2024-12-06T15:00:00+00:00,3909.83,4024.1191666666664,take,0.0292312368227432,-0.0002554,0.0016,0.0273758368227432,0.021923427617057515,1.2487024064359098
rolling_12m_3m,round_trip_0_16pct,12,long,2024-12-06T16:00:00+00:00,2024-12-06T17:00:00+00:00,2024-12-07T17:00:00+00:00,4006.72,3995.06,time,-0.002910111013497252,-0.00077988,0.0016,-0.005289991013497252,0.021671872504192956,-0.2440947828792262
rolling_12m_3m,round_trip_0_16pct,12,long,2024-12-20T16:00:00+00:00,2024-12-20T17:00:00+00:00,2024-12-21T17:00:00+00:00,3382.18,3381.29,time,-0.00026314388944403966,-0.00016352,0.0016,-0.00202666388944404,0.0414213244120656,-0.048928032075519386
rolling_12m_3m,round_trip_0_16pct,12,long,2024-12-23T03:00:00+00:00,2024-12-23T04:00:00+00:00,2024-12-23T06:00:00+00:00,3349.68,3278.21625,stop,-0.021334500609013318,0.0,0.0016,-0.02293450060901332,0.021334500609013367,-1.0749958965209614
rolling_12m_3m,round_trip_0_16pct,12,long,2024-12-23T11:00:00+00:00,2024-12-23T12:00:00+00:00,2024-12-23T21:00:00+00:00,3338.11,3432.909166666667,take,0.028399054155395342,0.0,0.0016,0.02679905415539534,0.021299290616546458,1.2582134606199684
rolling_12m_3m,round_trip_0_16pct,12,long,2024-12-24T03:00:00+00:00,2024-12-24T04:00:00+00:00,2024-12-24T15:00:00+00:00,3395.66,3489.7949999999996,take,0.02772215121655286,-8.121e-05,0.0016,0.026040941216552857,0.02079161341241465,1.2524733266252361
anchored_18m_6m,round_trip_0_05pct,1,long,2022-07-13T16:00:00+00:00,2022-07-13T17:00:00+00:00,2022-07-13T23:00:00+00:00,1072.66,1110.2516666666668,take,0.03504527685069525,0.0,0.0005,0.03454527685069525,0.026283957638021327,1.3143103229143631
anchored_18m_6m,round_trip_0_05pct,1,long,2022-07-21T16:00:00+00:00,2022-07-21T17:00:00+00:00,2022-07-22T08:00:00+00:00,1557.4,1619.5733333333333,take,0.03992123624844823,-0.0001,0.0005,0.03932123624844823,0.029940927186336178,1.3132938737579525
anchored_18m_6m,round_trip_0_05pct,1,long,2022-09-19T19:00:00+00:00,2022-09-19T20:00:00+00:00,2022-09-20T20:00:00+00:00,1361.46,1342.49,time,-0.013933571313149096,-2.77e-06,0.0005,-0.014436341313149095,0.027524220322301077,-0.5244959219227101
anchored_18m_6m,round_trip_0_05pct,1,long,2022-09-22T18:00:00+00:00,2022-09-22T19:00:00+00:00,2022-09-22T23:00:00+00:00,1302.13,1349.4825,take,0.03636541666346682,0.0,0.0005,0.03586541666346682,0.027274062497600084,1.3150008975238914
anchored_18m_6m,round_trip_0_05pct,1,long,2022-09-24T04:00:00+00:00,2022-09-24T05:00:00+00:00,2022-09-25T05:00:00+00:00,1327.37,1321.91,time,-0.004113397168837518,8.115e-05,0.0005,-0.004532247168837518,0.023078531230930375,-0.19638369199003866
anchored_18m_6m,round_trip_0_05pct,1,long,2022-09-28T15:00:00+00:00,2022-09-28T16:00:00+00:00,2022-09-29T13:00:00+00:00,1331.25,1300.189375,stop,-0.02333192488262914,-2.427000000000001e-05,0.0005,-0.02385619488262914,0.02333192488262912,-1.0224700706280065
anchored_18m_6m,round_trip_0_05pct,1,long,2022-11-08T16:00:00+00:00,2022-11-08T17:00:00+00:00,2022-11-08T17:00:00+00:00,1545.29,1500.5925,stop,-0.02892499142555771,0.0,0.0005,-0.02942499142555771,0.02892499142555765,-1.0172860898260552
anchored_18m_6m,round_trip_0_05pct,1,long,2022-11-10T08:00:00+00:00,2022-11-10T09:00:00+00:00,2022-11-10T13:00:00+00:00,1215.35,1310.0025,take,0.07788085736619088,0.0,0.0005,0.07738085736619088,0.05841064302464313,1.3247732495179743
anchored_18m_6m,round_trip_0_05pct,1,long,2022-11-11T23:00:00+00:00,2022-11-12T00:00:00+00:00,2022-11-12T05:00:00+00:00,1288.67,1238.113125,stop,-0.039231824283951666,0.0,0.0005,-0.03973182428395167,0.039231824283951694,-1.0127447552879794
anchored_18m_6m,round_trip_0_05pct,2,long,2023-03-23T14:00:00+00:00,2023-03-23T15:00:00+00:00,2023-03-23T15:00:00+00:00,1803.89,1843.069166666667,take,0.02171926595671958,0.0,0.0005,0.02121926595671958,0.016289449467539605,1.3026386188805057
anchored_18m_6m,round_trip_0_05pct,3,long,2023-07-01T12:00:00+00:00,2023-07-01T13:00:00+00:00,2023-07-02T13:00:00+00:00,1926.41,1915.17,time,-0.005834687319937082,-0.00030000000000000003,0.0005,-0.006634687319937082,0.014236650038153876,-0.4660286866753261
anchored_18m_6m,round_trip_0_05pct,3,long,2023-11-22T10:00:00+00:00,2023-11-22T11:00:00+00:00,2023-11-22T19:00:00+00:00,2025.11,2071.2541666666666,take,0.022786005040055457,-0.0001,0.0005,0.022186005040055457,0.017089503780041572,1.2982240634725726
anchored_18m_6m,round_trip_0_05pct,4,long,2024-01-09T22:00:00+00:00,2024-01-09T23:00:00+00:00,2024-01-10T00:00:00+00:00,2341.16,2399.3766666666666,take,0.024866590351221962,-0.0001,0.0005,0.024266590351221962,0.01864994276341639,1.3011616528294743
anchored_18m_6m,round_trip_0_05pct,4,long,2024-01-10T01:00:00+00:00,2024-01-10T02:00:00+00:00,2024-01-10T15:00:00+00:00,2377.11,2439.57,take,0.026275603569039685,-0.0001,0.0005,0.025675603569039685,0.01970670267677976,1.3028868395773296
anchored_18m_6m,round_trip_0_05pct,4,long,2024-01-10T16:00:00+00:00,2024-01-10T17:00:00+00:00,2024-01-10T20:00:00+00:00,2408.55,2490.8525,take,0.03417097423761173,0.0,0.0005,0.03367097423761173,0.02562823067820886,1.3138235979060953
anchored_18m_6m,round_trip_0_05pct,4,long,2024-01-12T13:00:00+00:00,2024-01-12T14:00:00+00:00,2024-01-12T16:00:00+00:00,2674.0,2621.7937500000003,stop,-0.019523653702318566,-0.0001,0.0005,-0.020123653702318566,0.019523653702318573,-1.0307319525918828
anchored_18m_6m,round_trip_0_05pct,4,long,2024-03-06T04:00:00+00:00,2024-03-06T05:00:00+00:00,2024-03-06T08:00:00+00:00,3652.93,3832.170833333333,take,0.04906768904231207,0.0,0.0005,0.04856768904231207,0.0368007667817341,1.319746659909772
anchored_18m_6m,round_trip_0_05pct,4,long,2024-03-06T12:00:00+00:00,2024-03-06T13:00:00+00:00,2024-03-07T13:00:00+00:00,3821.53,3810.23,time,-0.0029569308627697133,-0.00115379,0.0005,-0.004610720862769714,0.03978200485146,-0.11589966066279085
anchored_18m_6m,round_trip_0_05pct,4,long,2024-03-16T00:00:00+00:00,2024-03-16T01:00:00+00:00,2024-03-16T13:00:00+00:00,3763.27,3649.408125,stop,-0.030256100412673015,-0.0002749,0.0005,-0.031031000412673017,0.03025610041267301,-1.0256113639706006
anchored_18m_6m,round_trip_0_05pct,4,long,2024-03-20T17:00:00+00:00,2024-03-20T18:00:00+00:00,2024-03-20T20:00:00+00:00,3301.75,3454.423333333333,take,0.046240125186138625,0.0,0.0005,0.045740125186138625,0.034680093889604,1.3189158406474233
anchored_18m_6m,round_trip_0_05pct,4,long,2024-04-14T06:00:00+00:00,2024-04-14T07:00:00+00:00,2024-04-14T17:00:00+00:00,3089.89,2978.73125,stop,-0.03597498616455608,-0.0002,0.0005,-0.03667498616455608,0.03597498616455602,-1.019457964397766
anchored_18m_6m,round_trip_0_05pct,4,long,2024-04-14T18:00:00+00:00,2024-04-14T19:00:00+00:00,2024-04-15T06:00:00+00:00,3082.26,3246.3183333333336,take,0.05322663673192185,-0.0001,0.0005,0.05262663673192185,0.039919977548941346,1.3183032647601645
anchored_18m_6m,round_trip_0_05pct,4,long,2024-04-27T18:00:00+00:00,2024-04-27T19:00:00+00:00,2024-04-28T02:00:00+00:00,3255.18,3310.115,take,0.01687617889026094,-9.322e-05,0.0005,0.016282958890260938,0.012657134167695792,1.2864649038657714
anchored_18m_6m,round_trip_0_05pct,4,long,2024-05-01T18:00:00+00:00,2024-05-01T19:00:00+00:00,2024-05-01T19:00:00+00:00,2988.2,2921.6706249999997,stop,-0.02226403018539591,0.0,0.0005,-0.02276403018539591,0.02226403018539587,-1.0224577489266977
anchored_18m_6m,round_trip_0_05pct,4,long,2024-05-01T21:00:00+00:00,2024-05-01T22:00:00+00:00,2024-05-02T01:00:00+00:00,2966.4,2898.63625,stop,-0.022843766855447756,8.6e-07,0.0005,-0.023342906855447758,0.022843766855447655,-1.0218501617162614
anchored_18m_6m,round_trip_0_05pct,4,long,2024-05-21T23:00:00+00:00,2024-05-22T00:00:00+00:00,2024-05-22T11:00:00+00:00,3792.33,3715.689375,stop,-0.020209376557419834,-0.00027641000000000005,0.0005,-0.020985786557419835,0.020209376557419844,-1.0384183053739444
anchored_18m_6m,round_trip_0_05pct,4,long,2024-06-14T21:00:00+00:00,2024-06-14T22:00:00+00:00,2024-06-15T12:00:00+00:00,3503.04,3561.4816666666666,take,0.016683128558813598,-0.0002,0.0005,0.0159831285588136,0.012512346419110245,1.2773885907124813
anchored_18m_6m,round_trip_0_05pct,4,long,2024-06-15T13:00:00+00:00,2024-06-15T14:00:00+00:00,2024-06-16T14:00:00+00:00,3568.2,3578.26,time,0.0028193486912169163,-0.0002,0.0005,0.0021193486912169162,0.0131964295723334,0.16060015927794413
anchored_18m_6m,round_trip_0_05pct,4,long,2024-06-25T03:00:00+00:00,2024-06-25T04:00:00+00:00,2024-06-26T04:00:00+00:00,3370.38,3385.93,time,0.004613723081670296,-0.0002,0.0005,0.003913723081670296,0.01894574944071591,0.20657525815576325
anchored_18m_6m,round_trip_0_05pct,5,long,2024-07-05T15:00:00+00:00,2024-07-05T16:00:00+00:00,2024-07-06T16:00:00+00:00,2989.97,3049.64,time,0.019956721973799052,-0.00026374,0.0005,0.019192981973799053,0.02907596062836749,0.6600979489246429
anchored_18m_6m,round_trip_0_05pct,5,long,2024-07-08T10:00:00+00:00,2024-07-08T11:00:00+00:00,2024-07-08T14:00:00+00:00,3013.07,2953.0150000000003,stop,-0.01993149843846964,0.0,0.0005,-0.020431498438469642,0.019931498438469707,-1.0250859212388612
anchored_18m_6m,round_trip_0_05pct,5,long,2024-07-08T19:00:00+00:00,2024-07-08T20:00:00+00:00,2024-07-09T08:00:00+00:00,3003.18,3107.5575,take,0.03475565900145838,-5.681e-05,0.0005,0.034198849001458385,0.026066744251093836,1.3119723994692318
anchored_18m_6m,round_trip_0_05pct,5,long,2024-08-05T15:00:00+00:00,2024-08-05T16:00:00+00:00,2024-08-06T16:00:00+00:00,2448.96,2529.46,time,0.03287109630210372,0.00019819,0.0005,0.03256928630210372,0.06557783712269695,0.49665081574993364
anchored_18m_6m,round_trip_0_05pct,5,long,2024-08-12T10:00:00+00:00,2024-08-12T11:00:00+00:00,2024-08-12T14:00:00+00:00,2639.81,2713.01,take,0.027729268394316442,0.0,0.0005,0.02722926839431644,0.020796951295737207,1.3092913479052903
anchored_18m_6m,round_trip_0_05pct,5,long,2024-08-12T17:00:00+00:00,2024-08-12T18:00:00+00:00,2024-08-12T23:00:00+00:00,2654.13,2744.9875,take,0.03423249803136996,0.0,0.0005,0.03373249803136996,0.025674373523527493,1.3138586614570424
anchored_18m_6m,round_trip_0_05pct,5,long,2024-08-28T18:00:00+00:00,2024-08-28T19:00:00+00:00,2024-08-29T19:00:00+00:00,2531.99,2527.54,time,-0.0017575108906432435,-7.510000000000001e-06,0.0005,-0.0022650208906432436,0.02455504366130986,-0.09224259267810313
anchored_18m_6m,round_trip_0_05pct,5,long,2024-09-07T08:00:00+00:00,2024-09-07T09:00:00+00:00,2024-09-08T09:00:00+00:00,2295.01,2293.99,time,-0.00044444250787600836,-0.00011104,0.0005,-0.0010554825078760083,0.02167419749805007,-0.048697651111233316
anchored_18m_6m,round_trip_0_05pct,5,long,2024-11-25T20:00:00+00:00,2024-11-25T21:00:00+00:00,2024-11-25T21:00:00+00:00,3504.59,3428.0281250000003,stop,-0.021846171734782094,0.0,0.0005,-0.022346171734782094,0.021846171734782094,-1.0228873052024914
anchored_18m_6m,round_trip_0_05pct,5,long,2024-11-27T04:00:00+00:00,2024-11-27T05:00:00+00:00,2024-11-27T13:00:00+00:00,3403.71,3490.8166666666666,take,0.025591682801022086,-0.00020895,0.0005,0.024882732801022087,0.019193762100766495,1.2963968538522421
anchored_18m_6m,round_trip_0_05pct,5,long,2024-12-06T14:00:00+00:00,2024-12-06T15:00:00+00:00,2024-12-07T15:00:00+00:00,3987.88,4007.66,time,0.004960028887529111,-0.0008123900000000001,0.0005,0.0036476388875291113,0.02208347543055458,0.16517503773351985
anchored_18m_6m,round_trip_0_05pct,5,long,2024-12-20T16:00:00+00:00,2024-12-20T17:00:00+00:00,2024-12-21T17:00:00+00:00,3382.18,3381.29,time,-0.00026314388944403966,-0.00016352,0.0005,-0.0009266638894440397,0.0414213244120656,-0.022371662485377027
anchored_18m_6m,round_trip_0_05pct,5,long,2024-12-23T03:00:00+00:00,2024-12-23T04:00:00+00:00,2024-12-23T06:00:00+00:00,3349.68,3278.21625,stop,-0.021334500609013318,0.0,0.0005,-0.02183450060901332,0.021334500609013367,-1.023436217662799
anchored_18m_6m,round_trip_0_05pct,5,long,2024-12-23T11:00:00+00:00,2024-12-23T12:00:00+00:00,2024-12-23T21:00:00+00:00,3338.11,3432.909166666667,take,0.028399054155395342,0.0,0.0005,0.027899054155395342,0.021299290616546458,1.309858373110409
anchored_18m_6m,round_trip_0_05pct,5,long,2024-12-24T03:00:00+00:00,2024-12-24T04:00:00+00:00,2024-12-24T15:00:00+00:00,3395.66,3489.7949999999996,take,0.02772215121655286,-8.121e-05,0.0005,0.027140941216552857,0.02079161341241465,1.3053792737579004
anchored_18m_6m,round_trip_0_10pct,1,long,2022-07-13T16:00:00+00:00,2022-07-13T17:00:00+00:00,2022-07-13T23:00:00+00:00,1072.66,1110.2516666666668,take,0.03504527685069525,0.0,0.001,0.03404527685069525,0.026283957638021327,1.2952873124953872
anchored_18m_6m,round_trip_0_10pct,1,long,2022-07-21T16:00:00+00:00,2022-07-21T17:00:00+00:00,2022-07-22T08:00:00+00:00,1557.4,1619.5733333333333,take,0.03992123624844823,-0.0001,0.001,0.03882123624844823,0.029940927186336178,1.2965943241118019
anchored_18m_6m,round_trip_0_10pct,1,long,2022-09-19T19:00:00+00:00,2022-09-19T20:00:00+00:00,2022-09-20T20:00:00+00:00,1361.46,1342.49,time,-0.013933571313149096,-2.77e-06,0.001,-0.014936341313149096,0.027524220322301077,-0.5426617407595431
anchored_18m_6m,round_trip_0_10pct,1,long,2022-09-22T18:00:00+00:00,2022-09-22T19:00:00+00:00,2022-09-22T23:00:00+00:00,1302.13,1349.4825,take,0.03636541666346682,0.0,0.001,0.03536541666346682,0.027274062497600084,1.2966684617144482
anchored_18m_6m,round_trip_0_10pct,1,long,2022-09-24T04:00:00+00:00,2022-09-24T05:00:00+00:00,2022-09-25T05:00:00+00:00,1327.37,1321.91,time,-0.004113397168837518,8.115e-05,0.001,-0.005032247168837518,0.023078531230930375,-0.21804884888398726
anchored_18m_6m,round_trip_0_10pct,1,long,2022-09-28T15:00:00+00:00,2022-09-28T16:00:00+00:00,2022-09-29T13:00:00+00:00,1331.25,1300.189375,stop,-0.02333192488262914,-2.427000000000001e-05,0.001,-0.02435619488262914,0.02333192488262912,-1.0438999356097962
anchored_18m_6m,round_trip_0_10pct,1,long,2022-11-08T16:00:00+00:00,2022-11-08T17:00:00+00:00,2022-11-08T17:00:00+00:00,1545.29,1500.5925,stop,-0.02892499142555771,0.0,0.001,-0.029924991425557712,0.02892499142555765,-1.0345721796521081
anchored_18m_6m,round_trip_0_10pct,1,long,2022-11-10T08:00:00+00:00,2022-11-10T09:00:00+00:00,2022-11-10T13:00:00+00:00,1215.35,1310.0025,take,0.07788085736619088,0.0,0.001,0.07688085736619088,0.05841064302464313,1.3162131657026146
anchored_18m_6m,round_trip_0_10pct,1,long,2022-11-11T23:00:00+00:00,2022-11-12T00:00:00+00:00,2022-11-12T05:00:00+00:00,1288.67,1238.113125,stop,-0.039231824283951666,0.0,0.001,-0.04023182428395167,0.039231824283951694,-1.0254895105759596
anchored_18m_6m,round_trip_0_10pct,2,long,2023-03-23T14:00:00+00:00,2023-03-23T15:00:00+00:00,2023-03-23T15:00:00+00:00,1803.89,1843.069166666667,take,0.02171926595671958,0.0,0.001,0.02071926595671958,0.016289449467539605,1.2719439044276715
anchored_18m_6m,round_trip_0_10pct,3,long,2023-07-01T12:00:00+00:00,2023-07-01T13:00:00+00:00,2023-07-02T13:00:00+00:00,1926.41,1915.17,time,-0.005834687319937082,-0.00030000000000000003,0.001,-0.007134687319937082,0.014236650038153876,-0.5011493083566916
anchored_18m_6m,round_trip_0_10pct,3,long,2023-11-22T10:00:00+00:00,2023-11-22T11:00:00+00:00,2023-11-22T19:00:00+00:00,2025.11,2071.2541666666666,take,0.022786005040055457,-0.0001,0.001,0.021686005040055457,0.017089503780041572,1.2689663385886036
anchored_18m_6m,round_trip_0_10pct,4,long,2024-01-09T22:00:00+00:00,2024-01-09T23:00:00+00:00,2024-01-10T00:00:00+00:00,2341.16,2399.3766666666666,take,0.024866590351221962,-0.0001,0.001,0.023766590351221962,0.01864994276341639,1.2743519190762536
anchored_18m_6m,round_trip_0_10pct,4,long,2024-01-10T01:00:00+00:00,2024-01-10T02:00:00+00:00,2024-01-10T15:00:00+00:00,2377.11,2439.57,take,0.026275603569039685,-0.0001,0.001,0.025175603569039685,0.01970670267677976,1.2775147614473263
anchored_18m_6m,round_trip_0_10pct,4,long,2024-01-10T16:00:00+00:00,2024-01-10T17:00:00+00:00,2024-01-10T20:00:00+00:00,2408.55,2490.8525,take,0.03417097423761173,0.0,0.001,0.03317097423761173,0.02562823067820886,1.2943138624788602
anchored_18m_6m,round_trip_0_10pct,4,long,2024-01-12T13:00:00+00:00,2024-01-12T14:00:00+00:00,2024-01-12T16:00:00+00:00,2674.0,2621.7937500000003,stop,-0.019523653702318566,-0.0001,0.001,-0.020623653702318567,0.019523653702318573,-1.0563419130851188
anchored_18m_6m,round_trip_0_10pct,4,long,2024-03-06T04:00:00+00:00,2024-03-06T05:00:00+00:00,2024-03-06T08:00:00+00:00,3652.93,3832.170833333333,take,0.04906768904231207,0.0,0.001,0.04806768904231207,0.0368007667817341,1.3061599864862123
anchored_18m_6m,round_trip_0_10pct,4,long,2024-03-06T12:00:00+00:00,2024-03-06T13:00:00+00:00,2024-03-07T13:00:00+00:00,3821.53,3810.23,time,-0.0029569308627697133,-0.00115379,0.001,-0.005110720862769713,0.03978200485146,-0.12846815744586965
anchored_18m_6m,round_trip_0_10pct,4,long,2024-03-16T00:00:00+00:00,2024-03-16T01:00:00+00:00,2024-03-16T13:00:00+00:00,3763.27,3649.408125,stop,-0.030256100412673015,-0.0002749,0.001,-0.03153100041267302,0.03025610041267301,-1.0421369569313699
anchored_18m_6m,round_trip_0_10pct,4,long,2024-03-20T17:00:00+00:00,2024-03-20T18:00:00+00:00,2024-03-20T20:00:00+00:00,3301.75,3454.423333333333,take,0.046240125186138625,0.0,0.001,0.045240125186138624,0.034680093889604,1.3044983479615144
anchored_18m_6m,round_trip_0_10pct,4,long,2024-04-14T06:00:00+00:00,2024-04-14T07:00:00+00:00,2024-04-14T17:00:00+00:00,3089.89,2978.73125,stop,-0.03597498616455608,-0.0002,0.001,-0.03717498616455608,0.03597498616455602,-1.0333565103961693
anchored_18m_6m,round_trip_0_10pct,4,long,2024-04-14T18:00:00+00:00,2024-04-14T19:00:00+00:00,2024-04-15T06:00:00+00:00,3082.26,3246.3183333333336,take,0.05322663673192185,-0.0001,0.001,0.05212663673192185,0.039919977548941346,1.3057782076158562
anchored_18m_6m,round_trip_0_10pct,4,long,2024-04-27T18:00:00+00:00,2024-04-27T19:00:00+00:00,2024-04-28T02:00:00+00:00,3255.18,3310.115,take,0.01687617889026094,-9.322e-05,0.001,0.015782958890260938,0.012657134167695792,1.2469614907411697
anchored_18m_6m,round_trip_0_10pct,4,long,2024-05-01T18:00:00+00:00,2024-05-01T19:00:00+00:00,2024-05-01T19:00:00+00:00,2988.2,2921.6706249999997,stop,-0.02226403018539591,0.0,0.001,-0.023264030185395912,0.02226403018539587,-1.0449154978533939
anchored_18m_6m,round_trip_0_10pct,4,long,2024-05-01T21:00:00+00:00,2024-05-01T22:00:00+00:00,2024-05-02T01:00:00+00:00,2966.4,2898.63625,stop,-0.022843766855447756,8.6e-07,0.001,-0.02384290685544776,0.022843766855447655,-1.0437379704635636
anchored_18m_6m,round_trip_0_10pct,4,long,2024-05-21T23:00:00+00:00,2024-05-22T00:00:00+00:00,2024-05-22T11:00:00+00:00,3792.33,3715.689375,stop,-0.020209376557419834,-0.00027641000000000005,0.001,-0.021485786557419836,0.020209376557419844,-1.0631592961996326
anchored_18m_6m,round_trip_0_10pct,4,long,2024-06-14T21:00:00+00:00,2024-06-14T22:00:00+00:00,2024-06-15T12:00:00+00:00,3503.04,3561.4816666666666,take,0.016683128558813598,-0.0002,0.001,0.015483128558813598,0.012512346419110245,1.237428060269019
anchored_18m_6m,round_trip_0_10pct,4,long,2024-06-15T13:00:00+00:00,2024-06-15T14:00:00+00:00,2024-06-16T14:00:00+00:00,3568.2,3578.26,time,0.0028193486912169163,-0.0002,0.001,0.0016193486912169162,0.0131964295723334,0.12271112290948119
anchored_18m_6m,round_trip_0_10pct,4,long,2024-06-25T03:00:00+00:00,2024-06-25T04:00:00+00:00,2024-06-26T04:00:00+00:00,3370.38,3385.93,time,0.004613723081670296,-0.0002,0.001,0.003413723081670296,0.01894574944071591,0.18018411424432415
anchored_18m_6m,round_trip_0_10pct,5,long,2024-07-05T15:00:00+00:00,2024-07-05T16:00:00+00:00,2024-07-06T16:00:00+00:00,2989.97,3049.64,time,0.019956721973799052,-0.00026374,0.001,0.018692981973799053,0.02907596062836749,0.6429016125287206
anchored_18m_6m,round_trip_0_10pct,5,long,2024-07-08T10:00:00+00:00,2024-07-08T11:00:00+00:00,2024-07-08T14:00:00+00:00,3013.07,2953.0150000000003,stop,-0.01993149843846964,0.0,0.001,-0.020931498438469642,0.019931498438469707,-1.0501718424777255
anchored_18m_6m,round_trip_0_10pct,5,long,2024-07-08T19:00:00+00:00,2024-07-08T20:00:00+00:00,2024-07-09T08:00:00+00:00,3003.18,3107.5575,take,0.03475565900145838,-5.681e-05,0.001,0.033698849001458385,0.026066744251093836,1.2927908708830902
anchored_18m_6m,round_trip_0_10pct,5,long,2024-08-05T15:00:00+00:00,2024-08-05T16:00:00+00:00,2024-08-06T16:00:00+00:00,2448.96,2529.46,time,0.03287109630210372,0.00019819,0.001,0.03206928630210372,0.06557783712269695,0.4890262885935333
anchored_18m_6m,round_trip_0_10pct,5,long,2024-08-12T10:00:00+00:00,2024-08-12T11:00:00+00:00,2024-08-12T14:00:00+00:00,2639.81,2713.01,take,0.027729268394316442,0.0,0.001,0.02672926839431644,0.020796951295737207,1.2852493624772394
anchored_18m_6m,round_trip_0_10pct,5,long,2024-08-12T17:00:00+00:00,2024-08-12T18:00:00+00:00,2024-08-12T23:00:00+00:00,2654.13,2744.9875,take,0.03423249803136996,0.0,0.001,0.03323249803136996,0.025674373523527493,1.2943839895807527
anchored_18m_6m,round_trip_0_10pct,5,long,2024-08-28T18:00:00+00:00,2024-08-28T19:00:00+00:00,2024-08-29T19:00:00+00:00,2531.99,2527.54,time,-0.0017575108906432435,-7.510000000000001e-06,0.001,-0.0027650208906432436,0.02455504366130986,-0.11260500811081624
anchored_18m_6m,round_trip_0_10pct,5,long,2024-09-07T08:00:00+00:00,2024-09-07T09:00:00+00:00,2024-09-08T09:00:00+00:00,2295.01,2293.99,time,-0.00044444250787600836,-0.00011104,0.001,-0.0015554825078760084,0.02167419749805007,-0.07176655597126252
anchored_18m_6m,round_trip_0_10pct,5,long,2024-11-25T20:00:00+00:00,2024-11-25T21:00:00+00:00,2024-11-25T21:00:00+00:00,3504.59,3428.0281250000003,stop,-0.021846171734782094,0.0,0.001,-0.022846171734782095,0.021846171734782094,-1.045774610404983
anchored_18m_6m,round_trip_0_10pct,5,long,2024-11-27T04:00:00+00:00,2024-11-27T05:00:00+00:00,2024-11-27T13:00:00+00:00,3403.71,3490.8166666666666,take,0.025591682801022086,-0.00020895,0.001,0.024382732801022086,0.019193762100766495,1.270346723743563
anchored_18m_6m,round_trip_0_10pct,5,long,2024-12-06T14:00:00+00:00,2024-12-06T15:00:00+00:00,2024-12-07T15:00:00+00:00,3987.88,4007.66,time,0.004960028887529111,-0.0008123900000000001,0.001,0.0031476388875291113,0.02208347543055458,0.14253367398747638
anchored_18m_6m,round_trip_0_10pct,5,long,2024-12-20T16:00:00+00:00,2024-12-20T17:00:00+00:00,2024-12-21T17:00:00+00:00,3382.18,3381.29,time,-0.00026314388944403966,-0.00016352,0.001,-0.0014266638894440396,0.0414213244120656,-0.03444273957180537
anchored_18m_6m,round_trip_0_10pct,5,long,2024-12-23T03:00:00+00:00,2024-12-23T04:00:00+00:00,2024-12-23T06:00:00+00:00,3349.68,3278.21625,stop,-0.021334500609013318,0.0,0.001,-0.02233450060901332,0.021334500609013367,-1.0468724353256
anchored_18m_6m,round_trip_0_10pct,5,long,2024-12-23T11:00:00+00:00,2024-12-23T12:00:00+00:00,2024-12-23T21:00:00+00:00,3338.11,3432.909166666667,take,0.028399054155395342,0.0,0.001,0.02739905415539534,0.021299290616546458,1.2863834128874814
anchored_18m_6m,round_trip_0_10pct,5,long,2024-12-24T03:00:00+00:00,2024-12-24T04:00:00+00:00,2024-12-24T15:00:00+00:00,3395.66,3489.7949999999996,take,0.02772215121655286,-8.121e-05,0.001,0.026640941216552857,0.02079161341241465,1.2813311159703258
anchored_18m_6m,round_trip_0_12pct,1,long,2022-07-13T16:00:00+00:00,2022-07-13T17:00:00+00:00,2022-07-13T23:00:00+00:00,1072.66,1110.2516666666668,take,0.03504527685069525,0.0,0.0012,0.03384527685069525,0.026283957638021327,1.2876781083277968
anchored_18m_6m,round_trip_0_12pct,1,long,2022-07-21T16:00:00+00:00,2022-07-21T17:00:00+00:00,2022-07-22T08:00:00+00:00,1557.4,1619.5733333333333,take,0.03992123624844823,-0.0001,0.0012,0.03862123624844823,0.029940927186336178,1.2899145042533415
anchored_18m_6m,round_trip_0_12pct,1,long,2022-09-19T19:00:00+00:00,2022-09-19T20:00:00+00:00,2022-09-20T20:00:00+00:00,1361.46,1342.49,time,-0.013933571313149096,-2.77e-06,0.0012,-0.015136341313149095,0.027524220322301077,-0.5499280682942763
anchored_18m_6m,round_trip_0_12pct,1,long,2022-09-22T18:00:00+00:00,2022-09-22T19:00:00+00:00,2022-09-22T23:00:00+00:00,1302.13,1349.4825,take,0.03636541666346682,0.0,0.0012,0.03516541666346682,0.027274062497600084,1.2893354873906708
anchored_18m_6m,round_trip_0_12pct,1,long,2022-09-24T04:00:00+00:00,2022-09-24T05:00:00+00:00,2022-09-25T05:00:00+00:00,1327.37,1321.91,time,-0.004113397168837518,8.115e-05,0.0012,-0.0052322471688375175,0.023078531230930375,-0.2267149116415667
anchored_18m_6m,round_trip_0_12pct,1,long,2022-09-28T15:00:00+00:00,2022-09-28T16:00:00+00:00,2022-09-29T13:00:00+00:00,1331.25,1300.189375,stop,-0.02333192488262914,-2.427000000000001e-05,0.0012,-0.02455619488262914,0.02333192488262912,-1.052471881602512
anchored_18m_6m,round_trip_0_12pct,1,long,2022-11-08T16:00:00+00:00,2022-11-08T17:00:00+00:00,2022-11-08T17:00:00+00:00,1545.29,1500.5925,stop,-0.02892499142555771,0.0,0.0012,-0.03012499142555771,0.02892499142555765,-1.041486615582529
anchored_18m_6m,round_trip_0_12pct,1,long,2022-11-10T08:00:00+00:00,2022-11-10T09:00:00+00:00,2022-11-10T13:00:00+00:00,1215.35,1310.0025,take,0.07788085736619088,0.0,0.0012,0.07668085736619087,0.05841064302464313,1.3127891321764706
anchored_18m_6m,round_trip_0_12pct,1,long,2022-11-11T23:00:00+00:00,2022-11-12T00:00:00+00:00,2022-11-12T05:00:00+00:00,1288.67,1238.113125,stop,-0.039231824283951666,0.0,0.0012,-0.040431824283951666,0.039231824283951694,-1.0305874126911516
anchored_18m_6m,round_trip_0_12pct,2,long,2023-03-23T14:00:00+00:00,2023-03-23T15:00:00+00:00,2023-03-23T15:00:00+00:00,1803.89,1843.069166666667,take,0.02171926595671958,0.0,0.0012,0.02051926595671958,0.016289449467539605,1.2596660186465378
anchored_18m_6m,round_trip_0_12pct,3,long,2023-07-01T12:00:00+00:00,2023-07-01T13:00:00+00:00,2023-07-02T13:00:00+00:00,1926.41,1915.17,time,-0.005834687319937082,-0.00030000000000000003,0.0012,-0.0073346873199370815,0.014236650038153876,-0.5151975570292378
anchored_18m_6m,round_trip_0_12pct,3,long,2023-11-22T10:00:00+00:00,2023-11-22T11:00:00+00:00,2023-11-22T19:00:00+00:00,2025.11,2071.2541666666666,take,0.022786005040055457,-0.0001,0.0012,0.021486005040055458,0.017089503780041572,1.2572632486350164
anchored_18m_6m,round_trip_0_12pct,4,long,2024-01-09T22:00:00+00:00,2024-01-09T23:00:00+00:00,2024-01-10T00:00:00+00:00,2341.16,2399.3766666666666,take,0.024866590351221962,-0.0001,0.0012,0.023566590351221963,0.01864994276341639,1.2636280255749652
anchored_18m_6m,round_trip_0_12pct,4,long,2024-01-10T01:00:00+00:00,2024-01-10T02:00:00+00:00,2024-01-10T15:00:00+00:00,2377.11,2439.57,take,0.026275603569039685,-0.0001,0.0012,0.024975603569039686,0.01970670267677976,1.2673659301953253
anchored_18m_6m,round_trip_0_12pct,4,long,2024-01-10T16:00:00+00:00,2024-01-10T17:00:00+00:00,2024-01-10T20:00:00+00:00,2408.55,2490.8525,take,0.03417097423761173,0.0,0.0012,0.03297097423761173,0.02562823067820886,1.2865099683079664
anchored_18m_6m,round_trip_0_12pct,4,long,2024-01-12T13:00:00+00:00,2024-01-12T14:00:00+00:00,2024-01-12T16:00:00+00:00,2674.0,2621.7937500000003,stop,-0.019523653702318566,-0.0001,0.0012,-0.020823653702318565,0.019523653702318573,-1.0665858972824134
anchored_18m_6m,round_trip_0_12pct,4,long,2024-03-06T04:00:00+00:00,2024-03-06T05:00:00+00:00,2024-03-06T08:00:00+00:00,3652.93,3832.170833333333,take,0.04906768904231207,0.0,0.0012,0.04786768904231207,0.0368007667817341,1.3007253171167887
anchored_18m_6m,round_trip_0_12pct,4,long,2024-03-06T12:00:00+00:00,2024-03-06T13:00:00+00:00,2024-03-07T13:00:00+00:00,3821.53,3810.23,time,-0.0029569308627697133,-0.00115379,0.0012,-0.005310720862769713,0.03978200485146,-0.13349555615910114
anchored_18m_6m,round_trip_0_12pct,4,long,2024-03-16T00:00:00+00:00,2024-03-16T01:00:00+00:00,2024-03-16T13:00:00+00:00,3763.27,3649.408125,stop,-0.030256100412673015,-0.0002749,0.0012,-0.031731000412673016,0.03025610041267301,-1.0487471941156776
anchored_18m_6m,round_trip_0_12pct,4,long,2024-03-20T17:00:00+00:00,2024-03-20T18:00:00+00:00,2024-03-20T20:00:00+00:00,3301.75,3454.423333333333,take,0.046240125186138625,0.0,0.0012,0.045040125186138626,0.034680093889604,1.298731350887151
anchored_18m_6m,round_trip_0_12pct,4,long,2024-04-14T06:00:00+00:00,2024-04-14T07:00:00+00:00,2024-04-14T17:00:00+00:00,3089.89,2978.73125,stop,-0.03597498616455608,-0.0002,0.0012,-0.037374986164556076,0.03597498616455602,-1.0389159287955305
anchored_18m_6m,round_trip_0_12pct,4,long,2024-04-14T18:00:00+00:00,2024-04-14T19:00:00+00:00,2024-04-15T06:00:00+00:00,3082.26,3246.3183333333336,take,0.05322663673192185,-0.0001,0.0012,0.05192663673192185,0.039919977548941346,1.3007681847581327
anchored_18m_6m,round_trip_0_12pct,4,long,2024-04-27T18:00:00+00:00,2024-04-27T19:00:00+00:00,2024-04-28T02:00:00+00:00,3255.18,3310.115,take,0.01687617889026094,-9.322e-05,0.0012,0.015582958890260939,0.012657134167695792,1.231160125491329
anchored_18m_6m,round_trip_0_12pct,4,long,2024-05-01T18:00:00+00:00,2024-05-01T19:00:00+00:00,2024-05-01T19:00:00+00:00,2988.2,2921.6706249999997,stop,-0.02226403018539591,0.0,0.0012,-0.02346403018539591,0.02226403018539587,-1.053898597424072
anchored_18m_6m,round_trip_0_12pct,4,long,2024-05-01T21:00:00+00:00,2024-05-01T22:00:00+00:00,2024-05-02T01:00:00+00:00,2966.4,2898.63625,stop,-0.022843766855447756,8.6e-07,0.0012,-0.024042906855447757,0.022843766855447655,-1.0524930939624844
anchored_18m_6m,round_trip_0_12pct,4,long,2024-05-21T23:00:00+00:00,2024-05-22T00:00:00+00:00,2024-05-22T11:00:00+00:00,3792.33,3715.689375,stop,-0.020209376557419834,-0.00027641000000000005,0.0012,-0.021685786557419835,0.020209376557419844,-1.0730556925299077
anchored_18m_6m,round_trip_0_12pct,4,long,2024-06-14T21:00:00+00:00,2024-06-14T22:00:00+00:00,2024-06-15T12:00:00+00:00,3503.04,3561.4816666666666,take,0.016683128558813598,-0.0002,0.0012,0.0152831285588136,0.012512346419110245,1.2214438480916343
anchored_18m_6m,round_trip_0_12pct,4,long,2024-06-15T13:00:00+00:00,2024-06-15T14:00:00+00:00,2024-06-16T14:00:00+00:00,3568.2,3578.26,time,0.0028193486912169163,-0.0002,0.0012,0.0014193486912169164,0.0131964295723334,0.10755550836209603
anchored_18m_6m,round_trip_0_12pct,4,long,2024-06-25T03:00:00+00:00,2024-06-25T04:00:00+00:00,2024-06-26T04:00:00+00:00,3370.38,3385.93,time,0.004613723081670296,-0.0002,0.0012,0.0032137230816702963,0.01894574944071591,0.16962765667974855
anchored_18m_6m,round_trip_0_12pct,5,long,2024-07-05T15:00:00+00:00,2024-07-05T16:00:00+00:00,2024-07-06T16:00:00+00:00,2989.97,3049.64,time,0.019956721973799052,-0.00026374,0.0012,0.018492981973799054,0.02907596062836749,0.6360230779703517
anchored_18m_6m,round_trip_0_12pct,5,long,2024-07-08T10:00:00+00:00,2024-07-08T11:00:00+00:00,2024-07-08T14:00:00+00:00,3013.07,2953.0150000000003,stop,-0.01993149843846964,0.0,0.0012,-0.02113149843846964,0.019931498438469707,-1.0602062109732713
anchored_18m_6m,round_trip_0_12pct,5,long,2024-07-08T19:00:00+00:00,2024-07-08T20:00:00+00:00,2024-07-09T08:00:00+00:00,3003.18,3107.5575,take,0.03475565900145838,-5.681e-05,0.0012,0.033498849001458386,0.026066744251093836,1.2851182594486337
anchored_18m_6m,round_trip_0_12pct,5,long,2024-08-05T15:00:00+00:00,2024-08-05T16:00:00+00:00,2024-08-06T16:00:00+00:00,2448.96,2529.46,time,0.03287109630210372,0.00019819,0.0012,0.03186928630210372,0.06557783712269695,0.4859764777309732
anchored_18m_6m,round_trip_0_12pct,5,long,2024-08-12T10:00:00+00:00,2024-08-12T11:00:00+00:00,2024-08-12T14:00:00+00:00,2639.81,2713.01,take,0.027729268394316442,0.0,0.0012,0.026529268394316442,0.020796951295737207,1.275632568306019
anchored_18m_6m,round_trip_0_12pct,5,long,2024-08-12T17:00:00+00:00,2024-08-12T18:00:00+00:00,2024-08-12T23:00:00+00:00,2654.13,2744.9875,take,0.03423249803136996,0.0,0.0012,0.03303249803136996,0.025674373523527493,1.2865941208302367
anchored_18m_6m,round_trip_0_12pct,5,long,2024-08-28T18:00:00+00:00,2024-08-28T19:00:00+00:00,2024-08-29T19:00:00+00:00,2531.99,2527.54,time,-0.0017575108906432435,-7.510000000000001e-06,0.0012,-0.0029650208906432437,0.02455504366130986,-0.12074997428390148
anchored_18m_6m,round_trip_0_12pct,5,long,2024-09-07T08:00:00+00:00,2024-09-07T09:00:00+00:00,2024-09-08T09:00:00+00:00,2295.01,2293.99,time,-0.00044444250787600836,-0.00011104,0.0012,-0.0017554825078760082,0.02167419749805007,-0.0809941179152742
anchored_18m_6m,round_trip_0_12pct,5,long,2024-11-25T20:00:00+00:00,2024-11-25T21:00:00+00:00,2024-11-25T21:00:00+00:00,3504.59,3428.0281250000003,stop,-0.021846171734782094,0.0,0.0012,-0.023046171734782094,0.021846171734782094,-1.0549295324859795
anchored_18m_6m,round_trip_0_12pct,5,long,2024-11-27T04:00:00+00:00,2024-11-27T05:00:00+00:00,2024-11-27T13:00:00+00:00,3403.71,3490.8166666666666,take,0.025591682801022086,-0.00020895,0.0012,0.024182732801022087,0.019193762100766495,1.2599266717000914
anchored_18m_6m,round_trip_0_12pct,5,long,2024-12-06T14:00:00+00:00,2024-12-06T15:00:00+00:00,2024-12-07T15:00:00+00:00,3987.88,4007.66,time,0.004960028887529111,-0.0008123900000000001,0.0012,0.0029476388875291117,0.02208347543055458,0.13347712848905902
anchored_18m_6m,round_trip_0_12pct,5,long,2024-12-20T16:00:00+00:00,2024-12-20T17:00:00+00:00,2024-12-21T17:00:00+00:00,3382.18,3381.29,time,-0.00026314388944403966,-0.00016352,0.0012,-0.0016266638894440397,0.0414213244120656,-0.03927117040637671
anchored_18m_6m,round_trip_0_12pct,5,long,2024-12-23T03:00:00+00:00,2024-12-23T04:00:00+00:00,2024-12-23T06:00:00+00:00,3349.68,3278.21625,stop,-0.021334500609013318,0.0,0.0012,-0.022534500609013318,0.021334500609013367,-1.0562469223907203
anchored_18m_6m,round_trip_0_12pct,5,long,2024-12-23T11:00:00+00:00,2024-12-23T12:00:00+00:00,2024-12-23T21:00:00+00:00,3338.11,3432.909166666667,take,0.028399054155395342,0.0,0.0012,0.027199054155395343,0.021299290616546458,1.2769934287983105
anchored_18m_6m,round_trip_0_12pct,5,long,2024-12-24T03:00:00+00:00,2024-12-24T04:00:00+00:00,2024-12-24T15:00:00+00:00,3395.66,3489.7949999999996,take,0.02772215121655286,-8.121e-05,0.0012,0.026440941216552858,0.02079161341241465,1.271711852855296
anchored_18m_6m,round_trip_0_16pct,1,long,2022-07-13T16:00:00+00:00,2022-07-13T17:00:00+00:00,2022-07-13T23:00:00+00:00,1072.66,1110.2516666666668,take,0.03504527685069525,0.0,0.0016,0.03344527685069525,0.026283957638021327,1.2724596999926163
anchored_18m_6m,round_trip_0_16pct,1,long,2022-07-21T16:00:00+00:00,2022-07-21T17:00:00+00:00,2022-07-22T08:00:00+00:00,1557.4,1619.5733333333333,take,0.03992123624844823,-0.0001,0.0016,0.03822123624844823,0.029940927186336178,1.2765548645364213
anchored_18m_6m,round_trip_0_16pct,1,long,2022-09-19T19:00:00+00:00,2022-09-19T20:00:00+00:00,2022-09-20T20:00:00+00:00,1361.46,1342.49,time,-0.013933571313149096,-2.77e-06,0.0016,-0.015536341313149096,0.027524220322301077,-0.5644607233637428
anchored_18m_6m,round_trip_0_16pct,1,long,2022-09-22T18:00:00+00:00,2022-09-22T19:00:00+00:00,2022-09-22T23:00:00+00:00,1302.13,1349.4825,take,0.03636541666346682,0.0,0.0016,0.034765416663466824,0.027274062497600084,1.2746695387431162
anchored_18m_6m,round_trip_0_16pct,1,long,2022-09-24T04:00:00+00:00,2022-09-24T05:00:00+00:00,2022-09-25T05:00:00+00:00,1327.37,1321.91,time,-0.004113397168837518,8.115e-05,0.0016,-0.005632247168837518,0.023078531230930375,-0.24404703715672563
anchored_18m_6m,round_trip_0_16pct,1,long,2022-09-28T15:00:00+00:00,2022-09-28T16:00:00+00:00,2022-09-29T13:00:00+00:00,1331.25,1300.189375,stop,-0.02333192488262914,-2.427000000000001e-05,0.0016,-0.02495619488262914,0.02333192488262912,-1.069615773587944
anchored_18m_6m,round_trip_0_16pct,1,long,2022-11-08T16:00:00+00:00,2022-11-08T17:00:00+00:00,2022-11-08T17:00:00+00:00,1545.29,1500.5925,stop,-0.02892499142555771,0.0,0.0016,-0.030524991425557712,0.02892499142555765,-1.0553154874433714
anchored_18m_6m,round_trip_0_16pct,1,long,2022-11-10T08:00:00+00:00,2022-11-10T09:00:00+00:00,2022-11-10T13:00:00+00:00,1215.35,1310.0025,take,0.07788085736619088,0.0,0.0016,0.07628085736619088,0.05841064302464313,1.305941065124183
anchored_18m_6m,round_trip_0_16pct,1,long,2022-11-11T23:00:00+00:00,2022-11-12T00:00:00+00:00,2022-11-12T05:00:00+00:00,1288.67,1238.113125,stop,-0.039231824283951666,0.0,0.0016,-0.04083182428395166,0.039231824283951694,-1.0407832169215356
anchored_18m_6m,round_trip_0_16pct,2,long,2023-03-23T14:00:00+00:00,2023-03-23T15:00:00+00:00,2023-03-23T15:00:00+00:00,1803.89,1843.069166666667,take,0.02171926595671958,0.0,0.0016,0.02011926595671958,0.016289449467539605,1.2351102470842705
anchored_18m_6m,round_trip_0_16pct,3,long,2023-07-01T12:00:00+00:00,2023-07-01T13:00:00+00:00,2023-07-02T13:00:00+00:00,1926.41,1915.17,time,-0.005834687319937082,-0.00030000000000000003,0.0016,-0.007734687319937082,0.014236650038153876,-0.5432940543743302
anchored_18m_6m,round_trip_0_16pct,3,long,2023-11-22T10:00:00+00:00,2023-11-22T11:00:00+00:00,2023-11-22T19:00:00+00:00,2025.11,2071.2541666666666,take,0.022786005040055457,-0.0001,0.0016,0.021086005040055457,0.017089503780041572,1.2338570687278412
anchored_18m_6m,round_trip_0_16pct,4,long,2024-01-09T22:00:00+00:00,2024-01-09T23:00:00+00:00,2024-01-10T00:00:00+00:00,2341.16,2399.3766666666666,take,0.024866590351221962,-0.0001,0.0016,0.023166590351221962,0.01864994276341639,1.2421802385723886
anchored_18m_6m,round_trip_0_16pct,4,long,2024-01-10T01:00:00+00:00,2024-01-10T02:00:00+00:00,2024-01-10T15:00:00+00:00,2377.11,2439.57,take,0.026275603569039685,-0.0001,0.0016,0.024575603569039685,0.01970670267677976,1.2470682676913225
anchored_18m_6m,round_trip_0_16pct,4,long,2024-01-10T16:00:00+00:00,2024-01-10T17:00:00+00:00,2024-01-10T20:00:00+00:00,2408.55,2490.8525,take,0.03417097423761173,0.0,0.0016,0.03257097423761173,0.02562823067820886,1.2709021799661784
anchored_18m_6m,round_trip_0_16pct,4,long,2024-01-12T13:00:00+00:00,2024-01-12T14:00:00+00:00,2024-01-12T16:00:00+00:00,2674.0,2621.7937500000003,stop,-0.019523653702318566,-0.0001,0.0016,-0.021223653702318566,0.019523653702318573,-1.0870738656770023
anchored_18m_6m,round_trip_0_16pct,4,long,2024-03-06T04:00:00+00:00,2024-03-06T05:00:00+00:00,2024-03-06T08:00:00+00:00,3652.93,3832.170833333333,take,0.04906768904231207,0.0,0.0016,0.04746768904231207,0.0368007667817341,1.289855978377941
anchored_18m_6m,round_trip_0_16pct,4,long,2024-03-06T12:00:00+00:00,2024-03-06T13:00:00+00:00,2024-03-07T13:00:00+00:00,3821.53,3810.23,time,-0.0029569308627697133,-0.00115379,0.0016,-0.005710720862769713,0.03978200485146,-0.14355035358556417
anchored_18m_6m,round_trip_0_16pct,4,long,2024-03-16T00:00:00+00:00,2024-03-16T01:00:00+00:00,2024-03-16T13:00:00+00:00,3763.27,3649.408125,stop,-0.030256100412673015,-0.0002749,0.0016,-0.032131000412673014,0.03025610041267301,-1.061967668484293
anchored_18m_6m,round_trip_0_16pct,4,long,2024-03-20T17:00:00+00:00,2024-03-20T18:00:00+00:00,2024-03-20T20:00:00+00:00,3301.75,3454.423333333333,take,0.046240125186138625,0.0,0.0016,0.04464012518613863,0.034680093889604,1.2871973567384238
anchored_18m_6m,round_trip_0_16pct,4,long,2024-04-14T06:00:00+00:00,2024-04-14T07:00:00+00:00,2024-04-14T17:00:00+00:00,3089.89,2978.73125,stop,-0.03597498616455608,-0.0002,0.0016,-0.037774986164556074,0.03597498616455602,-1.0500347655942528
anchored_18m_6m,round_trip_0_16pct,4,long,2024-04-14T18:00:00+00:00,2024-04-14T19:00:00+00:00,2024-04-15T06:00:00+00:00,3082.26,3246.3183333333336,take,0.05322663673192185,-0.0001,0.0016,0.05152663673192185,0.039919977548941346,1.290748139042686
anchored_18m_6m,round_trip_0_16pct,4,long,2024-04-27T18:00:00+00:00,2024-04-27T19:00:00+00:00,2024-04-28T02:00:00+00:00,3255.18,3310.115,take,0.01687617889026094,-9.322e-05,0.0016,0.015182958890260938,0.012657134167695792,1.1995573949916474
anchored_18m_6m,round_trip_0_16pct,4,long,2024-05-01T18:00:00+00:00,2024-05-01T19:00:00+00:00,2024-05-01T19:00:00+00:00,2988.2,2921.6706249999997,stop,-0.02226403018539591,0.0,0.0016,-0.023864030185395912,0.02226403018539587,-1.0718647965654289
anchored_18m_6m,round_trip_0_16pct,4,long,2024-05-01T21:00:00+00:00,2024-05-01T22:00:00+00:00,2024-05-02T01:00:00+00:00,2966.4,2898.63625,stop,-0.022843766855447756,8.6e-07,0.0016,-0.024442906855447758,0.022843766855447655,-1.0700033409603262
anchored_18m_6m,round_trip_0_16pct,4,long,2024-05-21T23:00:00+00:00,2024-05-22T00:00:00+00:00,2024-05-22T11:00:00+00:00,3792.33,3715.689375,stop,-0.020209376557419834,-0.00027641000000000005,0.0016,-0.022085786557419836,0.020209376557419844,-1.0928484851904583
anchored_18m_6m,round_trip_0_16pct,4,long,2024-06-14T21:00:00+00:00,2024-06-14T22:00:00+00:00,2024-06-15T12:00:00+00:00,3503.04,3561.4816666666666,take,0.016683128558813598,-0.0002,0.0016,0.014883128558813599,0.012512346419110245,1.1894754237368645
anchored_18m_6m,round_trip_0_16pct,4,long,2024-06-15T13:00:00+00:00,2024-06-15T14:00:00+00:00,2024-06-16T14:00:00+00:00,3568.2,3578.26,time,0.0028193486912169163,-0.0002,0.0016,0.0010193486912169162,0.0131964295723334,0.07724427926732566
anchored_18m_6m,round_trip_0_16pct,4,long,2024-06-25T03:00:00+00:00,2024-06-25T04:00:00+00:00,2024-06-26T04:00:00+00:00,3370.38,3385.93,time,0.004613723081670296,-0.0002,0.0016,0.002813723081670296,0.01894574944071591,0.14851474155059727
anchored_18m_6m,round_trip_0_16pct,5,long,2024-07-05T15:00:00+00:00,2024-07-05T16:00:00+00:00,2024-07-06T16:00:00+00:00,2989.97,3049.64,time,0.019956721973799052,-0.00026374,0.0016,0.018092981973799053,0.02907596062836749,0.6222660088536138
anchored_18m_6m,round_trip_0_16pct,5,long,2024-07-08T10:00:00+00:00,2024-07-08T11:00:00+00:00,2024-07-08T14:00:00+00:00,3013.07,2953.0150000000003,stop,-0.01993149843846964,0.0,0.0016,-0.021531498438469642,0.019931498438469707,-1.0802749479643627
anchored_18m_6m,round_trip_0_16pct,5,long,2024-07-08T19:00:00+00:00,2024-07-08T20:00:00+00:00,2024-07-09T08:00:00+00:00,3003.18,3107.5575,take,0.03475565900145838,-5.681e-05,0.0016,0.03309884900145839,0.026066744251093836,1.2697730365797204
anchored_18m_6m,round_trip_0_16pct,5,long,2024-08-05T15:00:00+00:00,2024-08-05T16:00:00+00:00,2024-08-06T16:00:00+00:00,2448.96,2529.46,time,0.03287109630210372,0.00019819,0.0016,0.03146928630210372,0.06557783712269695,0.47987685600585295
anchored_18m_6m,round_trip_0_16pct,5,long,2024-08-12T10:00:00+00:00,2024-08-12T11:00:00+00:00,2024-08-12T14:00:00+00:00,2639.81,2713.01,take,0.027729268394316442,0.0,0.0016,0.02612926839431644,0.020796951295737207,1.2563989799635782
anchored_18m_6m,round_trip_0_16pct,5,long,2024-08-12T17:00:00+00:00,2024-08-12T18:00:00+00:00,2024-08-12T23:00:00+00:00,2654.13,2744.9875,take,0.03423249803136996,0.0,0.0016,0.032632498031369965,0.025674373523527493,1.2710143833292051
anchored_18m_6m,round_trip_0_16pct,5,long,2024-08-28T18:00:00+00:00,2024-08-28T19:00:00+00:00,2024-08-29T19:00:00+00:00,2531.99,2527.54,time,-0.0017575108906432435,-7.510000000000001e-06,0.0016,-0.003365020890643244,0.02455504366130986,-0.13703990663007198
anchored_18m_6m,round_trip_0_16pct,5,long,2024-09-07T08:00:00+00:00,2024-09-07T09:00:00+00:00,2024-09-08T09:00:00+00:00,2295.01,2293.99,time,-0.00044444250787600836,-0.00011104,0.0016,-0.0021554825078760084,0.02167419749805007,-0.09944924180329756
anchored_18m_6m,round_trip_0_16pct,5,long,2024-11-25T20:00:00+00:00,2024-11-25T21:00:00+00:00,2024-11-25T21:00:00+00:00,3504.59,3428.0281250000003,stop,-0.021846171734782094,0.0,0.0016,-0.023446171734782095,0.021846171734782094,-1.0732393766479726
anchored_18m_6m,round_trip_0_16pct,5,long,2024-11-27T04:00:00+00:00,2024-11-27T05:00:00+00:00,2024-11-27T13:00:00+00:00,3403.71,3490.8166666666666,take,0.025591682801022086,-0.00020895,0.0016,0.023782732801022086,0.019193762100766495,1.2390865676131482
anchored_18m_6m,round_trip_0_16pct,5,long,2024-12-06T14:00:00+00:00,2024-12-06T15:00:00+00:00,2024-12-07T15:00:00+00:00,3987.88,4007.66,time,0.004960028887529111,-0.0008123900000000001,0.0016,0.0025476388875291115,0.02208347543055458,0.11536403749222425
anchored_18m_6m,round_trip_0_16pct,5,long,2024-12-20T16:00:00+00:00,2024-12-20T17:00:00+00:00,2024-12-21T17:00:00+00:00,3382.18,3381.29,time,-0.00026314388944403966,-0.00016352,0.0016,-0.00202666388944404,0.0414213244120656,-0.048928032075519386
anchored_18m_6m,round_trip_0_16pct,5,long,2024-12-23T03:00:00+00:00,2024-12-23T04:00:00+00:00,2024-12-23T06:00:00+00:00,3349.68,3278.21625,stop,-0.021334500609013318,0.0,0.0016,-0.02293450060901332,0.021334500609013367,-1.0749958965209614
anchored_18m_6m,round_trip_0_16pct,5,long,2024-12-23T11:00:00+00:00,2024-12-23T12:00:00+00:00,2024-12-23T21:00:00+00:00,3338.11,3432.909166666667,take,0.028399054155395342,0.0,0.0016,0.02679905415539534,0.021299290616546458,1.2582134606199684
anchored_18m_6m,round_trip_0_16pct,5,long,2024-12-24T03:00:00+00:00,2024-12-24T04:00:00+00:00,2024-12-24T15:00:00+00:00,3395.66,3489.7949999999996,take,0.02772215121655286,-8.121e-05,0.0016,0.026040941216552857,0.02079161341241465,1.2524733266252361
rolling_18m_6m,round_trip_0_05pct,1,long,2022-07-13T16:00:00+00:00,2022-07-13T17:00:00+00:00,2022-07-13T23:00:00+00:00,1072.66,1110.2516666666668,take,0.03504527685069525,0.0,0.0005,0.03454527685069525,0.026283957638021327,1.3143103229143631
rolling_18m_6m,round_trip_0_05pct,1,long,2022-07-21T16:00:00+00:00,2022-07-21T17:00:00+00:00,2022-07-22T08:00:00+00:00,1557.4,1619.5733333333333,take,0.03992123624844823,-0.0001,0.0005,0.03932123624844823,0.029940927186336178,1.3132938737579525
rolling_18m_6m,round_trip_0_05pct,1,long,2022-09-19T19:00:00+00:00,2022-09-19T20:00:00+00:00,2022-09-20T20:00:00+00:00,1361.46,1342.49,time,-0.013933571313149096,-2.77e-06,0.0005,-0.014436341313149095,0.027524220322301077,-0.5244959219227101
rolling_18m_6m,round_trip_0_05pct,1,long,2022-09-22T18:00:00+00:00,2022-09-22T19:00:00+00:00,2022-09-22T23:00:00+00:00,1302.13,1349.4825,take,0.03636541666346682,0.0,0.0005,0.03586541666346682,0.027274062497600084,1.3150008975238914
rolling_18m_6m,round_trip_0_05pct,1,long,2022-09-24T04:00:00+00:00,2022-09-24T05:00:00+00:00,2022-09-25T05:00:00+00:00,1327.37,1321.91,time,-0.004113397168837518,8.115e-05,0.0005,-0.004532247168837518,0.023078531230930375,-0.19638369199003866
rolling_18m_6m,round_trip_0_05pct,1,long,2022-09-28T15:00:00+00:00,2022-09-28T16:00:00+00:00,2022-09-29T13:00:00+00:00,1331.25,1300.189375,stop,-0.02333192488262914,-2.427000000000001e-05,0.0005,-0.02385619488262914,0.02333192488262912,-1.0224700706280065
rolling_18m_6m,round_trip_0_05pct,1,long,2022-11-08T16:00:00+00:00,2022-11-08T17:00:00+00:00,2022-11-08T17:00:00+00:00,1545.29,1500.5925,stop,-0.02892499142555771,0.0,0.0005,-0.02942499142555771,0.02892499142555765,-1.0172860898260552
rolling_18m_6m,round_trip_0_05pct,1,long,2022-11-10T08:00:00+00:00,2022-11-10T09:00:00+00:00,2022-11-10T13:00:00+00:00,1215.35,1310.0025,take,0.07788085736619088,0.0,0.0005,0.07738085736619088,0.05841064302464313,1.3247732495179743
rolling_18m_6m,round_trip_0_05pct,1,long,2022-11-11T23:00:00+00:00,2022-11-12T00:00:00+00:00,2022-11-12T05:00:00+00:00,1288.67,1238.113125,stop,-0.039231824283951666,0.0,0.0005,-0.03973182428395167,0.039231824283951694,-1.0127447552879794
rolling_18m_6m,round_trip_0_05pct,2,long,2023-03-23T14:00:00+00:00,2023-03-23T15:00:00+00:00,2023-03-23T15:00:00+00:00,1803.89,1843.069166666667,take,0.02171926595671958,0.0,0.0005,0.02121926595671958,0.016289449467539605,1.3026386188805057
rolling_18m_6m,round_trip_0_05pct,2,long,2023-04-27T17:00:00+00:00,2023-04-27T18:00:00+00:00,2023-04-28T18:00:00+00:00,1903.17,1892.99,time,-0.005348970402013542,0.0,0.0005,-0.0058489704020135425,0.023921601853749273,-0.24450580014552092
rolling_18m_6m,round_trip_0_05pct,2,long,2023-06-15T18:00:00+00:00,2023-06-15T19:00:00+00:00,2023-06-16T14:00:00+00:00,1668.6,1646.27875,stop,-0.013377232410403894,0.00013204000000000002,0.0005,-0.013745192410403895,0.013377232410403962,-1.0275064369602906
rolling_18m_6m,round_trip_0_05pct,3,long,2023-07-01T03:00:00+00:00,2023-07-01T04:00:00+00:00,2023-07-02T04:00:00+00:00,1919.72,1912.92,time,-0.003542183235055063,-0.00030000000000000003,0.0005,-0.004342183235055063,0.016608541870689473,-0.2614427725722322
rolling_18m_6m,round_trip_0_05pct,3,long,2023-11-15T13:00:00+00:00,2023-11-15T14:00:00+00:00,2023-11-15T19:00:00+00:00,2014.1,2052.3266666666664,take,0.018979527663306905,-0.0001,0.0005,0.018379527663306906,0.014234645747480259,1.2911826531798554
rolling_18m_6m,round_trip_0_05pct,3,long,2023-11-22T08:00:00+00:00,2023-11-22T09:00:00+00:00,2023-11-22T16:00:00+00:00,2003.37,2047.9575,take,0.022256248221746322,-0.0001,0.0005,0.021656248221746322,0.016692186166309776,1.2973883711802607
rolling_18m_6m,round_trip_0_05pct,3,long,2023-12-07T17:00:00+00:00,2023-12-07T18:00:00+00:00,2023-12-07T21:00:00+00:00,2336.97,2376.025833333333,take,0.016712167179438797,0.0,0.0005,0.016212167179438797,0.012534125384579169,1.293442237252928
rolling_18m_6m,round_trip_0_05pct,3,long,2023-12-07T22:00:00+00:00,2023-12-07T23:00:00+00:00,2023-12-08T04:00:00+00:00,2351.39,2392.1699999999996,take,0.017342933328796883,-0.00022693,0.0005,0.016616003328796883,0.013007199996597737,1.2774465936668224
rolling_18m_6m,round_trip_0_05pct,3,long,2023-12-08T05:00:00+00:00,2023-12-08T06:00:00+00:00,2023-12-08T13:00:00+00:00,2377.69,2345.030625,stop,-0.01373575823593498,-0.00012399,0.0005,-0.01435974823593498,0.013735758235934871,-1.0454281437749577
rolling_18m_6m,round_trip_0_05pct,4,long,2024-01-09T21:00:00+00:00,2024-01-09T22:00:00+00:00,2024-01-09T22:00:00+00:00,2317.94,2372.2183333333332,take,0.023416625681999204,0.0,0.0005,0.022916625681999203,0.017562469261499403,1.3048635326148146
rolling_18m_6m,round_trip_0_05pct,4,long,2024-01-09T23:00:00+00:00,2024-01-10T00:00:00+00:00,2024-01-10T09:00:00+00:00,2344.33,2404.0533333333333,take,0.02547565118107653,-0.0002,0.0005,0.02477565118107653,0.01910673838580743,1.2966970437759275
rolling_18m_6m,round_trip_0_05pct,4,long,2024-01-10T10:00:00+00:00,2024-01-10T11:00:00+00:00,2024-01-10T12:00:00+00:00,2401.19,2345.9187500000003,stop,-0.023018274272339823,0.0,0.0005,-0.023518274272339823,0.023018274272339944,-1.0217218716783085
rolling_18m_6m,round_trip_0_05pct,4,long,2024-01-10T13:00:00+00:00,2024-01-10T14:00:00+00:00,2024-01-10T15:00:00+00:00,2378.62,2455.3933333333334,take,0.03227641797905245,0.0,0.0005,0.03177641797905245,0.024207313484289204,1.3126784184323335
rolling_18m_6m,round_trip_0_05pct,4,long,2024-01-10T16:00:00+00:00,2024-01-10T17:00:00+00:00,2024-01-10T20:00:00+00:00,2408.55,2490.8525,take,0.03417097423761173,0.0,0.0005,0.03367097423761173,0.02562823067820886,1.3138235979060953
rolling_18m_6m,round_trip_0_05pct,4,long,2024-01-12T11:00:00+00:00,2024-01-12T12:00:00+00:00,2024-01-12T14:00:00+00:00,2648.23,2715.1875,take,0.025283868848249513,0.0,0.0005,0.024783868848249513,0.018962901636187142,1.306966060560803
rolling_18m_6m,round_trip_0_05pct,4,long,2024-01-13T18:00:00+00:00,2024-01-13T19:00:00+00:00,2024-01-14T16:00:00+00:00,2561.45,2523.206875,stop,-0.01493026410821996,-0.0002,0.0005,-0.01563026410821996,0.014930264108219973,-1.0468846361274076
rolling_18m_6m,round_trip_0_05pct,4,long,2024-01-19T13:00:00+00:00,2024-01-19T14:00:00+00:00,2024-01-19T15:00:00+00:00,2497.68,2469.706875,stop,-0.011199643268953619,0.0,0.0005,-0.011699643268953619,0.011199643268953572,-1.044644279107183
rolling_18m_6m,round_trip_0_05pct,4,long,2024-02-01T17:00:00+00:00,2024-02-01T18:00:00+00:00,2024-02-02T18:00:00+00:00,2304.04,2293.62,time,-0.004522490928976941,-0.00023678000000000002,0.0005,-0.00525927092897694,0.01198709657818441,-0.43874435270242235
rolling_18m_6m,round_trip_0_05pct,4,long,2024-03-06T04:00:00+00:00,2024-03-06T05:00:00+00:00,2024-03-06T08:00:00+00:00,3652.93,3832.170833333333,take,0.04906768904231207,0.0,0.0005,0.04856768904231207,0.0368007667817341,1.319746659909772
rolling_18m_6m,round_trip_0_05pct,4,long,2024-03-06T12:00:00+00:00,2024-03-06T13:00:00+00:00,2024-03-07T13:00:00+00:00,3821.53,3810.23,time,-0.0029569308627697133,-0.00115379,0.0005,-0.004610720862769714,0.03978200485146,-0.11589966066279085
rolling_18m_6m,round_trip_0_05pct,4,long,2024-03-15T23:00:00+00:00,2024-03-16T00:00:00+00:00,2024-03-16T18:00:00+00:00,3745.01,3629.549375,stop,-0.0308305251521358,-0.0007526,0.0005,-0.0320831251521358,0.030830525152135763,-1.0406285651580367
rolling_18m_6m,round_trip_0_05pct,4,long,2024-03-17T10:00:00+00:00,2024-03-17T11:00:00+00:00,2024-03-18T11:00:00+00:00,3598.74,3600.76,time,0.000561307568760272,-0.00074073,0.0005,-0.000679422431239728,0.022342542111961402,-0.030409361111866918
rolling_18m_6m,round_trip_0_05pct,4,long,2024-03-20T17:00:00+00:00,2024-03-20T18:00:00+00:00,2024-03-20T20:00:00+00:00,3301.75,3454.423333333333,take,0.046240125186138625,0.0,0.0005,0.045740125186138625,0.034680093889604,1.3189158406474233
rolling_18m_6m,round_trip_0_05pct,4,long,2024-04-05T18:00:00+00:00,2024-04-05T19:00:00+00:00,2024-04-06T19:00:00+00:00,3329.19,3350.79,time,0.006488064664377902,-0.00036732,0.0005,0.005620744664377902,0.017719024747761453,0.31721523867096596
rolling_18m_6m,round_trip_0_05pct,4,long,2024-04-14T05:00:00+00:00,2024-04-14T06:00:00+00:00,2024-04-15T06:00:00+00:00,3072.18,3218.523333333333,take,0.04763501270541881,-0.00030000000000000003,0.0005,0.04683501270541881,0.03572625952906405,1.3109408407929624
rolling_18m_6m,round_trip_0_05pct,4,long,2024-04-18T03:00:00+00:00,2024-04-18T04:00:00+00:00,2024-04-18T06:00:00+00:00,3023.94,2961.4750000000004,stop,-0.020656825201558093,0.0,0.0005,-0.021156825201558094,0.020656825201558204,-1.0242050748419063
rolling_18m_6m,round_trip_0_05pct,4,long,2024-04-18T10:00:00+00:00,2024-04-18T11:00:00+00:00,2024-04-19T01:00:00+00:00,3010.06,2945.500625,stop,-0.021447869809904097,-6.353e-05,0.0005,-0.022011399809904096,0.02144786980990411,-1.0262744041713532
rolling_18m_6m,round_trip_0_05pct,4,long,2024-04-27T18:00:00+00:00,2024-04-27T19:00:00+00:00,2024-04-28T02:00:00+00:00,3255.18,3310.115,take,0.01687617889026094,-9.322e-05,0.0005,0.016282958890260938,0.012657134167695792,1.2864649038657714
rolling_18m_6m,round_trip_0_05pct,4,long,2024-05-01T18:00:00+00:00,2024-05-01T19:00:00+00:00,2024-05-01T19:00:00+00:00,2988.2,2921.6706249999997,stop,-0.02226403018539591,0.0,0.0005,-0.02276403018539591,0.02226403018539587,-1.0224577489266977
rolling_18m_6m,round_trip_0_05pct,4,long,2024-05-01T21:00:00+00:00,2024-05-01T22:00:00+00:00,2024-05-02T01:00:00+00:00,2966.4,2898.63625,stop,-0.022843766855447756,8.6e-07,0.0005,-0.023342906855447758,0.022843766855447655,-1.0218501617162614
rolling_18m_6m,round_trip_0_05pct,4,long,2024-05-07T08:00:00+00:00,2024-05-07T09:00:00+00:00,2024-05-07T11:00:00+00:00,3118.05,3070.1843750000003,stop,-0.01535114093744483,0.0,0.0005,-0.01585114093744483,0.015351140937444902,-1.0325708689691144
rolling_18m_6m,round_trip_0_05pct,4,long,2024-05-09T17:00:00+00:00,2024-05-09T18:00:00+00:00,2024-05-09T22:00:00+00:00,3002.75,3054.7166666666667,take,0.017306358060666716,0.0,0.0005,0.016806358060666715,0.012979768545499946,1.2948118451999238
rolling_18m_6m,round_trip_0_05pct,4,long,2024-05-21T23:00:00+00:00,2024-05-22T00:00:00+00:00,2024-05-22T11:00:00+00:00,3792.33,3715.689375,stop,-0.020209376557419834,-0.00027641000000000005,0.0005,-0.020985786557419835,0.020209376557419844,-1.0384183053739444
rolling_18m_6m,round_trip_0_05pct,4,long,2024-05-23T21:00:00+00:00,2024-05-23T22:00:00+00:00,2024-05-24T05:00:00+00:00,3844.36,3731.1018750000003,stop,-0.029460853041858637,-0.0001,0.0005,-0.030060853041858637,0.02946085304185873,-1.0203660090611568
rolling_18m_6m,round_trip_0_05pct,4,long,2024-05-27T06:00:00+00:00,2024-05-27T07:00:00+00:00,2024-05-27T15:00:00+00:00,3896.29,3963.205,take,0.017174029653850287,-0.0001,0.0005,0.016574029653850287,0.012880522240387658,1.2867513711425003
rolling_18m_6m,round_trip_0_05pct,4,long,2024-06-14T07:00:00+00:00,2024-06-14T08:00:00+00:00,2024-06-14T14:00:00+00:00,3515.84,3472.2268750000003,stop,-0.012404752491580906,-0.0001,0.0005,-0.013004752491580906,0.012404752491580918,-1.0483685587767435
rolling_18m_6m,round_trip_0_05pct,4,long,2024-06-14T21:00:00+00:00,2024-06-14T22:00:00+00:00,2024-06-15T12:00:00+00:00,3503.04,3561.4816666666666,take,0.016683128558813598,-0.0002,0.0005,0.0159831285588136,0.012512346419110245,1.2773885907124813
rolling_18m_6m,round_trip_0_05pct,4,long,2024-06-15T13:00:00+00:00,2024-06-15T14:00:00+00:00,2024-06-16T14:00:00+00:00,3568.2,3578.26,time,0.0028193486912169163,-0.0002,0.0005,0.0021193486912169162,0.0131964295723334,0.16060015927794413
rolling_18m_6m,round_trip_0_05pct,4,long,2024-06-18T20:00:00+00:00,2024-06-18T21:00:00+00:00,2024-06-19T01:00:00+00:00,3460.67,3537.576666666667,take,0.022223056999559843,0.0,0.0005,0.021723056999559842,0.01666729274966984,1.30333446024041
rolling_18m_6m,round_trip_0_05pct,4,long,2024-06-21T18:00:00+00:00,2024-06-21T19:00:00+00:00,2024-06-22T08:00:00+00:00,3521.93,3473.99375,stop,-0.013610790106560855,-0.00010401,0.0005,-0.014214800106560855,0.013610790106560876,-1.0443772914923453
rolling_18m_6m,round_trip_0_05pct,4,long,2024-06-24T23:00:00+00:00,2024-06-25T00:00:00+00:00,2024-06-26T00:00:00+00:00,3351.99,3387.2,time,0.010504207948114352,-0.00030000000000000003,0.0005,0.009704207948114352,0.019398551308327322,0.5002542609431135
rolling_18m_6m,round_trip_0_05pct,5,long,2024-07-05T15:00:00+00:00,2024-07-05T16:00:00+00:00,2024-07-06T16:00:00+00:00,2989.97,3049.64,time,0.019956721973799052,-0.00026374,0.0005,0.019192981973799053,0.02907596062836749,0.6600979489246429
rolling_18m_6m,round_trip_0_05pct,5,long,2024-07-08T10:00:00+00:00,2024-07-08T11:00:00+00:00,2024-07-08T14:00:00+00:00,3013.07,2953.0150000000003,stop,-0.01993149843846964,0.0,0.0005,-0.020431498438469642,0.019931498438469707,-1.0250859212388612
rolling_18m_6m,round_trip_0_05pct,5,long,2024-07-08T18:00:00+00:00,2024-07-08T19:00:00+00:00,2024-07-09T08:00:00+00:00,2990.16,3092.975,take,0.03438444765497506,-5.681e-05,0.0005,0.03382763765497506,0.025788335741231235,1.3117417887843894
rolling_18m_6m,round_trip_0_05pct,5,long,2024-07-23T11:00:00+00:00,2024-07-23T12:00:00+00:00,2024-07-23T13:00:00+00:00,3514.54,3466.73375,stop,-0.013602420231381696,0.0,0.0005,-0.014102420231381696,0.013602420231381633,-1.0367581644659478
rolling_18m_6m,round_trip_0_05pct,5,long,2024-07-30T12:00:00+00:00,2024-07-30T13:00:00+00:00,2024-07-30T14:00:00+00:00,3353.0,3309.2712500000002,stop,-0.01304167909334919,0.0,0.0005,-0.01354167909334919,0.013041679093349228,-1.0383386216162107
rolling_18m_6m,round_trip_0_05pct,5,long,2024-08-05T15:00:00+00:00,2024-08-05T16:00:00+00:00,2024-08-06T16:00:00+00:00,2448.96,2529.46,time,0.03287109630210372,0.00019819,0.0005,0.03256928630210372,0.06557783712269695,0.49665081574993364
rolling_18m_6m,round_trip_0_05pct,5,long,2024-08-12T10:00:00+00:00,2024-08-12T11:00:00+00:00,2024-08-12T14:00:00+00:00,2639.81,2713.01,take,0.027729268394316442,0.0,0.0005,0.02722926839431644,0.020796951295737207,1.3092913479052903
rolling_18m_6m,round_trip_0_05pct,5,long,2024-08-12T17:00:00+00:00,2024-08-12T18:00:00+00:00,2024-08-12T23:00:00+00:00,2654.13,2744.9875,take,0.03423249803136996,0.0,0.0005,0.03373249803136996,0.025674373523527493,1.3138586614570424
rolling_18m_6m,round_trip_0_05pct,5,long,2024-08-28T09:00:00+00:00,2024-08-28T10:00:00+00:00,2024-08-28T13:00:00+00:00,2539.54,2483.158125,stop,-0.022201609346574558,0.0,0.0005,-0.02270160934657456,0.02220160934657457,-1.0225208899136464
rolling_18m_6m,round_trip_0_05pct,5,long,2024-08-28T16:00:00+00:00,2024-08-28T17:00:00+00:00,2024-08-29T15:00:00+00:00,2513.35,2593.3508333333334,take,0.03183035921512456,-1.16e-05,0.0005,0.03131875921512456,0.02387276941134342,1.311903058898692
rolling_18m_6m,round_trip_0_05pct,5,long,2024-08-31T09:00:00+00:00,2024-08-31T10:00:00+00:00,2024-09-01T02:00:00+00:00,2513.06,2480.8312499999997,stop,-0.012824504786992819,-0.0001231,0.0005,-0.013447604786992818,0.01282450478699278,-1.048586671403641
rolling_18m_6m,round_trip_0_05pct,5,long,2024-09-07T07:00:00+00:00,2024-09-07T08:00:00+00:00,2024-09-08T08:00:00+00:00,2287.03,2295.4,time,0.003659768345845915,-0.00010567,0.0005,0.003054098345845915,0.021607445026956308,0.14134472363742143
rolling_18m_6m,round_trip_0_05pct,5,long,2024-09-20T16:00:00+00:00,2024-09-20T17:00:00+00:00,2024-09-21T17:00:00+00:00,2546.1,2568.59,time,0.008833117316680461,-0.00011200999999999999,0.0005,0.008221107316680461,0.014610335414948331,0.5626912102421117
rolling_18m_6m,round_trip_0_05pct,5,long,2024-10-01T05:00:00+00:00,2024-10-01T06:00:00+00:00,2024-10-01T13:00:00+00:00,2639.36,2607.65625,stop,-0.012011908189864307,-0.0001,0.0005,-0.012611908189864306,0.012011908189864215,-1.0499504317312698
rolling_18m_6m,round_trip_0_05pct,5,long,2024-10-08T21:00:00+00:00,2024-10-08T22:00:00+00:00,2024-10-09T18:00:00+00:00,2455.39,2420.2687499999997,stop,-0.014303735862734701,-0.0002364,0.0005,-0.015040135862734701,0.014303735862734616,-1.0514830535929163
rolling_18m_6m,round_trip_0_05pct,5,long,2024-11-23T16:00:00+00:00,2024-11-23T17:00:00+00:00,2024-11-24T11:00:00+00:00,3416.36,3358.301875,stop,-0.016994147279560723,-0.00023721,0.0005,-0.017731357279560725,0.016994147279560674,-1.043380228961927
rolling_18m_6m,round_trip_0_05pct,5,long,2024-11-25T20:00:00+00:00,2024-11-25T21:00:00+00:00,2024-11-25T21:00:00+00:00,3504.59,3428.0281250000003,stop,-0.021846171734782094,0.0,0.0005,-0.022346171734782094,0.021846171734782094,-1.0228873052024914
rolling_18m_6m,round_trip_0_05pct,5,long,2024-11-27T02:00:00+00:00,2024-11-27T03:00:00+00:00,2024-11-27T10:00:00+00:00,3366.68,3449.7174999999997,take,0.02466450627918304,-0.00020895,0.0005,0.02395555627918304,0.018498379709387263,1.2950083550845513
rolling_18m_6m,round_trip_0_05pct,5,long,2024-11-30T15:00:00+00:00,2024-11-30T16:00:00+00:00,2024-12-01T15:00:00+00:00,3676.6,3742.735,take,0.01798808681934405,-0.00038025,0.0005,0.017107836819344052,0.013491065114507976,1.268086446410127
rolling_18m_6m,round_trip_0_05pct,5,long,2024-12-06T03:00:00+00:00,2024-12-06T04:00:00+00:00,2024-12-06T15:00:00+00:00,3909.83,4024.1191666666664,take,0.0292312368227432,-0.0002554,0.0005,0.0284758368227432,0.021923427617057515,1.298877042410448
rolling_18m_6m,round_trip_0_05pct,5,long,2024-12-06T16:00:00+00:00,2024-12-06T17:00:00+00:00,2024-12-07T17:00:00+00:00,4006.72,3995.06,time,-0.002910111013497252,-0.00077988,0.0005,-0.0041899910134972525,0.021671872504192956,-0.19333774747367102
rolling_18m_6m,round_trip_0_05pct,5,long,2024-12-18T18:00:00+00:00,2024-12-18T19:00:00+00:00,2024-12-18T19:00:00+00:00,3897.61,3839.4656250000003,stop,-0.014917956132091126,0.0,0.0005,-0.015417956132091126,0.014917956132091188,-1.0335166557384057
rolling_18m_6m,round_trip_0_05pct,5,long,2024-12-20T15:00:00+00:00,2024-12-20T16:00:00+00:00,2024-12-21T16:00:00+00:00,3373.33,3369.41,time,-0.0011620564842456105,-0.00016352,0.0005,-0.0018255764842456104,0.041368803230042724,-0.04412930376772045
rolling_18m_6m,round_trip_0_05pct,5,long,2024-12-23T03:00:00+00:00,2024-12-23T04:00:00+00:00,2024-12-23T06:00:00+00:00,3349.68,3278.21625,stop,-0.021334500609013318,0.0,0.0005,-0.02183450060901332,0.021334500609013367,-1.023436217662799
rolling_18m_6m,round_trip_0_05pct,5,long,2024-12-23T11:00:00+00:00,2024-12-23T12:00:00+00:00,2024-12-23T21:00:00+00:00,3338.11,3432.909166666667,take,0.028399054155395342,0.0,0.0005,0.027899054155395342,0.021299290616546458,1.309858373110409
rolling_18m_6m,round_trip_0_05pct,5,long,2024-12-24T03:00:00+00:00,2024-12-24T04:00:00+00:00,2024-12-24T15:00:00+00:00,3395.66,3489.7949999999996,take,0.02772215121655286,-8.121e-05,0.0005,0.027140941216552857,0.02079161341241465,1.3053792737579004
rolling_18m_6m,round_trip_0_05pct,5,long,2024-12-27T05:00:00+00:00,2024-12-27T06:00:00+00:00,2024-12-27T07:00:00+00:00,3382.71,3336.6875,stop,-0.013605215936335124,0.0,0.0005,-0.014105215936335125,0.013605215936335038,-1.0367506111141354
rolling_18m_6m,round_trip_0_05pct,5,long,2024-12-28T13:00:00+00:00,2024-12-28T14:00:00+00:00,2024-12-28T22:00:00+00:00,3364.5,3412.7541666666666,take,0.014342150889186112,-9.336e-05,0.0005,0.01374879088918611,0.010756613166889568,1.278170988941659
rolling_18m_6m,round_trip_0_05pct,5,long,2024-12-30T06:00:00+00:00,2024-12-30T07:00:00+00:00,2024-12-30T13:00:00+00:00,3430.23,3392.291875,stop,-0.01105993621418977,0.0,0.0005,-0.01155993621418977,0.011059936214189714,-1.0452082173275614
rolling_18m_6m,round_trip_0_10pct,1,long,2022-07-13T16:00:00+00:00,2022-07-13T17:00:00+00:00,2022-07-13T23:00:00+00:00,1072.66,1110.2516666666668,take,0.03504527685069525,0.0,0.001,0.03404527685069525,0.026283957638021327,1.2952873124953872
rolling_18m_6m,round_trip_0_10pct,1,long,2022-07-21T16:00:00+00:00,2022-07-21T17:00:00+00:00,2022-07-22T08:00:00+00:00,1557.4,1619.5733333333333,take,0.03992123624844823,-0.0001,0.001,0.03882123624844823,0.029940927186336178,1.2965943241118019
rolling_18m_6m,round_trip_0_10pct,1,long,2022-09-19T19:00:00+00:00,2022-09-19T20:00:00+00:00,2022-09-20T20:00:00+00:00,1361.46,1342.49,time,-0.013933571313149096,-2.77e-06,0.001,-0.014936341313149096,0.027524220322301077,-0.5426617407595431
rolling_18m_6m,round_trip_0_10pct,1,long,2022-09-22T18:00:00+00:00,2022-09-22T19:00:00+00:00,2022-09-22T23:00:00+00:00,1302.13,1349.4825,take,0.03636541666346682,0.0,0.001,0.03536541666346682,0.027274062497600084,1.2966684617144482
rolling_18m_6m,round_trip_0_10pct,1,long,2022-09-24T04:00:00+00:00,2022-09-24T05:00:00+00:00,2022-09-25T05:00:00+00:00,1327.37,1321.91,time,-0.004113397168837518,8.115e-05,0.001,-0.005032247168837518,0.023078531230930375,-0.21804884888398726
rolling_18m_6m,round_trip_0_10pct,1,long,2022-09-28T15:00:00+00:00,2022-09-28T16:00:00+00:00,2022-09-29T13:00:00+00:00,1331.25,1300.189375,stop,-0.02333192488262914,-2.427000000000001e-05,0.001,-0.02435619488262914,0.02333192488262912,-1.0438999356097962
rolling_18m_6m,round_trip_0_10pct,1,long,2022-11-08T16:00:00+00:00,2022-11-08T17:00:00+00:00,2022-11-08T17:00:00+00:00,1545.29,1500.5925,stop,-0.02892499142555771,0.0,0.001,-0.029924991425557712,0.02892499142555765,-1.0345721796521081
rolling_18m_6m,round_trip_0_10pct,1,long,2022-11-10T08:00:00+00:00,2022-11-10T09:00:00+00:00,2022-11-10T13:00:00+00:00,1215.35,1310.0025,take,0.07788085736619088,0.0,0.001,0.07688085736619088,0.05841064302464313,1.3162131657026146
rolling_18m_6m,round_trip_0_10pct,1,long,2022-11-11T23:00:00+00:00,2022-11-12T00:00:00+00:00,2022-11-12T05:00:00+00:00,1288.67,1238.113125,stop,-0.039231824283951666,0.0,0.001,-0.04023182428395167,0.039231824283951694,-1.0254895105759596
rolling_18m_6m,round_trip_0_10pct,2,long,2023-03-23T14:00:00+00:00,2023-03-23T15:00:00+00:00,2023-03-23T15:00:00+00:00,1803.89,1843.069166666667,take,0.02171926595671958,0.0,0.001,0.02071926595671958,0.016289449467539605,1.2719439044276715
rolling_18m_6m,round_trip_0_10pct,2,long,2023-04-27T17:00:00+00:00,2023-04-27T18:00:00+00:00,2023-04-28T18:00:00+00:00,1903.17,1892.99,time,-0.005348970402013542,0.0,0.001,-0.006348970402013542,0.023921601853749273,-0.265407410458111
rolling_18m_6m,round_trip_0_10pct,2,long,2023-06-15T18:00:00+00:00,2023-06-15T19:00:00+00:00,2023-06-16T14:00:00+00:00,1668.6,1646.27875,stop,-0.013377232410403894,0.00013204000000000002,0.001,-0.014245192410403895,0.013377232410403962,-1.0648833759758027
rolling_18m_6m,round_trip_0_10pct,3,long,2023-07-01T03:00:00+00:00,2023-07-01T04:00:00+00:00,2023-07-02T04:00:00+00:00,1919.72,1912.92,time,-0.003542183235055063,-0.00030000000000000003,0.001,-0.004842183235055063,0.016608541870689473,-0.291547763359075
rolling_18m_6m,round_trip_0_10pct,3,long,2023-11-15T13:00:00+00:00,2023-11-15T14:00:00+00:00,2023-11-15T19:00:00+00:00,2014.1,2052.3266666666664,take,0.018979527663306905,-0.0001,0.001,0.017879527663306905,0.014234645747480259,1.2560570863852965
rolling_18m_6m,round_trip_0_10pct,3,long,2023-11-22T08:00:00+00:00,2023-11-22T09:00:00+00:00,2023-11-22T16:00:00+00:00,2003.37,2047.9575,take,0.022256248221746322,-0.0001,0.001,0.02115624822174632,0.016692186166309776,1.2674342360527027
rolling_18m_6m,round_trip_0_10pct,3,long,2023-12-07T17:00:00+00:00,2023-12-07T18:00:00+00:00,2023-12-07T21:00:00+00:00,2336.97,2376.025833333333,take,0.016712167179438797,0.0,0.001,0.015712167179438796,0.012534125384579169,1.2535511411725302
rolling_18m_6m,round_trip_0_10pct,3,long,2023-12-07T22:00:00+00:00,2023-12-07T23:00:00+00:00,2023-12-08T04:00:00+00:00,2351.39,2392.1699999999996,take,0.017342933328796883,-0.00022693,0.001,0.016116003328796882,0.013007199996597737,1.2390063451790014
rolling_18m_6m,round_trip_0_10pct,3,long,2023-12-08T05:00:00+00:00,2023-12-08T06:00:00+00:00,2023-12-08T13:00:00+00:00,2377.69,2345.030625,stop,-0.01373575823593498,-0.00012399,0.001,-0.014859748235934979,0.013735758235934871,-1.0818294833596864
rolling_18m_6m,round_trip_0_10pct,4,long,2024-01-09T21:00:00+00:00,2024-01-09T22:00:00+00:00,2024-01-09T22:00:00+00:00,2317.94,2372.2183333333332,take,0.023416625681999204,0.0,0.001,0.022416625681999203,0.017562469261499403,1.2763937318962957
rolling_18m_6m,round_trip_0_10pct,4,long,2024-01-09T23:00:00+00:00,2024-01-10T00:00:00+00:00,2024-01-10T09:00:00+00:00,2344.33,2404.0533333333333,take,0.02547565118107653,-0.0002,0.001,0.02427565118107653,0.01910673838580743,1.2705282655206391
rolling_18m_6m,round_trip_0_10pct,4,long,2024-01-10T10:00:00+00:00,2024-01-10T11:00:00+00:00,2024-01-10T12:00:00+00:00,2401.19,2345.9187500000003,stop,-0.023018274272339823,0.0,0.001,-0.024018274272339823,0.023018274272339944,-1.0434437433566224
rolling_18m_6m,round_trip_0_10pct,4,long,2024-01-10T13:00:00+00:00,2024-01-10T14:00:00+00:00,2024-01-10T15:00:00+00:00,2378.62,2455.3933333333334,take,0.03227641797905245,0.0,0.001,0.03127641797905245,0.024207313484289204,1.2920235035313261
rolling_18m_6m,round_trip_0_10pct,4,long,2024-01-10T16:00:00+00:00,2024-01-10T17:00:00+00:00,2024-01-10T20:00:00+00:00,2408.55,2490.8525,take,0.03417097423761173,0.0,0.001,0.03317097423761173,0.02562823067820886,1.2943138624788602
rolling_18m_6m,round_trip_0_10pct,4,long,2024-01-12T11:00:00+00:00,2024-01-12T12:00:00+00:00,2024-01-12T14:00:00+00:00,2648.23,2715.1875,take,0.025283868848249513,0.0,0.001,0.024283868848249512,0.018962901636187142,1.280598787788273
rolling_18m_6m,round_trip_0_10pct,4,long,2024-01-13T18:00:00+00:00,2024-01-13T19:00:00+00:00,2024-01-14T16:00:00+00:00,2561.45,2523.206875,stop,-0.01493026410821996,-0.0002,0.001,-0.01613026410821996,0.014930264108219973,-1.0803736619326993
rolling_18m_6m,round_trip_0_10pct,4,long,2024-01-19T13:00:00+00:00,2024-01-19T14:00:00+00:00,2024-01-19T15:00:00+00:00,2497.68,2469.706875,stop,-0.011199643268953619,0.0,0.001,-0.01219964326895362,0.011199643268953572,-1.0892885582143619
rolling_18m_6m,round_trip_0_10pct,4,long,2024-02-01T17:00:00+00:00,2024-02-01T18:00:00+00:00,2024-02-02T18:00:00+00:00,2304.04,2293.62,time,-0.004522490928976941,-0.00023678000000000002,0.001,-0.005759270928976941,0.01198709657818441,-0.48045587114550903
rolling_18m_6m,round_trip_0_10pct,4,long,2024-03-06T04:00:00+00:00,2024-03-06T05:00:00+00:00,2024-03-06T08:00:00+00:00,3652.93,3832.170833333333,take,0.04906768904231207,0.0,0.001,0.04806768904231207,0.0368007667817341,1.3061599864862123
rolling_18m_6m,round_trip_0_10pct,4,long,2024-03-06T12:00:00+00:00,2024-03-06T13:00:00+00:00,2024-03-07T13:00:00+00:00,3821.53,3810.23,time,-0.0029569308627697133,-0.00115379,0.001,-0.005110720862769713,0.03978200485146,-0.12846815744586965
rolling_18m_6m,round_trip_0_10pct,4,long,2024-03-15T23:00:00+00:00,2024-03-16T00:00:00+00:00,2024-03-16T18:00:00+00:00,3745.01,3629.549375,stop,-0.0308305251521358,-0.0007526,0.001,-0.0325831251521358,0.030830525152135763,-1.0568462584192675
rolling_18m_6m,round_trip_0_10pct,4,long,2024-03-17T10:00:00+00:00,2024-03-17T11:00:00+00:00,2024-03-18T11:00:00+00:00,3598.74,3600.76,time,0.000561307568760272,-0.00074073,0.001,-0.001179422431239728,0.022342542111961402,-0.052788193274045894
rolling_18m_6m,round_trip_0_10pct,4,long,2024-03-20T17:00:00+00:00,2024-03-20T18:00:00+00:00,2024-03-20T20:00:00+00:00,3301.75,3454.423333333333,take,0.046240125186138625,0.0,0.001,0.045240125186138624,0.034680093889604,1.3044983479615144
rolling_18m_6m,round_trip_0_10pct,4,long,2024-04-05T18:00:00+00:00,2024-04-05T19:00:00+00:00,2024-04-06T19:00:00+00:00,3329.19,3350.79,time,0.006488064664377902,-0.00036732,0.001,0.005120744664377902,0.017719024747761453,0.2889969813392148
rolling_18m_6m,round_trip_0_10pct,4,long,2024-04-14T05:00:00+00:00,2024-04-14T06:00:00+00:00,2024-04-15T06:00:00+00:00,3072.18,3218.523333333333,take,0.04763501270541881,-0.00030000000000000003,0.001,0.04633501270541881,0.03572625952906405,1.296945532955229
rolling_18m_6m,round_trip_0_10pct,4,long,2024-04-18T03:00:00+00:00,2024-04-18T04:00:00+00:00,2024-04-18T06:00:00+00:00,3023.94,2961.4750000000004,stop,-0.020656825201558093,0.0,0.001,-0.021656825201558094,0.020656825201558204,-1.0484101496838176
rolling_18m_6m,round_trip_0_10pct,4,long,2024-04-18T10:00:00+00:00,2024-04-18T11:00:00+00:00,2024-04-19T01:00:00+00:00,3010.06,2945.500625,stop,-0.021447869809904097,-6.353e-05,0.001,-0.022511399809904097,0.02144786980990411,-1.0495867426194871
rolling_18m_6m,round_trip_0_10pct,4,long,2024-04-27T18:00:00+00:00,2024-04-27T19:00:00+00:00,2024-04-28T02:00:00+00:00,3255.18,3310.115,take,0.01687617889026094,-9.322e-05,0.001,0.015782958890260938,0.012657134167695792,1.2469614907411697
rolling_18m_6m,round_trip_0_10pct,4,long,2024-05-01T18:00:00+00:00,2024-05-01T19:00:00+00:00,2024-05-01T19:00:00+00:00,2988.2,2921.6706249999997,stop,-0.02226403018539591,0.0,0.001,-0.023264030185395912,0.02226403018539587,-1.0449154978533939
rolling_18m_6m,round_trip_0_10pct,4,long,2024-05-01T21:00:00+00:00,2024-05-01T22:00:00+00:00,2024-05-02T01:00:00+00:00,2966.4,2898.63625,stop,-0.022843766855447756,8.6e-07,0.001,-0.02384290685544776,0.022843766855447655,-1.0437379704635636
rolling_18m_6m,round_trip_0_10pct,4,long,2024-05-07T08:00:00+00:00,2024-05-07T09:00:00+00:00,2024-05-07T11:00:00+00:00,3118.05,3070.1843750000003,stop,-0.01535114093744483,0.0,0.001,-0.01635114093744483,0.015351140937444902,-1.0651417379382337
rolling_18m_6m,round_trip_0_10pct,4,long,2024-05-09T17:00:00+00:00,2024-05-09T18:00:00+00:00,2024-05-09T22:00:00+00:00,3002.75,3054.7166666666667,take,0.017306358060666716,0.0,0.001,0.016306358060666715,0.012979768545499946,1.2562903570665047
rolling_18m_6m,round_trip_0_10pct,4,long,2024-05-21T23:00:00+00:00,2024-05-22T00:00:00+00:00,2024-05-22T11:00:00+00:00,3792.33,3715.689375,stop,-0.020209376557419834,-0.00027641000000000005,0.001,-0.021485786557419836,0.020209376557419844,-1.0631592961996326
rolling_18m_6m,round_trip_0_10pct,4,long,2024-05-23T21:00:00+00:00,2024-05-23T22:00:00+00:00,2024-05-24T05:00:00+00:00,3844.36,3731.1018750000003,stop,-0.029460853041858637,-0.0001,0.001,-0.030560853041858637,0.02946085304185873,-1.0373376832787904
rolling_18m_6m,round_trip_0_10pct,4,long,2024-05-27T06:00:00+00:00,2024-05-27T07:00:00+00:00,2024-05-27T15:00:00+00:00,3896.29,3963.205,take,0.017174029653850287,-0.0001,0.001,0.016074029653850287,0.012880522240387658,1.247933069316801
rolling_18m_6m,round_trip_0_10pct,4,long,2024-06-14T07:00:00+00:00,2024-06-14T08:00:00+00:00,2024-06-14T14:00:00+00:00,3515.84,3472.2268750000003,stop,-0.012404752491580906,-0.0001,0.001,-0.013504752491580906,0.012404752491580918,-1.0886756910906974
rolling_18m_6m,round_trip_0_10pct,4,long,2024-06-14T21:00:00+00:00,2024-06-14T22:00:00+00:00,2024-06-15T12:00:00+00:00,3503.04,3561.4816666666666,take,0.016683128558813598,-0.0002,0.001,0.015483128558813598,0.012512346419110245,1.237428060269019
rolling_18m_6m,round_trip_0_10pct,4,long,2024-06-15T13:00:00+00:00,2024-06-15T14:00:00+00:00,2024-06-16T14:00:00+00:00,3568.2,3578.26,time,0.0028193486912169163,-0.0002,0.001,0.0016193486912169162,0.0131964295723334,0.12271112290948119
rolling_18m_6m,round_trip_0_10pct,4,long,2024-06-18T20:00:00+00:00,2024-06-18T21:00:00+00:00,2024-06-19T01:00:00+00:00,3460.67,3537.576666666667,take,0.022223056999559843,0.0,0.001,0.02122305699955984,0.01666729274966984,1.2733355871474836
rolling_18m_6m,round_trip_0_10pct,4,long,2024-06-21T18:00:00+00:00,2024-06-21T19:00:00+00:00,2024-06-22T08:00:00+00:00,3521.93,3473.99375,stop,-0.013610790106560855,-0.00010401,0.001,-0.014714800106560854,0.013610790106560876,-1.0811128517416346
rolling_18m_6m,round_trip_0_10pct,4,long,2024-06-24T23:00:00+00:00,2024-06-25T00:00:00+00:00,2024-06-26T00:00:00+00:00,3351.99,3387.2,time,0.010504207948114352,-0.00030000000000000003,0.001,0.009204207948114353,0.019398551308327322,0.47447914031411265
rolling_18m_6m,round_trip_0_10pct,5,long,2024-07-05T15:00:00+00:00,2024-07-05T16:00:00+00:00,2024-07-06T16:00:00+00:00,2989.97,3049.64,time,0.019956721973799052,-0.00026374,0.001,0.018692981973799053,0.02907596062836749,0.6429016125287206
rolling_18m_6m,round_trip_0_10pct,5,long,2024-07-08T10:00:00+00:00,2024-07-08T11:00:00+00:00,2024-07-08T14:00:00+00:00,3013.07,2953.0150000000003,stop,-0.01993149843846964,0.0,0.001,-0.020931498438469642,0.019931498438469707,-1.0501718424777255
rolling_18m_6m,round_trip_0_10pct,5,long,2024-07-08T18:00:00+00:00,2024-07-08T19:00:00+00:00,2024-07-09T08:00:00+00:00,2990.16,3092.975,take,0.03438444765497506,-5.681e-05,0.001,0.03332763765497506,0.025788335741231235,1.2923531781730973
rolling_18m_6m,round_trip_0_10pct,5,long,2024-07-23T11:00:00+00:00,2024-07-23T12:00:00+00:00,2024-07-23T13:00:00+00:00,3514.54,3466.73375,stop,-0.013602420231381696,0.0,0.001,-0.014602420231381696,0.013602420231381633,-1.0735163289318912
rolling_18m_6m,round_trip_0_10pct,5,long,2024-07-30T12:00:00+00:00,2024-07-30T13:00:00+00:00,2024-07-30T14:00:00+00:00,3353.0,3309.2712500000002,stop,-0.01304167909334919,0.0,0.001,-0.01404167909334919,0.013041679093349228,-1.0766772432324243
rolling_18m_6m,round_trip_0_10pct,5,long,2024-08-05T15:00:00+00:00,2024-08-05T16:00:00+00:00,2024-08-06T16:00:00+00:00,2448.96,2529.46,time,0.03287109630210372,0.00019819,0.001,0.03206928630210372,0.06557783712269695,0.4890262885935333
rolling_18m_6m,round_trip_0_10pct,5,long,2024-08-12T10:00:00+00:00,2024-08-12T11:00:00+00:00,2024-08-12T14:00:00+00:00,2639.81,2713.01,take,0.027729268394316442,0.0,0.001,0.02672926839431644,0.020796951295737207,1.2852493624772394
rolling_18m_6m,round_trip_0_10pct,5,long,2024-08-12T17:00:00+00:00,2024-08-12T18:00:00+00:00,2024-08-12T23:00:00+00:00,2654.13,2744.9875,take,0.03423249803136996,0.0,0.001,0.03323249803136996,0.025674373523527493,1.2943839895807527
rolling_18m_6m,round_trip_0_10pct,5,long,2024-08-28T09:00:00+00:00,2024-08-28T10:00:00+00:00,2024-08-28T13:00:00+00:00,2539.54,2483.158125,stop,-0.022201609346574558,0.0,0.001,-0.02320160934657456,0.02220160934657457,-1.0450417798272933
rolling_18m_6m,round_trip_0_10pct,5,long,2024-08-28T16:00:00+00:00,2024-08-28T17:00:00+00:00,2024-08-29T15:00:00+00:00,2513.35,2593.3508333333334,take,0.03183035921512456,-1.16e-05,0.001,0.030818759215124558,0.02387276941134342,1.290958693735829
rolling_18m_6m,round_trip_0_10pct,5,long,2024-08-31T09:00:00+00:00,2024-08-31T10:00:00+00:00,2024-09-01T02:00:00+00:00,2513.06,2480.8312499999997,stop,-0.012824504786992819,-0.0001231,0.001,-0.013947604786992817,0.01282450478699278,-1.0875745316216139
rolling_18m_6m,round_trip_0_10pct,5,long,2024-09-07T07:00:00+00:00,2024-09-07T08:00:00+00:00,2024-09-08T08:00:00+00:00,2287.03,2295.4,time,0.003659768345845915,-0.00010567,0.001,0.002554098345845915,0.021607445026956308,0.11820455137845112
rolling_18m_6m,round_trip_0_10pct,5,long,2024-09-20T16:00:00+00:00,2024-09-20T17:00:00+00:00,2024-09-21T17:00:00+00:00,2546.1,2568.59,time,0.008833117316680461,-0.00011200999999999999,0.001,0.007721107316680462,0.014610335414948331,0.5284688610762991
rolling_18m_6m,round_trip_0_10pct,5,long,2024-10-01T05:00:00+00:00,2024-10-01T06:00:00+00:00,2024-10-01T13:00:00+00:00,2639.36,2607.65625,stop,-0.012011908189864307,-0.0001,0.001,-0.013111908189864307,0.012011908189864215,-1.0915757915073214
rolling_18m_6m,round_trip_0_10pct,5,long,2024-10-08T21:00:00+00:00,2024-10-08T22:00:00+00:00,2024-10-09T18:00:00+00:00,2455.39,2420.2687499999997,stop,-0.014303735862734701,-0.0002364,0.001,-0.0155401358627347,0.014303735862734616,-1.086438956358336
rolling_18m_6m,round_trip_0_10pct,5,long,2024-11-23T16:00:00+00:00,2024-11-23T17:00:00+00:00,2024-11-24T11:00:00+00:00,3416.36,3358.301875,stop,-0.016994147279560723,-0.00023721,0.001,-0.018231357279560725,0.016994147279560674,-1.0728021229690106
rolling_18m_6m,round_trip_0_10pct,5,long,2024-11-25T20:00:00+00:00,2024-11-25T21:00:00+00:00,2024-11-25T21:00:00+00:00,3504.59,3428.0281250000003,stop,-0.021846171734782094,0.0,0.001,-0.022846171734782095,0.021846171734782094,-1.045774610404983
rolling_18m_6m,round_trip_0_10pct,5,long,2024-11-27T02:00:00+00:00,2024-11-27T03:00:00+00:00,2024-11-27T10:00:00+00:00,3366.68,3449.7174999999997,take,0.02466450627918304,-0.00020895,0.001,0.02345555627918304,0.018498379709387263,1.267978960734609
rolling_18m_6m,round_trip_0_10pct,5,long,2024-11-30T15:00:00+00:00,2024-11-30T16:00:00+00:00,2024-12-01T15:00:00+00:00,3676.6,3742.735,take,0.01798808681934405,-0.00038025,0.001,0.016607836819344052,0.013491065114507976,1.2310248804213666
rolling_18m_6m,round_trip_0_10pct,5,long,2024-12-06T03:00:00+00:00,2024-12-06T04:00:00+00:00,2024-12-06T15:00:00+00:00,3909.83,4024.1191666666664,take,0.0292312368227432,-0.0002554,0.001,0.0279758368227432,0.021923427617057515,1.2760703896947487
rolling_18m_6m,round_trip_0_10pct,5,long,2024-12-06T16:00:00+00:00,2024-12-06T17:00:00+00:00,2024-12-07T17:00:00+00:00,4006.72,3995.06,time,-0.002910111013497252,-0.00077988,0.001,-0.004689991013497252,0.021671872504192956,-0.21640912720346883
rolling_18m_6m,round_trip_0_10pct,5,long,2024-12-18T18:00:00+00:00,2024-12-18T19:00:00+00:00,2024-12-18T19:00:00+00:00,3897.61,3839.4656250000003,stop,-0.014917956132091126,0.0,0.001,-0.015917956132091127,0.014917956132091188,-1.0670333114768156
rolling_18m_6m,round_trip_0_10pct,5,long,2024-12-20T15:00:00+00:00,2024-12-20T16:00:00+00:00,2024-12-21T16:00:00+00:00,3373.33,3369.41,time,-0.0011620564842456105,-0.00016352,0.001,-0.0023255764842456104,0.041368803230042724,-0.056215706103790244
rolling_18m_6m,round_trip_0_10pct,5,long,2024-12-23T03:00:00+00:00,2024-12-23T04:00:00+00:00,2024-12-23T06:00:00+00:00,3349.68,3278.21625,stop,-0.021334500609013318,0.0,0.001,-0.02233450060901332,0.021334500609013367,-1.0468724353256
rolling_18m_6m,round_trip_0_10pct,5,long,2024-12-23T11:00:00+00:00,2024-12-23T12:00:00+00:00,2024-12-23T21:00:00+00:00,3338.11,3432.909166666667,take,0.028399054155395342,0.0,0.001,0.02739905415539534,0.021299290616546458,1.2863834128874814
rolling_18m_6m,round_trip_0_10pct,5,long,2024-12-24T03:00:00+00:00,2024-12-24T04:00:00+00:00,2024-12-24T15:00:00+00:00,3395.66,3489.7949999999996,take,0.02772215121655286,-8.121e-05,0.001,0.026640941216552857,0.02079161341241465,1.2813311159703258
rolling_18m_6m,round_trip_0_10pct,5,long,2024-12-27T05:00:00+00:00,2024-12-27T06:00:00+00:00,2024-12-27T07:00:00+00:00,3382.71,3336.6875,stop,-0.013605215936335124,0.0,0.001,-0.014605215936335125,0.013605215936335038,-1.0735012222282645
rolling_18m_6m,round_trip_0_10pct,5,long,2024-12-28T13:00:00+00:00,2024-12-28T14:00:00+00:00,2024-12-28T22:00:00+00:00,3364.5,3412.7541666666666,take,0.014342150889186112,-9.336e-05,0.001,0.01324879088918611,0.010756613166889568,1.231687956388339
rolling_18m_6m,round_trip_0_10pct,5,long,2024-12-30T06:00:00+00:00,2024-12-30T07:00:00+00:00,2024-12-30T13:00:00+00:00,3430.23,3392.291875,stop,-0.01105993621418977,0.0,0.001,-0.01205993621418977,0.011059936214189714,-1.090416434655118
rolling_18m_6m,round_trip_0_12pct,1,long,2022-07-13T16:00:00+00:00,2022-07-13T17:00:00+00:00,2022-07-13T23:00:00+00:00,1072.66,1110.2516666666668,take,0.03504527685069525,0.0,0.0012,0.03384527685069525,0.026283957638021327,1.2876781083277968
rolling_18m_6m,round_trip_0_12pct,1,long,2022-07-21T16:00:00+00:00,2022-07-21T17:00:00+00:00,2022-07-22T08:00:00+00:00,1557.4,1619.5733333333333,take,0.03992123624844823,-0.0001,0.0012,0.03862123624844823,0.029940927186336178,1.2899145042533415
rolling_18m_6m,round_trip_0_12pct,1,long,2022-09-19T19:00:00+00:00,2022-09-19T20:00:00+00:00,2022-09-20T20:00:00+00:00,1361.46,1342.49,time,-0.013933571313149096,-2.77e-06,0.0012,-0.015136341313149095,0.027524220322301077,-0.5499280682942763
rolling_18m_6m,round_trip_0_12pct,1,long,2022-09-22T18:00:00+00:00,2022-09-22T19:00:00+00:00,2022-09-22T23:00:00+00:00,1302.13,1349.4825,take,0.03636541666346682,0.0,0.0012,0.03516541666346682,0.027274062497600084,1.2893354873906708
rolling_18m_6m,round_trip_0_12pct,1,long,2022-09-24T04:00:00+00:00,2022-09-24T05:00:00+00:00,2022-09-25T05:00:00+00:00,1327.37,1321.91,time,-0.004113397168837518,8.115e-05,0.0012,-0.0052322471688375175,0.023078531230930375,-0.2267149116415667
rolling_18m_6m,round_trip_0_12pct,1,long,2022-09-28T15:00:00+00:00,2022-09-28T16:00:00+00:00,2022-09-29T13:00:00+00:00,1331.25,1300.189375,stop,-0.02333192488262914,-2.427000000000001e-05,0.0012,-0.02455619488262914,0.02333192488262912,-1.052471881602512
rolling_18m_6m,round_trip_0_12pct,1,long,2022-11-08T16:00:00+00:00,2022-11-08T17:00:00+00:00,2022-11-08T17:00:00+00:00,1545.29,1500.5925,stop,-0.02892499142555771,0.0,0.0012,-0.03012499142555771,0.02892499142555765,-1.041486615582529
rolling_18m_6m,round_trip_0_12pct,1,long,2022-11-10T08:00:00+00:00,2022-11-10T09:00:00+00:00,2022-11-10T13:00:00+00:00,1215.35,1310.0025,take,0.07788085736619088,0.0,0.0012,0.07668085736619087,0.05841064302464313,1.3127891321764706
rolling_18m_6m,round_trip_0_12pct,1,long,2022-11-11T23:00:00+00:00,2022-11-12T00:00:00+00:00,2022-11-12T05:00:00+00:00,1288.67,1238.113125,stop,-0.039231824283951666,0.0,0.0012,-0.040431824283951666,0.039231824283951694,-1.0305874126911516
rolling_18m_6m,round_trip_0_12pct,2,long,2023-03-23T14:00:00+00:00,2023-03-23T15:00:00+00:00,2023-03-23T15:00:00+00:00,1803.89,1843.069166666667,take,0.02171926595671958,0.0,0.0012,0.02051926595671958,0.016289449467539605,1.2596660186465378
rolling_18m_6m,round_trip_0_12pct,2,long,2023-04-27T17:00:00+00:00,2023-04-27T18:00:00+00:00,2023-04-28T18:00:00+00:00,1903.17,1892.99,time,-0.005348970402013542,0.0,0.0012,-0.006548970402013542,0.023921601853749273,-0.273768054583147
rolling_18m_6m,round_trip_0_12pct,2,long,2023-06-15T18:00:00+00:00,2023-06-15T19:00:00+00:00,2023-06-16T14:00:00+00:00,1668.6,1646.27875,stop,-0.013377232410403894,0.00013204000000000002,0.0012,-0.014445192410403894,0.013377232410403962,-1.0798341515820074
rolling_18m_6m,round_trip_0_12pct,3,long,2023-07-01T03:00:00+00:00,2023-07-01T04:00:00+00:00,2023-07-02T04:00:00+00:00,1919.72,1912.92,time,-0.003542183235055063,-0.00030000000000000003,0.0012,-0.005042183235055063,0.016608541870689473,-0.3035897596738121
rolling_18m_6m,round_trip_0_12pct,3,long,2023-11-15T13:00:00+00:00,2023-11-15T14:00:00+00:00,2023-11-15T19:00:00+00:00,2014.1,2052.3266666666664,take,0.018979527663306905,-0.0001,0.0012,0.017679527663306906,0.014234645747480259,1.2420068596674732
rolling_18m_6m,round_trip_0_12pct,3,long,2023-11-22T08:00:00+00:00,2023-11-22T09:00:00+00:00,2023-11-22T16:00:00+00:00,2003.37,2047.9575,take,0.022256248221746322,-0.0001,0.0012,0.020956248221746323,0.016692186166309776,1.2554525820016793
rolling_18m_6m,round_trip_0_12pct,3,long,2023-12-07T17:00:00+00:00,2023-12-07T18:00:00+00:00,2023-12-07T21:00:00+00:00,2336.97,2376.025833333333,take,0.016712167179438797,0.0,0.0012,0.015512167179438797,0.012534125384579169,1.237594702740371
rolling_18m_6m,round_trip_0_12pct,3,long,2023-12-07T22:00:00+00:00,2023-12-07T23:00:00+00:00,2023-12-08T04:00:00+00:00,2351.39,2392.1699999999996,take,0.017342933328796883,-0.00022693,0.0012,0.015916003328796884,0.013007199996597737,1.2236302457838732
rolling_18m_6m,round_trip_0_12pct,3,long,2023-12-08T05:00:00+00:00,2023-12-08T06:00:00+00:00,2023-12-08T13:00:00+00:00,2377.69,2345.030625,stop,-0.01373575823593498,-0.00012399,0.0012,-0.01505974823593498,0.013735758235934871,-1.0963900191935778
rolling_18m_6m,round_trip_0_12pct,4,long,2024-01-09T21:00:00+00:00,2024-01-09T22:00:00+00:00,2024-01-09T22:00:00+00:00,2317.94,2372.2183333333332,take,0.023416625681999204,0.0,0.0012,0.022216625681999204,0.017562469261499403,1.2650058116088883
rolling_18m_6m,round_trip_0_12pct,4,long,2024-01-09T23:00:00+00:00,2024-01-10T00:00:00+00:00,2024-01-10T09:00:00+00:00,2344.33,2404.0533333333333,take,0.02547565118107653,-0.0002,0.0012,0.024075651181076532,0.01910673838580743,1.260060754218524
rolling_18m_6m,round_trip_0_12pct,4,long,2024-01-10T10:00:00+00:00,2024-01-10T11:00:00+00:00,2024-01-10T12:00:00+00:00,2401.19,2345.9187500000003,stop,-0.023018274272339823,0.0,0.0012,-0.024218274272339822,0.023018274272339944,-1.0521324920279478
rolling_18m_6m,round_trip_0_12pct,4,long,2024-01-10T13:00:00+00:00,2024-01-10T14:00:00+00:00,2024-01-10T15:00:00+00:00,2378.62,2455.3933333333334,take,0.03227641797905245,0.0,0.0012,0.031076417979052452,0.024207313484289204,1.2837615375709233
rolling_18m_6m,round_trip_0_12pct,4,long,2024-01-10T16:00:00+00:00,2024-01-10T17:00:00+00:00,2024-01-10T20:00:00+00:00,2408.55,2490.8525,take,0.03417097423761173,0.0,0.0012,0.03297097423761173,0.02562823067820886,1.2865099683079664
rolling_18m_6m,round_trip_0_12pct,4,long,2024-01-12T11:00:00+00:00,2024-01-12T12:00:00+00:00,2024-01-12T14:00:00+00:00,2648.23,2715.1875,take,0.025283868848249513,0.0,0.0012,0.024083868848249514,0.018962901636187142,1.2700518786792612
rolling_18m_6m,round_trip_0_12pct,4,long,2024-01-13T18:00:00+00:00,2024-01-13T19:00:00+00:00,2024-01-14T16:00:00+00:00,2561.45,2523.206875,stop,-0.01493026410821996,-0.0002,0.0012,-0.01633026410821996,0.014930264108219973,-1.093769272254816
rolling_18m_6m,round_trip_0_12pct,4,long,2024-01-19T13:00:00+00:00,2024-01-19T14:00:00+00:00,2024-01-19T15:00:00+00:00,2497.68,2469.706875,stop,-0.011199643268953619,0.0,0.0012,-0.012399643268953618,0.011199643268953572,-1.1071462698572334
rolling_18m_6m,round_trip_0_12pct,4,long,2024-02-01T17:00:00+00:00,2024-02-01T18:00:00+00:00,2024-02-02T18:00:00+00:00,2304.04,2293.62,time,-0.004522490928976941,-0.00023678000000000002,0.0012,-0.0059592709289769405,0.01198709657818441,-0.4971404785227437
rolling_18m_6m,round_trip_0_12pct,4,long,2024-03-06T04:00:00+00:00,2024-03-06T05:00:00+00:00,2024-03-06T08:00:00+00:00,3652.93,3832.170833333333,take,0.04906768904231207,0.0,0.0012,0.04786768904231207,0.0368007667817341,1.3007253171167887
rolling_18m_6m,round_trip_0_12pct,4,long,2024-03-06T12:00:00+00:00,2024-03-06T13:00:00+00:00,2024-03-07T13:00:00+00:00,3821.53,3810.23,time,-0.0029569308627697133,-0.00115379,0.0012,-0.005310720862769713,0.03978200485146,-0.13349555615910114
rolling_18m_6m,round_trip_0_12pct,4,long,2024-03-15T23:00:00+00:00,2024-03-16T00:00:00+00:00,2024-03-16T18:00:00+00:00,3745.01,3629.549375,stop,-0.0308305251521358,-0.0007526,0.0012,-0.0327831251521358,0.030830525152135763,-1.0633333357237598
rolling_18m_6m,round_trip_0_12pct,4,long,2024-03-17T10:00:00+00:00,2024-03-17T11:00:00+00:00,2024-03-18T11:00:00+00:00,3598.74,3600.76,time,0.000561307568760272,-0.00074073,0.0012,-0.001379422431239728,0.022342542111961402,-0.061739726138917476
rolling_18m_6m,round_trip_0_12pct,4,long,2024-03-20T17:00:00+00:00,2024-03-20T18:00:00+00:00,2024-03-20T20:00:00+00:00,3301.75,3454.423333333333,take,0.046240125186138625,0.0,0.0012,0.045040125186138626,0.034680093889604,1.298731350887151
rolling_18m_6m,round_trip_0_12pct,4,long,2024-04-05T18:00:00+00:00,2024-04-05T19:00:00+00:00,2024-04-06T19:00:00+00:00,3329.19,3350.79,time,0.006488064664377902,-0.00036732,0.0012,0.004920744664377902,0.017719024747761453,0.27770967840651434
rolling_18m_6m,round_trip_0_12pct,4,long,2024-04-14T05:00:00+00:00,2024-04-14T06:00:00+00:00,2024-04-15T06:00:00+00:00,3072.18,3218.523333333333,take,0.04763501270541881,-0.00030000000000000003,0.0012,0.04613501270541881,0.03572625952906405,1.2913474098201358
rolling_18m_6m,round_trip_0_12pct,4,long,2024-04-18T03:00:00+00:00,2024-04-18T04:00:00+00:00,2024-04-18T06:00:00+00:00,3023.94,2961.4750000000004,stop,-0.020656825201558093,0.0,0.0012,-0.021856825201558093,0.020656825201558204,-1.0580921796205822
rolling_18m_6m,round_trip_0_12pct,4,long,2024-04-18T10:00:00+00:00,2024-04-18T11:00:00+00:00,2024-04-19T01:00:00+00:00,3010.06,2945.500625,stop,-0.021447869809904097,-6.353e-05,0.0012,-0.022711399809904095,0.02144786980990411,-1.0589116779987409
rolling_18m_6m,round_trip_0_12pct,4,long,2024-04-27T18:00:00+00:00,2024-04-27T19:00:00+00:00,2024-04-28T02:00:00+00:00,3255.18,3310.115,take,0.01687617889026094,-9.322e-05,0.0012,0.015582958890260939,0.012657134167695792,1.231160125491329
rolling_18m_6m,round_trip_0_12pct,4,long,2024-05-01T18:00:00+00:00,2024-05-01T19:00:00+00:00,2024-05-01T19:00:00+00:00,2988.2,2921.6706249999997,stop,-0.02226403018539591,0.0,0.0012,-0.02346403018539591,0.02226403018539587,-1.053898597424072
rolling_18m_6m,round_trip_0_12pct,4,long,2024-05-01T21:00:00+00:00,2024-05-01T22:00:00+00:00,2024-05-02T01:00:00+00:00,2966.4,2898.63625,stop,-0.022843766855447756,8.6e-07,0.0012,-0.024042906855447757,0.022843766855447655,-1.0524930939624844
rolling_18m_6m,round_trip_0_12pct,4,long,2024-05-07T08:00:00+00:00,2024-05-07T09:00:00+00:00,2024-05-07T11:00:00+00:00,3118.05,3070.1843750000003,stop,-0.01535114093744483,0.0,0.0012,-0.01655114093744483,0.015351140937444902,-1.0781700855258813
rolling_18m_6m,round_trip_0_12pct,4,long,2024-05-09T17:00:00+00:00,2024-05-09T18:00:00+00:00,2024-05-09T22:00:00+00:00,3002.75,3054.7166666666667,take,0.017306358060666716,0.0,0.0012,0.016106358060666716,0.012979768545499946,1.2408817618131374
rolling_18m_6m,round_trip_0_12pct,4,long,2024-05-21T23:00:00+00:00,2024-05-22T00:00:00+00:00,2024-05-22T11:00:00+00:00,3792.33,3715.689375,stop,-0.020209376557419834,-0.00027641000000000005,0.0012,-0.021685786557419835,0.020209376557419844,-1.0730556925299077
rolling_18m_6m,round_trip_0_12pct,4,long,2024-05-23T21:00:00+00:00,2024-05-23T22:00:00+00:00,2024-05-24T05:00:00+00:00,3844.36,3731.1018750000003,stop,-0.029460853041858637,-0.0001,0.0012,-0.030760853041858636,0.02946085304185873,-1.0441263529658436
rolling_18m_6m,round_trip_0_12pct,4,long,2024-05-27T06:00:00+00:00,2024-05-27T07:00:00+00:00,2024-05-27T15:00:00+00:00,3896.29,3963.205,take,0.017174029653850287,-0.0001,0.0012,0.015874029653850288,0.012880522240387658,1.2324057485865212
rolling_18m_6m,round_trip_0_12pct,4,long,2024-06-14T07:00:00+00:00,2024-06-14T08:00:00+00:00,2024-06-14T14:00:00+00:00,3515.84,3472.2268750000003,stop,-0.012404752491580906,-0.0001,0.0012,-0.013704752491580905,0.012404752491580918,-1.1047985440162789
rolling_18m_6m,round_trip_0_12pct,4,long,2024-06-14T21:00:00+00:00,2024-06-14T22:00:00+00:00,2024-06-15T12:00:00+00:00,3503.04,3561.4816666666666,take,0.016683128558813598,-0.0002,0.0012,0.0152831285588136,0.012512346419110245,1.2214438480916343
rolling_18m_6m,round_trip_0_12pct,4,long,2024-06-15T13:00:00+00:00,2024-06-15T14:00:00+00:00,2024-06-16T14:00:00+00:00,3568.2,3578.26,time,0.0028193486912169163,-0.0002,0.0012,0.0014193486912169164,0.0131964295723334,0.10755550836209603
rolling_18m_6m,round_trip_0_12pct,4,long,2024-06-18T20:00:00+00:00,2024-06-18T21:00:00+00:00,2024-06-19T01:00:00+00:00,3460.67,3537.576666666667,take,0.022223056999559843,0.0,0.0012,0.021023056999559843,0.01666729274966984,1.2613360379103131
rolling_18m_6m,round_trip_0_12pct,4,long,2024-06-21T18:00:00+00:00,2024-06-21T19:00:00+00:00,2024-06-22T08:00:00+00:00,3521.93,3473.99375,stop,-0.013610790106560855,-0.00010401,0.0012,-0.014914800106560855,0.013610790106560876,-1.0958070758413503
rolling_18m_6m,round_trip_0_12pct,4,long,2024-06-24T23:00:00+00:00,2024-06-25T00:00:00+00:00,2024-06-26T00:00:00+00:00,3351.99,3387.2,time,0.010504207948114352,-0.00030000000000000003,0.0012,0.009004207948114353,0.019398551308327322,0.4641690920625123
rolling_18m_6m,round_trip_0_12pct,5,long,2024-07-05T15:00:00+00:00,2024-07-05T16:00:00+00:00,2024-07-06T16:00:00+00:00,2989.97,3049.64,time,0.019956721973799052,-0.00026374,0.0012,0.018492981973799054,0.02907596062836749,0.6360230779703517
rolling_18m_6m,round_trip_0_12pct,5,long,2024-07-08T10:00:00+00:00,2024-07-08T11:00:00+00:00,2024-07-08T14:00:00+00:00,3013.07,2953.0150000000003,stop,-0.01993149843846964,0.0,0.0012,-0.02113149843846964,0.019931498438469707,-1.0602062109732713
rolling_18m_6m,round_trip_0_12pct,5,long,2024-07-08T18:00:00+00:00,2024-07-08T19:00:00+00:00,2024-07-09T08:00:00+00:00,2990.16,3092.975,take,0.03438444765497506,-5.681e-05,0.0012,0.03312763765497506,0.025788335741231235,1.2845977339285803
rolling_18m_6m,round_trip_0_12pct,5,long,2024-07-23T11:00:00+00:00,2024-07-23T12:00:00+00:00,2024-07-23T13:00:00+00:00,3514.54,3466.73375,stop,-0.013602420231381696,0.0,0.0012,-0.014802420231381695,0.013602420231381633,-1.0882195947182685
rolling_18m_6m,round_trip_0_12pct,5,long,2024-07-30T12:00:00+00:00,2024-07-30T13:00:00+00:00,2024-07-30T14:00:00+00:00,3353.0,3309.2712500000002,stop,-0.01304167909334919,0.0,0.0012,-0.01424167909334919,0.013041679093349228,-1.0920126918789097
rolling_18m_6m,round_trip_0_12pct,5,long,2024-08-05T15:00:00+00:00,2024-08-05T16:00:00+00:00,2024-08-06T16:00:00+00:00,2448.96,2529.46,time,0.03287109630210372,0.00019819,0.0012,0.03186928630210372,0.06557783712269695,0.4859764777309732
rolling_18m_6m,round_trip_0_12pct,5,long,2024-08-12T10:00:00+00:00,2024-08-12T11:00:00+00:00,2024-08-12T14:00:00+00:00,2639.81,2713.01,take,0.027729268394316442,0.0,0.0012,0.026529268394316442,0.020796951295737207,1.275632568306019
rolling_18m_6m,round_trip_0_12pct,5,long,2024-08-12T17:00:00+00:00,2024-08-12T18:00:00+00:00,2024-08-12T23:00:00+00:00,2654.13,2744.9875,take,0.03423249803136996,0.0,0.0012,0.03303249803136996,0.025674373523527493,1.2865941208302367
rolling_18m_6m,round_trip_0_12pct,5,long,2024-08-28T09:00:00+00:00,2024-08-28T10:00:00+00:00,2024-08-28T13:00:00+00:00,2539.54,2483.158125,stop,-0.022201609346574558,0.0,0.0012,-0.023401609346574558,0.02220160934657457,-1.054050135792752
rolling_18m_6m,round_trip_0_12pct,5,long,2024-08-28T16:00:00+00:00,2024-08-28T17:00:00+00:00,2024-08-29T15:00:00+00:00,2513.35,2593.3508333333334,take,0.03183035921512456,-1.16e-05,0.0012,0.03061875921512456,0.02387276941134342,1.282580947670684
rolling_18m_6m,round_trip_0_12pct,5,long,2024-08-31T09:00:00+00:00,2024-08-31T10:00:00+00:00,2024-09-01T02:00:00+00:00,2513.06,2480.8312499999997,stop,-0.012824504786992819,-0.0001231,0.0012,-0.014147604786992818,0.01282450478699278,-1.103169675708803
rolling_18m_6m,round_trip_0_12pct,5,long,2024-09-07T07:00:00+00:00,2024-09-07T08:00:00+00:00,2024-09-08T08:00:00+00:00,2287.03,2295.4,time,0.003659768345845915,-0.00010567,0.0012,0.002354098345845915,0.021607445026956308,0.108948482474863
rolling_18m_6m,round_trip_0_12pct,5,long,2024-09-20T16:00:00+00:00,2024-09-20T17:00:00+00:00,2024-09-21T17:00:00+00:00,2546.1,2568.59,time,0.008833117316680461,-0.00011200999999999999,0.0012,0.007521107316680462,0.014610335414948331,0.514779921409974
rolling_18m_6m,round_trip_0_12pct,5,long,2024-10-01T05:00:00+00:00,2024-10-01T06:00:00+00:00,2024-10-01T13:00:00+00:00,2639.36,2607.65625,stop,-0.012011908189864307,-0.0001,0.0012,-0.013311908189864306,0.012011908189864215,-1.108225935417742
rolling_18m_6m,round_trip_0_12pct,5,long,2024-10-08T21:00:00+00:00,2024-10-08T22:00:00+00:00,2024-10-09T18:00:00+00:00,2455.39,2420.2687499999997,stop,-0.014303735862734701,-0.0002364,0.0012,-0.015740135862734702,0.014303735862734616,-1.1004213174645041
rolling_18m_6m,round_trip_0_12pct,5,long,2024-11-23T16:00:00+00:00,2024-11-23T17:00:00+00:00,2024-11-24T11:00:00+00:00,3416.36,3358.301875,stop,-0.016994147279560723,-0.00023721,0.0012,-0.018431357279560724,0.016994147279560674,-1.0845708805718437
rolling_18m_6m,round_trip_0_12pct,5,long,2024-11-25T20:00:00+00:00,2024-11-25T21:00:00+00:00,2024-11-25T21:00:00+00:00,3504.59,3428.0281250000003,stop,-0.021846171734782094,0.0,0.0012,-0.023046171734782094,0.021846171734782094,-1.0549295324859795
rolling_18m_6m,round_trip_0_12pct,5,long,2024-11-27T02:00:00+00:00,2024-11-27T03:00:00+00:00,2024-11-27T10:00:00+00:00,3366.68,3449.7174999999997,take,0.02466450627918304,-0.00020895,0.0012,0.02325555627918304,0.018498379709387263,1.2571672029946321
rolling_18m_6m,round_trip_0_12pct,5,long,2024-11-30T15:00:00+00:00,2024-11-30T16:00:00+00:00,2024-12-01T15:00:00+00:00,3676.6,3742.735,take,0.01798808681934405,-0.00038025,0.0012,0.016407836819344053,0.013491065114507976,1.2162002540258625
rolling_18m_6m,round_trip_0_12pct,5,long,2024-12-06T03:00:00+00:00,2024-12-06T04:00:00+00:00,2024-12-06T15:00:00+00:00,3909.83,4024.1191666666664,take,0.0292312368227432,-0.0002554,0.0012,0.0277758368227432,0.021923427617057515,1.2669477286084692
rolling_18m_6m,round_trip_0_12pct,5,long,2024-12-06T16:00:00+00:00,2024-12-06T17:00:00+00:00,2024-12-07T17:00:00+00:00,4006.72,3995.06,time,-0.002910111013497252,-0.00077988,0.0012,-0.004889991013497252,0.021671872504192956,-0.22563767909538793
rolling_18m_6m,round_trip_0_12pct,5,long,2024-12-18T18:00:00+00:00,2024-12-18T19:00:00+00:00,2024-12-18T19:00:00+00:00,3897.61,3839.4656250000003,stop,-0.014917956132091126,0.0,0.0012,-0.016117956132091125,0.014917956132091188,-1.0804399737721793
rolling_18m_6m,round_trip_0_12pct,5,long,2024-12-20T15:00:00+00:00,2024-12-20T16:00:00+00:00,2024-12-21T16:00:00+00:00,3373.33,3369.41,time,-0.0011620564842456105,-0.00016352,0.0012,-0.0025255764842456105,0.041368803230042724,-0.06105026703821816
rolling_18m_6m,round_trip_0_12pct,5,long,2024-12-23T03:00:00+00:00,2024-12-23T04:00:00+00:00,2024-12-23T06:00:00+00:00,3349.68,3278.21625,stop,-0.021334500609013318,0.0,0.0012,-0.022534500609013318,0.021334500609013367,-1.0562469223907203
rolling_18m_6m,round_trip_0_12pct,5,long,2024-12-23T11:00:00+00:00,2024-12-23T12:00:00+00:00,2024-12-23T21:00:00+00:00,3338.11,3432.909166666667,take,0.028399054155395342,0.0,0.0012,0.027199054155395343,0.021299290616546458,1.2769934287983105
rolling_18m_6m,round_trip_0_12pct,5,long,2024-12-24T03:00:00+00:00,2024-12-24T04:00:00+00:00,2024-12-24T15:00:00+00:00,3395.66,3489.7949999999996,take,0.02772215121655286,-8.121e-05,0.0012,0.026440941216552858,0.02079161341241465,1.271711852855296
rolling_18m_6m,round_trip_0_12pct,5,long,2024-12-27T05:00:00+00:00,2024-12-27T06:00:00+00:00,2024-12-27T07:00:00+00:00,3382.71,3336.6875,stop,-0.013605215936335124,0.0,0.0012,-0.014805215936335124,0.013605215936335038,-1.0882014666739162
rolling_18m_6m,round_trip_0_12pct,5,long,2024-12-28T13:00:00+00:00,2024-12-28T14:00:00+00:00,2024-12-28T22:00:00+00:00,3364.5,3412.7541666666666,take,0.014342150889186112,-9.336e-05,0.0012,0.013048790889186111,0.010756613166889568,1.213094743367011
rolling_18m_6m,round_trip_0_12pct,5,long,2024-12-30T06:00:00+00:00,2024-12-30T07:00:00+00:00,2024-12-30T13:00:00+00:00,3430.23,3392.291875,stop,-0.01105993621418977,0.0,0.0012,-0.01225993621418977,0.011059936214189714,-1.1084997215861403
rolling_18m_6m,round_trip_0_16pct,1,long,2022-07-13T16:00:00+00:00,2022-07-13T17:00:00+00:00,2022-07-13T23:00:00+00:00,1072.66,1110.2516666666668,take,0.03504527685069525,0.0,0.0016,0.03344527685069525,0.026283957638021327,1.2724596999926163
rolling_18m_6m,round_trip_0_16pct,1,long,2022-07-21T16:00:00+00:00,2022-07-21T17:00:00+00:00,2022-07-22T08:00:00+00:00,1557.4,1619.5733333333333,take,0.03992123624844823,-0.0001,0.0016,0.03822123624844823,0.029940927186336178,1.2765548645364213
rolling_18m_6m,round_trip_0_16pct,1,long,2022-09-19T19:00:00+00:00,2022-09-19T20:00:00+00:00,2022-09-20T20:00:00+00:00,1361.46,1342.49,time,-0.013933571313149096,-2.77e-06,0.0016,-0.015536341313149096,0.027524220322301077,-0.5644607233637428
rolling_18m_6m,round_trip_0_16pct,1,long,2022-09-22T18:00:00+00:00,2022-09-22T19:00:00+00:00,2022-09-22T23:00:00+00:00,1302.13,1349.4825,take,0.03636541666346682,0.0,0.0016,0.034765416663466824,0.027274062497600084,1.2746695387431162
rolling_18m_6m,round_trip_0_16pct,1,long,2022-09-24T04:00:00+00:00,2022-09-24T05:00:00+00:00,2022-09-25T05:00:00+00:00,1327.37,1321.91,time,-0.004113397168837518,8.115e-05,0.0016,-0.005632247168837518,0.023078531230930375,-0.24404703715672563
rolling_18m_6m,round_trip_0_16pct,1,long,2022-09-28T15:00:00+00:00,2022-09-28T16:00:00+00:00,2022-09-29T13:00:00+00:00,1331.25,1300.189375,stop,-0.02333192488262914,-2.427000000000001e-05,0.0016,-0.02495619488262914,0.02333192488262912,-1.069615773587944
rolling_18m_6m,round_trip_0_16pct,1,long,2022-11-08T16:00:00+00:00,2022-11-08T17:00:00+00:00,2022-11-08T17:00:00+00:00,1545.29,1500.5925,stop,-0.02892499142555771,0.0,0.0016,-0.030524991425557712,0.02892499142555765,-1.0553154874433714
rolling_18m_6m,round_trip_0_16pct,1,long,2022-11-10T08:00:00+00:00,2022-11-10T09:00:00+00:00,2022-11-10T13:00:00+00:00,1215.35,1310.0025,take,0.07788085736619088,0.0,0.0016,0.07628085736619088,0.05841064302464313,1.305941065124183
rolling_18m_6m,round_trip_0_16pct,1,long,2022-11-11T23:00:00+00:00,2022-11-12T00:00:00+00:00,2022-11-12T05:00:00+00:00,1288.67,1238.113125,stop,-0.039231824283951666,0.0,0.0016,-0.04083182428395166,0.039231824283951694,-1.0407832169215356
rolling_18m_6m,round_trip_0_16pct,2,long,2023-03-23T14:00:00+00:00,2023-03-23T15:00:00+00:00,2023-03-23T15:00:00+00:00,1803.89,1843.069166666667,take,0.02171926595671958,0.0,0.0016,0.02011926595671958,0.016289449467539605,1.2351102470842705
rolling_18m_6m,round_trip_0_16pct,2,long,2023-04-27T17:00:00+00:00,2023-04-27T18:00:00+00:00,2023-04-28T18:00:00+00:00,1903.17,1892.99,time,-0.005348970402013542,0.0,0.0016,-0.006948970402013542,0.023921601853749273,-0.2904893428332191
rolling_18m_6m,round_trip_0_16pct,2,long,2023-06-15T18:00:00+00:00,2023-06-15T19:00:00+00:00,2023-06-16T14:00:00+00:00,1668.6,1646.27875,stop,-0.013377232410403894,0.00013204000000000002,0.0016,-0.014845192410403895,0.013377232410403962,-1.109735702794417
rolling_18m_6m,round_trip_0_16pct,3,long,2023-07-01T03:00:00+00:00,2023-07-01T04:00:00+00:00,2023-07-02T04:00:00+00:00,1919.72,1912.92,time,-0.003542183235055063,-0.00030000000000000003,0.0016,-0.005442183235055063,0.016608541870689473,-0.3276737523032864
rolling_18m_6m,round_trip_0_16pct,3,long,2023-11-15T13:00:00+00:00,2023-11-15T14:00:00+00:00,2023-11-15T19:00:00+00:00,2014.1,2052.3266666666664,take,0.018979527663306905,-0.0001,0.0016,0.017279527663306905,0.014234645747480259,1.2139064062318259
rolling_18m_6m,round_trip_0_16pct,3,long,2023-11-22T08:00:00+00:00,2023-11-22T09:00:00+00:00,2023-11-22T16:00:00+00:00,2003.37,2047.9575,take,0.022256248221746322,-0.0001,0.0016,0.020556248221746322,0.016692186166309776,1.2314892738996328
rolling_18m_6m,round_trip_0_16pct,3,long,2023-12-07T17:00:00+00:00,2023-12-07T18:00:00+00:00,2023-12-07T21:00:00+00:00,2336.97,2376.025833333333,take,0.016712167179438797,0.0,0.0016,0.015112167179438796,0.012534125384579169,1.2056818258760529
rolling_18m_6m,round_trip_0_16pct,3,long,2023-12-07T22:00:00+00:00,2023-12-07T23:00:00+00:00,2023-12-08T04:00:00+00:00,2351.39,2392.1699999999996,take,0.017342933328796883,-0.00022693,0.0016,0.015516003328796883,0.013007199996597737,1.1928780469936164
rolling_18m_6m,round_trip_0_16pct,3,long,2023-12-08T05:00:00+00:00,2023-12-08T06:00:00+00:00,2023-12-08T13:00:00+00:00,2377.69,2345.030625,stop,-0.01373575823593498,-0.00012399,0.0016,-0.01545974823593498,0.013735758235934871,-1.125511090861361
rolling_18m_6m,round_trip_0_16pct,4,long,2024-01-09T21:00:00+00:00,2024-01-09T22:00:00+00:00,2024-01-09T22:00:00+00:00,2317.94,2372.2183333333332,take,0.023416625681999204,0.0,0.0016,0.021816625681999203,0.017562469261499403,1.2422299710340732
rolling_18m_6m,round_trip_0_16pct,4,long,2024-01-09T23:00:00+00:00,2024-01-10T00:00:00+00:00,2024-01-10T09:00:00+00:00,2344.33,2404.0533333333333,take,0.02547565118107653,-0.0002,0.0016,0.02367565118107653,0.01910673838580743,1.2391257316142932
rolling_18m_6m,round_trip_0_16pct,4,long,2024-01-10T10:00:00+00:00,2024-01-10T11:00:00+00:00,2024-01-10T12:00:00+00:00,2401.19,2345.9187500000003,stop,-0.023018274272339823,0.0,0.0016,-0.024618274272339823,0.023018274272339944,-1.0695099893705988
rolling_18m_6m,round_trip_0_16pct,4,long,2024-01-10T13:00:00+00:00,2024-01-10T14:00:00+00:00,2024-01-10T15:00:00+00:00,2378.62,2455.3933333333334,take,0.03227641797905245,0.0,0.0016,0.03067641797905245,0.024207313484289204,1.2672376056501173
rolling_18m_6m,round_trip_0_16pct,4,long,2024-01-10T16:00:00+00:00,2024-01-10T17:00:00+00:00,2024-01-10T20:00:00+00:00,2408.55,2490.8525,take,0.03417097423761173,0.0,0.0016,0.03257097423761173,0.02562823067820886,1.2709021799661784
rolling_18m_6m,round_trip_0_16pct,4,long,2024-01-12T11:00:00+00:00,2024-01-12T12:00:00+00:00,2024-01-12T14:00:00+00:00,2648.23,2715.1875,take,0.025283868848249513,0.0,0.0016,0.023683868848249513,0.018962901636187142,1.2489580604612371
rolling_18m_6m,round_trip_0_16pct,4,long,2024-01-13T18:00:00+00:00,2024-01-13T19:00:00+00:00,2024-01-14T16:00:00+00:00,2561.45,2523.206875,stop,-0.01493026410821996,-0.0002,0.0016,-0.01673026410821996,0.014930264108219973,-1.1205604928990494
rolling_18m_6m,round_trip_0_16pct,4,long,2024-01-19T13:00:00+00:00,2024-01-19T14:00:00+00:00,2024-01-19T15:00:00+00:00,2497.68,2469.706875,stop,-0.011199643268953619,0.0,0.0016,-0.01279964326895362,0.011199643268953572,-1.1428616931429765
rolling_18m_6m,round_trip_0_16pct,4,long,2024-02-01T17:00:00+00:00,2024-02-01T18:00:00+00:00,2024-02-02T18:00:00+00:00,2304.04,2293.62,time,-0.004522490928976941,-0.00023678000000000002,0.0016,-0.006359270928976941,0.01198709657818441,-0.530509693277213
rolling_18m_6m,round_trip_0_16pct,4,long,2024-03-06T04:00:00+00:00,2024-03-06T05:00:00+00:00,2024-03-06T08:00:00+00:00,3652.93,3832.170833333333,take,0.04906768904231207,0.0,0.0016,0.04746768904231207,0.0368007667817341,1.289855978377941
rolling_18m_6m,round_trip_0_16pct,4,long,2024-03-06T12:00:00+00:00,2024-03-06T13:00:00+00:00,2024-03-07T13:00:00+00:00,3821.53,3810.23,time,-0.0029569308627697133,-0.00115379,0.0016,-0.005710720862769713,0.03978200485146,-0.14355035358556417
rolling_18m_6m,round_trip_0_16pct,4,long,2024-03-15T23:00:00+00:00,2024-03-16T00:00:00+00:00,2024-03-16T18:00:00+00:00,3745.01,3629.549375,stop,-0.0308305251521358,-0.0007526,0.0016,-0.0331831251521358,0.030830525152135763,-1.0763074903327445
rolling_18m_6m,round_trip_0_16pct,4,long,2024-03-17T10:00:00+00:00,2024-03-17T11:00:00+00:00,2024-03-18T11:00:00+00:00,3598.74,3600.76,time,0.000561307568760272,-0.00074073,0.0016,-0.001779422431239728,0.022342542111961402,-0.07964279186866066
rolling_18m_6m,round_trip_0_16pct,4,long,2024-03-20T17:00:00+00:00,2024-03-20T18:00:00+00:00,2024-03-20T20:00:00+00:00,3301.75,3454.423333333333,take,0.046240125186138625,0.0,0.0016,0.04464012518613863,0.034680093889604,1.2871973567384238
rolling_18m_6m,round_trip_0_16pct,4,long,2024-04-05T18:00:00+00:00,2024-04-05T19:00:00+00:00,2024-04-06T19:00:00+00:00,3329.19,3350.79,time,0.006488064664377902,-0.00036732,0.0016,0.004520744664377902,0.017719024747761453,0.2551350725411134
rolling_18m_6m,round_trip_0_16pct,4,long,2024-04-14T05:00:00+00:00,2024-04-14T06:00:00+00:00,2024-04-15T06:00:00+00:00,3072.18,3218.523333333333,take,0.04763501270541881,-0.00030000000000000003,0.0016,0.04573501270541881,0.03572625952906405,1.2801511635499494
rolling_18m_6m,round_trip_0_16pct,4,long,2024-04-18T03:00:00+00:00,2024-04-18T04:00:00+00:00,2024-04-18T06:00:00+00:00,3023.94,2961.4750000000004,stop,-0.020656825201558093,0.0,0.0016,-0.022256825201558094,0.020656825201558204,-1.0774562394941114
rolling_18m_6m,round_trip_0_16pct,4,long,2024-04-18T10:00:00+00:00,2024-04-18T11:00:00+00:00,2024-04-19T01:00:00+00:00,3010.06,2945.500625,stop,-0.021447869809904097,-6.353e-05,0.0016,-0.023111399809904096,0.02144786980990411,-1.077561548757248
rolling_18m_6m,round_trip_0_16pct,4,long,2024-04-27T18:00:00+00:00,2024-04-27T19:00:00+00:00,2024-04-28T02:00:00+00:00,3255.18,3310.115,take,0.01687617889026094,-9.322e-05,0.0016,0.015182958890260938,0.012657134167695792,1.1995573949916474
rolling_18m_6m,round_trip_0_16pct,4,long,2024-05-01T18:00:00+00:00,2024-05-01T19:00:00+00:00,2024-05-01T19:00:00+00:00,2988.2,2921.6706249999997,stop,-0.02226403018539591,0.0,0.0016,-0.023864030185395912,0.02226403018539587,-1.0718647965654289
rolling_18m_6m,round_trip_0_16pct,4,long,2024-05-01T21:00:00+00:00,2024-05-01T22:00:00+00:00,2024-05-02T01:00:00+00:00,2966.4,2898.63625,stop,-0.022843766855447756,8.6e-07,0.0016,-0.024442906855447758,0.022843766855447655,-1.0700033409603262
rolling_18m_6m,round_trip_0_16pct,4,long,2024-05-07T08:00:00+00:00,2024-05-07T09:00:00+00:00,2024-05-07T11:00:00+00:00,3118.05,3070.1843750000003,stop,-0.01535114093744483,0.0,0.0016,-0.01695114093744483,0.015351140937444902,-1.1042267807011767
rolling_18m_6m,round_trip_0_16pct,4,long,2024-05-09T17:00:00+00:00,2024-05-09T18:00:00+00:00,2024-05-09T22:00:00+00:00,3002.75,3054.7166666666667,take,0.017306358060666716,0.0,0.0016,0.015706358060666715,0.012979768545499946,1.210064571306402
rolling_18m_6m,round_trip_0_16pct,4,long,2024-05-21T23:00:00+00:00,2024-05-22T00:00:00+00:00,2024-05-22T11:00:00+00:00,3792.33,3715.689375,stop,-0.020209376557419834,-0.00027641000000000005,0.0016,-0.022085786557419836,0.020209376557419844,-1.0928484851904583
rolling_18m_6m,round_trip_0_16pct,4,long,2024-05-23T21:00:00+00:00,2024-05-23T22:00:00+00:00,2024-05-24T05:00:00+00:00,3844.36,3731.1018750000003,stop,-0.029460853041858637,-0.0001,0.0016,-0.031160853041858637,0.02946085304185873,-1.0577036923399503
rolling_18m_6m,round_trip_0_16pct,4,long,2024-05-27T06:00:00+00:00,2024-05-27T07:00:00+00:00,2024-05-27T15:00:00+00:00,3896.29,3963.205,take,0.017174029653850287,-0.0001,0.0016,0.015474029653850287,0.012880522240387658,1.2013511071259617
rolling_18m_6m,round_trip_0_16pct,4,long,2024-06-14T07:00:00+00:00,2024-06-14T08:00:00+00:00,2024-06-14T14:00:00+00:00,3515.84,3472.2268750000003,stop,-0.012404752491580906,-0.0001,0.0016,-0.014104752491580906,0.012404752491580918,-1.137044249867442
rolling_18m_6m,round_trip_0_16pct,4,long,2024-06-14T21:00:00+00:00,2024-06-14T22:00:00+00:00,2024-06-15T12:00:00+00:00,3503.04,3561.4816666666666,take,0.016683128558813598,-0.0002,0.0016,0.014883128558813599,0.012512346419110245,1.1894754237368645
rolling_18m_6m,round_trip_0_16pct,4,long,2024-06-15T13:00:00+00:00,2024-06-15T14:00:00+00:00,2024-06-16T14:00:00+00:00,3568.2,3578.26,time,0.0028193486912169163,-0.0002,0.0016,0.0010193486912169162,0.0131964295723334,0.07724427926732566
rolling_18m_6m,round_trip_0_16pct,4,long,2024-06-18T20:00:00+00:00,2024-06-18T21:00:00+00:00,2024-06-19T01:00:00+00:00,3460.67,3537.576666666667,take,0.022223056999559843,0.0,0.0016,0.020623056999559842,0.01666729274966984,1.2373369394359717
rolling_18m_6m,round_trip_0_16pct,4,long,2024-06-21T18:00:00+00:00,2024-06-21T19:00:00+00:00,2024-06-22T08:00:00+00:00,3521.93,3473.99375,stop,-0.013610790106560855,-0.00010401,0.0016,-0.015314800106560856,0.013610790106560876,-1.125195524040782
rolling_18m_6m,round_trip_0_16pct,4,long,2024-06-24T23:00:00+00:00,2024-06-25T00:00:00+00:00,2024-06-26T00:00:00+00:00,3351.99,3387.2,time,0.010504207948114352,-0.00030000000000000003,0.0016,0.008604207948114352,0.019398551308327322,0.4435489955593115
rolling_18m_6m,round_trip_0_16pct,5,long,2024-07-05T15:00:00+00:00,2024-07-05T16:00:00+00:00,2024-07-06T16:00:00+00:00,2989.97,3049.64,time,0.019956721973799052,-0.00026374,0.0016,0.018092981973799053,0.02907596062836749,0.6222660088536138
rolling_18m_6m,round_trip_0_16pct,5,long,2024-07-08T10:00:00+00:00,2024-07-08T11:00:00+00:00,2024-07-08T14:00:00+00:00,3013.07,2953.0150000000003,stop,-0.01993149843846964,0.0,0.0016,-0.021531498438469642,0.019931498438469707,-1.0802749479643627
rolling_18m_6m,round_trip_0_16pct,5,long,2024-07-08T18:00:00+00:00,2024-07-08T19:00:00+00:00,2024-07-09T08:00:00+00:00,2990.16,3092.975,take,0.03438444765497506,-5.681e-05,0.0016,0.032727637654975064,0.025788335741231235,1.2690868454395468
rolling_18m_6m,round_trip_0_16pct,5,long,2024-07-23T11:00:00+00:00,2024-07-23T12:00:00+00:00,2024-07-23T13:00:00+00:00,3514.54,3466.73375,stop,-0.013602420231381696,0.0,0.0016,-0.015202420231381696,0.013602420231381633,-1.117626126291023
rolling_18m_6m,round_trip_0_16pct,5,long,2024-07-30T12:00:00+00:00,2024-07-30T13:00:00+00:00,2024-07-30T14:00:00+00:00,3353.0,3309.2712500000002,stop,-0.01304167909334919,0.0,0.0016,-0.01464167909334919,0.013041679093349228,-1.1226835891718807
rolling_18m_6m,round_trip_0_16pct,5,long,2024-08-05T15:00:00+00:00,2024-08-05T16:00:00+00:00,2024-08-06T16:00:00+00:00,2448.96,2529.46,time,0.03287109630210372,0.00019819,0.0016,0.03146928630210372,0.06557783712269695,0.47987685600585295
rolling_18m_6m,round_trip_0_16pct,5,long,2024-08-12T10:00:00+00:00,2024-08-12T11:00:00+00:00,2024-08-12T14:00:00+00:00,2639.81,2713.01,take,0.027729268394316442,0.0,0.0016,0.02612926839431644,0.020796951295737207,1.2563989799635782
rolling_18m_6m,round_trip_0_16pct,5,long,2024-08-12T17:00:00+00:00,2024-08-12T18:00:00+00:00,2024-08-12T23:00:00+00:00,2654.13,2744.9875,take,0.03423249803136996,0.0,0.0016,0.032632498031369965,0.025674373523527493,1.2710143833292051
rolling_18m_6m,round_trip_0_16pct,5,long,2024-08-28T09:00:00+00:00,2024-08-28T10:00:00+00:00,2024-08-28T13:00:00+00:00,2539.54,2483.158125,stop,-0.022201609346574558,0.0,0.0016,-0.02380160934657456,0.02220160934657457,-1.0720668477236697
rolling_18m_6m,round_trip_0_16pct,5,long,2024-08-28T16:00:00+00:00,2024-08-28T17:00:00+00:00,2024-08-29T15:00:00+00:00,2513.35,2593.3508333333334,take,0.03183035921512456,-1.16e-05,0.0016,0.03021875921512456,0.02387276941134342,1.2658254555403936
rolling_18m_6m,round_trip_0_16pct,5,long,2024-08-31T09:00:00+00:00,2024-08-31T10:00:00+00:00,2024-09-01T02:00:00+00:00,2513.06,2480.8312499999997,stop,-0.012824504786992819,-0.0001231,0.0016,-0.014547604786992819,0.01282450478699278,-1.1343599638831814
rolling_18m_6m,round_trip_0_16pct,5,long,2024-09-07T07:00:00+00:00,2024-09-07T08:00:00+00:00,2024-09-08T08:00:00+00:00,2287.03,2295.4,time,0.003659768345845915,-0.00010567,0.0016,0.001954098345845915,0.021607445026956308,0.09043634466768675
rolling_18m_6m,round_trip_0_16pct,5,long,2024-09-20T16:00:00+00:00,2024-09-20T17:00:00+00:00,2024-09-21T17:00:00+00:00,2546.1,2568.59,time,0.008833117316680461,-0.00011200999999999999,0.0016,0.007121107316680462,0.014610335414948331,0.4874020420773239
rolling_18m_6m,round_trip_0_16pct,5,long,2024-10-01T05:00:00+00:00,2024-10-01T06:00:00+00:00,2024-10-01T13:00:00+00:00,2639.36,2607.65625,stop,-0.012011908189864307,-0.0001,0.0016,-0.013711908189864307,0.012011908189864215,-1.1415262232385834
rolling_18m_6m,round_trip_0_16pct,5,long,2024-10-08T21:00:00+00:00,2024-10-08T22:00:00+00:00,2024-10-09T18:00:00+00:00,2455.39,2420.2687499999997,stop,-0.014303735862734701,-0.0002364,0.0016,-0.0161401358627347,0.014303735862734616,-1.12838603967684
rolling_18m_6m,round_trip_0_16pct,5,long,2024-11-23T16:00:00+00:00,2024-11-23T17:00:00+00:00,2024-11-24T11:00:00+00:00,3416.36,3358.301875,stop,-0.016994147279560723,-0.00023721,0.0016,-0.018831357279560725,0.016994147279560674,-1.1081083957775106
rolling_18m_6m,round_trip_0_16pct,5,long,2024-11-25T20:00:00+00:00,2024-11-25T21:00:00+00:00,2024-11-25T21:00:00+00:00,3504.59,3428.0281250000003,stop,-0.021846171734782094,0.0,0.0016,-0.023446171734782095,0.021846171734782094,-1.0732393766479726
rolling_18m_6m,round_trip_0_16pct,5,long,2024-11-27T02:00:00+00:00,2024-11-27T03:00:00+00:00,2024-11-27T10:00:00+00:00,3366.68,3449.7174999999997,take,0.02466450627918304,-0.00020895,0.0016,0.02285555627918304,0.018498379709387263,1.2355436875146781
rolling_18m_6m,round_trip_0_16pct,5,long,2024-11-30T15:00:00+00:00,2024-11-30T16:00:00+00:00,2024-12-01T15:00:00+00:00,3676.6,3742.735,take,0.01798808681934405,-0.00038025,0.0016,0.016007836819344052,0.013491065114507976,1.1865510012348541
rolling_18m_6m,round_trip_0_16pct,5,long,2024-12-06T03:00:00+00:00,2024-12-06T04:00:00+00:00,2024-12-06T15:00:00+00:00,3909.83,4024.1191666666664,take,0.0292312368227432,-0.0002554,0.0016,0.0273758368227432,0.021923427617057515,1.2487024064359098
rolling_18m_6m,round_trip_0_16pct,5,long,2024-12-06T16:00:00+00:00,2024-12-06T17:00:00+00:00,2024-12-07T17:00:00+00:00,4006.72,3995.06,time,-0.002910111013497252,-0.00077988,0.0016,-0.005289991013497252,0.021671872504192956,-0.2440947828792262
rolling_18m_6m,round_trip_0_16pct,5,long,2024-12-18T18:00:00+00:00,2024-12-18T19:00:00+00:00,2024-12-18T19:00:00+00:00,3897.61,3839.4656250000003,stop,-0.014917956132091126,0.0,0.0016,-0.016517956132091127,0.014917956132091188,-1.1072532983629073
rolling_18m_6m,round_trip_0_16pct,5,long,2024-12-20T15:00:00+00:00,2024-12-20T16:00:00+00:00,2024-12-21T16:00:00+00:00,3373.33,3369.41,time,-0.0011620564842456105,-0.00016352,0.0016,-0.0029255764842456107,0.041368803230042724,-0.07071938890707401
rolling_18m_6m,round_trip_0_16pct,5,long,2024-12-23T03:00:00+00:00,2024-12-23T04:00:00+00:00,2024-12-23T06:00:00+00:00,3349.68,3278.21625,stop,-0.021334500609013318,0.0,0.0016,-0.02293450060901332,0.021334500609013367,-1.0749958965209614
rolling_18m_6m,round_trip_0_16pct,5,long,2024-12-23T11:00:00+00:00,2024-12-23T12:00:00+00:00,2024-12-23T21:00:00+00:00,3338.11,3432.909166666667,take,0.028399054155395342,0.0,0.0016,0.02679905415539534,0.021299290616546458,1.2582134606199684
rolling_18m_6m,round_trip_0_16pct,5,long,2024-12-24T03:00:00+00:00,2024-12-24T04:00:00+00:00,2024-12-24T15:00:00+00:00,3395.66,3489.7949999999996,take,0.02772215121655286,-8.121e-05,0.0016,0.026040941216552857,0.02079161341241465,1.2524733266252361
rolling_18m_6m,round_trip_0_16pct,5,long,2024-12-27T05:00:00+00:00,2024-12-27T06:00:00+00:00,2024-12-27T07:00:00+00:00,3382.71,3336.6875,stop,-0.013605215936335124,0.0,0.0016,-0.015205215936335125,0.013605215936335038,-1.1176019555652195
rolling_18m_6m,round_trip_0_16pct,5,long,2024-12-28T13:00:00+00:00,2024-12-28T14:00:00+00:00,2024-12-28T22:00:00+00:00,3364.5,3412.7541666666666,take,0.014342150889186112,-9.336e-05,0.0016,0.01264879088918611,0.010756613166889568,1.1759083173243547
rolling_18m_6m,round_trip_0_16pct,5,long,2024-12-30T06:00:00+00:00,2024-12-30T07:00:00+00:00,2024-12-30T13:00:00+00:00,3430.23,3392.291875,stop,-0.01105993621418977,0.0,0.0016,-0.01265993621418977,0.011059936214189714,-1.1446662954481857
