day_iso,decision_iso,status,symbols,weights,momenta,participation_caps,vol_multiplier,gross_return,funding_return,turnover,net_realistic,net_stress,equity_realistic,equity_stress,violations
2020-05-11T00:00:00Z,2020-05-11T00:00:00Z,active,ADAUSDT|ETHUSDT|LINKUSDT|BNBUSDT,0.064148919903|0.064148919903|0.064148919903|0.064148919903,0.432180451128|0.189168621980|0.168012422360|0.116793113510,14733.655732600000|200201.312376100017|26854.822315199999|9211.611903000001,0.256595679614,-0.004226251963,-0.000051447434,0.256595679614,-0.004585614212,-0.004790890756,0.995414385788,0.995209109244,
2020-05-12T00:00:00Z,,hold,ADAUSDT|ETHUSDT|LINKUSDT|BNBUSDT,0.064148919903|0.064148919903|0.064148919903|0.064148919903,0.432180451128|0.189168621980|0.168012422360|0.116793113510,14733.655732600000|200201.312376100017|26854.822315199999|9211.611903000001,0.256595679614,0.009675275204,-0.000019656512,0.000000000000,0.009655618692,0.009655618692,1.005025727537,1.004818468922,
2020-05-13T00:00:00Z,,hold,ADAUSDT|ETHUSDT|LINKUSDT|BNBUSDT,0.064148919903|0.064148919903|0.064148919903|0.064148919903,0.432180451128|0.189168621980|0.168012422360|0.116793113510,14733.655732600000|200201.312376100017|26854.822315199999|9211.611903000001,0.256595679614,0.007553476736,0.000041445334,0.000000000000,0.007594922070,0.007594922070,1.012658819617,1.012449986888,
2020-05-14T00:00:00Z,,hold,ADAUSDT|ETHUSDT|LINKUSDT|BNBUSDT,0.064148919903|0.064148919903|0.064148919903|0.064148919903,0.432180451128|0.189168621980|0.168012422360|0.116793113510,14733.655732600000|200201.312376100017|26854.822315199999|9211.611903000001,0.256595679614,0.002043287649,0.000026534559,0.000000000000,0.002069822208,0.002069822208,1.014754843330,1.014545578355,
2020-05-15T00:00:00Z,,hold,ADAUSDT|ETHUSDT|LINKUSDT|BNBUSDT,0.064148919903|0.064148919903|0.064148919903|0.064148919903,0.432180451128|0.189168621980|0.168012422360|0.116793113510,14733.655732600000|200201.312376100017|26854.822315199999|9211.611903000001,0.256595679614,-0.008504820743,-0.000025998916,0.000000000000,-0.008530819659,-0.008530819659,1.006098152764,1.005890672990,
2020-05-16T00:00:00Z,,hold,ADAUSDT|ETHUSDT|LINKUSDT|BNBUSDT,0.064148919903|0.064148919903|0.064148919903|0.064148919903,0.432180451128|0.189168621980|0.168012422360|0.116793113510,14733.655732600000|200201.312376100017|26854.822315199999|9211.611903000001,0.256595679614,0.005938394008,-0.000028565514,0.000000000000,0.005909828494,0.005909828494,1.012044020295,1.011835314351,
2020-05-17T00:00:00Z,,hold,ADAUSDT|ETHUSDT|LINKUSDT|BNBUSDT,0.064148919903|0.064148919903|0.064148919903|0.064148919903,0.432180451128|0.189168621980|0.168012422360|0.116793113510,14733.655732600000|200201.312376100017|26854.822315199999|9211.611903000001,0.256595679614,0.003636473160,-0.000034921389,0.000000000000,0.003601551771,0.003601551771,1.015688949228,1.015479491619,
2020-05-18T00:00:00Z,2020-05-18T00:00:00Z,active,ADAUSDT|ETHUSDT|LINKUSDT|XRPUSDT,0.071355095567|0.071355095567|0.071355095567|0.071355095567,0.495043731778|0.213238742964|0.095251881876|0.066277836691,3738.851811064997|65294.000894470395|8262.275720020447|3629.670188793452,0.285420382267,0.010572902400,-0.000149788617,0.157122542460,0.010234566732,0.010108868698,1.026084085558,1.025744840466,
2020-05-19T00:00:00Z,,hold,ADAUSDT|ETHUSDT|LINKUSDT|XRPUSDT,0.071355095567|0.071355095567|0.071355095567|0.071355095567,0.495043731778|0.213238742964|0.095251881876|0.066277836691,3738.851811064997|65294.000894470395|8262.275720020447|3629.670188793452,0.285420382267,0.004074406381,-0.000131094295,0.000000000000,0.003943312086,0.003943312086,1.030130255334,1.029789672492,
2020-05-20T00:00:00Z,,hold,ADAUSDT|ETHUSDT|LINKUSDT|XRPUSDT,0.071355095567|0.071355095567|0.071355095567|0.071355095567,0.495043731778|0.213238742964|0.095251881876|0.066277836691,3738.851811064997|65294.000894470395|8262.275720020447|3629.670188793452,0.285420382267,-0.000015833190,-0.000064363723,0.000000000000,-0.000080196913,-0.000080196913,1.030047642067,1.029707086539,
2020-05-21T00:00:00Z,,hold,ADAUSDT|ETHUSDT|LINKUSDT|XRPUSDT,0.071355095567|0.071355095567|0.071355095567|0.071355095567,0.495043731778|0.213238742964|0.095251881876|0.066277836691,3738.851811064997|65294.000894470395|8262.275720020447|3629.670188793452,0.285420382267,-0.016967342634,-0.000077911915,0.000000000000,-0.017045254550,-0.017045254550,1.012490217810,1.012155467138,
2020-05-22T00:00:00Z,,hold,ADAUSDT|ETHUSDT|LINKUSDT|XRPUSDT,0.071355095567|0.071355095567|0.071355095567|0.071355095567,0.495043731778|0.213238742964|0.095251881876|0.066277836691,3738.851811064997|65294.000894470395|8262.275720020447|3629.670188793452,0.285420382267,0.014558004140,-0.000034954007,0.000000000000,0.014523050132,0.014523050132,1.027194664002,1.026855051729,
2020-05-23T00:00:00Z,,hold,ADAUSDT|ETHUSDT|LINKUSDT|XRPUSDT,0.071355095567|0.071355095567|0.071355095567|0.071355095567,0.495043731778|0.213238742964|0.095251881876|0.066277836691,3738.851811064997|65294.000894470395|8262.275720020447|3629.670188793452,0.285420382267,-0.004231524103,-0.000064219586,0.000000000000,-0.004295743689,-0.004295743689,1.022782099006,1.022443945620,
2020-05-24T00:00:00Z,,hold,ADAUSDT|ETHUSDT|LINKUSDT|XRPUSDT,0.071355095567|0.071355095567|0.071355095567|0.071355095567,0.495043731778|0.213238742964|0.095251881876|0.066277836691,3738.851811064997|65294.000894470395|8262.275720020447|3629.670188793452,0.285420382267,-0.012028992158,-0.000064219586,0.000000000000,-0.012093211744,-0.012093211744,1.010413378515,1.010079314490,
2020-05-25T00:00:00Z,2020-05-25T00:00:00Z,active,ADAUSDT|ETHUSDT|LINKUSDT|BNBUSDT,0.074703664718|0.074703664718|0.074703664718|0.074703664718,0.224166866459|0.064215294431|0.002645502646|0.001381042059,35079.363471003919|347601.118436016608|39524.681674530068|11528.018593851879,0.298814658871,0.009278586591,-0.000044822199,0.156104467738,0.009046439030,0.008921555456,1.019554021539,1.019090793109,
2020-05-26T00:00:00Z,,hold,ADAUSDT|ETHUSDT|LINKUSDT|BNBUSDT,0.074703664718|0.074703664718|0.074703664718|0.074703664718,0.224166866459|0.064215294431|0.002645502646|0.001381042059,35079.363471003919|347601.118436016608|39524.681674530068|11528.018593851879,0.298814658871,-0.002853716686,-0.000036485270,0.000000000000,-0.002890201956,-0.002890201956,1.016607304512,1.016145414906,
2020-05-27T00:00:00Z,,hold,ADAUSDT|ETHUSDT|LINKUSDT|BNBUSDT,0.074703664718|0.074703664718|0.074703664718|0.074703664718,0.224166866459|0.064215294431|0.002645502646|0.001381042059,35079.363471003919|347601.118436016608|39524.681674530068|11528.018593851879,0.298814658871,0.006298428299,-0.000047343448,0.000000000000,0.006251084851,0.006251084851,1.022962203033,1.022497426116,
2020-05-28T00:00:00Z,,hold,ADAUSDT|ETHUSDT|LINKUSDT|BNBUSDT,0.074703664718|0.074703664718|0.074703664718|0.074703664718,0.224166866459|0.064215294431|0.002645502646|0.001381042059,35079.363471003919|347601.118436016608|39524.681674530068|11528.018593851879,0.298814658871,0.024020924598,-0.000053723888,0.000000000000,0.023967200711,0.023967200711,1.047479743473,1.047003827154,
2020-05-29T00:00:00Z,,hold,ADAUSDT|ETHUSDT|LINKUSDT|BNBUSDT,0.074703664718|0.074703664718|0.074703664718|0.074703664718,0.224166866459|0.064215294431|0.002645502646|0.001381042059,35079.363471003919|347601.118436016608|39524.681674530068|11528.018593851879,0.298814658871,-0.001681274844,-0.000036261159,0.000000000000,-0.001717536002,-0.001717536002,1.045680659302,1.045205560386,
2020-05-30T00:00:00Z,,hold,ADAUSDT|ETHUSDT|LINKUSDT|BNBUSDT,0.074703664718|0.074703664718|0.074703664718|0.074703664718,0.224166866459|0.064215294431|0.002645502646|0.001381042059,35079.363471003919|347601.118436016608|39524.681674530068|11528.018593851879,0.298814658871,0.028810845115,-0.000043654581,0.000000000000,0.028767190534,0.028767190534,1.075761954066,1.075273187889,
2020-05-31T00:00:00Z,,hold,ADAUSDT|ETHUSDT|LINKUSDT|BNBUSDT,0.074703664718|0.074703664718|0.074703664718|0.074703664718,0.224166866459|0.064215294431|0.002645502646|0.001381042059,35079.363471003919|347601.118436016608|39524.681674530068|11528.018593851879,0.298814658871,-0.010103635218,-0.000074229296,0.000000000000,-0.010177864515,-0.010177864515,1.064812994647,1.064329203066,
2020-06-01T00:00:00Z,2020-06-01T00:00:00Z,active,ADAUSDT|LINKUSDT|ETHUSDT|BNBUSDT,0.068688029914|0.068688029914|0.068688029914|0.068688029914,0.447187928669|0.098034006376|0.091084723400|-0.020126146789,132559.293221781234|36205.323432001831|378635.715918066853|16469.256586514981,0.274752119655,0.019686082167,-0.000041212818,0.024062539216,0.019615994302,0.019596744271,1.085700360283,1.085186590279,
2020-06-02T00:00:00Z,,hold,ADAUSDT|LINKUSDT|ETHUSDT|BNBUSDT,0.068688029914|0.068688029914|0.068688029914|0.068688029914,0.447187928669|0.098034006376|0.091084723400|-0.020126146789,132559.293221781234|36205.323432001831|378635.715918066853|16469.256586514981,0.274752119655,-0.007569107439,-0.000395274884,0.000000000000,-0.007964382324,-0.007964382324,1.077053427524,1.076543749381,
2020-06-03T00:00:00Z,,hold,ADAUSDT|LINKUSDT|ETHUSDT|BNBUSDT,0.068688029914|0.068688029914|0.068688029914|0.068688029914,0.447187928669|0.098034006376|0.091084723400|-0.020126146789,132559.293221781234|36205.323432001831|378635.715918066853|16469.256586514981,0.274752119655,0.010497260364,-0.000041212818,0.000000000000,0.010456047546,0.010456047546,1.088315149372,1.087800142010,
2020-06-04T00:00:00Z,,hold,ADAUSDT|LINKUSDT|ETHUSDT|BNBUSDT,0.068688029914|0.068688029914|0.068688029914|0.068688029914,0.447187928669|0.098034006376|0.091084723400|-0.020126146789,132559.293221781234|36205.323432001831|378635.715918066853|16469.256586514981,0.274752119655,0.001070238613,-0.000114685656,0.000000000000,0.000955552957,0.000955552957,1.089355092131,1.088839592652,
2020-06-05T00:00:00Z,,hold,ADAUSDT|LINKUSDT|ETHUSDT|BNBUSDT,0.068688029914|0.068688029914|0.068688029914|0.068688029914,0.447187928669|0.098034006376|0.091084723400|-0.020126146789,132559.293221781234|36205.323432001831|378635.715918066853|16469.256586514981,0.274752119655,-0.004083677062,-0.000103147441,0.000000000000,-0.004186824503,-0.004186824503,1.084794153539,1.084280812365,
2020-06-06T00:00:00Z,,hold,ADAUSDT|LINKUSDT|ETHUSDT|BNBUSDT,0.068688029914|0.068688029914|0.068688029914|0.068688029914,0.447187928669|0.098034006376|0.091084723400|-0.020126146789,132559.293221781234|36205.323432001831|378635.715918066853|16469.256586514981,0.274752119655,0.000761123617,-0.000117935974,0.000000000000,0.000643187644,0.000643187644,1.085491879734,1.084978208386,
2020-06-07T00:00:00Z,,hold,ADAUSDT|LINKUSDT|ETHUSDT|BNBUSDT,0.068688029914|0.068688029914|0.068688029914|0.068688029914,0.447187928669|0.098034006376|0.091084723400|-0.020126146789,132559.293221781234|36205.323432001831|378635.715918066853|16469.256586514981,0.274752119655,0.000437730605,-0.000096108291,0.000000000000,0.000341622313,0.000341622313,1.085862707981,1.085348861151,
2020-06-08T00:00:00Z,2020-06-08T00:00:00Z,active,ADAUSDT|ETHUSDT|LINKUSDT|BNBUSDT,0.066575636779|0.066575636779|0.066575636779|0.066575636779,0.663720215219|0.156948976214|0.145224940805|0.015748031496,18011.777626903880|203685.265963186859|5596.676451758932|6473.611602124858,0.266302547114,0.002535431400,-0.000111562792,0.008449572541,0.002413729121,0.002406969463,1.088483686421,1.087961262717,
2020-06-09T00:00:00Z,,hold,ADAUSDT|ETHUSDT|LINKUSDT|BNBUSDT,0.066575636779|0.066575636779|0.066575636779|0.066575636779,0.663720215219|0.156948976214|0.145224940805|0.015748031496,18011.777626903880|203685.265963186859|5596.676451758932|6473.611602124858,0.266302547114,-0.004264269843,-0.000132085398,0.000000000000,-0.004396355240,-0.004396355240,1.083698325462,1.083178198518,
2020-06-10T00:00:00Z,,hold,ADAUSDT|ETHUSDT|LINKUSDT|BNBUSDT,0.066575636779|0.066575636779|0.066575636779|0.066575636779,0.663720215219|0.156948976214|0.145224940805|0.015748031496,18011.777626903880|203685.265963186859|5596.676451758932|6473.611602124858,0.266302547114,0.001544132756,-0.000124292054,0.000000000000,0.001419840703,0.001419840703,1.085237004453,1.084716139012,
2020-06-11T00:00:00Z,,hold,ADAUSDT|ETHUSDT|LINKUSDT|BNBUSDT,0.066575636779|0.066575636779|0.066575636779|0.066575636779,0.663720215219|0.156948976214|0.145224940805|0.015748031496,18011.777626903880|203685.265963186859|5596.676451758932|6473.611602124858,0.266302547114,-0.022848547042,-0.000186299270,0.000000000000,-0.023034846312,-0.023034846312,1.060238736844,1.059729869458,
2020-06-12T00:00:00Z,,hold,ADAUSDT|ETHUSDT|LINKUSDT|BNBUSDT,0.066575636779|0.066575636779|0.066575636779|0.066575636779,0.663720215219|0.156948976214|0.145224940805|0.015748031496,18011.777626903880|203685.265963186859|5596.676451758932|6473.611602124858,0.266302547114,0.009501250799,-0.000039945382,0.000000000000,0.009461305417,0.009461305417,1.070269979348,1.069756297413,
2020-06-13T00:00:00Z,,hold,ADAUSDT|ETHUSDT|LINKUSDT|BNBUSDT,0.066575636779|0.066575636779|0.066575636779|0.066575636779,0.663720215219|0.156948976214|0.145224940805|0.015748031496,18011.777626903880|203685.265963186859|5596.676451758932|6473.611602124858,0.266302547114,0.000907558702,-0.000039945382,0.000000000000,0.000867613320,0.000867613320,1.071198559838,1.070684432225,
2020-06-14T00:00:00Z,,hold,ADAUSDT|ETHUSDT|LINKUSDT|BNBUSDT,0.066575636779|0.066575636779|0.066575636779|0.066575636779,0.663720215219|0.156948976214|0.145224940805|0.015748031496,18011.777626903880|203685.265963186859|5596.676451758932|6473.611602124858,0.266302547114,-0.007610798789,-0.000039945382,0.000000000000,-0.007650744171,-0.007650744171,1.063003093700,1.062492899546,
2020-06-15T00:00:00Z,2020-06-15T00:00:00Z,active,ADAUSDT|ETHUSDT|LINKUSDT|BNBUSDT,0.066983687075|0.066983687075|0.066983687075|0.066983687075,0.519173455196|0.191104719840|0.075579809004|0.054487587524,9490.488665636563|112266.187006919383|8360.671360571860|2328.449513616999,0.267934748299,0.000259150412,-0.000040938420,0.001632201185,0.000216253351,0.000214947590,1.063232971681,1.062721279835,
2020-06-16T00:00:00Z,,hold,ADAUSDT|ETHUSDT|LINKUSDT|BNBUSDT,0.066983687075|0.066983687075|0.066983687075|0.066983687075,0.519173455196|0.191104719840|0.075579809004|0.054487587524,9490.488665636563|112266.187006919383|8360.671360571860|2328.449513616999,0.267934748299,0.004285677833,-0.000040190212,0.000000000000,0.004245487621,0.004245487621,1.067746914101,1.067233049873,
2020-06-17T00:00:00Z,,hold,ADAUSDT|ETHUSDT|LINKUSDT|BNBUSDT,0.066983687075|0.066983687075|0.066983687075|0.066983687075,0.519173455196|0.191104719840|0.075579809004|0.054487587524,9490.488665636563|112266.187006919383|8360.671360571860|2328.449513616999,0.267934748299,0.004901676397,-0.000033030326,0.000000000000,0.004868646071,0.004868646071,1.072945395919,1.072429029868,
2020-06-18T00:00:00Z,,hold,ADAUSDT|ETHUSDT|LINKUSDT|BNBUSDT,0.066983687075|0.066983687075|0.066983687075|0.066983687075,0.519173455196|0.191104719840|0.075579809004|0.054487587524,9490.488665636563|112266.187006919383|8360.671360571860|2328.449513616999,0.267934748299,-0.003354302405,-0.000000699980,0.000000000000,-0.003355002385,-0.003355002385,1.069345661557,1.068831027915,
2020-06-19T00:00:00Z,,hold,ADAUSDT|ETHUSDT|LINKUSDT|BNBUSDT,0.066983687075|0.066983687075|0.066983687075|0.066983687075,0.519173455196|0.191104719840|0.075579809004|0.054487587524,9490.488665636563|112266.187006919383|8360.671360571860|2328.449513616999,0.267934748299,-0.003692986828,-0.000040190212,0.000000000000,-0.003733177040,-0.003733177040,1.065353604886,1.064840892462,
2020-06-20T00:00:00Z,,hold,ADAUSDT|ETHUSDT|LINKUSDT|BNBUSDT,0.066983687075|0.066983687075|0.066983687075|0.066983687075,0.519173455196|0.191104719840|0.075579809004|0.054487587524,9490.488665636563|112266.187006919383|8360.671360571860|2328.449513616999,0.267934748299,0.001350732667,-0.000027762729,0.000000000000,0.001322969939,0.001322969939,1.066763035679,1.066249644952,
2020-06-21T00:00:00Z,,hold,ADAUSDT|ETHUSDT|LINKUSDT|BNBUSDT,0.066983687075|0.066983687075|0.066983687075|0.066983687075,0.519173455196|0.191104719840|0.075579809004|0.054487587524,9490.488665636563|112266.187006919383|8360.671360571860|2328.449513616999,0.267934748299,-0.001498502229,-0.000063322359,0.000000000000,-0.001561824588,-0.001561824588,1.065096938940,1.064584350040,
2020-06-22T00:00:00Z,2020-06-22T00:00:00Z,active,ADAUSDT|ETHUSDT|LINKUSDT|LTCUSDT,0.070243855096|0.070243855096|0.070243855096|0.070243855096,0.404053084648|0.100347356233|0.030288106378|-0.026904815736,15856.731130410049|55135.482910056955|14793.224504217940|1639.857912499180,0.280975420385,0.016432195046,-0.000002027238,0.147008046236,0.016253758153,0.016136151716,1.082408766995,1.081762644626,
2020-06-23T00:00:00Z,,hold,ADAUSDT|ETHUSDT|LINKUSDT|LTCUSDT,0.070243855096|0.070243855096|0.070243855096|0.070243855096,0.404053084648|0.100347356233|0.030288106378|-0.026904815736,15856.731130410049|55135.482910056955|14793.224504217940|1639.857912499180,0.280975420385,0.004266288380,-0.000049790952,0.000000000000,0.004216497428,0.004216497428,1.086972740777,1.086323894035,
2020-06-24T00:00:00Z,,hold,ADAUSDT|ETHUSDT|LINKUSDT|LTCUSDT,0.070243855096|0.070243855096|0.070243855096|0.070243855096,0.404053084648|0.100347356233|0.030288106378|-0.026904815736,15856.731130410049|55135.482910056955|14793.224504217940|1639.857912499180,0.280975420385,-0.006602273694,-0.000069605338,0.000000000000,-0.006671879033,-0.006671879033,1.079720590139,1.079076072424,
2020-06-25T00:00:00Z,,hold,ADAUSDT|ETHUSDT|LINKUSDT|LTCUSDT,0.070243855096|0.070243855096|0.070243855096|0.070243855096,0.404053084648|0.100347356233|0.030288106378|-0.026904815736,15856.731130410049|55135.482910056955|14793.224504217940|1639.857912499180,0.280975420385,-0.000431587350,-0.000031423589,0.000000000000,-0.000463010938,-0.000463010938,1.079220667695,1.078576448399,
2020-06-26T00:00:00Z,,hold,ADAUSDT|ETHUSDT|LINKUSDT|LTCUSDT,0.070243855096|0.070243855096|0.070243855096|0.070243855096,0.404053084648|0.100347356233|0.030288106378|-0.026904815736,15856.731130410049|55135.482910056955|14793.224504217940|1639.857912499180,0.280975420385,-0.002280742315,-0.000024661915,0.000000000000,-0.002305404230,-0.002305404230,1.076732627803,1.076089893693,
2020-06-27T00:00:00Z,,hold,ADAUSDT|ETHUSDT|LINKUSDT|LTCUSDT,0.070243855096|0.070243855096|0.070243855096|0.070243855096,0.404053084648|0.100347356233|0.030288106378|-0.026904815736,15856.731130410049|55135.482910056955|14793.224504217940|1639.857912499180,0.280975420385,-0.013011503605,-0.000047208788,0.000000000000,-0.013058712393,-0.013058712393,1.062671886092,1.062037545262,
2020-06-28T00:00:00Z,,hold,ADAUSDT|ETHUSDT|LINKUSDT|LTCUSDT,0.070243855096|0.070243855096|0.070243855096|0.070243855096,0.404053084648|0.100347356233|0.030288106378|-0.026904815736,15856.731130410049|55135.482910056955|14793.224504217940|1639.857912499180,0.280975420385,0.007049758946,-0.000006652796,0.000000000000,0.007043106151,0.007043106151,1.070156396989,1.069517588429,
2020-06-29T00:00:00Z,2020-06-29T00:00:00Z,active,ADAUSDT|LINKUSDT|ETHUSDT|LTCUSDT,0.072378573709|0.072378573709|0.072378573709|0.072378573709,0.240909794213|0.147450389349|0.019533197371|-0.070963395464,15973.170128207576|14457.529108107043|35901.182520692390|3641.576007828045,0.289514294837,0.005920489275,0.000160529886,0.008538874451,0.006070772512,0.006063941413,1.076653073028,1.076003080425,
2020-06-30T00:00:00Z,,hold,ADAUSDT|LINKUSDT|ETHUSDT|LTCUSDT,0.072378573709|0.072378573709|0.072378573709|0.072378573709,0.240909794213|0.147450389349|0.019533197371|-0.070963395464,15973.170128207576|14457.529108107043|35901.182520692390|3641.576007828045,0.289514294837,-0.003599067075,0.000154977726,0.000000000000,-0.003444089350,-0.003444089350,1.072944983646,1.072297229676,
2020-07-01T00:00:00Z,,hold,ADAUSDT|LINKUSDT|ETHUSDT|LTCUSDT,0.072378573709|0.072378573709|0.072378573709|0.072378573709,0.240909794213|0.147450389349|0.019533197371|-0.070963395464,15973.170128207576|14457.529108107043|35901.182520692390|3641.576007828045,0.289514294837,0.017047024240,0.000191296570,0.000000000000,0.017238320810,0.017238320810,1.091440753485,1.090781833324,
2020-07-02T00:00:00Z,,hold,ADAUSDT|LINKUSDT|ETHUSDT|LTCUSDT,0.072378573709|0.072378573709|0.072378573709|0.072378573709,0.240909794213|0.147450389349|0.019533197371|-0.070963395464,15973.170128207576|14457.529108107043|35901.182520692390|3641.576007828045,0.289514294837,-0.004179649624,0.000157940905,0.000000000000,-0.004021708719,-0.004021708719,1.087051296691,1.086395026515,
2020-07-03T00:00:00Z,,hold,ADAUSDT|LINKUSDT|ETHUSDT|LTCUSDT,0.072378573709|0.072378573709|0.072378573709|0.072378573709,0.240909794213|0.147450389349|0.019533197371|-0.070963395464,15973.170128207576|14457.529108107043|35901.182520692390|3641.576007828045,0.289514294837,0.001403121567,0.000089423728,0.000000000000,0.001492545295,0.001492545295,1.088673769989,1.088016520300,
2020-07-04T00:00:00Z,,hold,ADAUSDT|LINKUSDT|ETHUSDT|LTCUSDT,0.072378573709|0.072378573709|0.072378573709|0.072378573709,0.240909794213|0.147450389349|0.019533197371|-0.070963395464,15973.170128207576|14457.529108107043|35901.182520692390|3641.576007828045,0.289514294837,0.007280961965,0.000229263475,0.000000000000,0.007510225440,0.007510225440,1.096849955432,1.096187769650,
2020-07-05T00:00:00Z,,hold,ADAUSDT|LINKUSDT|ETHUSDT|LTCUSDT,0.072378573709|0.072378573709|0.072378573709|0.072378573709,0.240909794213|0.147450389349|0.019533197371|-0.070963395464,15973.170128207576|14457.529108107043|35901.182520692390|3641.576007828045,0.289514294837,-0.003926288189,0.000151588961,0.000000000000,-0.003774699228,-0.003774699228,1.092709676753,1.092049990523,
2020-07-06T00:00:00Z,2020-07-06T00:00:00Z,active,ADAUSDT|LINKUSDT|ETHUSDT|LTCUSDT,0.092471358549|0.092471358549|0.092471358549|0.092471358549,0.151479567872|0.088471235388|-0.052138425020|-0.111870196413,32255.117190725054|8408.817612932042|68761.316395845934|6156.718719735566,0.369885434195,0.029938713695,-0.000002037144,0.080371139358,0.029840231184,0.029775934273,1.125316386124,1.124566799263,
2020-07-07T00:00:00Z,,hold,ADAUSDT|LINKUSDT|ETHUSDT|LTCUSDT,0.092471358549|0.092471358549|0.092471358549|0.092471358549,0.151479567872|0.088471235388|-0.052138425020|-0.111870196413,32255.117190725054|8408.817612932042|68761.316395845934|6156.718719735566,0.369885434195,0.014941506429,-0.000106490941,0.000000000000,0.014835015488,0.014835015488,1.142010472141,1.141249765147,
2020-07-08T00:00:00Z,,hold,ADAUSDT|LINKUSDT|ETHUSDT|LTCUSDT,0.092471358549|0.092471358549|0.092471358549|0.092471358549,0.151479567872|0.088471235388|-0.052138425020|-0.111870196413,32255.117190725054|8408.817612932042|68761.316395845934|6156.718719735566,0.369885434195,0.029496576464,-0.000229340066,0.000000000000,0.029267236399,0.029267236399,1.175433962599,1.174650991814,
2020-07-09T00:00:00Z,,hold,ADAUSDT|LINKUSDT|ETHUSDT|LTCUSDT,0.092471358549|0.092471358549|0.092471358549|0.092471358549,0.151479567872|0.088471235388|-0.052138425020|-0.111870196413,32255.117190725054|8408.817612932042|68761.316395845934|6156.718719735566,0.369885434195,-0.014097088047,-0.000389476416,0.000000000000,-0.014486564463,-0.014486564463,1.158405962728,1.157634334499,
2020-07-10T00:00:00Z,,hold,ADAUSDT|LINKUSDT|ETHUSDT|LTCUSDT,0.092471358549|0.092471358549|0.092471358549|0.092471358549,0.151479567872|0.088471235388|-0.052138425020|-0.111870196413,32255.117190725054|8408.817612932042|68761.316395845934|6156.718719735566,0.369885434195,-0.003624064362,-0.000161563184,0.000000000000,-0.003785627545,-0.003785627545,1.154020669207,1.153251962075,
2020-07-11T00:00:00Z,,hold,ADAUSDT|LINKUSDT|ETHUSDT|LTCUSDT,0.092471358549|0.092471358549|0.092471358549|0.092471358549,0.151479567872|0.088471235388|-0.052138425020|-0.111870196413,32255.117190725054|8408.817612932042|68761.316395845934|6156.718719735566,0.369885434195,0.004720192722,-0.000063079337,0.000000000000,0.004657113385,0.004657113385,1.159395074312,1.158622787224,
2020-07-12T00:00:00Z,,hold,ADAUSDT|LINKUSDT|ETHUSDT|LTCUSDT,0.092471358549|0.092471358549|0.092471358549|0.092471358549,0.151479567872|0.088471235388|-0.052138425020|-0.111870196413,32255.117190725054|8408.817612932042|68761.316395845934|6156.718719735566,0.369885434195,0.021099365254,-0.000068883764,0.000000000000,0.021030481489,0.021030481489,1.183777710961,1.182989182304,
2020-07-13T00:00:00Z,2020-07-13T00:00:00Z,active,LINKUSDT|ADAUSDT|BNBUSDT|XRPUSDT,0.080310079865|0.080310079865|0.080310079865|0.080310079865,0.793002202104|0.596930431501|0.100282401009|0.042443064182,178037.143738455372|100122.706700150986|11992.391033429938|18703.272000391607,0.321240319458,-0.004240212314,-0.000335346785,0.369885434195,-0.005019421620,-0.005315329968,1.177835831525,1.176701204452,
2020-07-14T00:00:00Z,,hold,LINKUSDT|ADAUSDT|BNBUSDT|XRPUSDT,0.080310079865|0.080310079865|0.080310079865|0.080310079865,0.793002202104|0.596930431501|0.100282401009|0.042443064182,178037.143738455372|100122.706700150986|11992.391033429938|18703.272000391607,0.321240319458,0.015055077410,-0.000086478697,0.000000000000,0.014968598712,0.014968598712,1.195466383436,1.194314772586,
2020-07-15T00:00:00Z,,hold,LINKUSDT|ADAUSDT|BNBUSDT|XRPUSDT,0.080310079865|0.080310079865|0.080310079865|0.080310079865,0.793002202104|0.596930431501|0.100282401009|0.042443064182,178037.143738455372|100122.706700150986|11992.391033429938|18703.272000391607,0.321240319458,0.001400381309,-0.000060937682,0.000000000000,0.001339443626,0.001339443626,1.197067643264,1.195914489895,
2020-07-16T00:00:00Z,,hold,LINKUSDT|ADAUSDT|BNBUSDT|XRPUSDT,0.080310079865|0.080310079865|0.080310079865|0.080310079865,0.793002202104|0.596930431501|0.100282401009|0.042443064182,178037.143738455372|100122.706700150986|11992.391033429938|18703.272000391607,0.321240319458,-0.009061192356,0.000080967016,0.000000000000,-0.008980225340,-0.008980225340,1.186317706080,1.185174908289,
2020-07-17T00:00:00Z,,hold,LINKUSDT|ADAUSDT|BNBUSDT|XRPUSDT,0.080310079865|0.080310079865|0.080310079865|0.080310079865,0.793002202104|0.596930431501|0.100282401009|0.042443064182,178037.143738455372|100122.706700150986|11992.391033429938|18703.272000391607,0.321240319458,-0.003685857132,-0.000020987433,0.000000000000,-0.003706844565,-0.003706844565,1.181920210739,1.180781649121,
2020-07-18T00:00:00Z,,hold,LINKUSDT|ADAUSDT|BNBUSDT|XRPUSDT,0.080310079865|0.080310079865|0.080310079865|0.080310079865,0.793002202104|0.596930431501|0.100282401009|0.042443064182,178037.143738455372|100122.706700150986|11992.391033429938|18703.272000391607,0.321240319458,0.000109027212,-0.000050077350,0.000000000000,0.000058949862,0.000058949862,1.181989884771,1.180851256036,
2020-07-19T00:00:00Z,,hold,LINKUSDT|ADAUSDT|BNBUSDT|XRPUSDT,0.080310079865|0.080310079865|0.080310079865|0.080310079865,0.793002202104|0.596930431501|0.100282401009|0.042443064182,178037.143738455372|100122.706700150986|11992.391033429938|18703.272000391607,0.321240319458,0.006136130352,-0.000049758519,0.000000000000,0.006086371833,0.006086371833,1.189183914713,1.188038355859,
2020-07-20T00:00:00Z,2020-07-20T00:00:00Z,active,LINKUSDT|ADAUSDT|BNBUSDT|XRPUSDT,0.078707059258|0.078707059258|0.078707059258|0.078707059258,0.973144531250|0.551257979722|0.129838406614|0.068449197861,62347.149194512414|20357.706807656465|18583.992069671811|13575.509025365329,0.314828237032,-0.016726759545,-0.000140646367,0.006412082426,-0.016875100410,-0.016880230076,1.169116316746,1.167983995073,
2020-07-21T00:00:00Z,,hold,LINKUSDT|ADAUSDT|BNBUSDT|XRPUSDT,0.078707059258|0.078707059258|0.078707059258|0.078707059258,0.973144531250|0.551257979722|0.129838406614|0.068449197861,62347.149194512414|20357.706807656465|18583.992069671811|13575.509025365329,0.314828237032,0.007650546136,-0.000087619060,0.000000000000,0.007562927076,0.007562927076,1.177958258193,1.176817372854,
2020-07-22T00:00:00Z,,hold,LINKUSDT|ADAUSDT|BNBUSDT|XRPUSDT,0.078707059258|0.078707059258|0.078707059258|0.078707059258,0.973144531250|0.551257979722|0.129838406614|0.068449197861,62347.149194512414|20357.706807656465|18583.992069671811|13575.509025365329,0.314828237032,0.005648695919,-0.000062412337,0.000000000000,0.005586283582,0.005586283582,1.184538667070,1.183391408422,
2020-07-23T00:00:00Z,,hold,LINKUSDT|ADAUSDT|BNBUSDT|XRPUSDT,0.078707059258|0.078707059258|0.078707059258|0.078707059258,0.973144531250|0.551257979722|0.129838406614|0.068449197861,62347.149194512414|20357.706807656465|18583.992069671811|13575.509025365329,0.314828237032,0.009301131128,-0.000082958028,0.000000000000,0.009218173101,0.009218173101,1.195457949548,1.194300115271,
2020-07-24T00:00:00Z,,hold,LINKUSDT|ADAUSDT|BNBUSDT|XRPUSDT,0.078707059258|0.078707059258|0.078707059258|0.078707059258,0.973144531250|0.551257979722|0.129838406614|0.068449197861,62347.149194512414|20357.706807656465|18583.992069671811|13575.509025365329,0.314828237032,-0.005889662140,-0.000123628326,0.000000000000,-0.006013290467,-0.006013290467,1.188269313657,1.187118441774,
2020-07-25T00:00:00Z,,hold,LINKUSDT|ADAUSDT|BNBUSDT|XRPUSDT,0.078707059258|0.078707059258|0.078707059258|0.078707059258,0.973144531250|0.551257979722|0.129838406614|0.068449197861,62347.149194512414|20357.706807656465|18583.992069671811|13575.509025365329,0.314828237032,0.023328839890,-0.000208720102,0.000000000000,0.023120119788,0.023120119788,1.215742242529,1.214564762350,
2020-07-26T00:00:00Z,,hold,LINKUSDT|ADAUSDT|BNBUSDT|XRPUSDT,0.078707059258|0.078707059258|0.078707059258|0.078707059258,0.973144531250|0.551257979722|0.129838406614|0.068449197861,62347.149194512414|20357.706807656465|18583.992069671811|13575.509025365329,0.314828237032,-0.000024262486,-0.000407046150,0.000000000000,-0.000431308637,-0.000431308637,1.215217882400,1.214040910079,
2020-07-27T00:00:00Z,2020-07-27T00:00:00Z,active,ADAUSDT|LINKUSDT|ETHUSDT|BNBUSDT,0.072556165958|0.072556165958|0.072556165958|0.072556165958,0.843451272502|0.602350427350|0.355960985805|0.240778298897,48159.754858294815|39504.137935240200|122653.353923439878|4975.002087823139,0.290224663831,-0.005410459418,-0.000414322553,0.169715905117,-0.006028441057,-0.006164213781,1.207892013024,1.206557302370,
2020-07-28T00:00:00Z,,hold,ADAUSDT|LINKUSDT|ETHUSDT|BNBUSDT,0.072556165958|0.072556165958|0.072556165958|0.072556165958,0.843451272502|0.602350427350|0.355960985805|0.240778298897,48159.754858294815|39504.137935240200|122653.353923439878|4975.002087823139,0.290224663831,0.007211603715,-0.000471210215,0.000000000000,0.006740393499,0.006740393499,1.216033680497,1.214689973367,
2020-07-29T00:00:00Z,,hold,ADAUSDT|LINKUSDT|ETHUSDT|BNBUSDT,0.072556165958|0.072556165958|0.072556165958|0.072556165958,0.843451272502|0.602350427350|0.355960985805|0.240778298897,48159.754858294815|39504.137935240200|122653.353923439878|4975.002087823139,0.290224663831,-0.006824521669,-0.000394077206,0.000000000000,-0.007218598876,-0.007218598876,1.207255621138,1.205921613691,
2020-07-30T00:00:00Z,,hold,ADAUSDT|LINKUSDT|ETHUSDT|BNBUSDT,0.072556165958|0.072556165958|0.072556165958|0.072556165958,0.843451272502|0.602350427350|0.355960985805|0.240778298897,48159.754858294815|39504.137935240200|122653.353923439878|4975.002087823139,0.290224663831,0.007922764178,-0.000305463635,0.000000000000,0.007617300543,0.007617300543,1.216451650037,1.215107481054,
2020-07-31T00:00:00Z,,hold,ADAUSDT|LINKUSDT|ETHUSDT|BNBUSDT,0.072556165958|0.072556165958|0.072556165958|0.072556165958,0.843451272502|0.602350427350|0.355960985805|0.240778298897,48159.754858294815|39504.137935240200|122653.353923439878|4975.002087823139,0.290224663831,0.007893275881,-0.000332740400,0.000000000000,0.007560535481,0.007560535481,1.225648675898,1.224294344278,
2020-08-01T00:00:00Z,,hold,ADAUSDT|LINKUSDT|ETHUSDT|BNBUSDT,0.072556165958|0.072556165958|0.072556165958|0.072556165958,0.843451272502|0.602350427350|0.355960985805|0.240778298897,48159.754858294815|39504.137935240200|122653.353923439878|4975.002087823139,0.290224663831,0.019591214197,-0.000389672322,0.000000000000,0.019201541876,0.019201541876,1.249183020273,1.247802683397,
2020-08-02T00:00:00Z,,hold,ADAUSDT|LINKUSDT|ETHUSDT|BNBUSDT,0.072556165958|0.072556165958|0.072556165958|0.072556165958,0.843451272502|0.602350427350|0.355960985805|0.240778298897,48159.754858294815|39504.137935240200|122653.353923439878|4975.002087823139,0.290224663831,-0.010579460928,-0.000542487216,0.000000000000,-0.011121948144,-0.011121948144,1.235289671498,1.233924686658,
2020-08-03T00:00:00Z,2020-08-03T00:00:00Z,active,LINKUSDT|ETHUSDT|XRPUSDT|ADAUSDT,0.068783661796|0.068783661796|0.068783661796|0.068783661796,0.749313041640|0.658364097318|0.637343927355|0.390180610338,79637.177235185634|328289.381586136005|88577.861257261742|12644.237491483134,0.275134647185,0.017489017240,-0.000254480977,0.152657340239,0.017051347455,0.016929221582,1.256353024894,1.254814071095,
2020-08-04T00:00:00Z,,hold,LINKUSDT|ETHUSDT|XRPUSDT|ADAUSDT,0.068783661796|0.068783661796|0.068783661796|0.068783661796,0.749313041640|0.658364097318|0.637343927355|0.390180610338,79637.177235185634|328289.381586136005|88577.861257261742|12644.237491483134,0.275134647185,0.006276059527,-0.000099483186,0.000000000000,0.006176576342,0.006176576342,1.264112985264,1.262564525999,
2020-08-05T00:00:00Z,,hold,LINKUSDT|ETHUSDT|XRPUSDT|ADAUSDT,0.068783661796|0.068783661796|0.068783661796|0.068783661796,0.749313041640|0.658364097318|0.637343927355|0.390180610338,79637.177235185634|328289.381586136005|88577.861257261742|12644.237491483134,0.275134647185,-0.000703610214,-0.000128172163,0.000000000000,-0.000831782377,-0.000831782377,1.263061518360,1.261514347077,
2020-08-06T00:00:00Z,,hold,LINKUSDT|ETHUSDT|XRPUSDT|ADAUSDT,0.068783661796|0.068783661796|0.068783661796|0.068783661796,0.749313041640|0.658364097318|0.637343927355|0.390180610338,79637.177235185634|328289.381586136005|88577.861257261742|12644.237491483134,0.275134647185,0.005412347361,-0.000391467767,0.000000000000,0.005020879595,0.005020879595,1.269403198165,1.267848258720,
2020-08-07T00:00:00Z,,hold,LINKUSDT|ETHUSDT|XRPUSDT|ADAUSDT,0.068783661796|0.068783661796|0.068783661796|0.068783661796,0.749313041640|0.658364097318|0.637343927355|0.390180610338,79637.177235185634|328289.381586136005|88577.861257261742|12644.237491483134,0.275134647185,-0.008002040639,-0.000362043492,0.000000000000,-0.008364084131,-0.008364084131,1.258785803020,1.257243869219,
2020-08-08T00:00:00Z,,hold,LINKUSDT|ETHUSDT|XRPUSDT|ADAUSDT,0.068783661796|0.068783661796|0.068783661796|0.068783661796,0.749313041640|0.658364097318|0.637343927355|0.390180610338,79637.177235185634|328289.381586136005|88577.861257261742|12644.237491483134,0.275134647185,0.025208390589,-0.000035383003,0.000000000000,0.025173007586,0.025173007586,1.290473227588,1.288892478676,
2020-08-09T00:00:00Z,,hold,LINKUSDT|ETHUSDT|XRPUSDT|ADAUSDT,0.068783661796|0.068783661796|0.068783661796|0.068783661796,0.749313041640|0.658364097318|0.637343927355|0.390180610338,79637.177235185634|328289.381586136005|88577.861257261742|12644.237491483134,0.275134647185,0.002037208578,-0.000560954836,0.000000000000,0.001476253742,0.001476253742,1.292378293519,1.290795211021,
2020-08-10T00:00:00Z,2020-08-10T00:00:00Z,active,LINKUSDT|ETHUSDT|XRPUSDT|BNBUSDT,0.082917974101|0.082917974101|0.082917974101|0.082917974101,1.244350512112|0.618013837677|0.449522852838|0.293852813853,208717.347672946868|87049.243612613805|17474.098133145326|5769.113474660579,0.331671896405,0.001975966940,-0.000454329139,0.194104572812,0.001288712314,0.001133428656,1.294043797340,1.292258235302,
2020-08-11T00:00:00Z,,hold,LINKUSDT|ETHUSDT|XRPUSDT|BNBUSDT,0.082917974101|0.082917974101|0.082917974101|0.082917974101,1.244350512112|0.618013837677|0.449522852838|0.293852813853,208717.347672946868|87049.243612613805|17474.098133145326|5769.113474660579,0.331671896405,-0.014775432972,-0.000367787649,0.000000000000,-0.015143220621,-0.015143220621,1.274447806624,1.272689283745,
2020-08-12T00:00:00Z,,hold,LINKUSDT|ETHUSDT|XRPUSDT|BNBUSDT,0.082917974101|0.082917974101|0.082917974101|0.082917974101,1.244350512112|0.618013837677|0.449522852838|0.293852813853,208717.347672946868|87049.243612613805|17474.098133145326|5769.113474660579,0.331671896405,0.024552526978,-0.000142880936,0.000000000000,0.024409646042,0.024409646042,1.305556626482,1.303755178683,
2020-08-13T00:00:00Z,,hold,LINKUSDT|ETHUSDT|XRPUSDT|BNBUSDT,0.082917974101|0.082917974101|0.082917974101|0.082917974101,1.244350512112|0.618013837677|0.449522852838|0.293852813853,208717.347672946868|87049.243612613805|17474.098133145326|5769.113474660579,0.331671896405,0.016387432656,-0.000323874290,0.000000000000,0.016063558366,0.016063558366,1.326528511552,1.324698126091,
2020-08-14T00:00:00Z,,hold,LINKUSDT|ETHUSDT|XRPUSDT|BNBUSDT,0.082917974101|0.082917974101|0.082917974101|0.082917974101,1.244350512112|0.618013837677|0.449522852838|0.293852813853,208717.347672946868|87049.243612613805|17474.098133145326|5769.113474660579,0.331671896405,0.008294444222,-0.000809312594,0.000000000000,0.007485131628,0.007485131628,1.336457752069,1.334613665932,
2020-08-15T00:00:00Z,,hold,LINKUSDT|ETHUSDT|XRPUSDT|BNBUSDT,0.082917974101|0.082917974101|0.082917974101|0.082917974101,1.244350512112|0.618013837677|0.449522852838|0.293852813853,208717.347672946868|87049.243612613805|17474.098133145326|5769.113474660579,0.331671896405,0.009442031914,-0.000566432581,0.000000000000,0.008875599333,0.008875599333,1.348319615602,1.346459162095,
2020-08-16T00:00:00Z,,hold,LINKUSDT|ETHUSDT|XRPUSDT|BNBUSDT,0.082917974101|0.082917974101|0.082917974101|0.082917974101,1.244350512112|0.618013837677|0.449522852838|0.293852813853,208717.347672946868|87049.243612613805|17474.098133145326|5769.113474660579,0.331671896405,0.001827457307,-0.000538339143,0.000000000000,0.001289118164,0.001289118164,1.350057758910,1.348194907058,
2020-08-17T00:00:00Z,2020-08-17T00:00:00Z,active,LINKUSDT|ETHUSDT|XRPUSDT|LTCUSDT,0.074151527565|0.074151527565|0.074151527565|0.074151527565,1.280735721200|0.865718459952|0.569151670951|0.526830431672,114968.048934173770|138747.589177196438|48062.656609595069|120124.352729443635,0.296606110259,-0.002053256761,-0.000985306219,0.183368841276,-0.003258605589,-0.003405300662,1.345658453151,1.343603898049,
2020-08-18T00:00:00Z,,hold,LINKUSDT|ETHUSDT|XRPUSDT|LTCUSDT,0.074151527565|0.074151527565|0.074151527565|0.074151527565,1.280735721200|0.865718459952|0.569151670951|0.526830431672,114968.048934173770|138747.589177196438|48062.656609595069|120124.352729443635,0.296606110259,-0.009311962870,-0.000974445986,0.000000000000,-0.010286408856,-0.010286408856,1.331816460122,1.329783039013,
2020-08-19T00:00:00Z,,hold,LINKUSDT|ETHUSDT|XRPUSDT|LTCUSDT,0.074151527565|0.074151527565|0.074151527565|0.074151527565,1.280735721200|0.865718459952|0.569151670951|0.526830431672,114968.048934173770|138747.589177196438|48062.656609595069|120124.352729443635,0.296606110259,-0.009487286498,-0.000307447805,0.000000000000,-0.009794734303,-0.009794734303,1.318771671755,1.316758167466,
2020-08-20T00:00:00Z,,hold,LINKUSDT|ETHUSDT|XRPUSDT|LTCUSDT,0.074151527565|0.074151527565|0.074151527565|0.074151527565,1.280735721200|0.865718459952|0.569151670951|0.526830431672,114968.048934173770|138747.589177196438|48062.656609595069|120124.352729443635,0.296606110259,0.002481294996,-0.000257612046,0.000000000000,0.002223682949,0.002223682949,1.321704201835,1.319686220151,
2020-08-21T00:00:00Z,,hold,LINKUSDT|ETHUSDT|XRPUSDT|LTCUSDT,0.074151527565|0.074151527565|0.074151527565|0.074151527565,1.280735721200|0.865718459952|0.569151670951|0.526830431672,114968.048934173770|138747.589177196438|48062.656609595069|120124.352729443635,0.296606110259,-0.022880608179,-0.000327308550,0.000000000000,-0.023207916729,-0.023207916729,1.291030200778,1.289059052245,
2020-08-22T00:00:00Z,,hold,LINKUSDT|ETHUSDT|XRPUSDT|LTCUSDT,0.074151527565|0.074151527565|0.074151527565|0.074151527565,1.280735721200|0.865718459952|0.569151670951|0.526830431672,114968.048934173770|138747.589177196438|48062.656609595069|120124.352729443635,0.296606110259,0.014937425446,-0.000155931023,0.000000000000,0.014781494424,0.014781494424,1.310113556492,1.308113271437,
2020-08-23T00:00:00Z,,hold,LINKUSDT|ETHUSDT|XRPUSDT|LTCUSDT,0.074151527565|0.074151527565|0.074151527565|0.074151527565,1.280735721200|0.865718459952|0.569151670951|0.526830431672,114968.048934173770|138747.589177196438|48062.656609595069|120124.352729443635,0.296606110259,-0.003675673744,-0.000112245392,0.000000000000,-0.003787919136,-0.003787919136,1.305150952281,1.303158244145,
2020-08-24T00:00:00Z,2020-08-24T00:00:00Z,active,LINKUSDT|ETHUSDT|XRPUSDT|LTCUSDT,0.064999442433|0.064999442433|0.064999442433|0.064999442433,1.043367003367|0.399176954733|0.395007342144|0.372114078769,86626.784577894039|72397.310760831606|7346.281085909175|14401.052573304096,0.259997769731,0.005180515730,-0.000201588621,0.036608340527,0.004934997101,0.004905710428,1.311591868447,1.309551161133,
2020-08-25T00:00:00Z,,hold,LINKUSDT|ETHUSDT|XRPUSDT|LTCUSDT,0.064999442433|0.064999442433|0.064999442433|0.064999442433,1.043367003367|0.399176954733|0.395007342144|0.372114078769,86626.784577894039|72397.310760831606|7346.281085909175|14401.052573304096,0.259997769731,-0.015037372467,-0.000233986293,0.000000000000,-0.015271358760,-0.015271358760,1.291562078476,1.289552535536,
2020-08-26T00:00:00Z,,hold,LINKUSDT|ETHUSDT|XRPUSDT|LTCUSDT,0.064999442433|0.064999442433|0.064999442433|0.064999442433,1.043367003367|0.399176954733|0.395007342144|0.372114078769,86626.784577894039|72397.310760831606|7346.281085909175|14401.052573304096,0.259997769731,0.005412717605,-0.000190421067,0.000000000000,0.005222296539,0.005222296539,1.298306998649,1.296286961279,
2020-08-27T00:00:00Z,,hold,LINKUSDT|ETHUSDT|XRPUSDT|LTCUSDT,0.064999442433|0.064999442433|0.064999442433|0.064999442433,1.043367003367|0.399176954733|0.395007342144|0.372114078769,86626.784577894039|72397.310760831606|7346.281085909175|14401.052573304096,0.259997769731,-0.008459796564,-0.000209812350,0.000000000000,-0.008669608914,-0.008669608914,1.287051184719,1.285048660284,
2020-08-28T00:00:00Z,,hold,LINKUSDT|ETHUSDT|XRPUSDT|LTCUSDT,0.064999442433|0.064999442433|0.064999442433|0.064999442433,1.043367003367|0.399176954733|0.395007342144|0.372114078769,86626.784577894039|72397.310760831606|7346.281085909175|14401.052573304096,0.259997769731,0.007888745692,-0.000129471089,0.000000000000,0.007759274603,0.007759274603,1.297037768290,1.295019705717,
2020-08-29T00:00:00Z,,hold,LINKUSDT|ETHUSDT|XRPUSDT|LTCUSDT,0.064999442433|0.064999442433|0.064999442433|0.064999442433,1.043367003367|0.399176954733|0.395007342144|0.372114078769,86626.784577894039|72397.310760831606|7346.281085909175|14401.052573304096,0.259997769731,0.005896499379,-0.000175915141,0.000000000000,0.005720584238,0.005720584238,1.304457582103,1.302427975034,
2020-08-30T00:00:00Z,,hold,LINKUSDT|ETHUSDT|XRPUSDT|LTCUSDT,0.064999442433|0.064999442433|0.064999442433|0.064999442433,1.043367003367|0.399176954733|0.395007342144|0.372114078769,86626.784577894039|72397.310760831606|7346.281085909175|14401.052573304096,0.259997769731,0.014577381760,-0.000134943392,0.000000000000,0.014442438368,0.014442438368,1.323297130336,1.321238210792,
2020-08-31T00:00:00Z,2020-08-31T00:00:00Z,active,LINKUSDT|ETHUSDT|BNBUSDT|XRPUSDT,0.066296255995|0.066296255995|0.066296255995|0.066296255995,1.117028102143|0.238698689452|0.142898578749|0.091679506934,153296.275490650529|313013.295643417572|13438.143756257195|14700.930435599194,0.265185023981,-0.004738183158,-0.000308695257,0.135186139115,-0.005209101782,-0.005317250693,1.316403940897,1.314212856000,
2020-09-01T00:00:00Z,,hold,LINKUSDT|ETHUSDT|BNBUSDT|XRPUSDT,0.066296255995|0.066296255995|0.066296255995|0.066296255995,1.117028102143|0.238698689452|0.142898578749|0.091679506934,153296.275490650529|313013.295643417572|13438.143756257195|14700.930435599194,0.265185023981,0.016244095275,-0.000513154236,0.000000000000,0.015730941038,0.015730941038,1.337112213674,1.334886660950,
2020-09-02T00:00:00Z,,hold,LINKUSDT|ETHUSDT|BNBUSDT|XRPUSDT,0.066296255995|0.066296255995|0.066296255995|0.066296255995,1.117028102143|0.238698689452|0.142898578749|0.091679506934,153296.275490650529|313013.295643417572|13438.143756257195|14700.930435599194,0.265185023981,-0.014557869975,-0.000583841956,0.000000000000,-0.015141711931,-0.015141711931,1.316866045715,1.314674191669,
2020-09-03T00:00:00Z,,hold,LINKUSDT|ETHUSDT|BNBUSDT|XRPUSDT,0.066296255995|0.066296255995|0.066296255995|0.066296255995,1.117028102143|0.238698689452|0.142898578749|0.091679506934,153296.275490650529|313013.295643417572|13438.143756257195|14700.930435599194,0.265185023981,-0.041350969981,-0.000126623197,0.000000000000,-0.041477593178,-0.041477593178,1.262245611601,1.260144670385,
2020-09-04T00:00:00Z,,hold,LINKUSDT|ETHUSDT|BNBUSDT|XRPUSDT,0.066296255995|0.066296255995|0.066296255995|0.066296255995,1.117028102143|0.238698689452|0.142898578749|0.091679506934,153296.275490650529|313013.295643417572|13438.143756257195|14700.930435599194,0.265185023981,0.007974056055,-0.000061990977,0.000000000000,0.007912065077,0.007912065077,1.272232581024,1.270115017024,
2020-09-05T00:00:00Z,,hold,LINKUSDT|ETHUSDT|BNBUSDT|XRPUSDT,0.066296255995|0.066296255995|0.066296255995|0.066296255995,1.117028102143|0.238698689452|0.142898578749|0.091679506934,153296.275490650529|313013.295643417572|13438.143756257195|14700.930435599194,0.265185023981,-0.027283502794,0.000035641530,0.000000000000,-0.027247861264,-0.027247861264,1.237566964160,1.235507099251,
2020-09-06T00:00:00Z,,hold,LINKUSDT|ETHUSDT|BNBUSDT|XRPUSDT,0.066296255995|0.066296255995|0.066296255995|0.066296255995,1.117028102143|0.238698689452|0.142898578749|0.091679506934,153296.275490650529|313013.295643417572|13438.143756257195|14700.930435599194,0.265185023981,0.030639939627,0.000134228041,0.000000000000,0.030774167667,0.030774167667,1.275652057415,1.273528801877,
2020-09-07T00:00:00Z,2020-09-07T00:00:00Z,active,LINKUSDT|BNBUSDT|ETHUSDT|LTCUSDT,0.044793321756|0.044793321756|0.044793321756|0.044793321756,0.265322261764|0.035954150622|-0.070963833206|-0.162412587413,100744.187016122916|18455.002160941604|237681.724133343552|9528.708912784166,0.179173287026,-0.001547941652,0.000028182166,0.175598380468,-0.001730477542,-0.001870956246,1.273444570178,1.271146085211,
2020-09-08T00:00:00Z,,hold,LINKUSDT|BNBUSDT|ETHUSDT|LTCUSDT,0.044793321756|0.044793321756|0.044793321756|0.044793321756,0.265322261764|0.035954150622|-0.070963833206|-0.162412587413,100744.187016122916|18455.002160941604|237681.724133343552|9528.708912784166,0.179173287026,-0.004401610742,0.000122352510,0.000000000000,-0.004279258231,-0.004279258231,1.267995172019,1.265706522862,
2020-09-09T00:00:00Z,,hold,LINKUSDT|BNBUSDT|ETHUSDT|LTCUSDT,0.044793321756|0.044793321756|0.044793321756|0.044793321756,0.265322261764|0.035954150622|-0.070963833206|-0.162412587413,100744.187016122916|18455.002160941604|237681.724133343552|9528.708912784166,0.179173287026,0.006783748066,0.000081303910,0.000000000000,0.006865051976,0.006865051976,1.276700024781,1.274395663929,
2020-09-10T00:00:00Z,,hold,LINKUSDT|BNBUSDT|ETHUSDT|LTCUSDT,0.044793321756|0.044793321756|0.044793321756|0.044793321756,0.265322261764|0.035954150622|-0.070963833206|-0.162412587413,100744.187016122916|18455.002160941604|237681.724133343552|9528.708912784166,0.179173287026,0.003742590918,-0.000030045121,0.000000000000,0.003712545797,0.003712545797,1.281439832092,1.279126916195,
2020-09-11T00:00:00Z,,hold,LINKUSDT|BNBUSDT|ETHUSDT|LTCUSDT,0.044793321756|0.044793321756|0.044793321756|0.044793321756,0.265322261764|0.035954150622|-0.070963833206|-0.162412587413,100744.187016122916|18455.002160941604|237681.724133343552|9528.708912784166,0.179173287026,0.002253851380,0.000020969994,0.000000000000,0.002274821374,0.002274821374,1.284354878812,1.282036701444,
2020-09-12T00:00:00Z,,hold,LINKUSDT|BNBUSDT|ETHUSDT|LTCUSDT,0.044793321756|0.044793321756|0.044793321756|0.044793321756,0.265322261764|0.035954150622|-0.070963833206|-0.162412587413,100744.187016122916|18455.002160941604|237681.724133343552|9528.708912784166,0.179173287026,0.009861254859,0.000100326290,0.000000000000,0.009961581149,0.009961581149,1.297149084162,1.294807814082,
2020-09-13T00:00:00Z,,hold,LINKUSDT|BNBUSDT|ETHUSDT|LTCUSDT,0.044793321756|0.044793321756|0.044793321756|0.044793321756,0.265322261764|0.035954150622|-0.070963833206|-0.162412587413,100744.187016122916|18455.002160941604|237681.724133343552|9528.708912784166,0.179173287026,-0.002804097116,0.000135792747,0.000000000000,-0.002668304369,-0.002668304369,1.293687895593,1.291352872734,
2020-09-14T00:00:00Z,2020-09-14T00:00:00Z,active,BNBUSDT|LTCUSDT|ETHUSDT|XRPUSDT,0.057729897252|0.057729897252|0.057729897252|0.057729897252,0.345749967590|-0.152479774886|-0.165436149850|-0.194943446440,41964.400550352861|5436.235026051097|128455.152666284892|4103.119355203989,0.230919589007,0.003245234785,0.000293415089,0.141332945494,0.003369050340,0.003255983984,1.298046395237,1.295557497005,
2020-09-15T00:00:00Z,,hold,BNBUSDT|LTCUSDT|ETHUSDT|XRPUSDT,0.057729897252|0.057729897252|0.057729897252|0.057729897252,0.345749967590|-0.152479774886|-0.165436149850|-0.194943446440,41964.400550352861|5436.235026051097|128455.152666284892|4103.119355203989,0.230919589007,-0.010640173774,0.000196054195,0.000000000000,-0.010444119579,-0.010444119579,1.284489443467,1.282026539585,
2020-09-16T00:00:00Z,,hold,BNBUSDT|LTCUSDT|ETHUSDT|XRPUSDT,0.057729897252|0.057729897252|0.057729897252|0.057729897252,0.345749967590|-0.152479774886|-0.165436149850|-0.194943446440,41964.400550352861|5436.235026051097|128455.152666284892|4103.119355203989,0.230919589007,0.001879254784,0.000103658072,0.000000000000,0.001982912856,0.001982912856,1.287036474098,1.284568686492,
2020-09-17T00:00:00Z,,hold,BNBUSDT|LTCUSDT|ETHUSDT|XRPUSDT,0.057729897252|0.057729897252|0.057729897252|0.057729897252,0.345749967590|-0.152479774886|-0.165436149850|-0.194943446440,41964.400550352861|5436.235026051097|128455.152666284892|4103.119355203989,0.230919589007,0.004784005805,-0.000009701509,0.000000000000,0.004774304295,0.004774304295,1.293181177864,1.290701608290,
2020-09-18T00:00:00Z,,hold,BNBUSDT|LTCUSDT|ETHUSDT|XRPUSDT,0.057729897252|0.057729897252|0.057729897252|0.057729897252,0.345749967590|-0.152479774886|-0.165436149850|-0.194943446440,41964.400550352861|5436.235026051097|128455.152666284892|4103.119355203989,0.230919589007,0.000039817191,0.000022718446,0.000000000000,0.000062535637,0.000062535637,1.293262047773,1.290782323137,
2020-09-19T00:00:00Z,,hold,BNBUSDT|LTCUSDT|ETHUSDT|XRPUSDT,0.057729897252|0.057729897252|0.057729897252|0.057729897252,0.345749967590|-0.152479774886|-0.165436149850|-0.194943446440,41964.400550352861|5436.235026051097|128455.152666284892|4103.119355203989,0.230919589007,-0.000806193297,-0.000073338907,0.000000000000,-0.000879532203,-0.000879532203,1.292124582155,1.289647038517,
2020-09-20T00:00:00Z,,hold,BNBUSDT|LTCUSDT|ETHUSDT|XRPUSDT,0.057729897252|0.057729897252|0.057729897252|0.057729897252,0.345749967590|-0.152479774886|-0.165436149850|-0.194943446440,41964.400550352861|5436.235026051097|128455.152666284892|4103.119355203989,0.230919589007,-0.006761896833,-0.000097289309,0.000000000000,-0.006859186142,-0.006859186142,1.283261659127,1.280801109422,
2020-09-21T00:00:00Z,2020-09-21T00:00:00Z,active,BNBUSDT|ETHUSDT|XRPUSDT|LTCUSDT,0.059174608313|0.059174608313|0.059174608313|0.059174608313,0.189892871672|-0.044816484224|-0.117394416607|-0.204794867466,60882.856750783074|175053.707185817271|9460.090541050584|12141.464836407386,0.236698433252,-0.020847506168,-0.000047130209,0.005778844245,-0.020901570989,-0.020906194065,1.256439474461,1.254024432870,
2020-09-22T00:00:00Z,,hold,BNBUSDT|ETHUSDT|XRPUSDT|LTCUSDT,0.059174608313|0.059174608313|0.059174608313|0.059174608313,0.189892871672|-0.044816484224|-0.117394416607|-0.204794867466,60882.856750783074|175053.707185817271|9460.090541050584|12141.464836407386,0.236698433252,0.005363334231,-0.000022693462,0.000000000000,0.005340640768,0.005340640768,1.263149666341,1.260721726881,
2020-09-23T00:00:00Z,,hold,BNBUSDT|ETHUSDT|XRPUSDT|LTCUSDT,0.059174608313|0.059174608313|0.059174608313|0.059174608313,0.189892871672|-0.044816484224|-0.117394416607|-0.204794867466,60882.856750783074|175053.707185817271|9460.090541050584|12141.464836407386,0.236698433252,-0.011861362352,-0.000048305416,0.000000000000,-0.011909667768,-0.011909667768,1.248105973473,1.245706949965,
2020-09-24T00:00:00Z,,hold,BNBUSDT|ETHUSDT|XRPUSDT|LTCUSDT,0.059174608313|0.059174608313|0.059174608313|0.059174608313,0.189892871672|-0.044816484224|-0.117394416607|-0.204794867466,60882.856750783074|175053.707185817271|9460.090541050584|12141.464836407386,0.236698433252,0.015278838911,-0.000033992262,0.000000000000,0.015244846649,0.015244846649,1.267133157641,1.264697561387,
2020-09-25T00:00:00Z,,hold,BNBUSDT|ETHUSDT|XRPUSDT|LTCUSDT,0.059174608313|0.059174608313|0.059174608313|0.059174608313,0.189892871672|-0.044816484224|-0.117394416607|-0.204794867466,60882.856750783074|175053.707185817271|9460.090541050584|12141.464836407386,0.236698433252,0.004522130130,-0.000035232562,0.000000000000,0.004486897568,0.004486897568,1.272818654324,1.270372129800,
2020-09-26T00:00:00Z,,hold,BNBUSDT|ETHUSDT|XRPUSDT|LTCUSDT,0.059174608313|0.059174608313|0.059174608313|0.059174608313,0.189892871672|-0.044816484224|-0.117394416607|-0.204794867466,60882.856750783074|175053.707185817271|9460.090541050584|12141.464836407386,0.236698433252,0.003869264417,-0.000053257147,0.000000000000,0.003816007269,0.003816007269,1.277675739561,1.275219879082,
2020-09-27T00:00:00Z,,hold,BNBUSDT|ETHUSDT|XRPUSDT|LTCUSDT,0.059174608313|0.059174608313|0.059174608313|0.059174608313,0.189892871672|-0.044816484224|-0.117394416607|-0.204794867466,60882.856750783074|175053.707185817271|9460.090541050584|12141.464836407386,0.236698433252,0.001255320037,0.000106029655,0.000000000000,0.001361349692,0.001361349692,1.279415103036,1.276955899271,
2020-09-28T00:00:00Z,2020-09-28T00:00:00Z,active,BNBUSDT|ADAUSDT|ETHUSDT|XRPUSDT,0.051796728193|0.051796728193|0.051796728193|0.051796728193,0.135267373890|-0.073870908758|-0.095510451992|-0.104450165502,15812.139778947425|20782.407274470021|212166.851271087595|15914.553845491646,0.207186912770,-0.000045638626,0.000035626308,0.133104976867,-0.000169738290,-0.000276222272,1.279197937304,1.276603175612,
2020-09-29T00:00:00Z,,hold,BNBUSDT|ADAUSDT|ETHUSDT|XRPUSDT,0.051796728193|0.051796728193|0.051796728193|0.051796728193,0.135267373890|-0.073870908758|-0.095510451992|-0.104450165502,15812.139778947425|20782.407274470021|212166.851271087595|15914.553845491646,0.207186912770,0.005177500006,0.000193376869,0.000000000000,0.005370876875,0.005370876875,1.286068351923,1.283459654086,
2020-09-30T00:00:00Z,,hold,BNBUSDT|ADAUSDT|ETHUSDT|XRPUSDT,0.051796728193|0.051796728193|0.051796728193|0.051796728193,0.135267373890|-0.073870908758|-0.095510451992|-0.104450165502,15812.139778947425|20782.407274470021|212166.851271087595|15914.553845491646,0.207186912770,0.000582584440,0.000254906203,0.000000000000,0.000837490642,0.000837490642,1.287145422134,1.284534539536,
2020-10-01T00:00:00Z,,hold,BNBUSDT|ADAUSDT|ETHUSDT|XRPUSDT,0.051796728193|0.051796728193|0.051796728193|0.051796728193,0.135267373890|-0.073870908758|-0.095510451992|-0.104450165502,15812.139778947425|20782.407274470021|212166.851271087595|15914.553845491646,0.207186912770,-0.006586128002,0.000091884806,0.000000000000,-0.006494243196,-0.006494243196,1.278786386734,1.276192459843,
2020-10-02T00:00:00Z,,hold,BNBUSDT|ADAUSDT|ETHUSDT|XRPUSDT,0.051796728193|0.051796728193|0.051796728193|0.051796728193,0.135267373890|-0.073870908758|-0.095510451992|-0.104450165502,15812.139778947425|20782.407274470021|212166.851271087595|15914.553845491646,0.207186912770,-0.005007580500,0.000086778685,0.000000000000,-0.004920801816,-0.004920801816,1.272493732360,1.269912569669,
2020-10-03T00:00:00Z,,hold,BNBUSDT|ADAUSDT|ETHUSDT|XRPUSDT,0.051796728193|0.051796728193|0.051796728193|0.051796728193,0.135267373890|-0.073870908758|-0.095510451992|-0.104450165502,15812.139778947425|20782.407274470021|212166.851271087595|15914.553845491646,0.207186912770,0.001593388455,0.000185495479,0.000000000000,0.001778883934,0.001778883934,1.274757351017,1.272171596737,
2020-10-04T00:00:00Z,,hold,BNBUSDT|ADAUSDT|ETHUSDT|XRPUSDT,0.051796728193|0.051796728193|0.051796728193|0.051796728193,0.135267373890|-0.073870908758|-0.095510451992|-0.104450165502,15812.139778947425|20782.407274470021|212166.851271087595|15914.553845491646,0.207186912770,0.007907821473,0.000319324757,0.000000000000,0.008227146230,0.008227146230,1.285244966151,1.282637938493,
2020-10-05T00:00:00Z,2020-10-05T00:00:00Z,active,BNBUSDT|XRPUSDT|ADAUSDT|LTCUSDT,0.072738909834|0.072738909834|0.072738909834|0.072738909834,0.383046800382|-0.022073314939|-0.045893244042|-0.071570576541,24987.759472708200|29365.948707286512|5528.338719408801|3727.452918291134,0.290955639338,-0.000414592017,0.000296877314,0.187362182952,-0.000342549323,-0.000492439069,1.284804706358,1.282006317460,
2020-10-06T00:00:00Z,,hold,BNBUSDT|XRPUSDT|ADAUSDT|LTCUSDT,0.072738909834|0.072738909834|0.072738909834|0.072738909834,0.383046800382|-0.022073314939|-0.045893244042|-0.071570576541,24987.759472708200|29365.948707286512|5528.338719408801|3727.452918291134,0.290955639338,-0.007610132172,0.000138524707,0.000000000000,-0.007471607465,-0.007471607465,1.275205149923,1.272427669489,
2020-10-07T00:00:00Z,,hold,BNBUSDT|XRPUSDT|ADAUSDT|LTCUSDT,0.072738909834|0.072738909834|0.072738909834|0.072738909834,0.383046800382|-0.022073314939|-0.045893244042|-0.071570576541,24987.759472708200|29365.948707286512|5528.338719408801|3727.452918291134,0.290955639338,0.002398467191,0.000053327804,0.000000000000,0.002451794995,0.002451794995,1.278331691528,1.275547401281,
2020-10-08T00:00:00Z,,hold,BNBUSDT|XRPUSDT|ADAUSDT|LTCUSDT,0.072738909834|0.072738909834|0.072738909834|0.072738909834,0.383046800382|-0.022073314939|-0.045893244042|-0.071570576541,24987.759472708200|29365.948707286512|5528.338719408801|3727.452918291134,0.290955639338,0.003834767639,-0.000026714819,0.000000000000,0.003808052820,0.003808052820,1.283199646131,1.280404753159,
2020-10-09T00:00:00Z,,hold,BNBUSDT|XRPUSDT|ADAUSDT|LTCUSDT,0.072738909834|0.072738909834|0.072738909834|0.072738909834,0.383046800382|-0.022073314939|-0.045893244042|-0.071570576541,24987.759472708200|29365.948707286512|5528.338719408801|3727.452918291134,0.290955639338,0.007007652839,-0.000038964052,0.000000000000,0.006968688787,0.006968688787,1.292141865116,1.289327495406,
2020-10-10T00:00:00Z,,hold,BNBUSDT|XRPUSDT|ADAUSDT|LTCUSDT,0.072738909834|0.072738909834|0.072738909834|0.072738909834,0.383046800382|-0.022073314939|-0.045893244042|-0.071570576541,24987.759472708200|29365.948707286512|5528.338719408801|3727.452918291134,0.290955639338,0.004599281697,-0.000007044036,0.000000000000,0.004592237661,0.004592237661,1.298075687653,1.295248393688,
2020-10-11T00:00:00Z,,hold,BNBUSDT|XRPUSDT|ADAUSDT|LTCUSDT,0.072738909834|0.072738909834|0.072738909834|0.072738909834,0.383046800382|-0.022073314939|-0.045893244042|-0.071570576541,24987.759472708200|29365.948707286512|5528.338719408801|3727.452918291134,0.290955639338,0.004204813994,-0.000078314347,0.000000000000,0.004126499647,0.004126499647,1.303432196520,1.300593235727,
2020-10-12T00:00:00Z,2020-10-12T00:00:00Z,active,BNBUSDT|ADAUSDT|XRPUSDT|LTCUSDT,0.082192175448|0.082192175448|0.082192175448|0.082192175448,0.123634930022|0.096990311276|0.053630363036|0.031658496732,11975.515614522576|11067.687345695862|14679.305829010487|13991.198920960784,0.328768701790,0.008971666500,-0.000067956491,0.037813062453,0.008858334334,0.008828083884,1.314978434699,1.312074981912,
2020-10-13T00:00:00Z,,hold,BNBUSDT|ADAUSDT|XRPUSDT|LTCUSDT,0.082192175448|0.082192175448|0.082192175448|0.082192175448,0.123634930022|0.096990311276|0.053630363036|0.031658496732,11975.515614522576|11067.687345695862|14679.305829010487|13991.198920960784,0.328768701790,-0.001216396823,0.000220609552,0.000000000000,-0.000995787271,-0.000995787271,1.313668995913,1.310768434346,
2020-10-14T00:00:00Z,,hold,BNBUSDT|ADAUSDT|XRPUSDT|LTCUSDT,0.082192175448|0.082192175448|0.082192175448|0.082192175448,0.123634930022|0.096990311276|0.053630363036|0.031658496732,11975.515614522576|11067.687345695862|14679.305829010487|13991.198920960784,0.328768701790,-0.003727036590,0.000120953183,0.000000000000,-0.003606083407,-0.003606083407,1.308931795944,1.306041694045,
2020-10-15T00:00:00Z,,hold,BNBUSDT|ADAUSDT|XRPUSDT|LTCUSDT,0.082192175448|0.082192175448|0.082192175448|0.082192175448,0.123634930022|0.096990311276|0.053630363036|0.031658496732,11975.515614522576|11067.687345695862|14679.305829010487|13991.198920960784,0.328768701790,-0.000512179394,0.000168591768,0.000000000000,-0.000343587626,-0.000343587626,1.308482063176,1.305592954280,
2020-10-16T00:00:00Z,,hold,BNBUSDT|ADAUSDT|XRPUSDT|LTCUSDT,0.082192175448|0.082192175448|0.082192175448|0.082192175448,0.123634930022|0.096990311276|0.053630363036|0.031658496732,11975.515614522576|11067.687345695862|14679.305829010487|13991.198920960784,0.328768701790,-0.010428093301,-0.000075338170,0.000000000000,-0.010503431471,-0.010503431471,1.294738511495,1.291879748156,
2020-10-17T00:00:00Z,,hold,BNBUSDT|ADAUSDT|XRPUSDT|LTCUSDT,0.082192175448|0.082192175448|0.082192175448|0.082192175448,0.123634930022|0.096990311276|0.053630363036|0.031658496732,11975.515614522576|11067.687345695862|14679.305829010487|13991.198920960784,0.328768701790,0.000797229990,-0.000063338934,0.000000000000,0.000733891055,0.000733891055,1.295688708507,1.292827847148,
2020-10-18T00:00:00Z,,hold,BNBUSDT|ADAUSDT|XRPUSDT|LTCUSDT,0.082192175448|0.082192175448|0.082192175448|0.082192175448,0.123634930022|0.096990311276|0.053630363036|0.031658496732,11975.515614522576|11067.687345695862|14679.305829010487|13991.198920960784,0.328768701790,0.003843510084,-0.000061395911,0.000000000000,0.003782114173,0.003782114173,1.300589151136,1.297717469672,
2020-10-19T00:00:00Z,2020-10-19T00:00:00Z,active,ADAUSDT|BNBUSDT|LINKUSDT|ETHUSDT,0.061348954177|0.061348954177|0.061348954177|0.061348954177,0.180569293329|0.106534553213|0.083415890628|-0.015997294766,9504.641054482805|13372.122235151905|32009.504155747036|145521.957696341095,0.245395816708,-0.000594301809,-0.000027692918,0.328768701790,-0.001016517169,-0.001279532131,1.299267079933,1.296056998473,
2020-10-20T00:00:00Z,,hold,ADAUSDT|BNBUSDT|LINKUSDT|ETHUSDT,0.061348954177|0.061348954177|0.061348954177|0.061348954177,0.180569293329|0.106534553213|0.083415890628|-0.015997294766,9504.641054482805|13372.122235151905|32009.504155747036|145521.957696341095,0.245395816708,-0.013486073780,-0.000078384945,0.000000000000,-0.013564458725,-0.013564458725,1.281643225254,1.278476686811,
2020-10-21T00:00:00Z,,hold,ADAUSDT|BNBUSDT|LINKUSDT|ETHUSDT,0.061348954177|0.061348954177|0.061348954177|0.061348954177,0.180569293329|0.106534553213|0.083415890628|-0.015997294766,9504.641054482805|13372.122235151905|32009.504155747036|145521.957696341095,0.245395816708,0.013516614845,-0.000109914627,0.000000000000,0.013406700218,0.013406700218,1.298825831762,1.295616840487,
2020-10-22T00:00:00Z,,hold,ADAUSDT|BNBUSDT|LINKUSDT|ETHUSDT,0.061348954177|0.061348954177|0.061348954177|0.061348954177,0.180569293329|0.106534553213|0.083415890628|-0.015997294766,9504.641054482805|13372.122235151905|32009.504155747036|145521.957696341095,0.245395816708,0.015095398046,-0.000258751484,0.000000000000,0.014836646562,0.014836646562,1.318096051574,1.314839449629,
2020-10-23T00:00:00Z,,hold,ADAUSDT|BNBUSDT|LINKUSDT|ETHUSDT,0.061348954177|0.061348954177|0.061348954177|0.061348954177,0.180569293329|0.106534553213|0.083415890628|-0.015997294766,9504.641054482805|13372.122235151905|32009.504155747036|145521.957696341095,0.245395816708,-0.001260883756,-0.000226071510,0.000000000000,-0.001486955265,-0.001486955265,1.316136101710,1.312884342187,
2020-10-24T00:00:00Z,,hold,ADAUSDT|BNBUSDT|LINKUSDT|ETHUSDT,0.061348954177|0.061348954177|0.061348954177|0.061348954177,0.180569293329|0.106534553213|0.083415890628|-0.015997294766,9504.641054482805|13372.122235151905|32009.504155747036|145521.957696341095,0.245395816708,0.003163623219,-0.000140758427,0.000000000000,0.003022864792,0.003022864792,1.320114603193,1.316853014041,
2020-10-25T00:00:00Z,,hold,ADAUSDT|BNBUSDT|LINKUSDT|ETHUSDT,0.061348954177|0.061348954177|0.061348954177|0.061348954177,0.180569293329|0.106534553213|0.083415890628|-0.015997294766,9504.641054482805|13372.122235151905|32009.504155747036|145521.957696341095,0.245395816708,-0.005538081746,-0.000133365878,0.000000000000,-0.005671447624,-0.005671447624,1.312627642363,1.309384551143,
2020-10-26T00:00:00Z,2020-10-26T00:00:00Z,active,LTCUSDT|BNBUSDT|ETHUSDT|LINKUSDT,0.096084593934|0.096084593934|0.096084593934|0.096084593934,0.278453518679|0.220042954978|0.154200295555|0.133843569162,17392.608430146145|4465.574069238159|79422.035588440893|34780.586538330572,0.384338375734,-0.007150803570,-0.000094279164,0.261640467380,-0.007559051295,-0.007768363669,1.302705422683,1.299212775767,
2020-10-27T00:00:00Z,,hold,LTCUSDT|BNBUSDT|ETHUSDT|LINKUSDT,0.096084593934|0.096084593934|0.096084593934|0.096084593934,0.278453518679|0.220042954978|0.154200295555|0.133843569162,17392.608430146145|4465.574069238159|79422.035588440893|34780.586538330572,0.384338375734,0.007570923222,-0.000055146792,0.000000000000,0.007515776430,0.007515776430,1.312496265395,1.308977368525,
2020-10-28T00:00:00Z,,hold,LTCUSDT|BNBUSDT|ETHUSDT|LINKUSDT,0.096084593934|0.096084593934|0.096084593934|0.096084593934,0.278453518679|0.220042954978|0.154200295555|0.133843569162,17392.608430146145|4465.574069238159|79422.035588440893|34780.586538330572,0.384338375734,-0.014468075479,-0.000091523458,0.000000000000,-0.014559598937,-0.014559598937,1.293386846164,1.289919183022,
2020-10-29T00:00:00Z,,hold,LTCUSDT|BNBUSDT|ETHUSDT|LINKUSDT,0.096084593934|0.096084593934|0.096084593934|0.096084593934,0.278453518679|0.220042954978|0.154200295555|0.133843569162,17392.608430146145|4465.574069238159|79422.035588440893|34780.586538330572,0.384338375734,-0.004669332913,-0.000062827794,0.000000000000,-0.004732160707,-0.004732160707,1.287266331752,1.283815078149,
2020-10-30T00:00:00Z,,hold,LTCUSDT|BNBUSDT|ETHUSDT|LINKUSDT,0.096084593934|0.096084593934|0.096084593934|0.096084593934,0.278453518679|0.220042954978|0.154200295555|0.133843569162,17392.608430146145|4465.574069238159|79422.035588440893|34780.586538330572,0.384338375734,-0.008492906860,-0.000022177285,0.000000000000,-0.008515084146,-0.008515084146,1.276305150619,1.272883284731,
2020-10-31T00:00:00Z,,hold,LTCUSDT|BNBUSDT|ETHUSDT|LINKUSDT,0.096084593934|0.096084593934|0.096084593934|0.096084593934,0.278453518679|0.220042954978|0.154200295555|0.133843569162,17392.608430146145|4465.574069238159|79422.035588440893|34780.586538330572,0.384338375734,0.005080813852,-0.000091142963,0.000000000000,0.004989670889,0.004989670889,1.282673493274,1.279234553402,
2020-11-01T00:00:00Z,,hold,LTCUSDT|BNBUSDT|ETHUSDT|LINKUSDT,0.096084593934|0.096084593934|0.096084593934|0.096084593934,0.278453518679|0.220042954978|0.154200295555|0.133843569162,17392.608430146145|4465.574069238159|79422.035588440893|34780.586538330572,0.384338375734,0.005625620388,-0.000103687768,0.000000000000,0.005521932620,0.005521932620,1.289756329877,1.286298400411,
2020-11-02T00:00:00Z,2020-11-02T00:00:00Z,active,LINKUSDT|LTCUSDT|ETHUSDT|ADAUSDT,0.087403768384|0.087403768384|0.087403768384|0.087403768384,0.257335361878|0.238031618793|0.148837613271|0.057493540052,104198.944904476288|16094.850635602166|281535.414878252312|8444.146850308405,0.349615073537,-0.017137975876,-0.000122448309,0.209530838965,-0.017511861192,-0.017679485863,1.267170296057,1.263557306025,
2020-11-03T00:00:00Z,,hold,LINKUSDT|LTCUSDT|ETHUSDT|ADAUSDT,0.087403768384|0.087403768384|0.087403768384|0.087403768384,0.257335361878|0.238031618793|0.148837613271|0.057493540052,104198.944904476288|16094.850635602166|281535.414878252312|8444.146850308405,0.349615073537,-0.000514383935,-0.000017983325,0.000000000000,-0.000532367260,-0.000532367260,1.266495696078,1.262884629484,
2020-11-04T00:00:00Z,,hold,LINKUSDT|LTCUSDT|ETHUSDT|ADAUSDT,0.087403768384|0.087403768384|0.087403768384|0.087403768384,0.257335361878|0.238031618793|0.148837613271|0.057493540052,104198.944904476288|16094.850635602166|281535.414878252312|8444.146850308405,0.349615073537,0.007026144703,-0.000094370723,0.000000000000,0.006931773980,0.006931773980,1.275274757991,1.271638660298,
2020-11-05T00:00:00Z,,hold,LINKUSDT|LTCUSDT|ETHUSDT|ADAUSDT,0.087403768384|0.087403768384|0.087403768384|0.087403768384,0.257335361878|0.238031618793|0.148837613271|0.057493540052,104198.944904476288|16094.850635602166|281535.414878252312|8444.146850308405,0.349615073537,0.016000134406,-0.000277002645,0.000000000000,0.015723131761,0.015723131761,1.295326071042,1.291632802507,
2020-11-06T00:00:00Z,,hold,LINKUSDT|LTCUSDT|ETHUSDT|ADAUSDT,0.087403768384|0.087403768384|0.087403768384|0.087403768384,0.257335361878|0.238031618793|0.148837613271|0.057493540052,104198.944904476288|16094.850635602166|281535.414878252312|8444.146850308405,0.349615073537,0.034591408908,-0.000470205179,0.000000000000,0.034121203729,0.034121203729,1.339524155808,1.335704868504,
2020-11-07T00:00:00Z,,hold,LINKUSDT|LTCUSDT|ETHUSDT|ADAUSDT,0.087403768384|0.087403768384|0.087403768384|0.087403768384,0.257335361878|0.238031618793|0.148837613271|0.057493540052,104198.944904476288|16094.850635602166|281535.414878252312|8444.146850308405,0.349615073537,-0.019069747176,-0.000747227052,0.000000000000,-0.019816974228,-0.019816974228,1.312978840134,1.309235239549,
2020-11-08T00:00:00Z,,hold,LINKUSDT|LTCUSDT|ETHUSDT|ADAUSDT,0.087403768384|0.087403768384|0.087403768384|0.087403768384,0.257335361878|0.238031618793|0.148837613271|0.057493540052,104198.944904476288|16094.850635602166|281535.414878252312|8444.146850308405,0.349615073537,0.018396374251,-0.000258369035,0.000000000000,0.018138005215,0.018138005215,1.336793657184,1.332982155152,
2020-11-09T00:00:00Z,2020-11-09T00:00:00Z,active,LTCUSDT|ETHUSDT|LINKUSDT|ADAUSDT,0.070990746677|0.070990746677|0.070990746677|0.070990746677,0.277196652720|0.245753889985|0.223762757558|0.053010858835,29169.341109103374|305325.835686451348|127593.166552002236|9011.548306394692,0.283962986710,-0.005391747783,-0.000145026286,0.065652086828,-0.005615556574,-0.005668078243,1.329286816775,1.325426708000,
2020-11-10T00:00:00Z,,hold,LTCUSDT|ETHUSDT|LINKUSDT|ADAUSDT,0.070990746677|0.070990746677|0.070990746677|0.070990746677,0.277196652720|0.245753889985|0.223762757558|0.053010858835,29169.341109103374|305325.835686451348|127593.166552002236|9011.548306394692,0.283962986710,0.002480606215,-0.000229286624,0.000000000000,0.002251319592,0.002251319592,1.332279466229,1.328410667116,
2020-11-11T00:00:00Z,,hold,LTCUSDT|ETHUSDT|LINKUSDT|ADAUSDT,0.070990746677|0.070990746677|0.070990746677|0.070990746677,0.277196652720|0.245753889985|0.223762757558|0.053010858835,29169.341109103374|305325.835686451348|127593.166552002236|9011.548306394692,0.283962986710,0.002289279421,-0.000236846428,0.000000000000,0.002052432993,0.002052432993,1.335013880562,1.331137140997,
2020-11-12T00:00:00Z,,hold,LTCUSDT|ETHUSDT|LINKUSDT|ADAUSDT,0.070990746677|0.070990746677|0.070990746677|0.070990746677,0.277196652720|0.245753889985|0.223762757558|0.053010858835,29169.341109103374|305325.835686451348|127593.166552002236|9011.548306394692,0.283962986710,-0.001268205372,-0.000138671905,0.000000000000,-0.001406877277,-0.001406877277,1.333135679869,1.329264394401,
2020-11-13T00:00:00Z,,hold,LTCUSDT|ETHUSDT|LINKUSDT|ADAUSDT,0.070990746677|0.070990746677|0.070990746677|0.070990746677,0.277196652720|0.245753889985|0.223762757558|0.053010858835,29169.341109103374|305325.835686451348|127593.166552002236|9011.548306394692,0.283962986710,0.012105803571,-0.000170976954,0.000000000000,0.011934826617,0.011934826617,1.349046423065,1.345128934476,
2020-11-14T00:00:00Z,,hold,LTCUSDT|ETHUSDT|LINKUSDT|ADAUSDT,0.070990746677|0.070990746677|0.070990746677|0.070990746677,0.277196652720|0.245753889985|0.223762757558|0.053010858835,29169.341109103374|305325.835686451348|127593.166552002236|9011.548306394692,0.283962986710,-0.007811419480,-0.000125462657,0.000000000000,-0.007936882136,-0.007936882136,1.338339200608,1.334452804665,
2020-11-15T00:00:00Z,,hold,LTCUSDT|ETHUSDT|LINKUSDT|ADAUSDT,0.070990746677|0.070990746677|0.070990746677|0.070990746677,0.277196652720|0.245753889985|0.223762757558|0.053010858835,29169.341109103374|305325.835686451348|127593.166552002236|9011.548306394692,0.283962986710,-0.008662179816,-0.000157666189,0.000000000000,-0.008819846005,-0.008819846005,1.326535254957,1.322683136427,
2020-11-16T00:00:00Z,2020-11-16T00:00:00Z,active,LTCUSDT|ETHUSDT|LINKUSDT|XRPUSDT,0.078431440423|0.078431440423|0.078431440423|0.078431440423,0.310214375788|0.226457951342|0.145652173913|0.123595505618,32267.081065163544|389112.708411711617|63547.777255209498|34109.338913771520,0.313725761690,0.025366877224,-0.000161316218,0.171744268335,0.024999467884,0.024862072469,1.359697930460,1.355567780419,
2020-11-17T00:00:00Z,,hold,LTCUSDT|ETHUSDT|LINKUSDT|XRPUSDT,0.078431440423|0.078431440423|0.078431440423|0.078431440423,0.310214375788|0.226457951342|0.145652173913|0.123595505618,32267.081065163544|389112.708411711617|63547.777255209498|34109.338913771520,0.313725761690,0.015384745939,-0.000241805699,0.000000000000,0.015142940240,0.015142940240,1.380287754965,1.376095062309,
2020-11-18T00:00:00Z,,hold,LTCUSDT|ETHUSDT|LINKUSDT|XRPUSDT,0.078431440423|0.078431440423|0.078431440423|0.078431440423,0.310214375788|0.226457951342|0.145652173913|0.123595505618,32267.081065163544|389112.708411711617|63547.777255209498|34109.338913771520,0.313725761690,-0.005345367228,-0.000433694493,0.000000000000,-0.005779061721,-0.005779061721,1.372310986837,1.368142524010,
2020-11-19T00:00:00Z,,hold,LTCUSDT|ETHUSDT|LINKUSDT|XRPUSDT,0.078431440423|0.078431440423|0.078431440423|0.078431440423,0.310214375788|0.226457951342|0.145652173913|0.123595505618,32267.081065163544|389112.708411711617|63547.777255209498|34109.338913771520,0.313725761690,0.010569234331,-0.000203499000,0.000000000000,0.010365735331,0.010365735331,1.386535999318,1.382324327308,
2020-11-20T00:00:00Z,,hold,LTCUSDT|ETHUSDT|LINKUSDT|XRPUSDT,0.078431440423|0.078431440423|0.078431440423|0.078431440423,0.310214375788|0.226457951342|0.145652173913|0.123595505618,32267.081065163544|389112.708411711617|63547.777255209498|34109.338913771520,0.313725761690,0.017223057817,-0.000498873373,0.000000000000,0.016724184444,0.016724184444,1.409724683109,1.405442574320,
2020-11-21T00:00:00Z,,hold,LTCUSDT|ETHUSDT|LINKUSDT|XRPUSDT,0.078431440423|0.078431440423|0.078431440423|0.078431440423,0.310214375788|0.226457951342|0.145652173913|0.123595505618,32267.081065163544|389112.708411711617|63547.777255209498|34109.338913771520,0.313725761690,0.050367809864,-0.000556650678,0.000000000000,0.049811159186,0.049811159186,1.479944703707,1.475449298116,
2020-11-22T00:00:00Z,,hold,LTCUSDT|ETHUSDT|LINKUSDT|XRPUSDT,0.078431440423|0.078431440423|0.078431440423|0.078431440423,0.310214375788|0.226457951342|0.145652173913|0.123595505618,32267.081065163544|389112.708411711617|63547.777255209498|34109.338913771520,0.313725761690,-0.010817080037,-0.000693619424,0.000000000000,-0.011510699461,-0.011510699461,1.462909505004,1.458465844675,
2020-11-23T00:00:00Z,2020-11-23T00:00:00Z,active,XRPUSDT|LTCUSDT|ETHUSDT|ADAUSDT,0.058667118320|0.058667118320|0.058667118320|0.058667118320,0.749608150470|0.494594594595|0.368881289692|0.352506010727,691559.821064392221|188099.203181068122|1976585.808590810280|170309.353533378977,0.234668473280,0.035193401904,-0.000994486856,0.196391525050,0.033963245217,0.033806131997,1.512594659253,1.507770933534,
2020-11-24T00:00:00Z,,hold,XRPUSDT|LTCUSDT|ETHUSDT|ADAUSDT,0.058667118320|0.058667118320|0.058667118320|0.058667118320,0.749608150470|0.494594594595|0.368881289692|0.352506010727,691559.821064392221|188099.203181068122|1976585.808590810280|170309.353533378977,0.234668473280,0.012268286627,-0.000690574756,0.000000000000,0.011577711871,0.011577711871,1.530107044395,1.525227470969,
2020-11-25T00:00:00Z,,hold,XRPUSDT|LTCUSDT|ETHUSDT|ADAUSDT,0.058667118320|0.058667118320|0.058667118320|0.058667118320,0.749608150470|0.494594594595|0.368881289692|0.352506010727,691559.821064392221|188099.203181068122|1976585.808590810280|170309.353533378977,0.234668473280,-0.018279432025,-0.000685187355,0.000000000000,-0.018964619380,-0.018964619380,1.501089146688,1.496302112515,
2020-11-26T00:00:00Z,,hold,XRPUSDT|LTCUSDT|ETHUSDT|ADAUSDT,0.058667118320|0.058667118320|0.058667118320|0.058667118320,0.749608150470|0.494594594595|0.368881289692|0.352506010727,691559.821064392221|188099.203181068122|1976585.808590810280|170309.353533378977,0.234668473280,-0.027751818382,-0.000112336972,0.000000000000,-0.027864155354,-0.027864155354,1.459262565505,1.454608917996,
2020-11-27T00:00:00Z,,hold,XRPUSDT|LTCUSDT|ETHUSDT|ADAUSDT,0.058667118320|0.058667118320|0.058667118320|0.058667118320,0.749608150470|0.494594594595|0.368881289692|0.352506010727,691559.821064392221|188099.203181068122|1976585.808590810280|170309.353533378977,0.234668473280,0.002419142385,-0.000095818658,0.000000000000,0.002323323727,0.002323323727,1.462652904848,1.457988445409,
2020-11-28T00:00:00Z,,hold,XRPUSDT|LTCUSDT|ETHUSDT|ADAUSDT,0.058667118320|0.058667118320|0.058667118320|0.058667118320,0.749608150470|0.494594594595|0.368881289692|0.352506010727,691559.821064392221|188099.203181068122|1976585.808590810280|170309.353533378977,0.234668473280,0.021185305827,-0.000128757898,0.000000000000,0.021056547929,0.021056547929,1.493451325843,1.488688648990,
2020-11-29T00:00:00Z,,hold,XRPUSDT|LTCUSDT|ETHUSDT|ADAUSDT,0.058667118320|0.058667118320|0.058667118320|0.058667118320,0.749608150470|0.494594594595|0.368881289692|0.352506010727,691559.821064392221|188099.203181068122|1976585.808590810280|170309.353533378977,0.234668473280,0.008160148813,-0.000121601683,0.000000000000,0.008038547130,0.008038547130,1.505456504711,1.500655542856,
2020-11-30T00:00:00Z,2020-11-30T00:00:00Z,active,XRPUSDT|ADAUSDT|ETHUSDT|LTCUSDT,0.044749541526|0.044749541526|0.044749541526|0.044749541526,1.537269681742|0.788278152791|0.507269874477|0.461766339567,168561.107934083091|35783.741889927711|629261.132638435811|67160.286974543124,0.178998166106,0.013997630350,-0.000222864352,0.055670307174,0.013707961630,0.013663425384,1.526093244713,1.521159637893,
2020-12-01T00:00:00Z,,hold,XRPUSDT|ADAUSDT|ETHUSDT|LTCUSDT,0.044749541526|0.044749541526|0.044749541526|0.044749541526,1.537269681742|0.788278152791|0.507269874477|0.461766339567,168561.107934083091|35783.741889927711|629261.132638435811|67160.286974543124,0.178998166106,-0.011557519103,-0.000259445312,0.000000000000,-0.011816964415,-0.011816964415,1.508059455146,1.503184148583,
2020-12-02T00:00:00Z,,hold,XRPUSDT|ADAUSDT|ETHUSDT|LTCUSDT,0.044749541526|0.044749541526|0.044749541526|0.044749541526,1.537269681742|0.788278152791|0.507269874477|0.461766339567,168561.107934083091|35783.741889927711|629261.132638435811|67160.286974543124,0.178998166106,0.005092258175,-0.000126314978,0.000000000000,0.004965943196,0.004965943196,1.515548392737,1.510648875678,
2020-12-03T00:00:00Z,,hold,XRPUSDT|ADAUSDT|ETHUSDT|LTCUSDT,0.044749541526|0.044749541526|0.044749541526|0.044749541526,1.537269681742|0.788278152791|0.507269874477|0.461766339567,168561.107934083091|35783.741889927711|629261.132638435811|67160.286974543124,0.178998166106,0.003091033613,-0.000226148073,0.000000000000,0.002864885540,0.002864885540,1.519890265413,1.514976711799,
2020-12-04T00:00:00Z,,hold,XRPUSDT|ADAUSDT|ETHUSDT|LTCUSDT,0.044749541526|0.044749541526|0.044749541526|0.044749541526,1.537269681742|0.788278152791|0.507269874477|0.461766339567,168561.107934083091|35783.741889927711|629261.132638435811|67160.286974543124,0.178998166106,-0.018240309939,-0.000125678192,0.000000000000,-0.018365988131,-0.018365988131,1.491975978838,1.487152667490,
2020-12-05T00:00:00Z,,hold,XRPUSDT|ADAUSDT|ETHUSDT|LTCUSDT,0.044749541526|0.044749541526|0.044749541526|0.044749541526,1.537269681742|0.788278152791|0.507269874477|0.461766339567,168561.107934083091|35783.741889927711|629261.132638435811|67160.286974543124,0.178998166106,0.010665450346,-0.000072616424,0.000000000000,0.010592833922,0.010592833922,1.507780232597,1.502905828714,
2020-12-06T00:00:00Z,,hold,XRPUSDT|ADAUSDT|ETHUSDT|LTCUSDT,0.044749541526|0.044749541526|0.044749541526|0.044749541526,1.537269681742|0.788278152791|0.507269874477|0.461766339567,168561.107934083091|35783.741889927711|629261.132638435811|67160.286974543124,0.178998166106,0.003004322056,-0.000053699450,0.000000000000,0.002950622606,0.002950622606,1.512229123037,1.507340336627,
2020-12-07T00:00:00Z,2020-12-07T00:00:00Z,active,XRPUSDT|ADAUSDT|LTCUSDT|ETHUSDT,0.041093095351|0.041093095351|0.041093095351|0.041093095351,1.401854714065|0.455344874966|0.321744627054|0.318769446514,298206.175158782105|24501.060902396261|64111.981979959339|695284.222036482999,0.164372381405,-0.002861437309,-0.000078505893,0.014625784701,-0.002957494143,-0.002969194771,1.507756714262,1.502864749581,
2020-12-08T00:00:00Z,,hold,XRPUSDT|ADAUSDT|LTCUSDT|ETHUSDT,0.041093095351|0.041093095351|0.041093095351|0.041093095351,1.401854714065|0.455344874966|0.321744627054|0.318769446514,298206.175158782105|24501.060902396261|64111.981979959339|695284.222036482999,0.164372381405,-0.012678161220,-0.000068656700,0.000000000000,-0.012746817920,-0.012746817920,1.488537613957,1.483708006259,
2020-12-09T00:00:00Z,,hold,XRPUSDT|ADAUSDT|LTCUSDT|ETHUSDT,0.041093095351|0.041093095351|0.041093095351|0.041093095351,1.401854714065|0.455344874966|0.321744627054|0.318769446514,298206.175158782105|24501.060902396261|64111.981979959339|695284.222036482999,0.164372381405,0.005426469601,-0.000016334916,0.000000000000,0.005410134684,0.005410134684,1.496590802931,1.491735066406,
2020-12-10T00:00:00Z,,hold,XRPUSDT|ADAUSDT|LTCUSDT|ETHUSDT,0.041093095351|0.041093095351|0.041093095351|0.041093095351,1.401854714065|0.455344874966|0.321744627054|0.318769446514,298206.175158782105|24501.060902396261|64111.981979959339|695284.222036482999,0.164372381405,-0.004883630798,-0.000010181225,0.000000000000,-0.004893812024,-0.004893812024,1.489266768865,1.484434795402,
2020-12-11T00:00:00Z,,hold,XRPUSDT|ADAUSDT|LTCUSDT|ETHUSDT,0.041093095351|0.041093095351|0.041093095351|0.041093095351,1.401854714065|0.455344874966|0.321744627054|0.318769446514,298206.175158782105|24501.060902396261|64111.981979959339|695284.222036482999,0.164372381405,-0.007406196564,0.000353459383,0.000000000000,-0.007052737181,-0.007052737181,1.478763361752,1.473965466927,
2020-12-12T00:00:00Z,,hold,XRPUSDT|ADAUSDT|LTCUSDT|ETHUSDT,0.041093095351|0.041093095351|0.041093095351|0.041093095351,1.401854714065|0.455344874966|0.321744627054|0.318769446514,298206.175158782105|24501.060902396261|64111.981979959339|695284.222036482999,0.164372381405,0.005288678811,0.000165399709,0.000000000000,0.005454078520,0.005454078520,1.486828653240,1.482004590320,
2020-12-13T00:00:00Z,,hold,XRPUSDT|ADAUSDT|LTCUSDT|ETHUSDT,0.041093095351|0.041093095351|0.041093095351|0.041093095351,1.401854714065|0.455344874966|0.321744627054|0.318769446514,298206.175158782105|24501.060902396261|64111.981979959339|695284.222036482999,0.164372381405,0.008040439753,-0.000049311714,0.000000000000,0.007991128038,0.007991128038,1.498710091379,1.493847478755,
2020-12-14T00:00:00Z,2020-12-14T00:00:00Z,active,XRPUSDT|ADAUSDT|LTCUSDT|ETHUSDT,0.039681038726|0.039681038726|0.039681038726|0.039681038726,0.930127723516|0.448577063962|0.246591941836|0.239324664430,122388.669828469661|8551.020889908565|34464.285431592791|370008.808956639143,0.158724154904,-0.000286708880,-0.000049644154,0.005648226501,-0.000343130906,-0.000347649487,1.498195837628,1.493328143445,
2020-12-15T00:00:00Z,,hold,XRPUSDT|ADAUSDT|LTCUSDT|ETHUSDT,0.039681038726|0.039681038726|0.039681038726|0.039681038726,0.930127723516|0.448577063962|0.246591941836|0.239324664430,122388.669828469661|8551.020889908565|34464.285431592791|370008.808956639143,0.158724154904,-0.003891610010,-0.000078566473,0.000000000000,-0.003970176483,-0.003970176483,1.492247735747,1.487399367169,
2020-12-16T00:00:00Z,,hold,XRPUSDT|ADAUSDT|LTCUSDT|ETHUSDT,0.039681038726|0.039681038726|0.039681038726|0.039681038726,0.930127723516|0.448577063962|0.246591941836|0.239324664430,122388.669828469661|8551.020889908565|34464.285431592791|370008.808956639143,0.158724154904,0.021221085047,-0.000139764555,0.000000000000,0.021081320493,0.021081320493,1.523706288519,1.518755709929,
2020-12-17T00:00:00Z,,hold,XRPUSDT|ADAUSDT|LTCUSDT|ETHUSDT,0.039681038726|0.039681038726|0.039681038726|0.039681038726,0.930127723516|0.448577063962|0.246591941836|0.239324664430,122388.669828469661|8551.020889908565|34464.285431592791|370008.808956639143,0.158724154904,0.003237084695,-0.000316670165,0.000000000000,0.002920414530,0.002920414530,1.528156142504,1.523191106172,
2020-12-18T00:00:00Z,,hold,XRPUSDT|ADAUSDT|LTCUSDT|ETHUSDT,0.039681038726|0.039681038726|0.039681038726|0.039681038726,0.930127723516|0.448577063962|0.246591941836|0.239324664430,122388.669828469661|8551.020889908565|34464.285431592791|370008.808956639143,0.158724154904,0.004816506861,-0.000200080924,0.000000000000,0.004616425937,0.004616425937,1.535210762155,1.530222805101,
2020-12-19T00:00:00Z,,hold,XRPUSDT|ADAUSDT|LTCUSDT|ETHUSDT,0.039681038726|0.039681038726|0.039681038726|0.039681038726,0.930127723516|0.448577063962|0.246591941836|0.239324664430,122388.669828469661|8551.020889908565|34464.285431592791|370008.808956639143,0.158724154904,0.003414976789,-0.000272978563,0.000000000000,0.003141998226,0.003141998226,1.540034391646,1.535030762440,
2020-12-20T00:00:00Z,,hold,XRPUSDT|ADAUSDT|LTCUSDT|ETHUSDT,0.039681038726|0.039681038726|0.039681038726|0.039681038726,0.930127723516|0.448577063962|0.246591941836|0.239324664430,122388.669828469661|8551.020889908565|34464.285431592791|370008.808956639143,0.158724154904,-0.005031204195,-0.000236147417,0.000000000000,-0.005267351612,-0.005267351612,1.531922489011,1.526945215679,
2020-12-21T00:00:00Z,2020-12-21T00:00:00Z,active,XRPUSDT|DOGEUSDT|LTCUSDT|ADAUSDT,0.037270276608|0.037270276608|0.037270276608|0.037270276608,0.681488203267|0.548365577051|0.387705711520|0.367364157948,216563.463994020247|13942.734924241147|118845.020069502731|16247.661753417893,0.149081106433,-0.007012541356,-0.000131947215,0.084183601687,-0.007245508893,-0.007312855774,1.520822930994,1.515778885542,
2020-12-22T00:00:00Z,,hold,XRPUSDT|DOGEUSDT|LTCUSDT|ADAUSDT,0.037270276608|0.037270276608|0.037270276608|0.037270276608,0.681488203267|0.548365577051|0.387705711520|0.367364157948,216563.463994020247|13942.734924241147|118845.020069502731|16247.661753417893,0.149081106433,-0.002669501336,-0.000064597216,0.000000000000,-0.002734098552,-0.002734098552,1.516664851220,1.511634596685,
2020-12-23T00:00:00Z,,hold,XRPUSDT|DOGEUSDT|LTCUSDT|ADAUSDT,0.037270276608|0.037270276608|0.037270276608|0.037270276608,0.681488203267|0.548365577051|0.387705711520|0.367364157948,216563.463994020247|13942.734924241147|118845.020069502731|16247.661753417893,0.149081106433,-0.030634767501,-0.000012277575,0.000000000000,-0.030647045076,-0.030647045076,1.470183555159,1.465307463062,
2020-12-24T00:00:00Z,,hold,XRPUSDT|DOGEUSDT|LTCUSDT|ADAUSDT,0.037270276608|0.037270276608|0.037270276608|0.037270276608,0.681488203267|0.548365577051|0.387705711520|0.367364157948,216563.463994020247|13942.734924241147|118845.020069502731|16247.661753417893,0.149081106433,0.027574849593,0.000112810419,0.000000000000,0.027687660012,0.027687660012,1.510889497590,1.505878397912,
2020-12-25T00:00:00Z,,hold,XRPUSDT|DOGEUSDT|LTCUSDT|ADAUSDT,0.037270276608|0.037270276608|0.037270276608|0.037270276608,0.681488203267|0.548365577051|0.387705711520|0.367364157948,216563.463994020247|13942.734924241147|118845.020069502731|16247.661753417893,0.149081106433,0.004234757788,-0.000057357092,0.000000000000,0.004177400696,0.004177400696,1.517201088428,1.512169055379,
2020-12-26T00:00:00Z,,hold,XRPUSDT|DOGEUSDT|LTCUSDT|ADAUSDT,0.037270276608|0.037270276608|0.037270276608|0.037270276608,0.681488203267|0.548365577051|0.387705711520|0.367364157948,216563.463994020247|13942.734924241147|118845.020069502731|16247.661753417893,0.149081106433,-0.002286362893,-0.000038503177,0.000000000000,-0.002324866070,-0.002324866070,1.513673799096,1.508653464850,
2020-12-27T00:00:00Z,,hold,XRPUSDT|DOGEUSDT|LTCUSDT|ADAUSDT,0.037270276608|0.037270276608|0.037270276608|0.037270276608,0.681488203267|0.548365577051|0.387705711520|0.367364157948,216563.463994020247|13942.734924241147|118845.020069502731|16247.661753417893,0.149081106433,-0.002519001061,-0.000146850108,0.000000000000,-0.002665851169,-0.002665851169,1.509638570029,1.504631619247,
2020-12-28T00:00:00Z,2020-12-28T00:00:00Z,active,LTCUSDT|DOGEUSDT|ETHUSDT|BNBUSDT,0.057741310367|0.057741310367|0.057741310367|0.057741310367,0.849032071656|0.389261744966|0.321918600170|0.181614035088,138245.748667664506|1396.119191761199|919686.115595871117|14521.022358539272,0.230965241466,0.009469495902,-0.000386233357,0.230965241466,0.008806104255,0.008621332062,1.522932604664,1.517603548068,
2020-12-29T00:00:00Z,,hold,LTCUSDT|DOGEUSDT|ETHUSDT|BNBUSDT,0.057741310367|0.057741310367|0.057741310367|0.057741310367,0.849032071656|0.389261744966|0.321918600170|0.181614035088,138245.748667664506|1396.119191761199|919686.115595871117|14521.022358539272,0.230965241466,0.003391896796,-0.000405832490,0.000000000000,0.002986064306,0.002986064306,1.527480179355,1.522135209853,
2020-12-30T00:00:00Z,,hold,LTCUSDT|DOGEUSDT|ETHUSDT|BNBUSDT,0.057741310367|0.057741310367|0.057741310367|0.057741310367,0.849032071656|0.389261744966|0.321918600170|0.181614035088,138245.748667664506|1396.119191761199|919686.115595871117|14521.022358539272,0.230965241466,0.002456125603,-0.000354848645,0.000000000000,0.002101276957,0.002101276957,1.530689838259,1.525333637496,
2020-12-31T00:00:00Z,,hold,LTCUSDT|DOGEUSDT|ETHUSDT|BNBUSDT,0.057741310367|0.057741310367|0.057741310367|0.057741310367,0.849032071656|0.389261744966|0.321918600170|0.181614035088,138245.748667664506|1396.119191761199|919686.115595871117|14521.022358539272,0.230965241466,-0.004518715343,-0.000308179231,0.000000000000,-0.004826894574,-0.004826894574,1.523301359784,1.517971012837,
2021-01-01T00:00:00Z,,hold,LTCUSDT|DOGEUSDT|ETHUSDT|BNBUSDT,0.057741310367|0.057741310367|0.057741310367|0.057741310367,0.849032071656|0.389261744966|0.321918600170|0.181614035088,138245.748667664506|1396.119191761199|919686.115595871117|14521.022358539272,0.230965241466,0.013282138088,-0.000420694526,0.000000000000,0.012861443562,0.012861443562,1.542893214251,1.537494311347,
2021-01-02T00:00:00Z,,hold,LTCUSDT|DOGEUSDT|ETHUSDT|BNBUSDT,0.057741310367|0.057741310367|0.057741310367|0.057741310367,0.849032071656|0.389261744966|0.321918600170|0.181614035088,138245.748667664506|1396.119191761199|919686.115595871117|14521.022358539272,0.230965241466,0.058673890984,-0.000219952241,0.000000000000,0.058453938743,0.058453938743,1.633081399684,1.627366909640,
2021-01-03T00:00:00Z,,hold,LTCUSDT|DOGEUSDT|ETHUSDT|BNBUSDT,0.057741310367|0.057741310367|0.057741310367|0.057741310367,0.849032071656|0.389261744966|0.321918600170|0.181614035088,138245.748667664506|1396.119191761199|919686.115595871117|14521.022358539272,0.230965241466,0.026653503530,-0.000655951102,0.000000000000,0.025997552429,0.025997552429,1.675537518992,1.669674466194,
2021-01-04T00:00:00Z,2021-01-04T00:00:00Z,active,DOGEUSDT|DOTUSDT|LTCUSDT|ETHUSDT,0.039876555512|0.039876555512|0.039876555512|0.039876555512,2.004867660481|1.037807561512|1.036333920040|0.726747463360,67819.104648606692|245886.028925712104|497997.937776795996|4215081.237106828950,0.159506222049,-0.001921089837,-0.000938287376,0.151212130442,-0.003040831769,-0.003161801474,1.670442491273,1.664395287006,
2021-01-05T00:00:00Z,,hold,DOGEUSDT|DOTUSDT|LTCUSDT|ETHUSDT,0.039876555512|0.039876555512|0.039876555512|0.039876555512,2.004867660481|1.037807561512|1.036333920040|0.726747463360,67819.104648606692|245886.028925712104|497997.937776795996|4215081.237106828950,0.159506222049,0.004701670014,-0.000221121083,0.000000000000,0.004480548931,0.004480548931,1.677926990592,1.671852691530,
2021-01-06T00:00:00Z,,hold,DOGEUSDT|DOTUSDT|LTCUSDT|ETHUSDT,0.039876555512|0.039876555512|0.039876555512|0.039876555512,2.004867660481|1.037807561512|1.036333920040|0.726747463360,67819.104648606692|245886.028925712104|497997.937776795996|4215081.237106828950,0.159506222049,0.010035688260,-0.000798352169,0.000000000000,0.009237336092,0.009237336092,1.693426566141,1.687296156738,
2021-01-07T00:00:00Z,,hold,DOGEUSDT|DOTUSDT|LTCUSDT|ETHUSDT,0.039876555512|0.039876555512|0.039876555512|0.039876555512,2.004867660481|1.037807561512|1.036333920040|0.726747463360,67819.104648606692|245886.028925712104|497997.937776795996|4215081.237106828950,0.159506222049,-0.003728472323,-0.000576735819,0.000000000000,-0.004305208142,-0.004305208142,1.686136012301,1.680031995586,
2021-01-08T00:00:00Z,,hold,DOGEUSDT|DOTUSDT|LTCUSDT|ETHUSDT,0.039876555512|0.039876555512|0.039876555512|0.039876555512,2.004867660481|1.037807561512|1.036333920040|0.726747463360,67819.104648606692|245886.028925712104|497997.937776795996|4215081.237106828950,0.159506222049,-0.001175390008,-0.000465603846,0.000000000000,-0.001640993854,-0.001640993854,1.683369073468,1.677275073407,
2021-01-09T00:00:00Z,,hold,DOGEUSDT|DOTUSDT|LTCUSDT|ETHUSDT,0.039876555512|0.039876555512|0.039876555512|0.039876555512,2.004867660481|1.037807561512|1.036333920040|0.726747463360,67819.104648606692|245886.028925712104|497997.937776795996|4215081.237106828950,0.159506222049,0.006948436074,-0.000393146948,0.000000000000,0.006555289126,0.006555289126,1.694404044450,1.688270096457,
2021-01-10T00:00:00Z,,hold,DOGEUSDT|DOTUSDT|LTCUSDT|ETHUSDT,0.039876555512|0.039876555512|0.039876555512|0.039876555512,2.004867660481|1.037807561512|1.036333920040|0.726747463360,67819.104648606692|245886.028925712104|497997.937776795996|4215081.237106828950,0.159506222049,-0.005584292220,-0.000860631373,0.000000000000,-0.006444923592,-0.006444923592,1.683483739849,1.677389324681,
2021-01-11T00:00:00Z,2021-01-11T00:00:00Z,active,DOGEUSDT|SOLUSDT|LTCUSDT|ETHUSDT,0.040200266706|0.040200266706|0.040200266706|0.040200266706,2.206581948517|1.392058864362|1.358903350872|1.309285163564,5762.229646240187|9683.156106078097|121567.911378806821|1187933.223088942701,0.160801066826,-0.021171564718,-0.000252271950,0.081047955801,-0.021521094215,-0.021585932579,1.647253327675,1.641181311810,
2021-01-12T00:00:00Z,,hold,DOGEUSDT|SOLUSDT|LTCUSDT|ETHUSDT,0.040200266706|0.040200266706|0.040200266706|0.040200266706,2.206581948517|1.392058864362|1.358903350872|1.309285163564,5762.229646240187|9683.156106078097|121567.911378806821|1187933.223088942701,0.160801066826,0.000617463953,-0.000096403858,0.000000000000,0.000521060095,0.000521060095,1.648111645651,1.642036465901,
2021-01-13T00:00:00Z,,hold,DOGEUSDT|SOLUSDT|LTCUSDT|ETHUSDT,0.040200266706|0.040200266706|0.040200266706|0.040200266706,2.206581948517|1.392058864362|1.358903350872|1.309285163564,5762.229646240187|9683.156106078097|121567.911378806821|1187933.223088942701,0.160801066826,0.009178401761,-0.000103767742,0.000000000000,0.009074634019,0.009074634019,1.663067655658,1.656937345875,
2021-01-14T00:00:00Z,,hold,DOGEUSDT|SOLUSDT|LTCUSDT|ETHUSDT,0.040200266706|0.040200266706|0.040200266706|0.040200266706,2.206581948517|1.392058864362|1.358903350872|1.309285163564,5762.229646240187|9683.156106078097|121567.911378806821|1187933.223088942701,0.160801066826,0.005900678328,-0.000225690327,0.000000000000,0.005674988001,0.005674988001,1.672505544649,1.666340445431,
2021-01-15T00:00:00Z,,hold,DOGEUSDT|SOLUSDT|LTCUSDT|ETHUSDT,0.040200266706|0.040200266706|0.040200266706|0.040200266706,2.206581948517|1.392058864362|1.358903350872|1.309285163564,5762.229646240187|9683.156106078097|121567.911378806821|1187933.223088942701,0.160801066826,-0.005347394337,-0.000251045440,0.000000000000,-0.005598439777,-0.005598439777,1.663142123080,1.657011538799,
2021-01-16T00:00:00Z,,hold,DOGEUSDT|SOLUSDT|LTCUSDT|ETHUSDT,0.040200266706|0.040200266706|0.040200266706|0.040200266706,2.206581948517|1.392058864362|1.358903350872|1.309285163564,5762.229646240187|9683.156106078097|121567.911378806821|1187933.223088942701,0.160801066826,0.003813955528,-0.000297377051,0.000000000000,0.003516578477,0.003516578477,1.668990692874,1.662838549913,
2021-01-17T00:00:00Z,,hold,DOGEUSDT|SOLUSDT|LTCUSDT|ETHUSDT,0.040200266706|0.040200266706|0.040200266706|0.040200266706,2.206581948517|1.392058864362|1.358903350872|1.309285163564,5762.229646240187|9683.156106078097|121567.911378806821|1187933.223088942701,0.160801066826,0.004166000479,-0.000243320154,0.000000000000,0.003922680325,0.003922680325,1.675537609827,1.669361333975,
2021-01-18T00:00:00Z,2021-01-18T00:00:00Z,active,AVAXUSDT|DOTUSDT|DOGEUSDT|ADAUSDT,0.032200941635|0.032200941635|0.032200941635|0.032200941635,2.847522199103|2.185647716682|1.359027418520|1.304582047092,23047.516001734602|78930.846314838083|4979.821634950128|101715.422341118814,0.128803766540,-0.002505356010,-0.000048597017,0.225202950096,-0.002824196567,-0.003004358927,1.670805562262,1.664345973350,
2021-01-19T00:00:00Z,,hold,AVAXUSDT|DOTUSDT|DOGEUSDT|ADAUSDT,0.032200941635|0.032200941635|0.032200941635|0.032200941635,2.847522199103|2.185647716682|1.359027418520|1.304582047092,23047.516001734602|78930.846314838083|4979.821634950128|101715.422341118814,0.128803766540,-0.003668856475,-0.000205666448,0.000000000000,-0.003874522923,-0.003874522923,1.664331987811,1.657897426724,
2021-01-20T00:00:00Z,,hold,AVAXUSDT|DOTUSDT|DOGEUSDT|ADAUSDT,0.032200941635|0.032200941635|0.032200941635|0.032200941635,2.847522199103|2.185647716682|1.359027418520|1.304582047092,23047.516001734602|78930.846314838083|4979.821634950128|101715.422341118814,0.128803766540,0.005793595642,0.000038429570,0.000000000000,0.005832025211,0.005832025211,1.674038413924,1.667566326314,
2021-01-21T00:00:00Z,,hold,AVAXUSDT|DOTUSDT|DOGEUSDT|ADAUSDT,0.032200941635|0.032200941635|0.032200941635|0.032200941635,2.847522199103|2.185647716682|1.359027418520|1.304582047092,23047.516001734602|78930.846314838083|4979.821634950128|101715.422341118814,0.128803766540,-0.015572366554,0.000015046534,0.000000000000,-0.015557320020,-0.015557320020,1.647994862593,1.641623463322,
2021-01-22T00:00:00Z,,hold,AVAXUSDT|DOTUSDT|DOGEUSDT|ADAUSDT,0.032200941635|0.032200941635|0.032200941635|0.032200941635,2.847522199103|2.185647716682|1.359027418520|1.304582047092,23047.516001734602|78930.846314838083|4979.821634950128|101715.422341118814,0.128803766540,0.012101227745,0.000002507809,0.000000000000,0.012103735554,0.012103735554,1.667941756604,1.661493239601,
2021-01-23T00:00:00Z,,hold,AVAXUSDT|DOTUSDT|DOGEUSDT|ADAUSDT,0.032200941635|0.032200941635|0.032200941635|0.032200941635,2.847522199103|2.185647716682|1.359027418520|1.304582047092,23047.516001734602|78930.846314838083|4979.821634950128|101715.422341118814,0.128803766540,0.003532648306,-0.000031980687,0.000000000000,0.003500667619,0.003500667619,1.673780666302,1.667309575184,
2021-01-24T00:00:00Z,,hold,AVAXUSDT|DOTUSDT|DOGEUSDT|ADAUSDT,0.032200941635|0.032200941635|0.032200941635|0.032200941635,2.847522199103|2.185647716682|1.359027418520|1.304582047092,23047.516001734602|78930.846314838083|4979.821634950128|101715.422341118814,0.128803766540,-0.001118214266,-0.000089962991,0.000000000000,-0.001208177257,-0.001208177257,1.671758442568,1.665295169676,
2021-01-25T00:00:00Z,2021-01-25T00:00:00Z,active,AVAXUSDT|DOTUSDT|SOLUSDT|ADAUSDT,0.033242525296|0.033242525296|0.033242525296|0.033242525296,3.221642852306|2.453952417498|1.517234219269|1.244214797439,12467.279182977147|138205.503038480441|4570.671795298627|44680.621795538726,0.132970101184,-0.002758952433,-0.000175740599,0.068568217914,-0.003016974894,-0.003071829468,1.666714789319,1.660179666901,
2021-01-26T00:00:00Z,,hold,AVAXUSDT|DOTUSDT|SOLUSDT|ADAUSDT,0.033242525296|0.033242525296|0.033242525296|0.033242525296,3.221642852306|2.453952417498|1.517234219269|1.244214797439,12467.279182977147|138205.503038480441|4570.671795298627|44680.621795538726,0.132970101184,0.003082217380,0.000084440668,0.000000000000,0.003166658048,0.003166658048,1.671992705121,1.665436888204,
2021-01-27T00:00:00Z,,hold,AVAXUSDT|DOTUSDT|SOLUSDT|ADAUSDT,0.033242525296|0.033242525296|0.033242525296|0.033242525296,3.221642852306|2.453952417498|1.517234219269|1.244214797439,12467.279182977147|138205.503038480441|4570.671795298627|44680.621795538726,0.132970101184,-0.012382993757,0.000016130935,0.000000000000,-0.012366862822,-0.012366862822,1.651315400698,1.644840658670,
2021-01-28T00:00:00Z,,hold,AVAXUSDT|DOTUSDT|SOLUSDT|ADAUSDT,0.033242525296|0.033242525296|0.033242525296|0.033242525296,3.221642852306|2.453952417498|1.517234219269|1.244214797439,12467.279182977147|138205.503038480441|4570.671795298627|44680.621795538726,0.132970101184,0.010326471547,-0.000021101690,0.000000000000,0.010305369856,0.010305369856,1.668332816652,1.661791350013,
2021-01-29T00:00:00Z,,hold,AVAXUSDT|DOTUSDT|SOLUSDT|ADAUSDT,0.033242525296|0.033242525296|0.033242525296|0.033242525296,3.221642852306|2.453952417498|1.517234219269|1.244214797439,12467.279182977147|138205.503038480441|4570.671795298627|44680.621795538726,0.132970101184,-0.000413423772,-0.000152455207,0.000000000000,-0.000565878980,-0.000565878980,1.667388742180,1.660850977219,
2021-01-30T00:00:00Z,,hold,AVAXUSDT|DOTUSDT|SOLUSDT|ADAUSDT,0.033242525296|0.033242525296|0.033242525296|0.033242525296,3.221642852306|2.453952417498|1.517234219269|1.244214797439,12467.279182977147|138205.503038480441|4570.671795298627|44680.621795538726,0.132970101184,0.005765211940,-0.000085289350,0.000000000000,0.005679922590,0.005679922590,1.676859381163,1.670284482203,
2021-01-31T00:00:00Z,,hold,AVAXUSDT|DOTUSDT|SOLUSDT|ADAUSDT,0.033242525296|0.033242525296|0.033242525296|0.033242525296,3.221642852306|2.453952417498|1.517234219269|1.244214797439,12467.279182977147|138205.503038480441|4570.671795298627|44680.621795538726,0.132970101184,0.001584881140,-0.000262078086,0.000000000000,0.001322803054,0.001322803054,1.679077535874,1.672493939618,
2021-02-01T00:00:00Z,2021-02-01T00:00:00Z,active,DOGEUSDT|AVAXUSDT|SOLUSDT|XRPUSDT,0.013834665263|0.013834665263|0.013834665263|0.013834665263,5.493838028169|2.684737691908|1.319007724948|1.086243163652,289615.114558786969|32297.232291755161|7067.280462912694|574599.707916483865,0.055338661052,-0.003323715877,0.000025639370,0.132970101184,-0.003457640628,-0.003564016709,1.673271889168,1.666533143271,
2021-02-02T00:00:00Z,,hold,DOGEUSDT|AVAXUSDT|SOLUSDT|XRPUSDT,0.013834665263|0.013834665263|0.013834665263|0.013834665263,5.493838028169|2.684737691908|1.319007724948|1.086243163652,289615.114558786969|32297.232291755161|7067.280462912694|574599.707916483865,0.055338661052,0.000818230519,-0.000105662533,0.000000000000,0.000712567987,0.000712567987,1.674464209149,1.667720661438,
2021-02-03T00:00:00Z,,hold,DOGEUSDT|AVAXUSDT|SOLUSDT|XRPUSDT,0.013834665263|0.013834665263|0.013834665263|0.013834665263,5.493838028169|2.684737691908|1.319007724948|1.086243163652,289615.114558786969|32297.232291755161|7067.280462912694|574599.707916483865,0.055338661052,0.006265324462,-0.000173587419,0.000000000000,0.006091737043,0.006091737043,1.684664604799,1.677879977168,
2021-02-04T00:00:00Z,,hold,DOGEUSDT|AVAXUSDT|SOLUSDT|XRPUSDT,0.013834665263|0.013834665263|0.013834665263|0.013834665263,5.493838028169|2.684737691908|1.319007724948|1.086243163652,289615.114558786969|32297.232291755161|7067.280462912694|574599.707916483865,0.055338661052,0.009479529327,-0.000202626796,0.000000000000,0.009276902531,0.009276902531,1.700293074136,1.693445506175,
2021-02-05T00:00:00Z,,hold,DOGEUSDT|AVAXUSDT|SOLUSDT|XRPUSDT,0.013834665263|0.013834665263|0.013834665263|0.013834665263,5.493838028169|2.684737691908|1.319007724948|1.086243163652,289615.114558786969|32297.232291755161|7067.280462912694|574599.707916483865,0.055338661052,0.001590828800,-0.000194061340,0.000000000000,0.001396767460,0.001396767460,1.702667988174,1.695810855754,
2021-02-06T00:00:00Z,,hold,DOGEUSDT|AVAXUSDT|SOLUSDT|XRPUSDT,0.013834665263|0.013834665263|0.013834665263|0.013834665263,5.493838028169|2.684737691908|1.319007724948|1.086243163652,289615.114558786969|32297.232291755161|7067.280462912694|574599.707916483865,0.055338661052,0.001920379882,-0.000112702717,0.000000000000,0.001807677165,0.001807677165,1.705745862216,1.698876334314,
2021-02-07T00:00:00Z,,hold,DOGEUSDT|AVAXUSDT|SOLUSDT|XRPUSDT,0.013834665263|0.013834665263|0.013834665263|0.013834665263,5.493838028169|2.684737691908|1.319007724948|1.086243163652,289615.114558786969|32297.232291755161|7067.280462912694|574599.707916483865,0.055338661052,0.009664811571,-0.000100543291,0.000000000000,0.009564268280,0.009564268280,1.722060073259,1.715124843349,
2021-02-08T00:00:00Z,2021-02-08T00:00:00Z,active,DOGEUSDT|AVAXUSDT|ADAUSDT|DOTUSDT,0.013142309525|0.013142309525|0.013142309525|0.013142309525,6.998974884675|3.158818583141|1.173124322193|1.124583467699,1000480.539487710805|50143.964664700325|313930.315159587888|47236.822384509673,0.052569238101,0.006241365252,-0.000139878989,0.055338661052,0.006035079870,0.005990808941,1.732452843342,1.725399828596,
2021-02-09T00:00:00Z,,hold,DOGEUSDT|AVAXUSDT|ADAUSDT|DOTUSDT,0.013142309525|0.013142309525|0.013142309525|0.013142309525,6.998974884675|3.158818583141|1.173124322193|1.124583467699,1000480.539487710805|50143.964664700325|313930.315159587888|47236.822384509673,0.052569238101,-0.000105085724,-0.000234294260,0.000000000000,-0.000339379984,-0.000339379984,1.731864883523,1.724814262429,
2021-02-10T00:00:00Z,,hold,DOGEUSDT|AVAXUSDT|ADAUSDT|DOTUSDT,0.013142309525|0.013142309525|0.013142309525|0.013142309525,6.998974884675|3.158818583141|1.173124322193|1.124583467699,1000480.539487710805|50143.964664700325|313930.315159587888|47236.822384509673,0.052569238101,0.014573053021,-0.000187140442,0.000000000000,0.014385912579,0.014385912579,1.756779340336,1.749627289623,
2021-02-11T00:00:00Z,,hold,DOGEUSDT|AVAXUSDT|ADAUSDT|DOTUSDT,0.013142309525|0.013142309525|0.013142309525|0.013142309525,6.998974884675|3.158818583141|1.173124322193|1.124583467699,1000480.539487710805|50143.964664700325|313930.315159587888|47236.822384509673,0.052569238101,-0.001653051000,-0.000200926199,0.000000000000,-0.001853977199,-0.001853977199,1.753522311495,1.746383520521,
2021-02-12T00:00:00Z,,hold,DOGEUSDT|AVAXUSDT|ADAUSDT|DOTUSDT,0.013142309525|0.013142309525|0.013142309525|0.013142309525,6.998974884675|3.158818583141|1.173124322193|1.124583467699,1000480.539487710805|50143.964664700325|313930.315159587888|47236.822384509673,0.052569238101,0.002122267853,-0.000312142336,0.000000000000,0.001810125517,0.001810125517,1.756696406975,1.749544693894,
2021-02-13T00:00:00Z,,hold,DOGEUSDT|AVAXUSDT|ADAUSDT|DOTUSDT,0.013142309525|0.013142309525|0.013142309525|0.013142309525,6.998974884675|3.158818583141|1.173124322193|1.124583467699,1000480.539487710805|50143.964664700325|313930.315159587888|47236.822384509673,0.052569238101,-0.002220762697,-0.000448728914,0.000000000000,-0.002669491611,-0.002669491611,1.752006920654,1.744874299011,
2021-02-14T00:00:00Z,,hold,DOGEUSDT|AVAXUSDT|ADAUSDT|DOTUSDT,0.013142309525|0.013142309525|0.013142309525|0.013142309525,6.998974884675|3.158818583141|1.173124322193|1.124583467699,1000480.539487710805|50143.964664700325|313930.315159587888|47236.822384509673,0.052569238101,-0.003768488371,-0.000391541337,0.000000000000,-0.004160029708,-0.004160029708,1.744718519815,1.737615570090,
2021-02-15T00:00:00Z,2021-02-15T00:00:00Z,active,DOGEUSDT|AVAXUSDT|BNBUSDT|ADAUSDT,0.013150557422|0.013150557422|0.013150557422|0.013150557422,5.692742796158|3.188660697113|2.322994129159|1.797629688483,595927.373319902457|79661.616395691599|160466.316913807095|169911.272118067078,0.052602229690,-0.001970576508,-0.000092699331,0.026317610639,-0.002094856973,-0.002115911061,1.741063584059,1.733938930085,
2021-02-16T00:00:00Z,,hold,DOGEUSDT|AVAXUSDT|BNBUSDT|ADAUSDT,0.013150557422|0.013150557422|0.013150557422|0.013150557422,5.692742796158|3.188660697113|2.322994129159|1.797629688483,595927.373319902457|79661.616395691599|160466.316913807095|169911.272118067078,0.052602229690,-0.001015133634,-0.000031480199,0.000000000000,-0.001046613832,-0.001046613832,1.739241362829,1.732124165617,
2021-02-17T00:00:00Z,,hold,DOGEUSDT|AVAXUSDT|BNBUSDT|ADAUSDT,0.013150557422|0.013150557422|0.013150557422|0.013150557422,5.692742796158|3.188660697113|2.322994129159|1.797629688483,595927.373319902457|79661.616395691599|160466.316913807095|169911.272118067078,0.052602229690,0.003106899420,-0.000118417876,0.000000000000,0.002988481544,0.002988481544,1.744439053542,1.737300586717,
2021-02-18T00:00:00Z,,hold,DOGEUSDT|AVAXUSDT|BNBUSDT|ADAUSDT,0.013150557422|0.013150557422|0.013150557422|0.013150557422,5.692742796158|3.188660697113|2.322994129159|1.797629688483,595927.373319902457|79661.616395691599|160466.316913807095|169911.272118067078,0.052602229690,0.006561480382,-0.000346496410,0.000000000000,0.006214983972,0.006214983972,1.755280714300,1.748097882019,
2021-02-19T00:00:00Z,,hold,DOGEUSDT|AVAXUSDT|BNBUSDT|ADAUSDT,0.013150557422|0.013150557422|0.013150557422|0.013150557422,5.692742796158|3.188660697113|2.322994129159|1.797629688483,595927.373319902457|79661.616395691599|160466.316913807095|169911.272118067078,0.052602229690,0.007957587682,-0.000327831824,0.000000000000,0.007629755858,0.007629755858,1.768673077613,1.761435442074,
2021-02-20T00:00:00Z,,hold,DOGEUSDT|AVAXUSDT|BNBUSDT|ADAUSDT,0.013150557422|0.013150557422|0.013150557422|0.013150557422,5.692742796158|3.188660697113|2.322994129159|1.797629688483,595927.373319902457|79661.616395691599|160466.316913807095|169911.272118067078,0.052602229690,-0.001754469074,-0.000528658721,0.000000000000,-0.002283127795,-0.002283127795,1.764634970950,1.757413859858,
2021-02-21T00:00:00Z,,hold,DOGEUSDT|AVAXUSDT|BNBUSDT|ADAUSDT,0.013150557422|0.013150557422|0.013150557422|0.013150557422,5.692742796158|3.188660697113|2.322994129159|1.797629688483,595927.373319902457|79661.616395691599|160466.316913807095|169911.272118067078,0.052602229690,0.002563792597,-0.000122449574,0.000000000000,0.002441343022,0.002441343022,1.768943050223,1.761704309922,
2021-02-22T00:00:00Z,2021-02-22T00:00:00Z,active,BNBUSDT|DOGEUSDT|SOLUSDT|ADAUSDT,0.013821377613|0.013821377613|0.013821377613|0.013821377613,6.215916599369|5.580164319249|2.330258967734|2.155560016058,538957.014514047769|95485.308878540556|17976.388444497017|151766.183200173342,0.055285510453,0.002131654969,-0.000082485429,0.028984395608,0.002014388266,0.001991200749,1.772506388346,1.765212216864,
2021-02-23T00:00:00Z,,hold,BNBUSDT|DOGEUSDT|SOLUSDT|ADAUSDT,0.013821377613|0.013821377613|0.013821377613|0.013821377613,6.215916599369|5.580164319249|2.330258967734|2.155560016058,538957.014514047769|95485.308878540556|17976.388444497017|151766.183200173342,0.055285510453,-0.004253786001,0.000006838403,0.000000000000,-0.004246947598,-0.004246947598,1.764978646598,1.757715453080,
2021-02-24T00:00:00Z,,hold,BNBUSDT|DOGEUSDT|SOLUSDT|ADAUSDT,0.013821377613|0.013821377613|0.013821377613|0.013821377613,6.215916599369|5.580164319249|2.330258967734|2.155560016058,538957.014514047769|95485.308878540556|17976.388444497017|151766.183200173342,0.055285510453,0.007068246328,0.000027872881,0.000000000000,0.007096119209,0.007096119209,1.777503145475,1.770188411470,
2021-02-25T00:00:00Z,,hold,BNBUSDT|DOGEUSDT|SOLUSDT|ADAUSDT,0.013821377613|0.013821377613|0.013821377613|0.013821377613,6.215916599369|5.580164319249|2.330258967734|2.155560016058,538957.014514047769|95485.308878540556|17976.388444497017|151766.183200173342,0.055285510453,-0.005098489577,-0.000008387918,0.000000000000,-0.005106877495,-0.005106877495,1.768425654664,1.761148276110,
2021-02-26T00:00:00Z,,hold,BNBUSDT|DOGEUSDT|SOLUSDT|ADAUSDT,0.013821377613|0.013821377613|0.013821377613|0.013821377613,6.215916599369|5.580164319249|2.330258967734|2.155560016058,538957.014514047769|95485.308878540556|17976.388444497017|151766.183200173342,0.055285510453,0.001314271429,0.000013544674,0.000000000000,0.001327816102,0.001327816102,1.770773798724,1.763486757149,
2021-02-27T00:00:00Z,,hold,BNBUSDT|DOGEUSDT|SOLUSDT|ADAUSDT,0.013821377613|0.013821377613|0.013821377613|0.013821377613,6.215916599369|5.580164319249|2.330258967734|2.155560016058,538957.014514047769|95485.308878540556|17976.388444497017|151766.183200173342,0.055285510453,0.000487607717,-0.000014618318,0.000000000000,0.000472989399,0.000472989399,1.771611355958,1.764320867690,
2021-02-28T00:00:00Z,,hold,BNBUSDT|DOGEUSDT|SOLUSDT|ADAUSDT,0.013821377613|0.013821377613|0.013821377613|0.013821377613,6.215916599369|5.580164319249|2.330258967734|2.155560016058,538957.014514047769|95485.308878540556|17976.388444497017|151766.183200173342,0.055285510453,-0.001564099735,-0.000013891867,0.000000000000,-0.001577991601,-0.001577991601,1.768815768118,1.761536784179,
2021-03-01T00:00:00Z,2021-03-01T00:00:00Z,active,BNBUSDT|ADAUSDT|SOLUSDT|AVAXUSDT,0.028007022157|0.028007022157|0.028007022157|0.028007022157,3.901896740779|2.774973409607|2.412533520789|1.062926812444,383145.404085511749|598274.523297246895|62860.945300323765|29889.689557245350,0.112028088630,0.013876853326,-0.000008035775,0.084385333403,0.013767555152,0.013700046885,1.793168036758,1.785669920711,
2021-03-02T00:00:00Z,,hold,BNBUSDT|ADAUSDT|SOLUSDT|AVAXUSDT,0.028007022157|0.028007022157|0.028007022157|0.028007022157,3.901896740779|2.774973409607|2.412533520789|1.062926812444,383145.404085511749|598274.523297246895|62860.945300323765|29889.689557245350,0.112028088630,-0.005612348061,-0.000066086770,0.000000000000,-0.005678434831,-0.005678434831,1.782985648921,1.775530110437,
2021-03-03T00:00:00Z,,hold,BNBUSDT|ADAUSDT|SOLUSDT|AVAXUSDT,0.028007022157|0.028007022157|0.028007022157|0.028007022157,3.901896740779|2.774973409607|2.412533520789|1.062926812444,383145.404085511749|598274.523297246895|62860.945300323765|29889.689557245350,0.112028088630,0.000230859168,-0.000110061436,0.000000000000,0.000120797732,0.000120797732,1.783201029544,1.775744590448,
2021-03-04T00:00:00Z,,hold,BNBUSDT|ADAUSDT|SOLUSDT|AVAXUSDT,0.028007022157|0.028007022157|0.028007022157|0.028007022157,3.901896740779|2.774973409607|2.412533520789|1.062926812444,383145.404085511749|598274.523297246895|62860.945300323765|29889.689557245350,0.112028088630,-0.007091892506,-0.000125100366,0.000000000000,-0.007216992872,-0.007216992872,1.770331680423,1.762929054395,
2021-03-05T00:00:00Z,,hold,BNBUSDT|ADAUSDT|SOLUSDT|AVAXUSDT,0.028007022157|0.028007022157|0.028007022157|0.028007022157,3.901896740779|2.774973409607|2.412533520789|1.062926812444,383145.404085511749|598274.523297246895|62860.945300323765|29889.689557245350,0.112028088630,-0.002109127432,-0.000041049892,0.000000000000,-0.002150177324,-0.002150177324,1.766525153388,1.759138444318,
2021-03-06T00:00:00Z,,hold,BNBUSDT|ADAUSDT|SOLUSDT|AVAXUSDT,0.028007022157|0.028007022157|0.028007022157|0.028007022157,3.901896740779|2.774973409607|2.412533520789|1.062926812444,383145.404085511749|598274.523297246895|62860.945300323765|29889.689557245350,0.112028088630,0.001303447607,-0.000065212111,0.000000000000,0.001238235497,0.001238235497,1.768712527538,1.761316671983,
2021-03-07T00:00:00Z,,hold,BNBUSDT|ADAUSDT|SOLUSDT|AVAXUSDT,0.028007022157|0.028007022157|0.028007022157|0.028007022157,3.901896740779|2.774973409607|2.412533520789|1.062926812444,383145.404085511749|598274.523297246895|62860.945300323765|29889.689557245350,0.112028088630,0.005469683667,-0.000169863990,0.000000000000,0.005299819677,0.005299819677,1.778086384994,1.770651332739,
2021-03-08T00:00:00Z,2021-03-08T00:00:00Z,active,BNBUSDT|ADAUSDT|SOLUSDT|DOTUSDT,0.035571248724|0.035571248724|0.035571248724|0.035571248724,2.547138892170|1.096849561460|1.063307551303|0.682486470954,289396.423298973532|128342.039546863918|19993.302340094488|116377.621963313126,0.142284994895,-0.000968155557,-0.000233602793,0.086270950580,-0.001305283490,-0.001374300251,1.775765478192,1.768217926168,
2021-03-09T00:00:00Z,,hold,BNBUSDT|ADAUSDT|SOLUSDT|DOTUSDT,0.035571248724|0.035571248724|0.035571248724|0.035571248724,2.547138892170|1.096849561460|1.063307551303|0.682486470954,289396.423298973532|128342.039546863918|19993.302340094488|116377.621963313126,0.142284994895,0.016973626206,-0.000545371983,0.000000000000,0.016428254223,0.016428254223,1.804938204909,1.797266659782,
2021-03-10T00:00:00Z,,hold,BNBUSDT|ADAUSDT|SOLUSDT|DOTUSDT,0.035571248724|0.035571248724|0.035571248724|0.035571248724,2.547138892170|1.096849561460|1.063307551303|0.682486470954,289396.423298973532|128342.039546863918|19993.302340094488|116377.621963313126,0.142284994895,-0.006043239914,-0.000443661333,0.000000000000,-0.006486901247,-0.006486901247,1.793229749017,1.785607968446,
2021-03-11T00:00:00Z,,hold,BNBUSDT|ADAUSDT|SOLUSDT|DOTUSDT,0.035571248724|0.035571248724|0.035571248724|0.035571248724,2.547138892170|1.096849561460|1.063307551303|0.682486470954,289396.423298973532|128342.039546863918|19993.302340094488|116377.621963313126,0.142284994895,0.005262521005,-0.000323540071,0.000000000000,0.004938980934,0.004938980934,1.802086476557,1.794427052157,
2021-03-12T00:00:00Z,,hold,BNBUSDT|ADAUSDT|SOLUSDT|DOTUSDT,0.035571248724|0.035571248724|0.035571248724|0.035571248724,2.547138892170|1.096849561460|1.063307551303|0.682486470954,289396.423298973532|128342.039546863918|19993.302340094488|116377.621963313126,0.142284994895,-0.010433741552,-0.000405330111,0.000000000000,-0.010839071663,-0.010839071663,1.782553532095,1.774977128745,
2021-03-13T00:00:00Z,,hold,BNBUSDT|ADAUSDT|SOLUSDT|DOTUSDT,0.035571248724|0.035571248724|0.035571248724|0.035571248724,2.547138892170|1.096849561460|1.063307551303|0.682486470954,289396.423298973532|128342.039546863918|19993.302340094488|116377.621963313126,0.142284994895,0.007242341091,-0.000359236175,0.000000000000,0.006883104916,0.006883104916,1.794823035074,1.787194482545,
2021-03-14T00:00:00Z,,hold,BNBUSDT|ADAUSDT|SOLUSDT|DOTUSDT,0.035571248724|0.035571248724|0.035571248724|0.035571248724,2.547138892170|1.096849561460|1.063307551303|0.682486470954,289396.423298973532|128342.039546863918|19993.302340094488|116377.621963313126,0.142284994895,-0.006040824393,-0.000517255400,0.000000000000,-0.006558079793,-0.006558079793,1.783052442395,1.775473918522,
2021-03-15T00:00:00Z,2021-03-15T00:00:00Z,active,BNBUSDT|SOLUSDT|DOTUSDT|ADAUSDT,0.036854283891|0.036854283891|0.036854283891|0.036854283891,0.925320852682|0.566338906697|0.270085708313|0.139917339277,269909.441094095062|27651.151082670785|142379.885954417055|174031.224066706578,0.147417135565,-0.004900851331,-0.000416936936,0.005132140671,-0.005323946836,-0.005328052549,1.773559565986,1.766014100186,
2021-03-16T00:00:00Z,,hold,BNBUSDT|SOLUSDT|DOTUSDT|ADAUSDT,0.036854283891|0.036854283891|0.036854283891|0.036854283891,0.925320852682|0.566338906697|0.270085708313|0.139917339277,269909.441094095062|27651.151082670785|142379.885954417055|174031.224066706578,0.147417135565,0.008378041153,-0.000199826876,0.000000000000,0.008178214278,0.008178214278,1.788064116151,1.780456941914,
2021-03-17T00:00:00Z,,hold,BNBUSDT|SOLUSDT|DOTUSDT|ADAUSDT,0.036854283891|0.036854283891|0.036854283891|0.036854283891,0.925320852682|0.566338906697|0.270085708313|0.139917339277,269909.441094095062|27651.151082670785|142379.885954417055|174031.224066706578,0.147417135565,0.007645693815,-0.000303937648,0.000000000000,0.007341756167,0.007341756167,1.801191646903,1.793528622648,
2021-03-18T00:00:00Z,,hold,BNBUSDT|SOLUSDT|DOTUSDT|ADAUSDT,0.036854283891|0.036854283891|0.036854283891|0.036854283891,0.925320852682|0.566338906697|0.270085708313|0.139917339277,269909.441094095062|27651.151082670785|142379.885954417055|174031.224066706578,0.147417135565,-0.005994298690,-0.000522469178,0.000000000000,-0.006516767868,-0.006516767868,1.789453699054,1.781840612949,
2021-03-19T00:00:00Z,,hold,BNBUSDT|SOLUSDT|DOTUSDT|ADAUSDT,0.036854283891|0.036854283891|0.036854283891|0.036854283891,0.925320852682|0.566338906697|0.270085708313|0.139917339277,269909.441094095062|27651.151082670785|142379.885954417055|174031.224066706578,0.147417135565,0.004965681087,-0.000228996304,0.000000000000,0.004736684783,0.004736684783,1.797929777161,1.790280630267,
2021-03-20T00:00:00Z,,hold,BNBUSDT|SOLUSDT|DOTUSDT|ADAUSDT,0.036854283891|0.036854283891|0.036854283891|0.036854283891,0.925320852682|0.566338906697|0.270085708313|0.139917339277,269909.441094095062|27651.151082670785|142379.885954417055|174031.224066706578,0.147417135565,-0.003330892441,-0.000410119262,0.000000000000,-0.003741011703,-0.003741011703,1.791203700823,1.783583169477,
2021-03-21T00:00:00Z,,hold,BNBUSDT|SOLUSDT|DOTUSDT|ADAUSDT,0.036854283891|0.036854283891|0.036854283891|0.036854283891,0.925320852682|0.566338906697|0.270085708313|0.139917339277,269909.441094095062|27651.151082670785|142379.885954417055|174031.224066706578,0.147417135565,-0.000515906542,-0.000243995998,0.000000000000,-0.000759902540,-0.000759902540,1.789842560581,1.782227820096,
2021-03-22T00:00:00Z,2021-03-22T00:00:00Z,active,ADAUSDT|SOLUSDT|DOTUSDT|DOGEUSDT,0.057572085987|0.057572085987|0.057572085987|0.057572085987,0.280829820040|0.245873010357|0.053079834825|0.043304946548,125013.355465349276|21507.541823962532|53185.526293502153|14217.602869808978,0.230288343948,-0.007177219440,-0.000544106876,0.156579776165,-0.007909222048,-0.008034485869,1.775686298339,1.767908535861,
2021-03-23T00:00:00Z,,hold,ADAUSDT|SOLUSDT|DOTUSDT|DOGEUSDT,0.057572085987|0.057572085987|0.057572085987|0.057572085987,0.280829820040|0.245873010357|0.053079834825|0.043304946548,125013.355465349276|21507.541823962532|53185.526293502153|14217.602869808978,0.230288343948,-0.005053396660,-0.000190036244,0.000000000000,-0.005243432905,-0.005243432905,1.766375606374,1.758638626071,
2021-03-24T00:00:00Z,,hold,ADAUSDT|SOLUSDT|DOTUSDT|DOGEUSDT,0.057572085987|0.057572085987|0.057572085987|0.057572085987,0.280829820040|0.245873010357|0.053079834825|0.043304946548,125013.355465349276|21507.541823962532|53185.526293502153|14217.602869808978,0.230288343948,-0.013648633151,-0.000185394207,0.000000000000,-0.013834027358,-0.013834027358,1.741939517911,1.734309571206,
2021-03-25T00:00:00Z,,hold,ADAUSDT|SOLUSDT|DOTUSDT|DOGEUSDT,0.057572085987|0.057572085987|0.057572085987|0.057572085987,0.280829820040|0.245873010357|0.053079834825|0.043304946548,125013.355465349276|21507.541823962532|53185.526293502153|14217.602869808978,0.230288343948,-0.002027988437,-0.000101226120,0.000000000000,-0.002129214557,-0.002129214557,1.738230554932,1.730616854020,
2021-03-26T00:00:00Z,,hold,ADAUSDT|SOLUSDT|DOTUSDT|DOGEUSDT,0.057572085987|0.057572085987|0.057572085987|0.057572085987,0.280829820040|0.245873010357|0.053079834825|0.043304946548,125013.355465349276|21507.541823962532|53185.526293502153|14217.602869808978,0.230288343948,0.023729082780,-0.000184554230,0.000000000000,0.023544528550,0.023544528550,1.779156373858,1.771363411948,
2021-03-27T00:00:00Z,,hold,ADAUSDT|SOLUSDT|DOTUSDT|DOGEUSDT,0.057572085987|0.057572085987|0.057572085987|0.057572085987,0.280829820040|0.245873010357|0.053079834825|0.043304946548,125013.355465349276|21507.541823962532|53185.526293502153|14217.602869808978,0.230288343948,0.004368852167,-0.000274286084,0.000000000000,0.004094566083,0.004094566083,1.786441247204,1.778616376496,
2021-03-28T00:00:00Z,,hold,ADAUSDT|SOLUSDT|DOTUSDT|DOGEUSDT,0.057572085987|0.057572085987|0.057572085987|0.057572085987,0.280829820040|0.245873010357|0.053079834825|0.043304946548,125013.355465349276|21507.541823962532|53185.526293502153|14217.602869808978,0.230288343948,0.004939250017,-0.000374160411,0.000000000000,0.004565089606,0.004565089606,1.794596511573,1.786735919629,
2021-03-29T00:00:00Z,2021-03-29T00:00:00Z,active,SOLUSDT|XRPUSDT|BNBUSDT|ETHUSDT,0.056123486114|0.056123486114|0.056123486114|0.056123486114,0.331621806519|0.276700163590|0.212991877256|0.168147348611,39304.501147272509|45596.585595884586|97010.738368666658|319507.947405521991,0.224493944457,0.010501237245,-0.000358941123,0.342535316176,0.009731253742,0.009457225489,1.812060185592,1.803633484111,
2021-03-30T00:00:00Z,,hold,SOLUSDT|XRPUSDT|BNBUSDT|ETHUSDT,0.056123486114|0.056123486114|0.056123486114|0.056123486114,0.331621806519|0.276700163590|0.212991877256|0.168147348611,39304.501147272509|45596.585595884586|97010.738368666658|319507.947405521991,0.224493944457,0.008282080441,-0.000595315848,0.000000000000,0.007686764593,0.007686764593,1.825989065668,1.817497590116,
2021-03-31T00:00:00Z,,hold,SOLUSDT|XRPUSDT|BNBUSDT|ETHUSDT,0.056123486114|0.056123486114|0.056123486114|0.056123486114,0.331621806519|0.276700163590|0.212991877256|0.168147348611,39304.501147272509|45596.585595884586|97010.738368666658|319507.947405521991,0.224493944457,0.002402105215,-0.000471421569,0.000000000000,0.001930683646,0.001930683646,1.829514472894,1.821006602990,
2021-04-01T00:00:00Z,,hold,SOLUSDT|XRPUSDT|BNBUSDT|ETHUSDT,0.056123486114|0.056123486114|0.056123486114|0.056123486114,0.331621806519|0.276700163590|0.212991877256|0.168147348611,39304.501147272509|45596.585595884586|97010.738368666658|319507.947405521991,0.224493944457,0.006442102802,-0.000717666732,0.000000000000,0.005724436070,0.005724436070,1.839987411534,1.831430838872,
2021-04-02T00:00:00Z,,hold,SOLUSDT|XRPUSDT|BNBUSDT|ETHUSDT,0.056123486114|0.056123486114|0.056123486114|0.056123486114,0.331621806519|0.276700163590|0.212991877256|0.168147348611,39304.501147272509|45596.585595884586|97010.738368666658|319507.947405521991,0.224493944457,0.011226065268,-0.000814200811,0.000000000000,0.010411864457,0.010411864457,1.859145111065,1.850499448529,
2021-04-03T00:00:00Z,,hold,SOLUSDT|XRPUSDT|BNBUSDT|ETHUSDT,0.056123486114|0.056123486114|0.056123486114|0.056123486114,0.331621806519|0.276700163590|0.212991877256|0.168147348611,39304.501147272509|45596.585595884586|97010.738368666658|319507.947405521991,0.224493944457,-0.001144962121,-0.000818260784,0.000000000000,-0.001963222906,-0.001963222906,1.855495194798,1.846866505624,
2021-04-04T00:00:00Z,,hold,SOLUSDT|XRPUSDT|BNBUSDT|ETHUSDT,0.056123486114|0.056123486114|0.056123486114|0.056123486114,0.331621806519|0.276700163590|0.212991877256|0.168147348611,39304.501147272509|45596.585595884586|97010.738368666658|319507.947405521991,0.224493944457,0.015225767499,-0.000324068234,0.000000000000,0.014901699266,0.014901699266,1.883145226179,1.874387954875,
2021-04-05T00:00:00Z,2021-04-05T00:00:00Z,active,SOLUSDT|BNBUSDT|XRPUSDT|ETHUSDT,0.065509592575|0.065509592575|0.065509592575|0.065509592575,0.893051830748|0.549659061165|0.395956932542|0.358099981698,40250.828876209547|172907.266919557063|252308.977891077899|345908.247317154310,0.262038370300,0.031663686199,-0.000759238490,0.037544425843,0.030859394397,0.030829358857,1.941257947422,1.932174133772,
2021-04-06T00:00:00Z,,hold,SOLUSDT|BNBUSDT|XRPUSDT|ETHUSDT,0.065509592575|0.065509592575|0.065509592575|0.065509592575,0.893051830748|0.549659061165|0.395956932542|0.358099981698,40250.828876209547|172907.266919557063|252308.977891077899|345908.247317154310,0.262038370300,0.025321810074,-0.000992482774,0.000000000000,0.024329327299,0.024329327299,1.988487447397,1.979182630672,
2021-04-07T00:00:00Z,,hold,SOLUSDT|BNBUSDT|XRPUSDT|ETHUSDT,0.065509592575|0.065509592575|0.065509592575|0.065509592575,0.893051830748|0.549659061165|0.395956932542|0.358099981698,40250.828876209547|172907.266919557063|252308.977891077899|345908.247317154310,0.262038370300,-0.016171015148,-0.000393602595,0.000000000000,-0.016564617743,-0.016564617743,1.955548912943,1.946398226950,
2021-04-08T00:00:00Z,,hold,SOLUSDT|BNBUSDT|XRPUSDT|ETHUSDT,0.065509592575|0.065509592575|0.065509592575|0.065509592575,0.893051830748|0.549659061165|0.395956932542|0.358099981698,40250.828876209547|172907.266919557063|252308.977891077899|345908.247317154310,0.262038370300,0.022336585346,-0.000368857657,0.000000000000,0.021967727689,0.021967727689,1.998507878945,1.989156173174,
2021-04-09T00:00:00Z,,hold,SOLUSDT|BNBUSDT|XRPUSDT|ETHUSDT,0.065509592575|0.065509592575|0.065509592575|0.065509592575,0.893051830748|0.549659061165|0.395956932542|0.358099981698,40250.828876209547|172907.266919557063|252308.977891077899|345908.247317154310,0.262038370300,0.004480731933,-0.000488664875,0.000000000000,0.003992067058,0.003992067058,2.006486056413,1.997097018006,
2021-04-10T00:00:00Z,,hold,SOLUSDT|BNBUSDT|XRPUSDT|ETHUSDT,0.065509592575|0.065509592575|0.065509592575|0.065509592575,0.893051830748|0.549659061165|0.395956932542|0.358099981698,40250.828876209547|172907.266919557063|252308.977891077899|345908.247317154310,0.262038370300,0.025740722199,-0.000865973925,0.000000000000,0.024874748274,0.024874748274,2.056396891982,2.046774303607,
2021-04-11T00:00:00Z,,hold,SOLUSDT|BNBUSDT|XRPUSDT|ETHUSDT,0.065509592575|0.065509592575|0.065509592575|0.065509592575,0.893051830748|0.549659061165|0.395956932542|0.358099981698,40250.828876209547|172907.266919557063|252308.977891077899|345908.247317154310,0.262038370300,0.009756475381,-0.000836108756,0.000000000000,0.008920366625,0.008920366625,2.074740706185,2.065032280794,
2021-04-12T00:00:00Z,2021-04-12T00:00:00Z,active,XRPUSDT|BNBUSDT|SOLUSDT|DOGEUSDT,0.053597099257|0.053597099257|0.053597099257|0.053597099257,2.083200727438|0.997854745379|0.917724472012|0.346433796305,520274.125910156174|1659591.137536094757|26111.914288136777|128960.693547021496,0.214388397028,0.010366776195,-0.000981753074,0.154844171786,0.009199210114,0.009075334777,2.093826681873,2.083773140067,
2021-04-13T00:00:00Z,,hold,XRPUSDT|BNBUSDT|SOLUSDT|DOGEUSDT,0.053597099257|0.053597099257|0.053597099257|0.053597099257,2.083200727438|0.997854745379|0.917724472012|0.346433796305,520274.125910156174|1659591.137536094757|26111.914288136777|128960.693547021496,0.214388397028,0.024043539485,-0.001202172753,0.000000000000,0.022841366732,0.022841366732,2.141652544987,2.131369366546,
2021-04-14T00:00:00Z,,hold,XRPUSDT|BNBUSDT|SOLUSDT|DOGEUSDT,0.053597099257|0.053597099257|0.053597099257|0.053597099257,2.083200727438|0.997854745379|0.917724472012|0.346433796305,520274.125910156174|1659591.137536094757|26111.914288136777|128960.693547021496,0.214388397028,0.013998824875,-0.001130168802,0.000000000000,0.012868656073,0.012868656073,2.169212735017,2.158797225889,
2021-04-15T00:00:00Z,,hold,XRPUSDT|BNBUSDT|SOLUSDT|DOGEUSDT,0.053597099257|0.053597099257|0.053597099257|0.053597099257,2.083200727438|0.997854745379|0.917724472012|0.346433796305,520274.125910156174|1659591.137536094757|26111.914288136777|128960.693547021496,0.214388397028,0.026166664891,-0.000809331742,0.000000000000,0.025357333149,0.025357333149,2.224218185011,2.213538566348,
2021-04-16T00:00:00Z,,hold,XRPUSDT|BNBUSDT|SOLUSDT|DOGEUSDT,0.053597099257|0.053597099257|0.053597099257|0.053597099257,2.083200727438|0.997854745379|0.917724472012|0.346433796305,520274.125910156174|1659591.137536094757|26111.914288136777|128960.693547021496,0.214388397028,0.039836132495,-0.000765965793,0.000000000000,0.039070166702,0.039070166702,2.311118760280,2.300021887136,
2021-04-17T00:00:00Z,,hold,XRPUSDT|BNBUSDT|SOLUSDT|DOGEUSDT,0.053597099257|0.053597099257|0.053597099257|0.053597099257,2.083200727438|0.997854745379|0.917724472012|0.346433796305,520274.125910156174|1659591.137536094757|26111.914288136777|128960.693547021496,0.214388397028,-0.012842214490,-0.000952926410,0.000000000000,-0.013795140900,-0.013795140900,2.279236551345,2.268292761129,
2021-04-18T00:00:00Z,,hold,XRPUSDT|BNBUSDT|SOLUSDT|DOGEUSDT,0.053597099257|0.053597099257|0.053597099257|0.053597099257,2.083200727438|0.997854745379|0.917724472012|0.346433796305,520274.125910156174|1659591.137536094757|26111.914288136777|128960.693547021496,0.214388397028,0.015829741143,-0.000179369124,0.000000000000,0.015650372019,0.015650372019,2.314907451293,2.303792386689,
2021-04-19T00:00:00Z,2021-04-19T00:00:00Z,active,DOGEUSDT|XRPUSDT|SOLUSDT|BNBUSDT,0.044752817582|0.044752817582|0.044752817582|0.044752817582,4.536495036264|2.021636675236|1.285597202105|0.833712403584,810913.695975696901|918515.608587823808|144164.976347379474|324114.248981566401,0.179011270329,0.009804235534,-0.000184425914,0.035377126700,0.009577357068,0.009549055367,2.337078146533,2.325791427743,
2021-04-20T00:00:00Z,,hold,DOGEUSDT|XRPUSDT|SOLUSDT|BNBUSDT,0.044752817582|0.044752817582|0.044752817582|0.044752817582,4.536495036264|2.021636675236|1.285597202105|0.833712403584,810913.695975696901|918515.608587823808|144164.976347379474|324114.248981566401,0.179011270329,0.000038128220,-0.000102570325,0.000000000000,-0.000064442105,-0.000064442105,2.336927540298,2.325641548847,
2021-04-21T00:00:00Z,,hold,DOGEUSDT|XRPUSDT|SOLUSDT|BNBUSDT,0.044752817582|0.044752817582|0.044752817582|0.044752817582,4.536495036264|2.021636675236|1.285597202105|0.833712403584,810913.695975696901|918515.608587823808|144164.976347379474|324114.248981566401,0.179011270329,-0.006647942189,-0.000141874935,0.000000000000,-0.006789817124,-0.006789817124,2.321060229667,2.309850868034,
2021-04-22T00:00:00Z,,hold,DOGEUSDT|XRPUSDT|SOLUSDT|BNBUSDT,0.044752817582|0.044752817582|0.044752817582|0.044752817582,4.536495036264|2.021636675236|1.285597202105|0.833712403584,810913.695975696901|918515.608587823808|144164.976347379474|324114.248981566401,0.179011270329,-0.005876231251,-0.000142075427,0.000000000000,-0.006018306679,-0.006018306679,2.307091377385,2.295949477128,
2021-04-23T00:00:00Z,,hold,DOGEUSDT|XRPUSDT|SOLUSDT|BNBUSDT,0.044752817582|0.044752817582|0.044752817582|0.044752817582,4.536495036264|2.021636675236|1.285597202105|0.833712403584,810913.695975696901|918515.608587823808|144164.976347379474|324114.248981566401,0.179011270329,-0.001317238273,-0.000075114024,0.000000000000,-0.001392352297,-0.001392352297,2.303879093407,2.292752706601,
2021-04-24T00:00:00Z,,hold,DOGEUSDT|XRPUSDT|SOLUSDT|BNBUSDT,0.044752817582|0.044752817582|0.044752817582|0.044752817582,4.536495036264|2.021636675236|1.285597202105|0.833712403584,810913.695975696901|918515.608587823808|144164.976347379474|324114.248981566401,0.179011270329,0.000780169668,-0.000039741845,0.000000000000,0.000740427823,0.000740427823,2.305584949590,2.294450324497,
2021-04-25T00:00:00Z,,hold,DOGEUSDT|XRPUSDT|SOLUSDT|BNBUSDT,0.044752817582|0.044752817582|0.044752817582|0.044752817582,4.536495036264|2.021636675236|1.285597202105|0.833712403584,810913.695975696901|918515.608587823808|144164.976347379474|324114.248981566401,0.179011270329,0.004168680962,-0.000022318678,0.000000000000,0.004146362284,0.004146362284,2.315144740067,2.303963946785,
2021-04-26T00:00:00Z,2021-04-26T00:00:00Z,active,DOGEUSDT|SOLUSDT|BNBUSDT|XRPUSDT,0.045984838980|0.045984838980|0.045984838980|0.045984838980,3.656578752408|2.207466576409|0.981942353532|0.836821567932,496073.023718536482|243164.042942138272|451033.976335504558|649093.118464027764,0.183939355922,0.017776330206,-0.000047232868,0.004928085593,0.017723183636,0.017719241168,2.356176475439,2.344788439600,
2021-04-27T00:00:00Z,,hold,DOGEUSDT|SOLUSDT|BNBUSDT|XRPUSDT,0.045984838980|0.045984838980|0.045984838980|0.045984838980,3.656578752408|2.207466576409|0.981942353532|0.836821567932,496073.023718536482|243164.042942138272|451033.976335504558|649093.118464027764,0.183939355922,0.003555266198,-0.000171723483,0.000000000000,0.003383542714,0.003383542714,2.364148699186,2.352722131440,
2021-04-28T00:00:00Z,,hold,DOGEUSDT|SOLUSDT|BNBUSDT|XRPUSDT,0.045984838980|0.045984838980|0.045984838980|0.045984838980,3.656578752408|2.207466576409|0.981942353532|0.836821567932,496073.023718536482|243164.042942138272|451033.976335504558|649093.118464027764,0.183939355922,0.008425911237,-0.000232602812,0.000000000000,0.008193308425,0.008193308425,2.383518898641,2.371998709501,
2021-04-29T00:00:00Z,,hold,DOGEUSDT|SOLUSDT|BNBUSDT|XRPUSDT,0.045984838980|0.045984838980|0.045984838980|0.045984838980,3.656578752408|2.207466576409|0.981942353532|0.836821567932,496073.023718536482|243164.042942138272|451033.976335504558|649093.118464027764,0.183939355922,-0.000704321825,-0.000185818296,0.000000000000,-0.000890140122,-0.000890140122,2.381397232838,2.369887298281,
2021-04-30T00:00:00Z,,hold,DOGEUSDT|SOLUSDT|BNBUSDT|XRPUSDT,0.045984838980|0.045984838980|0.045984838980|0.045984838980,3.656578752408|2.207466576409|0.981942353532|0.836821567932,496073.023718536482|243164.042942138272|451033.976335504558|649093.118464027764,0.183939355922,0.013805389280,-0.000229215109,0.000000000000,0.013576174171,0.013576174171,2.413727496441,2.402061301008,
2021-05-01T00:00:00Z,,hold,DOGEUSDT|SOLUSDT|BNBUSDT|XRPUSDT,0.045984838980|0.045984838980|0.045984838980|0.045984838980,3.656578752408|2.207466576409|0.981942353532|0.836821567932,496073.023718536482|243164.042942138272|451033.976335504558|649093.118464027764,0.183939355922,0.015869947178,-0.000373065802,0.000000000000,0.015496881376,0.015496881376,2.451132745127,2.439285760047,
2021-05-02T00:00:00Z,,hold,DOGEUSDT|SOLUSDT|BNBUSDT|XRPUSDT,0.045984838980|0.045984838980|0.045984838980|0.045984838980,3.656578752408|2.207466576409|0.981942353532|0.836821567932,496073.023718536482|243164.042942138272|451033.976335504558|649093.118464027764,0.183939355922,-0.006959170437,-0.000329057391,0.000000000000,-0.007288227828,-0.007288227828,2.433268331245,2.421507689691,
2021-05-03T00:00:00Z,2021-05-03T00:00:00Z,active,DOGEUSDT|XRPUSDT|SOLUSDT|BNBUSDT,0.043615094648|0.043615094648|0.043615094648|0.043615094648,5.484169710398|1.569595261599|1.367461041678|0.835987143654,237841.159838052758|280791.721112388012|35802.247056917397|176291.260711411160,0.174460378594,0.010691389743,-0.000404608074,0.009478977328,0.010275406896,0.010267823715,2.458271153437,2.446371303773,
2021-05-04T00:00:00Z,,hold,DOGEUSDT|XRPUSDT|SOLUSDT|BNBUSDT,0.043615094648|0.043615094648|0.043615094648|0.043615094648,5.484169710398|1.569595261599|1.367461041678|0.835987143654,237841.159838052758|280791.721112388012|35802.247056917397|176291.260711411160,0.174460378594,-0.002662904433,-0.000360842943,0.000000000000,-0.003023747377,-0.003023747377,2.450837962485,2.438974094960,
2021-05-05T00:00:00Z,,hold,DOGEUSDT|XRPUSDT|SOLUSDT|BNBUSDT,0.043615094648|0.043615094648|0.043615094648|0.043615094648,5.484169710398|1.569595261599|1.367461041678|0.835987143654,237841.159838052758|280791.721112388012|35802.247056917397|176291.260711411160,0.174460378594,0.022047758634,-0.000258951104,0.000000000000,0.021788807530,0.021788807530,2.504238799137,2.492116432087,
2021-05-06T00:00:00Z,,hold,DOGEUSDT|XRPUSDT|SOLUSDT|BNBUSDT,0.043615094648|0.043615094648|0.043615094648|0.043615094648,5.484169710398|1.569595261599|1.367461041678|0.835987143654,237841.159838052758|280791.721112388012|35802.247056917397|176291.260711411160,0.174460378594,-0.007832767476,-0.000657388078,0.000000000000,-0.008490155554,-0.008490155554,2.482977422189,2.470957975921,
2021-05-07T00:00:00Z,,hold,DOGEUSDT|XRPUSDT|SOLUSDT|BNBUSDT,0.043615094648|0.043615094648|0.043615094648|0.043615094648,5.484169710398|1.569595261599|1.367461041678|0.835987143654,237841.159838052758|280791.721112388012|35802.247056917397|176291.260711411160,0.174460378594,0.006568271601,-0.000429943210,0.000000000000,0.006138328391,0.006138328391,2.498218752994,2.486125527417,
2021-05-08T00:00:00Z,,hold,DOGEUSDT|XRPUSDT|SOLUSDT|BNBUSDT,0.043615094648|0.043615094648|0.043615094648|0.043615094648,5.484169710398|1.569595261599|1.367461041678|0.835987143654,237841.159838052758|280791.721112388012|35802.247056917397|176291.260711411160,0.174460378594,0.000154548104,-0.000466680640,0.000000000000,-0.000312132537,-0.000312132537,2.497438977638,2.485349526750,
2021-05-09T00:00:00Z,,hold,DOGEUSDT|XRPUSDT|SOLUSDT|BNBUSDT,0.043615094648|0.043615094648|0.043615094648|0.043615094648,5.484169710398|1.569595261599|1.367461041678|0.835987143654,237841.159838052758|280791.721112388012|35802.247056917397|176291.260711411160,0.174460378594,-0.005540967375,-0.000237810867,0.000000000000,-0.005778778243,-0.005778778243,2.483006831611,2.470987242979,
2021-05-10T00:00:00Z,2021-05-10T00:00:00Z,active,DOGEUSDT|ETHUSDT|LTCUSDT|LINKUSDT,0.035033582031|0.035033582031|0.035033582031|0.035033582031,8.253824959481|0.899406195298|0.755093742941|0.653370839786,1097682.936698275385|1147205.421249614097|644548.811335632578|187011.879421452148,0.140134328124,-0.013773873425,-0.000187884750,0.244527542656,-0.014255191227,-0.014450813261,2.447611094409,2.435279467761,
2021-05-11T00:00:00Z,,hold,DOGEUSDT|ETHUSDT|LTCUSDT|LINKUSDT,0.035033582031|0.035033582031|0.035033582031|0.035033582031,8.253824959481|0.899406195298|0.755093742941|0.653370839786,1097682.936698275385|1147205.421249614097|644548.811335632578|187011.879421452148,0.140134328124,0.009035615654,-0.000087778742,0.000000000000,0.008947836912,0.008947836912,2.469511919306,2.457069951273,
2021-05-12T00:00:00Z,,hold,DOGEUSDT|ETHUSDT|LTCUSDT|LINKUSDT,0.035033582031|0.035033582031|0.035033582031|0.035033582031,8.253824959481|0.899406195298|0.755093742941|0.653370839786,1097682.936698275385|1147205.421249614097|644548.811335632578|187011.879421452148,0.140134328124,-0.021597066218,-0.000121991487,0.000000000000,-0.021719057705,-0.021719057705,2.415876447428,2.403704707217,
2021-05-13T00:00:00Z,,hold,DOGEUSDT|ETHUSDT|LTCUSDT|LINKUSDT,0.035033582031|0.035033582031|0.035033582031|0.035033582031,8.253824959481|0.899406195298|0.755093742941|0.653370839786,1097682.936698275385|1147205.421249614097|644548.811335632578|187011.879421452148,0.140134328124,0.010044598362,-0.000052102294,0.000000000000,0.009992496068,0.009992496068,2.440017083331,2.427723717054,
2021-05-14T00:00:00Z,,hold,DOGEUSDT|ETHUSDT|LTCUSDT|LINKUSDT,0.035033582031|0.035033582031|0.035033582031|0.035033582031,8.253824959481|0.899406195298|0.755093742941|0.653370839786,1097682.936698275385|1147205.421249614097|644548.811335632578|187011.879421452148,0.140134328124,0.012047460789,-0.000044987323,0.000000000000,0.012002473466,0.012002473466,2.469303323631,2.456862406551,
2021-05-15T00:00:00Z,,hold,DOGEUSDT|ETHUSDT|LTCUSDT|LINKUSDT,0.035033582031|0.035033582031|0.035033582031|0.035033582031,8.253824959481|0.899406195298|0.755093742941|0.653370839786,1097682.936698275385|1147205.421249614097|644548.811335632578|187011.879421452148,0.140134328124,-0.013548443830,-0.000120674575,0.000000000000,-0.013669118405,-0.013669118405,2.435550124123,2.423279263411,
2021-05-16T00:00:00Z,,hold,DOGEUSDT|ETHUSDT|LTCUSDT|LINKUSDT,0.035033582031|0.035033582031|0.035033582031|0.035033582031,8.253824959481|0.899406195298|0.755093742941|0.653370839786,1097682.936698275385|1147205.421249614097|644548.811335632578|187011.879421452148,0.140134328124,-0.001541705972,-0.000107692180,0.000000000000,-0.001649398152,-0.001649398152,2.431532932248,2.419282311072,
2021-05-17T00:00:00Z,2021-05-17T00:00:00Z,active,SOLUSDT|ADAUSDT|ETHUSDT|DOGEUSDT,0.046704915558|0.046704915558|0.046704915558|0.046704915558,0.849129410651|0.628772863696|0.475468526628|0.405098204464,108304.325511429386|655143.837000521715|2221950.143995493650|395994.986755878432,0.186819662233,-0.011811707056,-0.000155212111,0.186819662233,-0.012191102761,-0.012340558491,2.401889864404,2.389427016206,
2021-05-18T00:00:00Z,,hold,SOLUSDT|ADAUSDT|ETHUSDT|DOGEUSDT,0.046704915558|0.046704915558|0.046704915558|0.046704915558,0.849129410651|0.628772863696|0.475468526628|0.405098204464,108304.325511429386|655143.837000521715|2221950.143995493650|395994.986755878432,0.186819662233,0.008808091454,-0.000123619972,0.000000000000,0.008684471482,0.008684471482,2.422749008434,2.410177926986,
2021-05-19T00:00:00Z,,hold,SOLUSDT|ADAUSDT|ETHUSDT|DOGEUSDT,0.046704915558|0.046704915558|0.046704915558|0.046704915558,0.849129410651|0.628772863696|0.475468526628|0.405098204464,108304.325511429386|655143.837000521715|2221950.143995493650|395994.986755878432,0.186819662233,-0.057356208486,0.000639377217,0.000000000000,-0.056716831269,-0.056716831269,2.285338361715,2.273480272173,
2021-05-20T00:00:00Z,,hold,SOLUSDT|ADAUSDT|ETHUSDT|DOGEUSDT,0.046704915558|0.046704915558|0.046704915558|0.046704915558,0.849129410651|0.628772863696|0.475468526628|0.405098204464,108304.325511429386|655143.837000521715|2221950.143995493650|395994.986755878432,0.186819662233,0.039089378489,0.000010761280,0.000000000000,0.039100139769,0.039100139769,2.374695411077,2.362373668577,
2021-05-21T00:00:00Z,,hold,SOLUSDT|ADAUSDT|ETHUSDT|DOGEUSDT,0.046704915558|0.046704915558|0.046704915558|0.046704915558,0.849129410651|0.628772863696|0.475468526628|0.405098204464,108304.325511429386|655143.837000521715|2221950.143995493650|395994.986755878432,0.186819662233,-0.022695707948,-0.000029588498,0.000000000000,-0.022725296446,-0.022725296446,2.320729753892,2.308688026642,
2021-05-22T00:00:00Z,,hold,SOLUSDT|ADAUSDT|ETHUSDT|DOGEUSDT,0.046704915558|0.046704915558|0.046704915558|0.046704915558,0.849129410651|0.628772863696|0.475468526628|0.405098204464,108304.325511429386|655143.837000521715|2221950.143995493650|395994.986755878432,0.186819662233,-0.016439469252,-0.000011612243,0.000000000000,-0.016451081495,-0.016451081495,2.282551239583,2.270707611770,
2021-05-23T00:00:00Z,,hold,SOLUSDT|ADAUSDT|ETHUSDT|DOGEUSDT,0.046704915558|0.046704915558|0.046704915558|0.046704915558,0.849129410651|0.628772863696|0.475468526628|0.405098204464,108304.325511429386|655143.837000521715|2221950.143995493650|395994.986755878432,0.186819662233,-0.023758194595,-0.000009419914,0.000000000000,-0.023767614510,-0.023767614510,2.228300441622,2.216738308589,
2021-05-24T00:00:00Z,2021-05-24T00:00:00Z,active,DOGEUSDT|ADAUSDT|ETHUSDT|XRPUSDT,0.027066712429|0.027066712429|0.027066712429|0.027066712429,0.225554941844|0.134500198505|-0.114849261400|-0.325044860292,213456.808634042711|360415.078106990200|1523280.098628658568|472522.263450665225,0.108266849715,0.024188888467,0.000033355663,0.132686237376,0.024063020646,0.023956871656,2.281920081153,2.269844423742,
2021-05-25T00:00:00Z,,hold,DOGEUSDT|ADAUSDT|ETHUSDT|XRPUSDT,0.027066712429|0.027066712429|0.027066712429|0.027066712429,0.225554941844|0.134500198505|-0.114849261400|-0.325044860292,213456.808634042711|360415.078106990200|1523280.098628658568|472522.263450665225,0.108266849715,-0.001310404156,-0.000011822469,0.000000000000,-0.001322226626,-0.001322226626,2.278902865664,2.266843175008,
2021-05-26T00:00:00Z,,hold,DOGEUSDT|ADAUSDT|ETHUSDT|XRPUSDT,0.027066712429|0.027066712429|0.027066712429|0.027066712429,0.225554941844|0.134500198505|-0.114849261400|-0.325044860292,213456.808634042711|360415.078106990200|1523280.098628658568|472522.263450665225,0.108266849715,0.007784590625,-0.000028637123,0.000000000000,0.007755953502,0.007755953502,2.296577930326,2.284424705270,
2021-05-27T00:00:00Z,,hold,DOGEUSDT|ADAUSDT|ETHUSDT|XRPUSDT,0.027066712429|0.027066712429|0.027066712429|0.027066712429,0.225554941844|0.134500198505|-0.114849261400|-0.325044860292,213456.808634042711|360415.078106990200|1523280.098628658568|472522.263450665225,0.108266849715,-0.006093942947,-0.000023169647,0.000000000000,-0.006117112594,-0.006117112594,2.282529504545,2.270450622135,
2021-05-28T00:00:00Z,,hold,DOGEUSDT|ADAUSDT|ETHUSDT|XRPUSDT,0.027066712429|0.027066712429|0.027066712429|0.027066712429,0.225554941844|0.134500198505|-0.114849261400|-0.325044860292,213456.808634042711|360415.078106990200|1523280.098628658568|472522.263450665225,0.108266849715,-0.009504122926,-0.000020742575,0.000000000000,-0.009524865501,-0.009524865501,2.260788718013,2.248824885334,
2021-05-29T00:00:00Z,,hold,DOGEUSDT|ADAUSDT|ETHUSDT|XRPUSDT,0.027066712429|0.027066712429|0.027066712429|0.027066712429,0.225554941844|0.134500198505|-0.114849261400|-0.325044860292,213456.808634042711|360415.078106990200|1523280.098628658568|472522.263450665225,0.108266849715,-0.006316112524,-0.000036142181,0.000000000000,-0.006352254705,-0.006352254705,2.246427612241,2.234539776874,
2021-05-30T00:00:00Z,,hold,DOGEUSDT|ADAUSDT|ETHUSDT|XRPUSDT,0.027066712429|0.027066712429|0.027066712429|0.027066712429,0.225554941844|0.134500198505|-0.114849261400|-0.325044860292,213456.808634042711|360415.078106990200|1523280.098628658568|472522.263450665225,0.108266849715,0.006982765433,0.000000561364,0.000000000000,0.006983326796,0.006983326796,2.262115150381,2.250144298375,
2021-05-31T00:00:00Z,2021-05-31T00:00:00Z,active,ADAUSDT|DOGEUSDT|ETHUSDT|LINKUSDT,0.023772588897|0.023772588897|0.023772588897|0.023772588897,0.163043077037|-0.106420649348|-0.139566918486|-0.297231398458,302059.102622100967|99539.847949140327|1052556.110942619387|86329.891509453999,0.095090355587,0.012181808237,-0.000018669090,0.060721671921,0.012090273142,0.012041695804,2.289464740427,2.277239851531,
2021-06-01T00:00:00Z,,hold,ADAUSDT|DOGEUSDT|ETHUSDT|LINKUSDT,0.023772588897|0.023772588897|0.023772588897|0.023772588897,0.163043077037|-0.106420649348|-0.139566918486|-0.297231398458,302059.102622100967|99539.847949140327|1052556.110942619387|86329.891509453999,0.095090355587,0.001625581491,-0.000028527107,0.000000000000,0.001597054385,0.001597054385,2.293121140129,2.280876727421,
2021-06-02T00:00:00Z,,hold,ADAUSDT|DOGEUSDT|ETHUSDT|LINKUSDT,0.023772588897|0.023772588897|0.023772588897|0.023772588897,0.163043077037|-0.106420649348|-0.139566918486|-0.297231398458,302059.102622100967|99539.847949140327|1052556.110942619387|86329.891509453999,0.095090355587,0.004258137470,-0.000028527107,0.000000000000,0.004229610363,0.004229610363,2.302820149068,2.290523947265,
2021-06-03T00:00:00Z,,hold,ADAUSDT|DOGEUSDT|ETHUSDT|LINKUSDT,0.023772588897|0.023772588897|0.023772588897|0.023772588897,0.163043077037|-0.106420649348|-0.139566918486|-0.297231398458,302059.102622100967|99539.847949140327|1052556.110942619387|86329.891509453999,0.095090355587,0.002487635847,-0.000028527107,0.000000000000,0.002459108740,0.002459108740,2.308483034224,2.296156594724,
2021-06-04T00:00:00Z,,hold,ADAUSDT|DOGEUSDT|ETHUSDT|LINKUSDT,0.023772588897|0.023772588897|0.023772588897|0.023772588897,0.163043077037|-0.106420649348|-0.139566918486|-0.297231398458,302059.102622100967|99539.847949140327|1052556.110942619387|86329.891509453999,0.095090355587,-0.007117973240,-0.000028527107,0.000000000000,-0.007146500347,-0.007146500347,2.291985459420,2.279747110824,
2021-06-05T00:00:00Z,,hold,ADAUSDT|DOGEUSDT|ETHUSDT|LINKUSDT,0.023772588897|0.023772588897|0.023772588897|0.023772588897,0.163043077037|-0.106420649348|-0.139566918486|-0.297231398458,302059.102622100967|99539.847949140327|1052556.110942619387|86329.891509453999,0.095090355587,-0.003021865097,-0.000028527107,0.000000000000,-0.003050392204,-0.003050392204,2.284994004843,2.272792988010,
2021-06-06T00:00:00Z,,hold,ADAUSDT|DOGEUSDT|ETHUSDT|LINKUSDT,0.023772588897|0.023772588897|0.023772588897|0.023772588897,0.163043077037|-0.106420649348|-0.139566918486|-0.297231398458,302059.102622100967|99539.847949140327|1052556.110942619387|86329.891509453999,0.095090355587,0.001443778780,-0.000028527107,0.000000000000,0.001415251673,0.001415251673,2.288227846431,2.276009562089,
2021-06-07T00:00:00Z,2021-06-07T00:00:00Z,active,ADAUSDT|SOLUSDT|ETHUSDT|BNBUSDT,0.024169747396|0.024169747396|0.024169747396|0.024169747396,0.013977343518|-0.023950780048|-0.221081419600|-0.369993019845,91331.081030217814|95984.468121283717|1074615.348627144005|216018.035372196813,0.096678989584,-0.007100334257,-0.000021752773,0.096678989584,-0.007238101817,-0.007315445009,2.271665420298,2.259359539298,
2021-06-08T00:00:00Z,,hold,ADAUSDT|SOLUSDT|ETHUSDT|BNBUSDT,0.024169747396|0.024169747396|0.024169747396|0.024169747396,0.013977343518|-0.023950780048|-0.221081419600|-0.369993019845,91331.081030217814|95984.468121283717|1074615.348627144005|216018.035372196813,0.096678989584,0.000940595723,-0.000021752773,0.000000000000,0.000918842951,0.000918842951,2.273752724056,2.261435535884,
2021-06-09T00:00:00Z,,hold,ADAUSDT|SOLUSDT|ETHUSDT|BNBUSDT,0.024169747396|0.024169747396|0.024169747396|0.024169747396,0.013977343518|-0.023950780048|-0.221081419600|-0.369993019845,91331.081030217814|95984.468121283717|1074615.348627144005|216018.035372196813,0.096678989584,0.003766646918,-0.000003259532,0.000000000000,0.003763387386,0.003763387386,2.282309736376,2.269946193853,
2021-06-10T00:00:00Z,,hold,ADAUSDT|SOLUSDT|ETHUSDT|BNBUSDT,0.024169747396|0.024169747396|0.024169747396|0.024169747396,0.013977343518|-0.023950780048|-0.221081419600|-0.369993019845,91331.081030217814|95984.468121283717|1074615.348627144005|216018.035372196813,0.096678989584,-0.004757854713,-0.000020810636,0.000000000000,-0.004778665349,-0.004778665349,2.271403341923,2.259098880632,
2021-06-11T00:00:00Z,,hold,ADAUSDT|SOLUSDT|ETHUSDT|BNBUSDT,0.024169747396|0.024169747396|0.024169747396|0.024169747396,0.013977343518|-0.023950780048|-0.221081419600|-0.369993019845,91331.081030217814|95984.468121283717|1074615.348627144005|216018.035372196813,0.096678989584,-0.006002214252,-0.000021434457,0.000000000000,-0.006023648710,-0.006023648710,2.257721206114,2.245490862575,
2021-06-12T00:00:00Z,,hold,ADAUSDT|SOLUSDT|ETHUSDT|BNBUSDT,0.024169747396|0.024169747396|0.024169747396|0.024169747396,0.013977343518|-0.023950780048|-0.221081419600|-0.369993019845,91331.081030217814|95984.468121283717|1074615.348627144005|216018.035372196813,0.096678989584,0.000935822591,-0.000018671372,0.000000000000,0.000917151220,0.000917151220,2.259791877872,2.247550317259,
2021-06-13T00:00:00Z,,hold,ADAUSDT|SOLUSDT|ETHUSDT|BNBUSDT,0.024169747396|0.024169747396|0.024169747396|0.024169747396,0.013977343518|-0.023950780048|-0.221081419600|-0.369993019845,91331.081030217814|95984.468121283717|1074615.348627144005|216018.035372196813,0.096678989584,0.005738994921,-0.000017609353,0.000000000000,0.005721385568,0.005721385568,2.272721018508,2.260409419207,
2021-06-14T00:00:00Z,2021-06-14T00:00:00Z,active,SOLUSDT|ADAUSDT|XRPUSDT|ETHUSDT,0.024988466814|0.024988466814|0.024988466814|0.024988466814,-0.094359046349|-0.225859409980|-0.368992358780|-0.385118590977,61204.491372769131|128512.686507254301|148083.333799236600|991376.729238186032,0.099953867258,0.001834081216,-0.000026092707,0.051614372466,0.001746051262,0.001704759764,2.276689305911,2.264262874236,
2021-06-15T00:00:00Z,,hold,SOLUSDT|ADAUSDT|XRPUSDT|ETHUSDT,0.024988466814|0.024988466814|0.024988466814|0.024988466814,-0.094359046349|-0.225859409980|-0.368992358780|-0.385118590977,61204.491372769131|128512.686507254301|148083.333799236600|991376.729238186032,0.099953867258,-0.001431120010,-0.000029986160,0.000000000000,-0.001461106170,-0.001461106170,2.273362821119,2.260954545780,
2021-06-16T00:00:00Z,,hold,SOLUSDT|ADAUSDT|XRPUSDT|ETHUSDT,0.024988466814|0.024988466814|0.024988466814|0.024988466814,-0.094359046349|-0.225859409980|-0.368992358780|-0.385118590977,61204.491372769131|128512.686507254301|148083.333799236600|991376.729238186032,0.099953867258,-0.003771802323,-0.000029986160,0.000000000000,-0.003801788484,-0.003801788484,2.264719976527,2.252358874826,
2021-06-17T00:00:00Z,,hold,SOLUSDT|ADAUSDT|XRPUSDT|ETHUSDT,0.024988466814|0.024988466814|0.024988466814|0.024988466814,-0.094359046349|-0.225859409980|-0.368992358780|-0.385118590977,61204.491372769131|128512.686507254301|148083.333799236600|991376.729238186032,0.099953867258,0.000026153034,-0.000028777718,0.000000000000,-0.000002624684,-0.000002624684,2.264714032353,2.252352963096,
2021-06-18T00:00:00Z,,hold,SOLUSDT|ADAUSDT|XRPUSDT|ETHUSDT,0.024988466814|0.024988466814|0.024988466814|0.024988466814,-0.094359046349|-0.225859409980|-0.368992358780|-0.385118590977,61204.491372769131|128512.686507254301|148083.333799236600|991376.729238186032,0.099953867258,-0.005485559364,-0.000020876365,0.000000000000,-0.005506435729,-0.005506435729,2.252243530089,2.239950526266,
2021-06-19T00:00:00Z,,hold,SOLUSDT|ADAUSDT|XRPUSDT|ETHUSDT,0.024988466814|0.024988466814|0.024988466814|0.024988466814,-0.094359046349|-0.225859409980|-0.368992358780|-0.385118590977,61204.491372769131|128512.686507254301|148083.333799236600|991376.729238186032,0.099953867258,-0.003684093027,-0.000009139782,0.000000000000,-0.003693232809,-0.003693232809,2.243925470390,2.231677867491,
2021-06-20T00:00:00Z,,hold,SOLUSDT|ADAUSDT|XRPUSDT|ETHUSDT,0.024988466814|0.024988466814|0.024988466814|0.024988466814,-0.094359046349|-0.225859409980|-0.368992358780|-0.385118590977,61204.491372769131|128512.686507254301|148083.333799236600|991376.729238186032,0.099953867258,0.002299217871,0.000009937663,0.000000000000,0.002309155535,0.002309155535,2.249107043309,2.236831158791,
2021-06-21T00:00:00Z,2021-06-21T00:00:00Z,active,BNBUSDT|ETHUSDT|ADAUSDT|SOLUSDT,0.032851085174|0.032851085174|0.032851085174|0.032851085174,0.040613967767|-0.077461631174|-0.078195683081|-0.094884509648,159499.928217359120|878789.119698664639|129950.892819643457|49261.460049040637,0.131404340696,-0.025807167536,0.000023414939,0.081427407067,-0.025881465485,-0.025946607411,2.190896856995,2.178792978869,
2021-06-22T00:00:00Z,,hold,BNBUSDT|ETHUSDT|ADAUSDT|SOLUSDT,0.032851085174|0.032851085174|0.032851085174|0.032851085174,0.040613967767|-0.077461631174|-0.078195683081|-0.094884509648,159499.928217359120|878789.119698664639|129950.892819643457|49261.460049040637,0.131404340696,-0.001125503245,0.000081665827,0.000000000000,-0.001043837418,-0.001043837418,2.188609916877,2.176518673231,
2021-06-23T00:00:00Z,,hold,BNBUSDT|ETHUSDT|ADAUSDT|SOLUSDT,0.032851085174|0.032851085174|0.032851085174|0.032851085174,0.040613967767|-0.077461631174|-0.078195683081|-0.094884509648,159499.928217359120|878789.119698664639|129950.892819643457|49261.460049040637,0.131404340696,0.013102079851,0.000054911903,0.000000000000,0.013156991753,0.013156991753,2.217405439504,2.205155111466,
2021-06-24T00:00:00Z,,hold,BNBUSDT|ETHUSDT|ADAUSDT|SOLUSDT,0.032851085174|0.032851085174|0.032851085174|0.032851085174,0.040613967767|-0.077461631174|-0.078195683081|-0.094884509648,159499.928217359120|878789.119698664639|129950.892819643457|49261.460049040637,0.131404340696,0.005090534432,0.000036554059,0.000000000000,0.005127088492,0.005127088492,2.228774273415,2.216461136861,
2021-06-25T00:00:00Z,,hold,BNBUSDT|ETHUSDT|ADAUSDT|SOLUSDT,0.032851085174|0.032851085174|0.032851085174|0.032851085174,0.040613967767|-0.077461631174|-0.078195683081|-0.094884509648,159499.928217359120|878789.119698664639|129950.892819643457|49261.460049040637,0.131404340696,-0.011281098222,-0.000019165980,0.000000000000,-0.011300264202,-0.011300264202,2.203588535279,2.191414540421,
2021-06-26T00:00:00Z,,hold,BNBUSDT|ETHUSDT|ADAUSDT|SOLUSDT,0.032851085174|0.032851085174|0.032851085174|0.032851085174,0.040613967767|-0.077461631174|-0.078195683081|-0.094884509648,159499.928217359120|878789.119698664639|129950.892819643457|49261.460049040637,0.131404340696,0.001413768725,0.000012674606,0.000000000000,0.001426443331,0.001426443331,2.206731829449,2.194540469077,
2021-06-27T00:00:00Z,,hold,BNBUSDT|ETHUSDT|ADAUSDT|SOLUSDT,0.032851085174|0.032851085174|0.032851085174|0.032851085174,0.040613967767|-0.077461631174|-0.078195683081|-0.094884509648,159499.928217359120|878789.119698664639|129950.892819643457|49261.460049040637,0.131404340696,0.008783831737,0.000043650551,0.000000000000,0.008827482288,0.008827482288,2.226211715588,2.213912736198,
2021-06-28T00:00:00Z,2021-06-28T00:00:00Z,active,SOLUSDT|BNBUSDT|ADAUSDT|DOGEUSDT,0.036105167660|0.036105167660|0.036105167660|0.036105167660,0.098644500397|-0.116708699219|-0.117076069731|-0.149897198664,86610.314144855409|290771.339660810831|184116.120315543492|544700.523516215151,0.144420670639,-0.000168416808,0.000001403769,0.078718500291,-0.000261475239,-0.000324450039,2.225629616347,2.213194432124,
2021-06-29T00:00:00Z,,hold,SOLUSDT|BNBUSDT|ADAUSDT|DOGEUSDT,0.036105167660|0.036105167660|0.036105167660|0.036105167660,0.098644500397|-0.116708699219|-0.117076069731|-0.149897198664,86610.314144855409|290771.339660810831|184116.120315543492|544700.523516215151,0.144420670639,0.004596898785,-0.000008606389,0.000000000000,0.004588292396,0.004588292396,2.235841455792,2.223349215308,
2021-06-30T00:00:00Z,,hold,SOLUSDT|BNBUSDT|ADAUSDT|DOGEUSDT,0.036105167660|0.036105167660|0.036105167660|0.036105167660,0.098644500397|-0.116708699219|-0.117076069731|-0.149897198664,86610.314144855409|290771.339660810831|184116.120315543492|544700.523516215151,0.144420670639,0.000974866893,-0.000025771508,0.000000000000,0.000949095385,0.000949095385,2.237963482600,2.225459385788,
2021-07-01T00:00:00Z,,hold,SOLUSDT|BNBUSDT|ADAUSDT|DOGEUSDT,0.036105167660|0.036105167660|0.036105167660|0.036105167660,0.098644500397|-0.116708699219|-0.117076069731|-0.149897198664,86610.314144855409|290771.339660810831|184116.120315543492|544700.523516215151,0.144420670639,-0.007045105460,0.000006648045,0.000000000000,-0.007038457416,-0.007038457416,2.222211671930,2.209795584671,
2021-07-02T00:00:00Z,,hold,SOLUSDT|BNBUSDT|ADAUSDT|DOGEUSDT,0.036105167660|0.036105167660|0.036105167660|0.036105167660,0.098644500397|-0.116708699219|-0.117076069731|-0.149897198664,86610.314144855409|290771.339660810831|184116.120315543492|544700.523516215151,0.144420670639,0.002623675889,0.000043159756,0.000000000000,0.002666835645,0.002666835645,2.228137945229,2.215688746305,
2021-07-03T00:00:00Z,,hold,SOLUSDT|BNBUSDT|ADAUSDT|DOGEUSDT,0.036105167660|0.036105167660|0.036105167660|0.036105167660,0.098644500397|-0.116708699219|-0.117076069731|-0.149897198664,86610.314144855409|290771.339660810831|184116.120315543492|544700.523516215151,0.144420670639,0.002412964465,0.000000745572,0.000000000000,0.002413710036,0.002413710036,2.233516024150,2.221036776470,
2021-07-04T00:00:00Z,,hold,SOLUSDT|BNBUSDT|ADAUSDT|DOGEUSDT,0.036105167660|0.036105167660|0.036105167660|0.036105167660,0.098644500397|-0.116708699219|-0.117076069731|-0.149897198664,86610.314144855409|290771.339660810831|184116.120315543492|544700.523516215151,0.144420670639,0.002409474489,-0.000028777624,0.000000000000,0.002380696865,0.002380696865,2.238833348746,2.226324391760,
2021-07-05T00:00:00Z,2021-07-05T00:00:00Z,active,SOLUSDT|ETHUSDT|ADAUSDT|LTCUSDT,0.047482228456|0.047482228456|0.047482228456|0.047482228456,-0.082419052716|-0.136567988368|-0.144922446591|-0.187752129090,46460.776465684263|2147635.356227282435|190845.209379853884|65545.120430336552,0.189928913825,-0.008798236640,-0.000029054376,0.189928913825,-0.009055205712,-0.009207148843,2.218560252218,2.205826291713,
2021-07-06T00:00:00Z,,hold,SOLUSDT|ETHUSDT|ADAUSDT|LTCUSDT,0.047482228456|0.047482228456|0.047482228456|0.047482228456,-0.082419052716|-0.136567988368|-0.144922446591|-0.187752129090,46460.776465684263|2147635.356227282435|190845.209379853884|65545.120430336552,0.189928913825,0.005413597796,-0.000019848046,0.000000000000,0.005393749750,0.005393749750,2.230526611024,2.217723966722,
2021-07-07T00:00:00Z,,hold,SOLUSDT|ETHUSDT|ADAUSDT|LTCUSDT,0.047482228456|0.047482228456|0.047482228456|0.047482228456,-0.082419052716|-0.136567988368|-0.144922446591|-0.187752129090,46460.776465684263|2147635.356227282435|190845.209379853884|65545.120430336552,0.189928913825,0.002374755334,-0.000040782011,0.000000000000,0.002333973323,0.002333973323,2.235732600631,2.222900075299,
2021-07-08T00:00:00Z,,hold,SOLUSDT|ETHUSDT|ADAUSDT|LTCUSDT,0.047482228456|0.047482228456|0.047482228456|0.047482228456,-0.082419052716|-0.136567988368|-0.144922446591|-0.187752129090,46460.776465684263|2147635.356227282435|190845.209379853884|65545.120430336552,0.189928913825,-0.013078856032,-0.000041012300,0.000000000000,-0.013119868332,-0.013119868332,2.206400083285,2.193735918996,
2021-07-09T00:00:00Z,,hold,SOLUSDT|ETHUSDT|ADAUSDT|LTCUSDT,0.047482228456|0.047482228456|0.047482228456|0.047482228456,-0.082419052716|-0.136567988368|-0.144922446591|-0.187752129090,46460.776465684263|2147635.356227282435|190845.209379853884|65545.120430336552,0.189928913825,0.002710088084,-0.000032728550,0.000000000000,0.002677359533,0.002677359533,2.212307409582,2.199609338772,
2021-07-10T00:00:00Z,,hold,SOLUSDT|ETHUSDT|ADAUSDT|LTCUSDT,0.047482228456|0.047482228456|0.047482228456|0.047482228456,-0.082419052716|-0.136567988368|-0.144922446591|-0.187752129090,46460.776465684263|2147635.356227282435|190845.209379853884|65545.120430336552,0.189928913825,-0.003808566009,-0.000040350398,0.000000000000,-0.003848916406,-0.003848916406,2.203792423297,2.191143226300,
2021-07-11T00:00:00Z,,hold,SOLUSDT|ETHUSDT|ADAUSDT|LTCUSDT,0.047482228456|0.047482228456|0.047482228456|0.047482228456,-0.082419052716|-0.136567988368|-0.144922446591|-0.187752129090,46460.776465684263|2147635.356227282435|190845.209379853884|65545.120430336552,0.189928913825,0.001865044576,-0.000044214027,0.000000000000,0.001820830550,0.001820830550,2.207805155866,2.195132926825,
2021-07-12T00:00:00Z,2021-07-12T00:00:00Z,active,ADAUSDT|BNBUSDT|AVAXUSDT|ETHUSDT,0.048232293033|0.048232293033|0.048232293033|0.048232293033,-0.061825523916|-0.068569278416|-0.072883252518|-0.090890941914,53658.764791458030|109780.430462077347|5944.492132889362|731997.376466015703,0.192929172130,-0.005806706197,-0.000002104375,0.192929172130,-0.006040325578,-0.006194668916,2.194469293911,2.181534805116,
2021-07-13T00:00:00Z,,hold,ADAUSDT|BNBUSDT|AVAXUSDT|ETHUSDT,0.048232293033|0.048232293033|0.048232293033|0.048232293033,-0.061825523916|-0.068569278416|-0.072883252518|-0.090890941914,53658.764791458030|109780.430462077347|5944.492132889362|731997.376466015703,0.192929172130,-0.005871630646,0.000031034104,0.000000000000,-0.005840596541,-0.005840596541,2.181652284143,2.168793340478,
2021-07-14T00:00:00Z,,hold,ADAUSDT|BNBUSDT|AVAXUSDT|ETHUSDT,0.048232293033|0.048232293033|0.048232293033|0.048232293033,-0.061825523916|-0.068569278416|-0.072883252518|-0.090890941914,53658.764791458030|109780.430462077347|5944.492132889362|731997.376466015703,0.192929172130,0.000846384089,0.000003519028,0.000000000000,0.000849903117,0.000849903117,2.183506477220,2.170636604699,
2021-07-15T00:00:00Z,,hold,ADAUSDT|BNBUSDT|AVAXUSDT|ETHUSDT,0.048232293033|0.048232293033|0.048232293033|0.048232293033,-0.061825523916|-0.068569278416|-0.072883252518|-0.090890941914,53658.764791458030|109780.430462077347|5944.492132889362|731997.376466015703,0.192929172130,-0.003816427990,0.000002244249,0.000000000000,-0.003814183741,-0.003814183741,2.175178182316,2.162357397854,
2021-07-16T00:00:00Z,,hold,ADAUSDT|BNBUSDT|AVAXUSDT|ETHUSDT,0.048232293033|0.048232293033|0.048232293033|0.048232293033,-0.061825523916|-0.068569278416|-0.072883252518|-0.090890941914,53658.764791458030|109780.430462077347|5944.492132889362|731997.376466015703,0.192929172130,-0.007760465482,0.000094065512,0.000000000000,-0.007666399971,-0.007666399971,2.158502396363,2.145779901162,
2021-07-17T00:00:00Z,,hold,ADAUSDT|BNBUSDT|AVAXUSDT|ETHUSDT,0.048232293033|0.048232293033|0.048232293033|0.048232293033,-0.061825523916|-0.068569278416|-0.072883252518|-0.090890941914,53658.764791458030|109780.430462077347|5944.492132889362|731997.376466015703,0.192929172130,0.000901672592,0.000070350658,0.000000000000,0.000972023250,0.000972023250,2.160600510877,2.147865649115,
2021-07-18T00:00:00Z,,hold,ADAUSDT|BNBUSDT|AVAXUSDT|ETHUSDT,0.048232293033|0.048232293033|0.048232293033|0.048232293033,-0.061825523916|-0.068569278416|-0.072883252518|-0.090890941914,53658.764791458030|109780.430462077347|5944.492132889362|731997.376466015703,0.192929172130,-0.000712904723,0.000077638075,0.000000000000,-0.000635266648,-0.000635266648,2.159227953434,2.146501181705,
2021-07-19T00:00:00Z,2021-07-19T00:00:00Z,active,BNBUSDT|ETHUSDT|ADAUSDT|AVAXUSDT,0.050629666780|0.050629666780|0.050629666780|0.050629666780,-0.103981709671|-0.152808646401|-0.165748198389|-0.216339102376,139441.495674964332|881208.136035436182|51073.564680664713|4190.277064360651,0.202518667119,-0.010476101544,0.000073356818,0.009589494988,-0.010414252121,-0.010421923717,2.136741209141,2.124130510132,
2021-07-20T00:00:00Z,,hold,BNBUSDT|ETHUSDT|ADAUSDT|AVAXUSDT,0.050629666780|0.050629666780|0.050629666780|0.050629666780,-0.103981709671|-0.152808646401|-0.165748198389|-0.216339102376,139441.495674964332|881208.136035436182|51073.564680664713|4190.277064360651,0.202518667119,-0.009713797996,0.000135027296,0.000000000000,-0.009578770699,-0.009578770699,2.116273855055,2.103783951039,
2021-07-21T00:00:00Z,,hold,BNBUSDT|ETHUSDT|ADAUSDT|AVAXUSDT,0.050629666780|0.050629666780|0.050629666780|0.050629666780,-0.103981709671|-0.152808646401|-0.165748198389|-0.216339102376,139441.495674964332|881208.136035436182|51073.564680664713|4190.277064360651,0.202518667119,0.021438510049,0.000156453771,0.000000000000,0.021594963820,0.021594963820,2.161974712389,2.149215089348,
2021-07-22T00:00:00Z,,hold,BNBUSDT|ETHUSDT|ADAUSDT|AVAXUSDT,0.050629666780|0.050629666780|0.050629666780|0.050629666780,-0.103981709671|-0.152808646401|-0.165748198389|-0.216339102376,139441.495674964332|881208.136035436182|51073.564680664713|4190.277064360651,0.202518667119,0.003269605590,-0.000045566700,0.000000000000,0.003224038890,0.003224038890,2.168945002939,2.156144242378,
2021-07-23T00:00:00Z,,hold,BNBUSDT|ETHUSDT|ADAUSDT|AVAXUSDT,0.050629666780|0.050629666780|0.050629666780|0.050629666780,-0.103981709671|-0.152808646401|-0.165748198389|-0.216339102376,139441.495674964332|881208.136035436182|51073.564680664713|4190.277064360651,0.202518667119,0.005739717464,0.000005215868,0.000000000000,0.005744933333,0.005744933333,2.181405447384,2.168531147306,
2021-07-24T00:00:00Z,,hold,BNBUSDT|ETHUSDT|ADAUSDT|AVAXUSDT,0.050629666780|0.050629666780|0.050629666780|0.050629666780,-0.103981709671|-0.152808646401|-0.165748198389|-0.216339102376,139441.495674964332|881208.136035436182|51073.564680664713|4190.277064360651,0.202518667119,0.003086330621,-0.000039180274,0.000000000000,0.003047150348,0.003047150348,2.188052517751,2.175138987745,
2021-07-25T00:00:00Z,,hold,BNBUSDT|ETHUSDT|ADAUSDT|AVAXUSDT,0.050629666780|0.050629666780|0.050629666780|0.050629666780,-0.103981709671|-0.152808646401|-0.165748198389|-0.216339102376,139441.495674964332|881208.136035436182|51073.564680664713|4190.277064360651,0.202518667119,0.000439588061,-0.000030565636,0.000000000000,0.000409022424,0.000409022424,2.188947480297,2.176028668368,
2021-07-26T00:00:00Z,2021-07-26T00:00:00Z,active,ETHUSDT|AVAXUSDT|BNBUSDT|LTCUSDT,0.068996341899|0.068996341899|0.068996341899|0.068996341899,0.210237831858|0.099247091034|0.076295636687|0.021695620847,2043407.823832591763|5702.101435667641|167635.599657369748|58129.604310178300,0.275985367597,0.004788883860,-0.000045166385,0.174726034038,0.004534046234,0.004394265407,2.198872269376,2.185590715869,
2021-07-27T00:00:00Z,,hold,ETHUSDT|AVAXUSDT|BNBUSDT|LTCUSDT,0.068996341899|0.068996341899|0.068996341899|0.068996341899,0.210237831858|0.099247091034|0.076295636687|0.021695620847,2043407.823832591763|5702.101435667641|167635.599657369748|58129.604310178300,0.275985367597,0.009068608558,-0.000034974246,0.000000000000,0.009033634312,0.009033634312,2.218736077357,2.205334543153,
2021-07-28T00:00:00Z,,hold,ETHUSDT|AVAXUSDT|BNBUSDT|LTCUSDT,0.068996341899|0.068996341899|0.068996341899|0.068996341899,0.210237831858|0.099247091034|0.076295636687|0.021695620847,2043407.823832591763|5702.101435667641|167635.599657369748|58129.604310178300,0.275985367597,0.005472676660,-0.000059073288,0.000000000000,0.005413603372,0.005413603372,2.230747434466,2.217273349671,
2021-07-29T00:00:00Z,,hold,ETHUSDT|AVAXUSDT|BNBUSDT|LTCUSDT,0.068996341899|0.068996341899|0.068996341899|0.068996341899,0.210237831858|0.099247091034|0.076295636687|0.021695620847,2043407.823832591763|5702.101435667641|167635.599657369748|58129.604310178300,0.275985367597,0.004296915900,-0.000059145734,0.000000000000,0.004237770165,0.004237770165,2.240200829390,2.226669644520,
2021-07-30T00:00:00Z,,hold,ETHUSDT|AVAXUSDT|BNBUSDT|LTCUSDT,0.068996341899|0.068996341899|0.068996341899|0.068996341899,0.210237831858|0.099247091034|0.076295636687|0.021695620847,2043407.823832591763|5702.101435667641|167635.599657369748|58129.604310178300,0.275985367597,0.008542331589,-0.000050929650,0.000000000000,0.008491401939,0.008491401939,2.259223275057,2.245577191458,
2021-07-31T00:00:00Z,,hold,ETHUSDT|AVAXUSDT|BNBUSDT|LTCUSDT,0.068996341899|0.068996341899|0.068996341899|0.068996341899,0.210237831858|0.099247091034|0.076295636687|0.021695620847,2043407.823832591763|5702.101435667641|167635.599657369748|58129.604310178300,0.275985367597,0.006518719439,-0.000062096708,0.000000000000,0.006456622731,0.006456622731,2.273810227409,2.260076036196,
2021-08-01T00:00:00Z,,hold,ETHUSDT|AVAXUSDT|BNBUSDT|LTCUSDT,0.068996341899|0.068996341899|0.068996341899|0.068996341899,0.210237831858|0.099247091034|0.076295636687|0.021695620847,2043407.823832591763|5702.101435667641|167635.599657369748|58129.604310178300,0.275985367597,-0.004897098419,-0.000062096708,0.000000000000,-0.004959195126,-0.004959195126,2.262533958811,2.248867878133,
2021-08-02T00:00:00Z,2021-08-02T00:00:00Z,active,LINKUSDT|DOTUSDT|ETHUSDT|BNBUSDT,0.063751677635|0.063751677635|0.063751677635|0.063751677635,0.207893152335|0.206022913257|0.186779953917|0.159467280271,189940.557887042494|449840.407411146793|3644229.496179301757|274449.886824186717,0.255006710540,0.003494999438,-0.000057376510,0.275985367597,0.003106440487,0.002885652193,2.269562385904,2.255357328657,
2021-08-03T00:00:00Z,,hold,LINKUSDT|DOTUSDT|ETHUSDT|BNBUSDT,0.063751677635|0.063751677635|0.063751677635|0.063751677635,0.207893152335|0.206022913257|0.186779953917|0.159467280271,189940.557887042494|449840.407411146793|3644229.496179301757|274449.886824186717,0.255006710540,-0.004539964049,-0.000051485217,0.000000000000,-0.004591449266,-0.004591449266,2.259141805354,2.245001969906,
2021-08-04T00:00:00Z,,hold,LINKUSDT|DOTUSDT|ETHUSDT|BNBUSDT,0.063751677635|0.063751677635|0.063751677635|0.063751677635,0.207893152335|0.206022913257|0.186779953917|0.159467280271,189940.557887042494|449840.407411146793|3644229.496179301757|274449.886824186717,0.255006710540,0.014769882848,-0.000050786499,0.000000000000,0.014719096349,0.014719096349,2.292394331252,2.278046370205,
2021-08-05T00:00:00Z,,hold,LINKUSDT|DOTUSDT|ETHUSDT|BNBUSDT,0.063751677635|0.063751677635|0.063751677635|0.063751677635,0.207893152335|0.206022913257|0.186779953917|0.159467280271,189940.557887042494|449840.407411146793|3644229.496179301757|274449.886824186717,0.255006710540,0.002584030880,-0.000057376510,0.000000000000,0.002526654370,0.002526654370,2.298186419407,2.283802206021,
2021-08-06T00:00:00Z,,hold,LINKUSDT|DOTUSDT|ETHUSDT|BNBUSDT,0.063751677635|0.063751677635|0.063751677635|0.063751677635,0.207893152335|0.206022913257|0.186779953917|0.159467280271,189940.557887042494|449840.407411146793|3644229.496179301757|274449.886824186717,0.255006710540,0.006141344204,-0.000057376510,0.000000000000,0.006083967694,0.006083967694,2.312168511339,2.297696784863,
2021-08-07T00:00:00Z,,hold,LINKUSDT|DOTUSDT|ETHUSDT|BNBUSDT,0.063751677635|0.063751677635|0.063751677635|0.063751677635,0.207893152335|0.206022913257|0.186779953917|0.159467280271,189940.557887042494|449840.407411146793|3644229.496179301757|274449.886824186717,0.255006710540,0.012482052361,-0.000081822091,0.000000000000,0.012400230271,0.012400230271,2.340839933304,2.326188754087,
2021-08-08T00:00:00Z,,hold,LINKUSDT|DOTUSDT|ETHUSDT|BNBUSDT,0.063751677635|0.063751677635|0.063751677635|0.063751677635,0.207893152335|0.206022913257|0.186779953917|0.159467280271,189940.557887042494|449840.407411146793|3644229.496179301757|274449.886824186717,0.255006710540,-0.013886195464,-0.000065098751,0.000000000000,-0.013951294214,-0.013951294214,2.308182186685,2.293735410381,
2021-08-09T00:00:00Z,2021-08-09T00:00:00Z,active,ETHUSDT|DOTUSDT|LINKUSDT|XRPUSDT,0.066941106121|0.066941106121|0.066941106121|0.066941106121,0.403500765996|0.254769348561|0.235199485199|0.224438511073,1883803.006807592232|115627.968984221778|98205.284247039861|177079.769202377094,0.267764424484,0.013081416417,-0.000098021862,0.140261069214,0.012815081272,0.012702872417,2.337761728998,2.322872438656,
2021-08-10T00:00:00Z,,hold,ETHUSDT|DOTUSDT|LINKUSDT|XRPUSDT,0.066941106121|0.066941106121|0.066941106121|0.066941106121,0.403500765996|0.254769348561|0.235199485199|0.224438511073,1883803.006807592232|115627.968984221778|98205.284247039861|177079.769202377094,0.267764424484,0.003554131733,-0.000128881712,0.000000000000,0.003425250022,0.003425250022,2.345769147412,2.330828857528,
2021-08-11T00:00:00Z,,hold,ETHUSDT|DOTUSDT|LINKUSDT|XRPUSDT,0.066941106121|0.066941106121|0.066941106121|0.066941106121,0.403500765996|0.254769348561|0.235199485199|0.224438511073,1883803.006807592232|115627.968984221778|98205.284247039861|177079.769202377094,0.267764424484,0.019034843180,-0.000219856014,0.000000000000,0.018814987167,0.018814987167,2.389904763816,2.374683372569,
2021-08-12T00:00:00Z,,hold,ETHUSDT|DOTUSDT|LINKUSDT|XRPUSDT,0.066941106121|0.066941106121|0.066941106121|0.066941106121,0.403500765996|0.254769348561|0.235199485199|0.224438511073,1883803.006807592232|115627.968984221778|98205.284247039861|177079.769202377094,0.267764424484,-0.009809310707,-0.000224761458,0.000000000000,-0.010034072165,-0.010034072165,2.365924286948,2.350855628239,
2021-08-13T00:00:00Z,,hold,ETHUSDT|DOTUSDT|LINKUSDT|XRPUSDT,0.066941106121|0.066941106121|0.066941106121|0.066941106121,0.403500765996|0.254769348561|0.235199485199|0.224438511073,1883803.006807592232|115627.968984221778|98205.284247039861|177079.769202377094,0.267764424484,0.028678093119,-0.000130082635,0.000000000000,0.028548010484,0.028548010484,2.433466718297,2.417967879362,
2021-08-14T00:00:00Z,,hold,ETHUSDT|DOTUSDT|LINKUSDT|XRPUSDT,0.066941106121|0.066941106121|0.066941106121|0.066941106121,0.403500765996|0.254769348561|0.235199485199|0.224438511073,1883803.006807592232|115627.968984221778|98205.284247039861|177079.769202377094,0.267764424484,0.009322916860,-0.000234615189,0.000000000000,0.009088301671,0.009088301671,2.455582797940,2.439943100881,
2021-08-15T00:00:00Z,,hold,ETHUSDT|DOTUSDT|LINKUSDT|XRPUSDT,0.066941106121|0.066941106121|0.066941106121|0.066941106121,0.403500765996|0.254769348561|0.235199485199|0.224438511073,1883803.006807592232|115627.968984221778|98205.284247039861|177079.769202377094,0.267764424484,0.003970297075,-0.000225888077,0.000000000000,0.003744408998,0.003744408998,2.464777504263,2.449079245782,
2021-08-16T00:00:00Z,2021-08-16T00:00:00Z,active,XRPUSDT|SOLUSDT|DOGEUSDT|DOTUSDT,0.060038685170|0.060038685170|0.060038685170|0.060038685170,1.180183237190|1.039872043871|0.979642877915|0.928077915591,378706.978913606494|168323.512873829139|842371.832534180721|113734.623124443140,0.240154740680,0.004644559599,-0.000402499946,0.267764424484,0.003920742344,0.003706530804,2.474441261793,2.458156833449,
2021-08-17T00:00:00Z,,hold,XRPUSDT|SOLUSDT|DOGEUSDT|DOTUSDT,0.060038685170|0.060038685170|0.060038685170|0.060038685170,1.180183237190|1.039872043871|0.979642877915|0.928077915591,378706.978913606494|168323.512873829139|842371.832534180721|113734.623124443140,0.240154740680,-0.008386735721,-0.000223044316,0.000000000000,-0.008609780037,-0.008609780037,2.453136866814,2.436992643816,
2021-08-18T00:00:00Z,,hold,XRPUSDT|SOLUSDT|DOGEUSDT|DOTUSDT,0.060038685170|0.060038685170|0.060038685170|0.060038685170,1.180183237190|1.039872043871|0.979642877915|0.928077915591,378706.978913606494|168323.512873829139|842371.832534180721|113734.623124443140,0.240154740680,0.012062576682,-0.000072046422,0.000000000000,0.011990530259,0.011990530259,2.482551278646,2.466213477854,
2021-08-19T00:00:00Z,,hold,XRPUSDT|SOLUSDT|DOGEUSDT|DOTUSDT,0.060038685170|0.060038685170|0.060038685170|0.060038685170,1.180183237190|1.039872043871|0.979642877915|0.928077915591,378706.978913606494|168323.512873829139|842371.832534180721|113734.623124443140,0.240154740680,0.014673556465,-0.000102555080,0.000000000000,0.014571001385,0.014571001385,2.518724536766,2.502148677856,
2021-08-20T00:00:00Z,,hold,XRPUSDT|SOLUSDT|DOGEUSDT|DOTUSDT,0.060038685170|0.060038685170|0.060038685170|0.060038685170,1.180183237190|1.039872043871|0.979642877915|0.928077915591,378706.978913606494|168323.512873829139|842371.832534180721|113734.623124443140,0.240154740680,0.011569791155,-0.000261784277,0.000000000000,0.011308006878,0.011308006878,2.547206291150,2.530442992314,
2021-08-21T00:00:00Z,,hold,XRPUSDT|SOLUSDT|DOGEUSDT|DOTUSDT,0.060038685170|0.060038685170|0.060038685170|0.060038685170,1.180183237190|1.039872043871|0.979642877915|0.928077915591,378706.978913606494|168323.512873829139|842371.832534180721|113734.623124443140,0.240154740680,-0.008508532803,-0.000332309920,0.000000000000,-0.008840842723,-0.008840842723,2.524686840947,2.508071743799,
2021-08-22T00:00:00Z,,hold,XRPUSDT|SOLUSDT|DOGEUSDT|DOTUSDT,0.060038685170|0.060038685170|0.060038685170|0.060038685170,1.180183237190|1.039872043871|0.979642877915|0.928077915591,378706.978913606494|168323.512873829139|842371.832534180721|113734.623124443140,0.240154740680,-0.001184634181,-0.000250887256,0.000000000000,-0.001435521437,-0.001435521437,2.521062598865,2.504471353045,
2021-08-23T00:00:00Z,2021-08-23T00:00:00Z,active,AVAXUSDT|SOLUSDT|ADAUSDT|DOTUSDT,0.068623206640|0.068623206640|0.068623206640|0.068623206640,2.950202976996|1.552894561520|1.240953879275|1.070222620648,138382.417083626206|140450.640114799055|1224309.495276787318|189965.563669344439,0.274492826562,0.012759770721,-0.000448764891,0.274492826562,0.011981614438,0.011762020177,2.551268998899,2.533928995632,
2021-08-24T00:00:00Z,,hold,AVAXUSDT|SOLUSDT|ADAUSDT|DOTUSDT,0.068623206640|0.068623206640|0.068623206640|0.068623206640,2.950202976996|1.552894561520|1.240953879275|1.070222620648,138382.417083626206|140450.640114799055|1224309.495276787318|189965.563669344439,0.274492826562,-0.002765433357,-0.000495055361,0.000000000000,-0.003260488719,-0.003260488719,2.542950615110,2.525667148728,
2021-08-25T00:00:00Z,,hold,AVAXUSDT|SOLUSDT|ADAUSDT|DOTUSDT,0.068623206640|0.068623206640|0.068623206640|0.068623206640,2.950202976996|1.552894561520|1.240953879275|1.070222620648,138382.417083626206|140450.640114799055|1224309.495276787318|189965.563669344439,0.274492826562,-0.007015323052,-0.000151747869,0.000000000000,-0.007167070921,-0.007167070921,2.524725107703,2.507565513151,
2021-08-26T00:00:00Z,,hold,AVAXUSDT|SOLUSDT|ADAUSDT|DOTUSDT,0.068623206640|0.068623206640|0.068623206640|0.068623206640,2.950202976996|1.552894561520|1.240953879275|1.070222620648,138382.417083626206|140450.640114799055|1224309.495276787318|189965.563669344439,0.274492826562,-0.015332734511,-0.000127980222,0.000000000000,-0.015460714733,-0.015460714733,2.485691053035,2.468796758079,
2021-08-27T00:00:00Z,,hold,AVAXUSDT|SOLUSDT|ADAUSDT|DOTUSDT,0.068623206640|0.068623206640|0.068623206640|0.068623206640,2.950202976996|1.552894561520|1.240953879275|1.070222620648,138382.417083626206|140450.640114799055|1224309.495276787318|189965.563669344439,0.274492826562,0.045526703355,-0.000104784892,0.000000000000,0.045421918463,0.045421918463,2.598595909370,2.580934243126,
2021-08-28T00:00:00Z,,hold,AVAXUSDT|SOLUSDT|ADAUSDT|DOTUSDT,0.068623206640|0.068623206640|0.068623206640|0.068623206640,2.950202976996|1.552894561520|1.240953879275|1.070222620648,138382.417083626206|140450.640114799055|1224309.495276787318|189965.563669344439,0.274492826562,0.002803695171,-0.000173997572,0.000000000000,0.002629697599,0.002629697599,2.605429430794,2.587721319708,
2021-08-29T00:00:00Z,,hold,AVAXUSDT|SOLUSDT|ADAUSDT|DOTUSDT,0.068623206640|0.068623206640|0.068623206640|0.068623206640,2.950202976996|1.552894561520|1.240953879275|1.070222620648,138382.417083626206|140450.640114799055|1224309.495276787318|189965.563669344439,0.274492826562,-0.005903216982,-0.000173587891,0.000000000000,-0.006076804873,-0.006076804873,2.589596744532,2.571996242182,
2021-08-30T00:00:00Z,2021-08-30T00:00:00Z,active,AVAXUSDT|SOLUSDT|ADAUSDT|DOTUSDT,0.052126432985|0.052126432985|0.052126432985|0.052126432985,2.655137883223|1.913106646059|1.177162048699|0.630394828570,68639.627272213285|100738.022667372905|263236.708357944095|68763.658593181783,0.208505731940,0.000897768878,-0.000132314089,0.065987094621,0.000686270276,0.000633480600,2.591373907804,2.573625551905,
2021-08-31T00:00:00Z,,hold,AVAXUSDT|SOLUSDT|ADAUSDT|DOTUSDT,0.052126432985|0.052126432985|0.052126432985|0.052126432985,2.655137883223|1.913106646059|1.177162048699|0.630394828570,68639.627272213285|100738.022667372905|263236.708357944095|68763.658593181783,0.208505731940,0.007857110194,-0.000190982389,0.000000000000,0.007666127805,0.007666127805,2.611239711371,2.593355294307,
2021-09-01T00:00:00Z,,hold,AVAXUSDT|SOLUSDT|ADAUSDT|DOTUSDT,0.052126432985|0.052126432985|0.052126432985|0.052126432985,2.655137883223|1.913106646059|1.177162048699|0.630394828570,68639.627272213285|100738.022667372905|263236.708357944095|68763.658593181783,0.208505731940,0.010274649124,-0.000237540676,0.000000000000,0.010037108448,0.010037108448,2.637449007538,2.619385082640,
2021-09-02T00:00:00Z,,hold,AVAXUSDT|SOLUSDT|ADAUSDT|DOTUSDT,0.052126432985|0.052126432985|0.052126432985|0.052126432985,2.655137883223|1.913106646059|1.177162048699|0.630394828570,68639.627272213285|100738.022667372905|263236.708357944095|68763.658593181783,0.208505731940,0.013773913150,-0.000456398197,0.000000000000,0.013317514953,0.013317514953,2.672573274134,2.654268782647,
2021-09-03T00:00:00Z,,hold,AVAXUSDT|SOLUSDT|ADAUSDT|DOTUSDT,0.052126432985|0.052126432985|0.052126432985|0.052126432985,2.655137883223|1.913106646059|1.177162048699|0.630394828570,68639.627272213285|100738.022667372905|263236.708357944095|68763.658593181783,0.208505731940,0.008541378470,-0.000420179187,0.000000000000,0.008121199283,0.008121199283,2.694277774292,2.675824628382,
2021-09-04T00:00:00Z,,hold,AVAXUSDT|SOLUSDT|ADAUSDT|DOTUSDT,0.052126432985|0.052126432985|0.052126432985|0.052126432985,2.655137883223|1.913106646059|1.177162048699|0.630394828570,68639.627272213285|100738.022667372905|263236.708357944095|68763.658593181783,0.208505731940,-0.005223771145,-0.000402371755,0.000000000000,-0.005626142901,-0.005626142901,2.679119382520,2.660770056646,
2021-09-05T00:00:00Z,,hold,AVAXUSDT|SOLUSDT|ADAUSDT|DOTUSDT,0.052126432985|0.052126432985|0.052126432985|0.052126432985,2.655137883223|1.913106646059|1.177162048699|0.630394828570,68639.627272213285|100738.022667372905|263236.708357944095|68763.658593181783,0.208505731940,0.006864699771,-0.000530036166,0.000000000000,0.006334663605,0.006334663605,2.696090702566,2.677625139885,
2021-09-06T00:00:00Z,2021-09-06T00:00:00Z,active,SOLUSDT|AVAXUSDT|ADAUSDT|XRPUSDT,0.050639474636|0.050639474636|0.050639474636|0.050639474636,2.594295251100|2.259943181818|1.078436965203|0.751170568562,413357.733024081739|88420.161800606613|164436.101569969876|208513.230266343686,0.202557898542,0.008550479016,-0.000505414873,0.107226782669,0.007916392004,0.007830610578,2.717434013446,2.698592579629,
2021-09-07T00:00:00Z,,hold,SOLUSDT|AVAXUSDT|ADAUSDT|XRPUSDT,0.050639474636|0.050639474636|0.050639474636|0.050639474636,2.594295251100|2.259943181818|1.078436965203|0.751170568562,413357.733024081739|88420.161800606613|164436.101569969876|208513.230266343686,0.202557898542,-0.022237941586,0.000044981526,0.000000000000,-0.022192960060,-0.022192960060,2.657126108922,2.638702822293,
2021-09-08T00:00:00Z,,hold,SOLUSDT|AVAXUSDT|ADAUSDT|XRPUSDT,0.050639474636|0.050639474636|0.050639474636|0.050639474636,2.594295251100|2.259943181818|1.078436965203|0.751170568562,413357.733024081739|88420.161800606613|164436.101569969876|208513.230266343686,0.202557898542,0.001728388950,-0.000121624371,0.000000000000,0.001606764579,0.001606764579,2.661395485035,2.642942596522,
2021-09-09T00:00:00Z,,hold,SOLUSDT|AVAXUSDT|ADAUSDT|XRPUSDT,0.050639474636|0.050639474636|0.050639474636|0.050639474636,2.594295251100|2.259943181818|1.078436965203|0.751170568562,413357.733024081739|88420.161800606613|164436.101569969876|208513.230266343686,0.202557898542,0.004692587381,-0.000086482095,0.000000000000,0.004606105286,0.004606105286,2.673654152847,2.655116268386,
2021-09-10T00:00:00Z,,hold,SOLUSDT|AVAXUSDT|ADAUSDT|XRPUSDT,0.050639474636|0.050639474636|0.050639474636|0.050639474636,2.594295251100|2.259943181818|1.078436965203|0.751170568562,413357.733024081739|88420.161800606613|164436.101569969876|208513.230266343686,0.202557898542,0.004218727230,-0.000092768479,0.000000000000,0.004125958751,0.004125958751,2.684685539596,2.666071168589,
2021-09-11T00:00:00Z,,hold,SOLUSDT|AVAXUSDT|ADAUSDT|XRPUSDT,0.050639474636|0.050639474636|0.050639474636|0.050639474636,2.594295251100|2.259943181818|1.078436965203|0.751170568562,413357.733024081739|88420.161800606613|164436.101569969876|208513.230266343686,0.202557898542,0.014321103677,-0.000072665621,0.000000000000,0.014248438057,0.014248438057,2.722938115209,2.704058518490,
2021-09-12T00:00:00Z,,hold,SOLUSDT|AVAXUSDT|ADAUSDT|XRPUSDT,0.050639474636|0.050639474636|0.050639474636|0.050639474636,2.594295251100|2.259943181818|1.078436965203|0.751170568562,413357.733024081739|88420.161800606613|164436.101569969876|208513.230266343686,0.202557898542,0.001404430746,-0.000088350185,0.000000000000,0.001316080561,0.001316080561,2.726521721131,2.707617277341,
2021-09-13T00:00:00Z,2021-09-13T00:00:00Z,active,SOLUSDT|AVAXUSDT|DOTUSDT|ADAUSDT,0.049896209040|0.049896209040|0.049896209040|0.049896209040,2.886570155902|2.284859564567|0.574317492417|0.205548549811,432820.172982302494|349926.004104662978|449877.185685911332|352406.922807629919,0.199584836162,-0.011421663990,-0.000081171153,0.102765480461,-0.011626153719,-0.011708366104,2.694822760483,2.675915502990,
2021-09-14T00:00:00Z,,hold,SOLUSDT|AVAXUSDT|DOTUSDT|ADAUSDT,0.049896209040|0.049896209040|0.049896209040|0.049896209040,2.886570155902|2.284859564567|0.574317492417|0.205548549811,432820.172982302494|349926.004104662978|449877.185685911332|352406.922807629919,0.199584836162,-0.001177171909,-0.000059875451,0.000000000000,-0.001237047360,-0.001237047360,2.691489137100,2.672605268781,
2021-09-15T00:00:00Z,,hold,SOLUSDT|AVAXUSDT|DOTUSDT|ADAUSDT,0.049896209040|0.049896209040|0.049896209040|0.049896209040,2.886570155902|2.284859564567|0.574317492417|0.205548549811,432820.172982302494|349926.004104662978|449877.185685911332|352406.922807629919,0.199584836162,0.007333328722,-0.000085059065,0.000000000000,0.007248269657,0.007248269657,2.710997776144,2.691977032455,
2021-09-16T00:00:00Z,,hold,SOLUSDT|AVAXUSDT|DOTUSDT|ADAUSDT,0.049896209040|0.049896209040|0.049896209040|0.049896209040,2.886570155902|2.284859564567|0.574317492417|0.205548549811,432820.172982302494|349926.004104662978|449877.185685911332|352406.922807629919,0.199584836162,0.003202020812,-0.000129283572,0.000000000000,0.003072737240,0.003072737240,2.719327959967,2.700248770530,
2021-09-17T00:00:00Z,,hold,SOLUSDT|AVAXUSDT|DOTUSDT|ADAUSDT,0.049896209040|0.049896209040|0.049896209040|0.049896209040,2.886570155902|2.284859564567|0.574317492417|0.205548549811,432820.172982302494|349926.004104662978|449877.185685911332|352406.922807629919,0.199584836162,-0.004454371077,-0.000109841515,0.000000000000,-0.004564212592,-0.004564212592,2.706916369051,2.687924261091,
2021-09-18T00:00:00Z,,hold,SOLUSDT|AVAXUSDT|DOTUSDT|ADAUSDT,0.049896209040|0.049896209040|0.049896209040|0.049896209040,2.886570155902|2.284859564567|0.574317492417|0.205548549811,432820.172982302494|349926.004104662978|449877.185685911332|352406.922807629919,0.199584836162,0.009727130683,-0.000065670397,0.000000000000,0.009661460287,0.009661460287,2.733069134051,2.713893534594,
2021-09-19T00:00:00Z,,hold,SOLUSDT|AVAXUSDT|DOTUSDT|ADAUSDT,0.049896209040|0.049896209040|0.049896209040|0.049896209040,2.886570155902|2.284859564567|0.574317492417|0.205548549811,432820.172982302494|349926.004104662978|449877.185685911332|352406.922807629919,0.199584836162,-0.007433018343,-0.000069738933,0.000000000000,-0.007502757277,-0.007502757277,2.712563579718,2.693531850129,
2021-09-20T00:00:00Z,2021-09-20T00:00:00Z,active,SOLUSDT|AVAXUSDT|DOTUSDT|ETHUSDT,0.057672820806|0.057672820806|0.057672820806|0.057672820806,0.941996420002|0.787653061224|0.201553962960|0.012809512508,287027.282682533143|227634.744456106884|86304.806900547075|718062.684815243934,0.230691283223,-0.033607626214,-0.000075157490,0.130898865142,-0.033839862342,-0.033944581434,2.620770801585,2.602101038896,
2021-09-21T00:00:00Z,,hold,SOLUSDT|AVAXUSDT|DOTUSDT|ETHUSDT,0.057672820806|0.057672820806|0.057672820806|0.057672820806,0.941996420002|0.787653061224|0.201553962960|0.012809512508,287027.282682533143|227634.744456106884|86304.806900547075|718062.684815243934,0.230691283223,-0.010102727285,-0.000069207385,0.000000000000,-0.010171934670,-0.010171934670,2.594112492207,2.575632637124,
2021-09-22T00:00:00Z,,hold,SOLUSDT|AVAXUSDT|DOTUSDT|ETHUSDT,0.057672820806|0.057672820806|0.057672820806|0.057672820806,0.941996420002|0.787653061224|0.201553962960|0.012809512508,287027.282682533143|227634.744456106884|86304.806900547075|718062.684815243934,0.230691283223,0.043485639636,-0.000060979204,0.000000000000,0.043424660432,0.043424660432,2.706760946304,2.687478609789,
2021-09-23T00:00:00Z,,hold,SOLUSDT|AVAXUSDT|DOTUSDT|ETHUSDT,0.057672820806|0.057672820806|0.057672820806|0.057672820806,0.941996420002|0.787653061224|0.201553962960|0.012809512508,287027.282682533143|227634.744456106884|86304.806900547075|718062.684815243934,0.230691283223,0.007366911685,-0.000063868612,0.000000000000,0.007303043073,0.007303043073,2.726528538082,2.707105381833,
2021-09-24T00:00:00Z,,hold,SOLUSDT|AVAXUSDT|DOTUSDT|ETHUSDT,0.057672820806|0.057672820806|0.057672820806|0.057672820806,0.941996420002|0.787653061224|0.201553962960|0.012809512508,287027.282682533143|227634.744456106884|86304.806900547075|718062.684815243934,0.230691283223,-0.015890443144,-0.000040238327,0.000000000000,-0.015930681471,-0.015930681471,2.683093080421,2.663979348288,
2021-09-25T00:00:00Z,,hold,SOLUSDT|AVAXUSDT|DOTUSDT|ETHUSDT,0.057672820806|0.057672820806|0.057672820806|0.057672820806,0.941996420002|0.787653061224|0.201553962960|0.012809512508,287027.282682533143|227634.744456106884|86304.806900547075|718062.684815243934,0.230691283223,-0.006404801599,-0.000052334048,0.000000000000,-0.006457135647,-0.006457135647,2.665767984449,2.646777672276,
2021-09-26T00:00:00Z,,hold,SOLUSDT|AVAXUSDT|DOTUSDT|ETHUSDT,0.057672820806|0.057672820806|0.057672820806|0.057672820806,0.941996420002|0.787653061224|0.201553962960|0.012809512508,287027.282682533143|227634.744456106884|86304.806900547075|718062.684815243934,0.230691283223,-0.000662917430,-0.000058680365,0.000000000000,-0.000721597795,-0.000721597795,2.663844372149,2.644867763344,
2021-09-27T00:00:00Z,2021-09-27T00:00:00Z,active,SOLUSDT|AVAXUSDT|DOTUSDT|LINKUSDT,0.040658752170|0.040658752170|0.040658752170|0.040658752170,0.541931009391|0.330483478815|0.085369986820|-0.056774589535,520850.343881344481|184809.562197851687|165481.086952704325|81340.646645407745,0.162635008680,-0.004280461452,-0.000047660189,0.149373778883,-0.004507370176,-0.004626869199,2.651837439471,2.632630306153,
2021-09-28T00:00:00Z,,hold,SOLUSDT|AVAXUSDT|DOTUSDT|LINKUSDT,0.040658752170|0.040658752170|0.040658752170|0.040658752170,0.541931009391|0.330483478815|0.085369986820|-0.056774589535,520850.343881344481|184809.562197851687|165481.086952704325|81340.646645407745,0.162635008680,-0.007906396495,-0.000046871410,0.000000000000,-0.007953267905,-0.007953267905,2.630746665876,2.611692292034,
2021-09-29T00:00:00Z,,hold,SOLUSDT|AVAXUSDT|DOTUSDT|LINKUSDT,0.040658752170|0.040658752170|0.040658752170|0.040658752170,0.541931009391|0.330483478815|0.085369986820|-0.056774589535,520850.343881344481|184809.562197851687|165481.086952704325|81340.646645407745,0.162635008680,0.006507806407,-0.000045481693,0.000000000000,0.006462324713,0.006462324713,2.647747405069,2.628569895677,
2021-09-30T00:00:00Z,,hold,SOLUSDT|AVAXUSDT|DOTUSDT|LINKUSDT,0.040658752170|0.040658752170|0.040658752170|0.040658752170,0.541931009391|0.330483478815|0.085369986820|-0.056774589535,520850.343881344481|184809.562197851687|165481.086952704325|81340.646645407745,0.162635008680,0.006620339483,-0.000048307070,0.000000000000,0.006572032413,0.006572032413,2.665148486836,2.645844942230,
2021-10-01T00:00:00Z,,hold,SOLUSDT|AVAXUSDT|DOTUSDT|LINKUSDT,0.040658752170|0.040658752170|0.040658752170|0.040658752170,0.541931009391|0.330483478815|0.085369986820|-0.056774589535,520850.343881344481|184809.562197851687|165481.086952704325|81340.646645407745,0.162635008680,0.015159057004,-0.000038652649,0.000000000000,0.015120404355,0.015120404355,2.705446609623,2.685851187618,
2021-10-02T00:00:00Z,,hold,SOLUSDT|AVAXUSDT|DOTUSDT|LINKUSDT,0.040658752170|0.040658752170|0.040658752170|0.040658752170,0.541931009391|0.330483478815|0.085369986820|-0.056774589535,520850.343881344481|184809.562197851687|165481.086952704325|81340.646645407745,0.162635008680,0.003679142374,-0.000056843782,0.000000000000,0.003622298593,0.003622298593,2.715246545069,2.695580142594,
2021-10-03T00:00:00Z,,hold,SOLUSDT|AVAXUSDT|DOTUSDT|LINKUSDT,0.040658752170|0.040658752170|0.040658752170|0.040658752170,0.541931009391|0.330483478815|0.085369986820|-0.056774589535,520850.343881344481|184809.562197851687|165481.086952704325|81340.646645407745,0.162635008680,0.001968816618,-0.000064813304,0.000000000000,0.001904003314,0.001904003314,2.720416383489,2.700712536119,
2021-10-04T00:00:00Z,2021-10-04T00:00:00Z,active,AVAXUSDT|SOLUSDT|DOTUSDT|LINKUSDT,0.040056620098|0.040056620098|0.040056620098|0.040056620098,0.496388163621|0.181977145277|-0.043748697955|-0.104211996233,62526.919115162927|337437.677515592659|63620.238957688292|29195.865058321197,0.160226480391,-0.005968997564,-0.000049281259,0.002408528289,-0.006021169058,-0.006023095880,2.704036296537,2.684445885569,
2021-10-05T00:00:00Z,,hold,AVAXUSDT|SOLUSDT|DOTUSDT|LINKUSDT,0.040056620098|0.040056620098|0.040056620098|0.040056620098,0.496388163621|0.181977145277|-0.043748697955|-0.104211996233,62526.919115162927|337437.677515592659|63620.238957688292|29195.865058321197,0.160226480391,0.000322927528,-0.000048808591,0.000000000000,0.000274118936,0.000274118936,2.704777524091,2.685181743020,
2021-10-06T00:00:00Z,,hold,AVAXUSDT|SOLUSDT|DOTUSDT|LINKUSDT,0.040056620098|0.040056620098|0.040056620098|0.040056620098,0.496388163621|0.181977145277|-0.043748697955|-0.104211996233,62526.919115162927|337437.677515592659|63620.238957688292|29195.865058321197,0.160226480391,-0.005085036009,-0.000074718415,0.000000000000,-0.005159754423,-0.005159754423,2.690821536297,2.671326864644,
2021-10-07T00:00:00Z,,hold,AVAXUSDT|SOLUSDT|DOTUSDT|LINKUSDT,0.040056620098|0.040056620098|0.040056620098|0.040056620098,0.496388163621|0.181977145277|-0.043748697955|-0.104211996233,62526.919115162927|337437.677515592659|63620.238957688292|29195.865058321197,0.160226480391,0.003405824699,-0.000162131974,0.000000000000,0.003243692725,0.003243692725,2.699549734539,2.679991828161,
2021-10-08T00:00:00Z,,hold,AVAXUSDT|SOLUSDT|DOTUSDT|LINKUSDT,0.040056620098|0.040056620098|0.040056620098|0.040056620098,0.496388163621|0.181977145277|-0.043748697955|-0.104211996233,62526.919115162927|337437.677515592659|63620.238957688292|29195.865058321197,0.160226480391,-0.000918493751,-0.000142088442,0.000000000000,-0.001060582193,-0.001060582193,2.696686640160,2.677149476550,
2021-10-09T00:00:00Z,,hold,AVAXUSDT|SOLUSDT|DOTUSDT|LINKUSDT,0.040056620098|0.040056620098|0.040056620098|0.040056620098,0.496388163621|0.181977145277|-0.043748697955|-0.104211996233,62526.919115162927|337437.677515592659|63620.238957688292|29195.865058321197,0.160226480391,0.004800869287,-0.000099843128,0.000000000000,0.004701026159,0.004701026159,2.709363834598,2.689734826270,
2021-10-10T00:00:00Z,,hold,AVAXUSDT|SOLUSDT|DOTUSDT|LINKUSDT,0.040056620098|0.040056620098|0.040056620098|0.040056620098,0.496388163621|0.181977145277|-0.043748697955|-0.104211996233,62526.919115162927|337437.677515592659|63620.238957688292|29195.865058321197,0.160226480391,-0.010099311356,-0.000162174834,0.000000000000,-0.010261486190,-0.010261486190,2.681561735025,2.662134149495,
2021-10-11T00:00:00Z,2021-10-11T00:00:00Z,active,DOTUSDT|AVAXUSDT|XRPUSDT|ETHUSDT,0.046832440003|0.046832440003|0.046832440003|0.046832440003,0.179560943868|0.144523655217|0.076070481243|0.063919073848,118643.104756645771|73681.135611874313|279788.832693112432|1253010.348615525756,0.187329760013,0.000405900620,-0.000118841063,0.187329760013,0.000062263845,-0.000087599963,2.681728699370,2.661900946643,
2021-10-12T00:00:00Z,,hold,DOTUSDT|AVAXUSDT|XRPUSDT|ETHUSDT,0.046832440003|0.046832440003|0.046832440003|0.046832440003,0.179560943868|0.144523655217|0.076070481243|0.063919073848,118643.104756645771|73681.135611874313|279788.832693112432|1253010.348615525756,0.187329760013,-0.001470288225,-0.000056198928,0.000000000000,-0.001526487153,-0.001526487153,2.677635074962,2.657837589045,
2021-10-13T00:00:00Z,,hold,DOTUSDT|AVAXUSDT|XRPUSDT|ETHUSDT,0.046832440003|0.046832440003|0.046832440003|0.046832440003,0.179560943868|0.144523655217|0.076070481243|0.063919073848,118643.104756645771|73681.135611874313|279788.832693112432|1253010.348615525756,0.187329760013,0.012009704085,-0.000056198928,0.000000000000,0.011953505157,0.011953505157,2.709642199640,2.689608064372,
2021-10-14T00:00:00Z,,hold,DOTUSDT|AVAXUSDT|XRPUSDT|ETHUSDT,0.046832440003|0.046832440003|0.046832440003|0.046832440003,0.179560943868|0.144523655217|0.076070481243|0.063919073848,118643.104756645771|73681.135611874313|279788.832693112432|1253010.348615525756,0.187329760013,0.002470878024,-0.000145613296,0.000000000000,0.002325264728,0.002325264728,2.715942835073,2.695862115138,
2021-10-15T00:00:00Z,,hold,DOTUSDT|AVAXUSDT|XRPUSDT|ETHUSDT,0.046832440003|0.046832440003|0.046832440003|0.046832440003,0.179560943868|0.144523655217|0.076070481243|0.063919073848,118643.104756645771|73681.135611874313|279788.832693112432|1253010.348615525756,0.187329760013,0.004430662992,-0.000167679337,0.000000000000,0.004262983655,0.004262983655,2.727520854988,2.707354531272,
2021-10-16T00:00:00Z,,hold,DOTUSDT|AVAXUSDT|XRPUSDT|ETHUSDT,0.046832440003|0.046832440003|0.046832440003|0.046832440003,0.179560943868|0.144523655217|0.076070481243|0.063919073848,118643.104756645771|73681.135611874313|279788.832693112432|1253010.348615525756,0.187329760013,-0.001350239038,-0.000276256602,0.000000000000,-0.001626495640,-0.001626495640,2.723084554209,2.702951030931,
2021-10-17T00:00:00Z,,hold,DOTUSDT|AVAXUSDT|XRPUSDT|ETHUSDT,0.046832440003|0.046832440003|0.046832440003|0.046832440003,0.179560943868|0.144523655217|0.076070481243|0.063919073848,118643.104756645771|73681.135611874313|279788.832693112432|1253010.348615525756,0.187329760013,-0.002318391639,-0.000252454951,0.000000000000,-0.002570846590,-0.002570846590,2.716083921570,2.696002158491,
2021-10-18T00:00:00Z,2021-10-18T00:00:00Z,active,DOTUSDT|BNBUSDT|ETHUSDT|SOLUSDT,0.049196019731|0.049196019731|0.049196019731|0.049196019731,0.275332062570|0.156408115145|0.132320294973|0.085791120805,165799.405521589564|100550.299613779454|1114024.538298044121|123297.298997471022,0.196784078925,-0.001922719986,-0.000030635345,0.196784078925,-0.002189496227,-0.002346923490,2.710137066072,2.689674847697,
2021-10-19T00:00:00Z,,hold,DOTUSDT|BNBUSDT|ETHUSDT|SOLUSDT,0.049196019731|0.049196019731|0.049196019731|0.049196019731,0.275332062570|0.156408115145|0.132320294973|0.085791120805,165799.405521589564|100550.299613779454|1114024.538298044121|123297.298997471022,0.196784078925,0.001817919832,-0.000027459742,0.000000000000,0.001790460090,0.001790460090,2.714989458328,2.694490603166,
2021-10-20T00:00:00Z,,hold,DOTUSDT|BNBUSDT|ETHUSDT|SOLUSDT,0.049196019731|0.049196019731|0.049196019731|0.049196019731,0.275332062570|0.156408115145|0.132320294973|0.085791120805,165799.405521589564|100550.299613779454|1114024.538298044121|123297.298997471022,0.196784078925,0.015219875697,-0.000054519029,0.000000000000,0.015165356668,0.015165356668,2.756163241814,2.735353514203,
2021-10-21T00:00:00Z,,hold,DOTUSDT|BNBUSDT|ETHUSDT|SOLUSDT,0.049196019731|0.049196019731|0.049196019731|0.049196019731,0.275332062570|0.156408115145|0.132320294973|0.085791120805,165799.405521589564|100550.299613779454|1114024.538298044121|123297.298997471022,0.196784078925,-0.002082575474,-0.000213795079,0.000000000000,-0.002296370553,-0.002296370553,2.749834069706,2.729072128941,
2021-10-22T00:00:00Z,,hold,DOTUSDT|BNBUSDT|ETHUSDT|SOLUSDT,0.049196019731|0.049196019731|0.049196019731|0.049196019731,0.275332062570|0.156408115145|0.132320294973|0.085791120805,165799.405521589564|100550.299613779454|1114024.538298044121|123297.298997471022,0.196784078925,0.002161030805,-0.000164187780,0.000000000000,0.001996843025,0.001996843025,2.755325056688,2.734521657586,
2021-10-23T00:00:00Z,,hold,DOTUSDT|BNBUSDT|ETHUSDT|SOLUSDT,0.049196019731|0.049196019731|0.049196019731|0.049196019731,0.275332062570|0.156408115145|0.132320294973|0.085791120805,165799.405521589564|100550.299613779454|1114024.538298044121|123297.298997471022,0.196784078925,0.003924896853,-0.000169766117,0.000000000000,0.003755130736,0.003755130736,2.765671662495,2.744790143910,
2021-10-24T00:00:00Z,,hold,DOTUSDT|BNBUSDT|ETHUSDT|SOLUSDT,0.049196019731|0.049196019731|0.049196019731|0.049196019731,0.275332062570|0.156408115145|0.132320294973|0.085791120805,165799.405521589564|100550.299613779454|1114024.538298044121|123297.298997471022,0.196784078925,-0.002729975107,-0.000242841393,0.000000000000,-0.002972816499,-0.002972816499,2.757449828145,2.736630386483,
2021-10-25T00:00:00Z,2021-10-25T00:00:00Z,active,SOLUSDT|ETHUSDT|DOTUSDT|BNBUSDT,0.076487435870|0.076487435870|0.076487435870|0.076487435870,0.454476201427|0.395794106692|0.376190630994|0.341737562680,452287.336697925348|532802.986809909577|67903.012323505507|40980.607117339932,0.305949743481,0.011007062424,-0.000282601189,0.109165664556,0.010593462438,0.010506129906,2.786660769324,2.765381780829,
2021-10-26T00:00:00Z,,hold,SOLUSDT|ETHUSDT|DOTUSDT|BNBUSDT,0.076487435870|0.076487435870|0.076487435870|0.076487435870,0.454476201427|0.395794106692|0.376190630994|0.341737562680,452287.336697925348|532802.986809909577|67903.012323505507|40980.607117339932,0.305949743481,-0.005699085242,-0.000414390571,0.000000000000,-0.006113475813,-0.006113475813,2.769624586113,2.748475686200,
2021-10-27T00:00:00Z,,hold,SOLUSDT|ETHUSDT|DOTUSDT|BNBUSDT,0.076487435870|0.076487435870|0.076487435870|0.076487435870,0.454476201427|0.395794106692|0.376190630994|0.341737562680,452287.336697925348|532802.986809909577|67903.012323505507|40980.607117339932,0.305949743481,-0.022282782653,-0.000247879717,0.000000000000,-0.022530662371,-0.022530662371,2.707223109670,2.686550708480,
2021-10-28T00:00:00Z,,hold,SOLUSDT|ETHUSDT|DOTUSDT|BNBUSDT,0.076487435870|0.076487435870|0.076487435870|0.076487435870,0.454476201427|0.395794106692|0.376190630994|0.341737562680,452287.336697925348|532802.986809909577|67903.012323505507|40980.607117339932,0.305949743481,0.021762479986,-0.000076147832,0.000000000000,0.021686332154,0.021686332154,2.765932849242,2.744812139493,
2021-10-29T00:00:00Z,,hold,SOLUSDT|ETHUSDT|DOTUSDT|BNBUSDT,0.076487435870|0.076487435870|0.076487435870|0.076487435870,0.454476201427|0.395794106692|0.376190630994|0.341737562680,452287.336697925348|532802.986809909577|67903.012323505507|40980.607117339932,0.305949743481,0.014635013990,-0.000144997232,0.000000000000,0.014490016758,0.014490016758,2.806011262578,2.784584513391,
2021-10-30T00:00:00Z,,hold,SOLUSDT|ETHUSDT|DOTUSDT|BNBUSDT,0.076487435870|0.076487435870|0.076487435870|0.076487435870,0.454476201427|0.395794106692|0.376190630994|0.341737562680,452287.336697925348|532802.986809909577|67903.012323505507|40980.607117339932,0.305949743481,-0.006176220426,-0.000184154975,0.000000000000,-0.006360375401,-0.006360375401,2.788163977570,2.766873510551,
2021-10-31T00:00:00Z,,hold,SOLUSDT|ETHUSDT|DOTUSDT|BNBUSDT,0.076487435870|0.076487435870|0.076487435870|0.076487435870,0.454476201427|0.395794106692|0.376190630994|0.341737562680,452287.336697925348|532802.986809909577|67903.012323505507|40980.607117339932,0.305949743481,0.001428165504,-0.000147519023,0.000000000000,0.001280646481,0.001280646481,2.791734629957,2.770416897377,
2021-11-01T00:00:00Z,2021-11-01T00:00:00Z,active,DOTUSDT|ETHUSDT|DOGEUSDT|SOLUSDT,0.075265892561|0.075265892561|0.075265892561|0.075265892561,0.340482825563|0.296284206518|0.257844413521|0.254156945983,43424.253051899614|445616.943851967633|359064.395974320651|193348.596685327590,0.301063570243,0.011583980562,-0.000288802756,0.155417958360,0.011108676255,0.010984341889,2.822747106152,2.800848103751,
2021-11-02T00:00:00Z,,hold,DOTUSDT|ETHUSDT|DOGEUSDT|SOLUSDT,0.075265892561|0.075265892561|0.075265892561|0.075265892561,0.340482825563|0.296284206518|0.257844413521|0.254156945983,43424.253051899614|445616.943851967633|359064.395974320651|193348.596685327590,0.301063570243,0.014206287907,-0.000408407034,0.000000000000,0.013797880873,0.013797880873,2.861695034458,2.839493872231,
2021-11-03T00:00:00Z,,hold,DOTUSDT|ETHUSDT|DOGEUSDT|SOLUSDT,0.075265892561|0.075265892561|0.075265892561|0.075265892561,0.340482825563|0.296284206518|0.257844413521|0.254156945983,43424.253051899614|445616.943851967633|359064.395974320651|193348.596685327590,0.301063570243,0.008789066739,-0.000358909172,0.000000000000,0.008430157567,0.008430157567,2.885819574507,2.863431252984,
2021-11-04T00:00:00Z,,hold,DOTUSDT|ETHUSDT|DOGEUSDT|SOLUSDT,0.075265892561|0.075265892561|0.075265892561|0.075265892561,0.340482825563|0.296284206518|0.257844413521|0.254156945983,43424.253051899614|445616.943851967633|359064.395974320651|193348.596685327590,0.301063570243,-0.001030463279,-0.000348675269,0.000000000000,-0.001379138548,-0.001379138548,2.881839629489,2.859482184564,
2021-11-05T00:00:00Z,,hold,DOTUSDT|ETHUSDT|DOGEUSDT|SOLUSDT,0.075265892561|0.075265892561|0.075265892561|0.075265892561,0.340482825563|0.296284206518|0.257844413521|0.254156945983,43424.253051899614|445616.943851967633|359064.395974320651|193348.596685327590,0.301063570243,-0.007765599978,-0.000308819720,0.000000000000,-0.008074419699,-0.008074419699,2.858570446816,2.836393525284,
2021-11-06T00:00:00Z,,hold,DOTUSDT|ETHUSDT|DOGEUSDT|SOLUSDT,0.075265892561|0.075265892561|0.075265892561|0.075265892561,0.340482825563|0.296284206518|0.257844413521|0.254156945983,43424.253051899614|445616.943851967633|359064.395974320651|193348.596685327590,0.301063570243,0.008482738045,-0.000245860554,0.000000000000,0.008236877491,0.008236877491,2.882116141386,2.859756551269,
2021-11-07T00:00:00Z,,hold,DOTUSDT|ETHUSDT|DOGEUSDT|SOLUSDT,0.075265892561|0.075265892561|0.075265892561|0.075265892561,0.340482825563|0.296284206518|0.257844413521|0.254156945983,43424.253051899614|445616.943851967633|359064.395974320651|193348.596685327590,0.301063570243,0.000728547262,-0.000227011717,0.000000000000,0.000501535545,0.000501535545,2.883561625076,2.861190820829,
2021-11-08T00:00:00Z,2021-11-08T00:00:00Z,active,SOLUSDT|DOTUSDT|BNBUSDT|AVAXUSDT,0.072354907785|0.072354907785|0.072354907785|0.072354907785,0.571401605718|0.565583345814|0.548881682484|0.446982459617,121142.006081042418|55402.818580233165|154752.975605111627|94790.394733738183,0.289419631140,0.004664600902,-0.000262439933,0.301063570243,0.004040884684,0.003800033828,2.895213765082,2.872063442737,
2021-11-09T00:00:00Z,,hold,SOLUSDT|DOTUSDT|BNBUSDT|AVAXUSDT,0.072354907785|0.072354907785|0.072354907785|0.072354907785,0.571401605718|0.565583345814|0.548881682484|0.446982459617,121142.006081042418|55402.818580233165|154752.975605111627|94790.394733738183,0.289419631140,-0.010492809028,-0.000244189131,0.000000000000,-0.010736998160,-0.010736998160,2.864127860215,2.841226102838,
2021-11-10T00:00:00Z,,hold,SOLUSDT|DOTUSDT|BNBUSDT|AVAXUSDT,0.072354907785|0.072354907785|0.072354907785|0.072354907785,0.571401605718|0.565583345814|0.548881682484|0.446982459617,121142.006081042418|55402.818580233165|154752.975605111627|94790.394733738183,0.289419631140,-0.012733576016,-0.000240899154,0.000000000000,-0.012974475170,-0.012974475170,2.826967304410,2.804362685315,
2021-11-11T00:00:00Z,,hold,SOLUSDT|DOTUSDT|BNBUSDT|AVAXUSDT,0.072354907785|0.072354907785|0.072354907785|0.072354907785,0.571401605718|0.565583345814|0.548881682484|0.446982459617,121142.006081042418|55402.818580233165|154752.975605111627|94790.394733738183,0.289419631140,0.005217347017,-0.000036104375,0.000000000000,0.005181242642,0.005181242642,2.841614507954,2.818892768843,
2021-11-12T00:00:00Z,,hold,SOLUSDT|DOTUSDT|BNBUSDT|AVAXUSDT,0.072354907785|0.072354907785|0.072354907785|0.072354907785,0.571401605718|0.565583345814|0.548881682484|0.446982459617,121142.006081042418|55402.818580233165|154752.975605111627|94790.394733738183,0.289419631140,-0.006646989540,0.000017230598,0.000000000000,-0.006629758943,-0.006629758943,2.822775288759,2.800204189301,
2021-11-13T00:00:00Z,,hold,SOLUSDT|DOTUSDT|BNBUSDT|AVAXUSDT,0.072354907785|0.072354907785|0.072354907785|0.072354907785,0.571401605718|0.565583345814|0.548881682484|0.446982459617,121142.006081042418|55402.818580233165|154752.975605111627|94790.394733738183,0.289419631140,0.019477586302,0.000016127909,0.000000000000,0.019493714211,0.019493714211,2.877801663519,2.854790569498,
2021-11-14T00:00:00Z,,hold,SOLUSDT|DOTUSDT|BNBUSDT|AVAXUSDT,0.072354907785|0.072354907785|0.072354907785|0.072354907785,0.571401605718|0.565583345814|0.548881682484|0.446982459617,121142.006081042418|55402.818580233165|154752.975605111627|94790.394733738183,0.289419631140,-0.003287381984,0.000000073078,0.000000000000,-0.003287308906,-0.003287308906,2.868341440481,2.845405991035,
2021-11-15T00:00:00Z,2021-11-15T00:00:00Z,active,AVAXUSDT|LTCUSDT|SOLUSDT|BNBUSDT,0.076633103490|0.076633103490|0.076633103490|0.076633103490,0.691086020171|0.472664068261|0.462526648533|0.371180328560,92639.240883211911|307526.572911152733|116403.588707358707|83600.768435226695,0.306532413958,-0.007909590521,-0.000139514397,0.161822598388,-0.008243292036,-0.008372750114,2.844696864329,2.821582117698,
2021-11-16T00:00:00Z,,hold,AVAXUSDT|LTCUSDT|SOLUSDT|BNBUSDT,0.076633103490|0.076633103490|0.076633103490|0.076633103490,0.691086020171|0.472664068261|0.462526648533|0.371180328560,92639.240883211911|307526.572911152733|116403.588707358707|83600.768435226695,0.306532413958,-0.017875688049,-0.000040123560,0.000000000000,-0.017915811609,-0.017915811609,2.793731811222,2.771031184037,
2021-11-17T00:00:00Z,,hold,AVAXUSDT|LTCUSDT|SOLUSDT|BNBUSDT,0.076633103490|0.076633103490|0.076633103490|0.076633103490,0.691086020171|0.472664068261|0.462526648533|0.371180328560,92639.240883211911|307526.572911152733|116403.588707358707|83600.768435226695,0.306532413958,0.006088157678,-0.000078722122,0.000000000000,0.006009435556,0.006009435556,2.810520562502,2.787683517361,
2021-11-18T00:00:00Z,,hold,AVAXUSDT|LTCUSDT|SOLUSDT|BNBUSDT,0.076633103490|0.076633103490|0.076633103490|0.076633103490,0.691086020171|0.472664068261|0.462526648533|0.371180328560,92639.240883211911|307526.572911152733|116403.588707358707|83600.768435226695,0.306532413958,-0.027908325907,-0.000071746977,0.000000000000,-0.027980072884,-0.027980072884,2.731881992321,2.709683929368,
2021-11-19T00:00:00Z,,hold,AVAXUSDT|LTCUSDT|SOLUSDT|BNBUSDT,0.076633103490|0.076633103490|0.076633103490|0.076633103490,0.691086020171|0.472664068261|0.462526648533|0.371180328560,92639.240883211911|307526.572911152733|116403.588707358707|83600.768435226695,0.306532413958,0.028644438896,-0.000068969793,0.000000000000,0.028575469103,0.028575469103,2.809946801785,2.787114418769,
2021-11-20T00:00:00Z,,hold,AVAXUSDT|LTCUSDT|SOLUSDT|BNBUSDT,0.076633103490|0.076633103490|0.076633103490|0.076633103490,0.691086020171|0.472664068261|0.462526648533|0.371180328560,92639.240883211911|307526.572911152733|116403.588707358707|83600.768435226695,0.306532413958,0.016597284284,-0.000069005044,0.000000000000,0.016528279239,0.016528279239,2.856390387172,2.833180624154,
2021-11-21T00:00:00Z,,hold,AVAXUSDT|LTCUSDT|SOLUSDT|BNBUSDT,0.076633103490|0.076633103490|0.076633103490|0.076633103490,0.691086020171|0.472664068261|0.462526648533|0.371180328560,92639.240883211911|307526.572911152733|116403.588707358707|83600.768435226695,0.306532413958,0.001889638873,-0.000081290864,0.000000000000,0.001808348009,0.001808348009,2.861555735043,2.838304000696,
2021-11-22T00:00:00Z,2021-11-22T00:00:00Z,active,AVAXUSDT|BNBUSDT|SOLUSDT|LTCUSDT,0.061046742264|0.061046742264|0.061046742264|0.061046742264,0.962090945134|0.217616040351|0.174816489010|0.158156325207,211961.055660134472|92664.302655991065|369233.942932154227|83569.628064580364,0.244186969056,-0.007013883024,-0.000064620419,0.062345444902,-0.007153317977,-0.007203194333,2.841086116961,2.817859145403,
2021-11-23T00:00:00Z,,hold,AVAXUSDT|BNBUSDT|SOLUSDT|LTCUSDT,0.061046742264|0.061046742264|0.061046742264|0.061046742264,0.962090945134|0.217616040351|0.174816489010|0.158156325207,211961.055660134472|92664.302655991065|369233.942932154227|83569.628064580364,0.244186969056,0.002425125378,-0.000067895576,0.000000000000,0.002357229802,0.002357229802,2.847783209826,2.824501486959,
2021-11-24T00:00:00Z,,hold,AVAXUSDT|BNBUSDT|SOLUSDT|LTCUSDT,0.061046742264|0.061046742264|0.061046742264|0.061046742264,0.962090945134|0.217616040351|0.174816489010|0.158156325207,211961.055660134472|92664.302655991065|369233.942932154227|83569.628064580364,0.244186969056,-0.009854824518,-0.000121201592,0.000000000000,-0.009976026109,-0.009976026109,2.819373650172,2.796324186379,
2021-11-25T00:00:00Z,,hold,AVAXUSDT|BNBUSDT|SOLUSDT|LTCUSDT,0.061046742264|0.061046742264|0.061046742264|0.061046742264,0.962090945134|0.217616040351|0.174816489010|0.158156325207,211961.055660134472|92664.302655991065|369233.942932154227|83569.628064580364,0.244186969056,0.011501470315,-0.000164135155,0.000000000000,0.011337335160,0.011337335160,2.851337834185,2.828027050897,
2021-11-26T00:00:00Z,,hold,AVAXUSDT|BNBUSDT|SOLUSDT|LTCUSDT,0.061046742264|0.061046742264|0.061046742264|0.061046742264,0.962090945134|0.217616040351|0.174816489010|0.158156325207,211961.055660134472|92664.302655991065|369233.942932154227|83569.628064580364,0.244186969056,-0.025258008771,-0.000155917043,0.000000000000,-0.025413925814,-0.025413925814,2.778874145997,2.756155781225,
2021-11-27T00:00:00Z,,hold,AVAXUSDT|BNBUSDT|SOLUSDT|LTCUSDT,0.061046742264|0.061046742264|0.061046742264|0.061046742264,0.962090945134|0.217616040351|0.174816489010|0.158156325207,211961.055660134472|92664.302655991065|369233.942932154227|83569.628064580364,0.244186969056,0.006579013594,-0.000054942068,0.000000000000,0.006524071526,0.006524071526,2.797003719687,2.774137138678,
2021-11-28T00:00:00Z,,hold,AVAXUSDT|BNBUSDT|SOLUSDT|LTCUSDT,0.061046742264|0.061046742264|0.061046742264|0.061046742264,0.962090945134|0.217616040351|0.174816489010|0.158156325207,211961.055660134472|92664.302655991065|369233.942932154227|83569.628064580364,0.244186969056,0.003423130018,-0.000070190934,0.000000000000,0.003352939084,0.003352939084,2.806381902776,2.783438651515,
2021-11-29T00:00:00Z,2021-11-29T00:00:00Z,active,AVAXUSDT|BNBUSDT|LTCUSDT|SOLUSDT,0.059195106172|0.059195106172|0.059195106172|0.059195106172,0.702082434847|0.152246005427|0.013767526925|0.000917573019,165222.560700433300|196621.444587703794|142241.546793984744|275344.423075723345,0.236780424690,0.009429871858,-0.000057695102,0.007406544367,0.009363288902,0.009357363667,2.832658867302,2.809484299221,
2021-11-30T00:00:00Z,,hold,AVAXUSDT|BNBUSDT|LTCUSDT|SOLUSDT,0.059195106172|0.059195106172|0.059195106172|0.059195106172,0.702082434847|0.152246005427|0.013767526925|0.000917573019,165222.560700433300|196621.444587703794|142241.546793984744|275344.423075723345,0.236780424690,0.001775386152,-0.000057608085,0.000000000000,0.001717778067,0.001717778067,2.837524746576,2.814310369731,
2021-12-01T00:00:00Z,,hold,AVAXUSDT|BNBUSDT|LTCUSDT|SOLUSDT,0.059195106172|0.059195106172|0.059195106172|0.059195106172,0.702082434847|0.152246005427|0.013767526925|0.000917573019,165222.560700433300|196621.444587703794|142241.546793984744|275344.423075723345,0.236780424690,0.006325601111,-0.000054911748,0.000000000000,0.006270689363,0.006270689363,2.855317982820,2.831958035829,
2021-12-02T00:00:00Z,,hold,AVAXUSDT|BNBUSDT|LTCUSDT|SOLUSDT,0.059195106172|0.059195106172|0.059195106172|0.059195106172,0.702082434847|0.152246005427|0.013767526925|0.000917573019,165222.560700433300|196621.444587703794|142241.546793984744|275344.423075723345,0.236780424690,-0.007007089559,-0.000066096072,0.000000000000,-0.007073185630,-0.007073185630,2.835121788694,2.811927070944,
2021-12-03T00:00:00Z,,hold,AVAXUSDT|BNBUSDT|LTCUSDT|SOLUSDT,0.059195106172|0.059195106172|0.059195106172|0.059195106172,0.702082434847|0.152246005427|0.013767526925|0.000917573019,165222.560700433300|196621.444587703794|142241.546793984744|275344.423075723345,0.236780424690,-0.012307741256,-0.000058411955,0.000000000000,-0.012366153211,-0.012366153211,2.800062238284,2.777154349967,
2021-12-04T00:00:00Z,,hold,AVAXUSDT|BNBUSDT|LTCUSDT|SOLUSDT,0.059195106172|0.059195106172|0.059195106172|0.059195106172,0.702082434847|0.152246005427|0.013767526925|0.000917573019,165222.560700433300|196621.444587703794|142241.546793984744|275344.423075723345,0.236780424690,-0.022055561723,0.000019038922,0.000000000000,-0.022036522801,-0.022036522801,2.738358602924,2.715955524810,
2021-12-05T00:00:00Z,,hold,AVAXUSDT|BNBUSDT|LTCUSDT|SOLUSDT,0.059195106172|0.059195106172|0.059195106172|0.059195106172,0.702082434847|0.152246005427|0.013767526925|0.000917573019,165222.560700433300|196621.444587703794|142241.546793984744|275344.423075723345,0.236780424690,-0.008939178673,-0.000033933003,0.000000000000,-0.008973111676,-0.008973111676,2.713787005371,2.691584952579,
2021-12-06T00:00:00Z,2021-12-06T00:00:00Z,active,AVAXUSDT|ETHUSDT|BNBUSDT|SOLUSDT,0.059449912467|0.059449912467|0.059449912467|0.059449912467,0.162554211675|-0.062484225949|-0.080437973055|-0.168961736605,95812.479968166415|1286011.880114855012|88417.697336043464|344388.489369362709,0.237799649870,0.008861548529,-0.000047912468,0.119409437525,0.008670344736,0.008574817186,2.737316474249,2.714664801490,
2021-12-07T00:00:00Z,,hold,AVAXUSDT|ETHUSDT|BNBUSDT|SOLUSDT,0.059449912467|0.059449912467|0.059449912467|0.059449912467,0.162554211675|-0.062484225949|-0.080437973055|-0.168961736605,95812.479968166415|1286011.880114855012|88417.697336043464|344388.489369362709,0.237799649870,-0.004565718992,0.000086428877,0.000000000000,-0.004479290115,-0.004479290115,2.725055239625,2.702505030279,
2021-12-08T00:00:00Z,,hold,AVAXUSDT|ETHUSDT|BNBUSDT|SOLUSDT,0.059449912467|0.059449912467|0.059449912467|0.059449912467,0.162554211675|-0.062484225949|-0.080437973055|-0.168961736605,95812.479968166415|1286011.880114855012|88417.697336043464|344388.489369362709,0.237799649870,0.008546137059,0.000018653005,0.000000000000,0.008564790063,0.008564790063,2.748394765663,2.725651418508,
2021-12-09T00:00:00Z,,hold,AVAXUSDT|ETHUSDT|BNBUSDT|SOLUSDT,0.059449912467|0.059449912467|0.059449912467|0.059449912467,0.162554211675|-0.062484225949|-0.080437973055|-0.168961736605,95812.479968166415|1286011.880114855012|88417.697336043464|344388.489369362709,0.237799649870,-0.017280713434,0.000009812208,0.000000000000,-0.017270901226,-0.017270901226,2.700927511134,2.678576962082,
2021-12-10T00:00:00Z,,hold,AVAXUSDT|ETHUSDT|BNBUSDT|SOLUSDT,0.059449912467|0.059449912467|0.059449912467|0.059449912467,0.162554211675|-0.062484225949|-0.080437973055|-0.168961736605,95812.479968166415|1286011.880114855012|88417.697336043464|344388.489369362709,0.237799649870,-0.012698581905,0.000062337989,0.000000000000,-0.012636243915,-0.012636243915,2.666797932306,2.644729810243,
2021-12-11T00:00:00Z,,hold,AVAXUSDT|ETHUSDT|BNBUSDT|SOLUSDT,0.059449912467|0.059449912467|0.059449912467|0.059449912467,0.162554211675|-0.062484225949|-0.080437973055|-0.168961736605,95812.479968166415|1286011.880114855012|88417.697336043464|344388.489369362709,0.237799649870,0.010374709851,0.000013662779,0.000000000000,0.010388372630,0.010388372630,2.694501622954,2.672204249016,
2021-12-12T00:00:00Z,,hold,AVAXUSDT|ETHUSDT|BNBUSDT|SOLUSDT,0.059449912467|0.059449912467|0.059449912467|0.059449912467,0.162554211675|-0.062484225949|-0.080437973055|-0.168961736605,95812.479968166415|1286011.880114855012|88417.697336043464|344388.489369362709,0.237799649870,0.002402141352,0.000032917417,0.000000000000,0.002435058769,0.002435058769,2.701062892759,2.678711223405,
2021-12-13T00:00:00Z,2021-12-13T00:00:00Z,active,AVAXUSDT|BNBUSDT|ETHUSDT|SOLUSDT,0.056443574710|0.056443574710|0.056443574710|0.056443574710,0.036049731896|-0.090520063232|-0.115085973180|-0.244006264984,41040.017208470694|46821.820132003049|668118.229899310158|75118.036497377849,0.225774298840,-0.021106971522,0.000021016765,0.012025351030,-0.021100385179,-0.021110005460,2.644069425330,2.622163614855,
2021-12-14T00:00:00Z,,hold,AVAXUSDT|BNBUSDT|ETHUSDT|SOLUSDT,0.056443574710|0.056443574710|0.056443574710|0.056443574710,0.036049731896|-0.090520063232|-0.115085973180|-0.244006264984,41040.017208470694|46821.820132003049|668118.229899310158|75118.036497377849,0.225774298840,0.009888642647,0.000003625935,0.000000000000,0.009892268583,0.009892268583,2.670225270237,2.648102761601,
2021-12-15T00:00:00Z,,hold,AVAXUSDT|BNBUSDT|ETHUSDT|SOLUSDT,0.056443574710|0.056443574710|0.056443574710|0.056443574710,0.036049731896|-0.090520063232|-0.115085973180|-0.244006264984,41040.017208470694|46821.820132003049|668118.229899310158|75118.036497377849,0.225774298840,0.018941413206,-0.000050799217,0.000000000000,0.018890613988,0.018890613988,2.720667465079,2.698127048672,
2021-12-16T00:00:00Z,,hold,AVAXUSDT|BNBUSDT|ETHUSDT|SOLUSDT,0.056443574710|0.056443574710|0.056443574710|0.056443574710,0.036049731896|-0.090520063232|-0.115085973180|-0.244006264984,41040.017208470694|46821.820132003049|668118.229899310158|75118.036497377849,0.225774298840,-0.004489683985,-0.000040674369,0.000000000000,-0.004530358353,-0.004530358353,2.708341866502,2.685903566258,
2021-12-17T00:00:00Z,,hold,AVAXUSDT|BNBUSDT|ETHUSDT|SOLUSDT,0.056443574710|0.056443574710|0.056443574710|0.056443574710,0.036049731896|-0.090520063232|-0.115085973180|-0.244006264984,41040.017208470694|46821.820132003049|668118.229899310158|75118.036497377849,0.225774298840,0.005411019182,-0.000050799217,0.000000000000,0.005360219964,0.005360219964,2.722859174645,2.700300600177,
2021-12-18T00:00:00Z,,hold,AVAXUSDT|BNBUSDT|ETHUSDT|SOLUSDT,0.056443574710|0.056443574710|0.056443574710|0.056443574710,0.036049731896|-0.090520063232|-0.115085973180|-0.244006264984,41040.017208470694|46821.820132003049|668118.229899310158|75118.036497377849,0.225774298840,0.007035706202,-0.000042682631,0.000000000000,0.006993023571,0.006993023571,2.741900193033,2.719183865922,
2021-12-19T00:00:00Z,,hold,AVAXUSDT|BNBUSDT|ETHUSDT|SOLUSDT,0.056443574710|0.056443574710|0.056443574710|0.056443574710,0.036049731896|-0.090520063232|-0.115085973180|-0.244006264984,41040.017208470694|46821.820132003049|668118.229899310158|75118.036497377849,0.225774298840,-0.005849208947,-0.000047611849,0.000000000000,-0.005896820796,-0.005896820796,2.725731698954,2.703149325953,
2021-12-20T00:00:00Z,2021-12-20T00:00:00Z,active,AVAXUSDT|ETHUSDT|BNBUSDT|SOLUSDT,0.057287100611|0.057287100611|0.057287100611|0.057287100611,-0.039465104022|-0.086394592681|-0.088247443974|-0.164875167735,104442.297284517219|897073.982352781924|46206.614896222498|129902.079572197079,0.229148402443,0.000961277560,-0.000051558391,0.003374103603,0.000905670246,0.000902970963,2.728200313051,2.705590191302,
2021-12-21T00:00:00Z,,hold,AVAXUSDT|ETHUSDT|BNBUSDT|SOLUSDT,0.057287100611|0.057287100611|0.057287100611|0.057287100611,-0.039465104022|-0.086394592681|-0.088247443974|-0.164875167735,104442.297284517219|897073.982352781924|46206.614896222498|129902.079572197079,0.229148402443,0.008259673110,-0.000045431535,0.000000000000,0.008214241575,0.008214241575,2.750610409489,2.727814562737,
2021-12-22T00:00:00Z,,hold,AVAXUSDT|ETHUSDT|BNBUSDT|SOLUSDT,0.057287100611|0.057287100611|0.057287100611|0.057287100611,-0.039465104022|-0.086394592681|-0.088247443974|-0.164875167735,104442.297284517219|897073.982352781924|46206.614896222498|129902.079572197079,0.229148402443,-0.003360586963,-0.000051558391,0.000000000000,-0.003412145353,-0.003412145353,2.741224926961,2.718506862952,
2021-12-23T00:00:00Z,,hold,AVAXUSDT|ETHUSDT|BNBUSDT|SOLUSDT,0.057287100611|0.057287100611|0.057287100611|0.057287100611,-0.039465104022|-0.086394592681|-0.088247443974|-0.164875167735,104442.297284517219|897073.982352781924|46206.614896222498|129902.079572197079,0.229148402443,0.009684790029,-0.000047767703,0.000000000000,0.009637022325,0.009637022325,2.767642172781,2.744705174282,
2021-12-24T00:00:00Z,,hold,AVAXUSDT|ETHUSDT|BNBUSDT|SOLUSDT,0.057287100611|0.057287100611|0.057287100611|0.057287100611,-0.039465104022|-0.086394592681|-0.088247443974|-0.164875167735,104442.297284517219|897073.982352781924|46206.614896222498|129902.079572197079,0.229148402443,-0.004637736007,-0.000051558391,0.000000000000,-0.004689294397,-0.004689294397,2.754663883847,2.731834443687,
2021-12-25T00:00:00Z,,hold,AVAXUSDT|ETHUSDT|BNBUSDT|SOLUSDT,0.057287100611|0.057287100611|0.057287100611|0.057287100611,-0.039465104022|-0.086394592681|-0.088247443974|-0.164875167735,104442.297284517219|897073.982352781924|46206.614896222498|129902.079572197079,0.229148402443,0.002095201346,-0.000051558391,0.000000000000,0.002043642956,0.002043642956,2.760293433288,2.737417337904,
2021-12-26T00:00:00Z,,hold,AVAXUSDT|ETHUSDT|BNBUSDT|SOLUSDT,0.057287100611|0.057287100611|0.057287100611|0.057287100611,-0.039465104022|-0.086394592681|-0.088247443974|-0.164875167735,104442.297284517219|897073.982352781924|46206.614896222498|129902.079572197079,0.229148402443,0.000920309961,-0.000051558391,0.000000000000,0.000868751570,0.000868751570,2.762691442544,2.739795473515,
2021-12-27T00:00:00Z,2021-12-27T00:00:00Z,active,AVAXUSDT|SOLUSDT|ETHUSDT|XRPUSDT,0.062214233882|0.062214233882|0.062214233882|0.062214233882,0.102437341918|0.027943644990|0.005340711666|-0.020336456559,66022.115937805560|73752.908878017377|480703.481472892803|55856.829887966021,0.248856935530,-0.001260546972,-0.000074657081,0.134282734308,-0.001496343333,-0.001603769521,2.758557507621,2.735401473041,
2021-12-28T00:00:00Z,,hold,AVAXUSDT|SOLUSDT|ETHUSDT|XRPUSDT,0.062214233882|0.062214233882|0.062214233882|0.062214233882,0.102437341918|0.027943644990|0.005340711666|-0.020336456559,66022.115937805560|73752.908878017377|480703.481472892803|55856.829887966021,0.248856935530,-0.018453577296,-0.000066245716,0.000000000000,-0.018519823012,-0.018519823012,2.707469510812,2.684742321894,
2021-12-29T00:00:00Z,,hold,AVAXUSDT|SOLUSDT|ETHUSDT|XRPUSDT,0.062214233882|0.062214233882|0.062214233882|0.062214233882,0.102437341918|0.027943644990|0.005340711666|-0.020336456559,66022.115937805560|73752.908878017377|480703.481472892803|55856.829887966021,0.248856935530,-0.009804243384,-0.000071498464,0.000000000000,-0.009875741848,-0.009875741848,2.680731240862,2.658228499794,
2021-12-30T00:00:00Z,,hold,AVAXUSDT|SOLUSDT|ETHUSDT|XRPUSDT,0.062214233882|0.062214233882|0.062214233882|0.062214233882,0.102437341918|0.027943644990|0.005340711666|-0.020336456559,66022.115937805560|73752.908878017377|480703.481472892803|55856.829887966021,0.248856935530,0.002874995908,-0.000067482535,0.000000000000,0.002807513373,0.002807513373,2.688257429669,2.665691511855,
2021-12-31T00:00:00Z,,hold,AVAXUSDT|SOLUSDT|ETHUSDT|XRPUSDT,0.062214233882|0.062214233882|0.062214233882|0.062214233882,0.102437341918|0.027943644990|0.005340711666|-0.020336456559,66022.115937805560|73752.908878017377|480703.481472892803|55856.829887966021,0.248856935530,0.002605453754,-0.000067080009,0.000000000000,0.002538373745,0.002538373745,2.695081231749,2.672458033202,
2022-01-01T00:00:00Z,,hold,AVAXUSDT|SOLUSDT|ETHUSDT|XRPUSDT,0.062214233882|0.062214233882|0.062214233882|0.062214233882,0.102437341918|0.027943644990|0.005340711666|-0.020336456559,66022.115937805560|73752.908878017377|480703.481472892803|55856.829887966021,0.248856935530,0.009019211375,-0.000074657081,0.000000000000,0.008944554294,0.008944554294,2.719187532153,2.696361979178,
2022-01-02T00:00:00Z,,hold,AVAXUSDT|SOLUSDT|ETHUSDT|XRPUSDT,0.062214233882|0.062214233882|0.062214233882|0.062214233882,0.102437341918|0.027943644990|0.005340711666|-0.020336456559,66022.115937805560|73752.908878017377|480703.481472892803|55856.829887966021,0.248856935530,0.000073106029,-0.000063989206,0.000000000000,0.000009116823,0.000009116823,2.719212322506,2.696386561434,
2022-01-03T00:00:00Z,2022-01-03T00:00:00Z,active,AVAXUSDT|LINKUSDT|XRPUSDT|ETHUSDT,0.055469395289|0.055469395289|0.055469395289|0.055469395289,0.044191394453|-0.062140588791|-0.068381634647|-0.091950940513,51202.338882351985|54196.046588559686|35860.247177553232|323214.269545950287,0.221877581155,-0.000322160745,-0.000060711808,0.137918144952,-0.000548374326,-0.000658708842,2.717721176280,2.694610427764,
2022-01-04T00:00:00Z,,hold,AVAXUSDT|LINKUSDT|XRPUSDT|ETHUSDT,0.055469395289|0.055469395289|0.055469395289|0.055469395289,0.044191394453|-0.062140588791|-0.068381634647|-0.091950940513,51202.338882351985|54196.046588559686|35860.247177553232|323214.269545950287,0.221877581155,-0.003394145610,-0.000066563274,0.000000000000,-0.003460708884,-0.003460708884,2.708315934460,2.685285165516,
2022-01-05T00:00:00Z,,hold,AVAXUSDT|LINKUSDT|XRPUSDT|ETHUSDT,0.055469395289|0.055469395289|0.055469395289|0.055469395289,0.044191394453|-0.062140588791|-0.068381634647|-0.091950940513,51202.338882351985|54196.046588559686|35860.247177553232|323214.269545950287,0.221877581155,-0.006034470091,-0.000066563274,0.000000000000,-0.006101033365,-0.006101033365,2.691792408580,2.668902151126,
2022-01-06T00:00:00Z,,hold,AVAXUSDT|LINKUSDT|XRPUSDT|ETHUSDT,0.055469395289|0.055469395289|0.055469395289|0.055469395289,0.044191394453|-0.062140588791|-0.068381634647|-0.091950940513,51202.338882351985|54196.046588559686|35860.247177553232|323214.269545950287,0.221877581155,-0.002544873015,-0.000052867881,0.000000000000,-0.002597740895,-0.002597740895,2.684799829358,2.661969034863,
2022-01-07T00:00:00Z,,hold,AVAXUSDT|LINKUSDT|XRPUSDT|ETHUSDT,0.055469395289|0.055469395289|0.055469395289|0.055469395289,0.044191394453|-0.062140588791|-0.068381634647|-0.091950940513,51202.338882351985|54196.046588559686|35860.247177553232|323214.269545950287,0.221877581155,-0.008029069448,-0.000059344487,0.000000000000,-0.008088413935,-0.008088413935,2.663084057005,2.640437927426,
2022-01-08T00:00:00Z,,hold,AVAXUSDT|LINKUSDT|XRPUSDT|ETHUSDT,0.055469395289|0.055469395289|0.055469395289|0.055469395289,0.044191394453|-0.062140588791|-0.068381634647|-0.091950940513,51202.338882351985|54196.046588559686|35860.247177553232|323214.269545950287,0.221877581155,-0.006640650831,-0.000066563274,0.000000000000,-0.006707214106,-0.006707214106,2.645222182054,2.622727944914,
2022-01-09T00:00:00Z,,hold,AVAXUSDT|LINKUSDT|XRPUSDT|ETHUSDT,0.055469395289|0.055469395289|0.055469395289|0.055469395289,0.044191394453|-0.062140588791|-0.068381634647|-0.091950940513,51202.338882351985|54196.046588559686|35860.247177553232|323214.269545950287,0.221877581155,0.010334547421,-0.000054118161,0.000000000000,0.010280429260,0.010280429260,2.672416201574,2.649690714020,
2022-01-10T00:00:00Z,2022-01-10T00:00:00Z,active,LINKUSDT|AVAXUSDT|ADAUSDT|XRPUSDT,0.060387641894|0.060387641894|0.060387641894|0.060387641894,0.485970213684|0.108986615679|-0.032818054063|-0.057107075767,323146.427555690869|145214.822504619980|57889.239194814771|53467.317016771893,0.241550567577,-0.005923944881,-0.000043343834,0.130611776999,-0.006124022847,-0.006228512269,2.656050263698,2.633187082900,
2022-01-11T00:00:00Z,,hold,LINKUSDT|AVAXUSDT|ADAUSDT|XRPUSDT,0.060387641894|0.060387641894|0.060387641894|0.060387641894,0.485970213684|0.108986615679|-0.032818054063|-0.057107075767,323146.427555690869|145214.822504619980|57889.239194814771|53467.317016771893,0.241550567577,0.006639255184,-0.000050179715,0.000000000000,0.006589075469,0.006589075469,2.673551179335,2.650537351312,
2022-01-12T00:00:00Z,,hold,LINKUSDT|AVAXUSDT|ADAUSDT|XRPUSDT,0.060387641894|0.060387641894|0.060387641894|0.060387641894,0.485970213684|0.108986615679|-0.032818054063|-0.057107075767,323146.427555690869|145214.822504619980|57889.239194814771|53467.317016771893,0.241550567577,0.013299744139,-0.000032663676,0.000000000000,0.013267080464,0.013267080464,2.709021397955,2.685702243624,
2022-01-13T00:00:00Z,,hold,LINKUSDT|AVAXUSDT|ADAUSDT|XRPUSDT,0.060387641894|0.060387641894|0.060387641894|0.060387641894,0.485970213684|0.108986615679|-0.032818054063|-0.057107075767,323146.427555690869|145214.822504619980|57889.239194814771|53467.317016771893,0.241550567577,-0.014259706293,-0.000071785205,0.000000000000,-0.014331491498,-0.014331491498,2.670197080821,2.647212124753,
2022-01-14T00:00:00Z,,hold,LINKUSDT|AVAXUSDT|ADAUSDT|XRPUSDT,0.060387641894|0.060387641894|0.060387641894|0.060387641894,0.485970213684|0.108986615679|-0.032818054063|-0.057107075767,323146.427555690869|145214.822504619980|57889.239194814771|53467.317016771893,0.241550567577,0.005908067120,-0.000072465170,0.000000000000,0.005835601950,0.005835601950,2.685779288113,2.662660200990,
2022-01-15T00:00:00Z,,hold,LINKUSDT|AVAXUSDT|ADAUSDT|XRPUSDT,0.060387641894|0.060387641894|0.060387641894|0.060387641894,0.485970213684|0.108986615679|-0.032818054063|-0.057107075767,323146.427555690869|145214.822504619980|57889.239194814771|53467.317016771893,0.241550567577,0.000957324935,-0.000072465170,0.000000000000,0.000884859764,0.000884859764,2.688155826141,2.665016281868,
2022-01-16T00:00:00Z,,hold,LINKUSDT|AVAXUSDT|ADAUSDT|XRPUSDT,0.060387641894|0.060387641894|0.060387641894|0.060387641894,0.485970213684|0.108986615679|-0.032818054063|-0.057107075767,323146.427555690869|145214.822504619980|57889.239194814771|53467.317016771893,0.241550567577,0.005833470597,-0.000069525500,0.000000000000,0.005763945097,0.005763945097,2.703650208735,2.680377289400,
2022-01-17T00:00:00Z,2022-01-17T00:00:00Z,active,LINKUSDT|ADAUSDT|DOTUSDT|DOGEUSDT,0.069304918681|0.069304918681|0.069304918681|0.069304918681,0.397150684932|0.158997534922|0.123720968004|0.048634204276,47355.596031034787|162132.858886365022|44814.495900957947|71337.467555245647,0.277219674723,-0.002640921755,-0.000040009730,0.277219674723,-0.003013595095,-0.003235370834,2.695502501729,2.671705274893,
2022-01-18T00:00:00Z,,hold,LINKUSDT|ADAUSDT|DOTUSDT|DOGEUSDT,0.069304918681|0.069304918681|0.069304918681|0.069304918681,0.397150684932|0.158997534922|0.123720968004|0.048634204276,47355.596031034787|162132.858886365022|44814.495900957947|71337.467555245647,0.277219674723,-0.012457786112,-0.000037469011,0.000000000000,-0.012495255124,-0.012495255124,2.661821510283,2.638321635868,
2022-01-19T00:00:00Z,,hold,LINKUSDT|ADAUSDT|DOTUSDT|DOGEUSDT,0.069304918681|0.069304918681|0.069304918681|0.069304918681,0.397150684932|0.158997534922|0.123720968004|0.048634204276,47355.596031034787|162132.858886365022|44814.495900957947|71337.467555245647,0.277219674723,-0.014486296791,-0.000027335246,0.000000000000,-0.014513632037,-0.014513632037,2.623188812336,2.600030006451,
2022-01-20T00:00:00Z,,hold,LINKUSDT|ADAUSDT|DOTUSDT|DOGEUSDT,0.069304918681|0.069304918681|0.069304918681|0.069304918681,0.397150684932|0.158997534922|0.123720968004|0.048634204276,47355.596031034787|162132.858886365022|44814.495900957947|71337.467555245647,0.277219674723,-0.014264047222,-0.000026218051,0.000000000000,-0.014290265273,-0.014290265273,2.585702748346,2.562874887940,
2022-01-21T00:00:00Z,,hold,LINKUSDT|ADAUSDT|DOTUSDT|DOGEUSDT,0.069304918681|0.069304918681|0.069304918681|0.069304918681,0.397150684932|0.158997534922|0.123720968004|0.048634204276,47355.596031034787|162132.858886365022|44814.495900957947|71337.467555245647,0.277219674723,-0.033083196349,0.000090222529,0.000000000000,-0.032992973819,-0.032992973819,2.500392725265,2.478318023860,
2022-01-22T00:00:00Z,,hold,LINKUSDT|ADAUSDT|DOTUSDT|DOGEUSDT,0.069304918681|0.069304918681|0.069304918681|0.069304918681,0.397150684932|0.158997534922|0.123720968004|0.048634204276,47355.596031034787|162132.858886365022|44814.495900957947|71337.467555245647,0.277219674723,-0.018389871599,0.000139072101,0.000000000000,-0.018250799498,-0.018250799498,2.454758558970,2.433086738514,
2022-01-23T00:00:00Z,,hold,LINKUSDT|ADAUSDT|DOTUSDT|DOGEUSDT,0.069304918681|0.069304918681|0.069304918681|0.069304918681,0.397150684932|0.158997534922|0.123720968004|0.048634204276,47355.596031034787|162132.858886365022|44814.495900957947|71337.467555245647,0.277219674723,0.013314988397,0.000072061868,0.000000000000,0.013387050265,0.013387050265,2.487620535189,2.465658592983,
2022-01-24T00:00:00Z,2022-01-24T00:00:00Z,active,ADAUSDT|LINKUSDT|DOGEUSDT|BNBUSDT,0.064665004997|0.064665004997|0.064665004997|0.064665004997,-0.193194055568|-0.226163873371|-0.239166621919|-0.292014016968,292054.884495439299|160942.216564167611|158182.850193291641|200382.736041411787,0.258660019990,-0.011710449371,0.000010169219,0.147889664728,-0.011877747750,-0.011996059482,2.458073205974,2.436080405840,
2022-01-25T00:00:00Z,,hold,ADAUSDT|LINKUSDT|DOGEUSDT|BNBUSDT,0.064665004997|0.064665004997|0.064665004997|0.064665004997,-0.193194055568|-0.226163873371|-0.239166621919|-0.292014016968,292054.884495439299|160942.216564167611|158182.850193291641|200382.736041411787,0.258660019990,0.003224614457,0.000028967982,0.000000000000,0.003253582439,0.003253582439,2.466070749792,2.444006394270,
2022-01-26T00:00:00Z,,hold,ADAUSDT|LINKUSDT|DOGEUSDT|BNBUSDT,0.064665004997|0.064665004997|0.064665004997|0.064665004997,-0.193194055568|-0.226163873371|-0.239166621919|-0.292014016968,292054.884495439299|160942.216564167611|158182.850193291641|200382.736041411787,0.258660019990,-0.000407170131,0.000079396340,0.000000000000,-0.000327773791,-0.000327773791,2.465262436434,2.443205313029,
2022-01-27T00:00:00Z,,hold,ADAUSDT|LINKUSDT|DOGEUSDT|BNBUSDT,0.064665004997|0.064665004997|0.064665004997|0.064665004997,-0.193194055568|-0.226163873371|-0.239166621919|-0.292014016968,292054.884495439299|160942.216564167611|158182.850193291641|200382.736041411787,0.258660019990,-0.000425851517,0.000082488620,0.000000000000,-0.000343362897,-0.000343362897,2.464415956783,2.442366406975,
2022-01-28T00:00:00Z,,hold,ADAUSDT|LINKUSDT|DOGEUSDT|BNBUSDT,0.064665004997|0.064665004997|0.064665004997|0.064665004997,-0.193194055568|-0.226163873371|-0.239166621919|-0.292014016968,292054.884495439299|160942.216564167611|158182.850193291641|200382.736041411787,0.258660019990,0.003717150526,0.000062185102,0.000000000000,0.003779335628,0.003779335628,2.473729811809,2.451596929353,
2022-01-29T00:00:00Z,,hold,ADAUSDT|LINKUSDT|DOGEUSDT|BNBUSDT,0.064665004997|0.064665004997|0.064665004997|0.064665004997,-0.193194055568|-0.226163873371|-0.239166621919|-0.292014016968,292054.884495439299|160942.216564167611|158182.850193291641|200382.736041411787,0.258660019990,0.002245122350,-0.000007285159,0.000000000000,0.002237837191,0.002237837191,2.479265616382,2.457083204138,
2022-01-30T00:00:00Z,,hold,ADAUSDT|LINKUSDT|DOGEUSDT|BNBUSDT,0.064665004997|0.064665004997|0.064665004997|0.064665004997,-0.193194055568|-0.226163873371|-0.239166621919|-0.292014016968,292054.884495439299|160942.216564167611|158182.850193291641|200382.736041411787,0.258660019990,0.000858571918,-0.000006086270,0.000000000000,0.000852485648,0.000852485648,2.481379154738,2.459177832306,
2022-01-31T00:00:00Z,2022-01-31T00:00:00Z,active,LINKUSDT|DOGEUSDT|ADAUSDT|LTCUSDT,0.068978914386|0.068978914386|0.068978914386|0.068978914386,-0.090191657272|-0.183462532300|-0.209008871214|-0.258397756037,224908.661001408997|58244.346651275147|101938.983205781929|71589.348734359970,0.275915657545,0.000634506319,0.000132566437,0.146585647550,0.000591169978,0.000473901460,2.482846071599,2.460343240272,
2022-02-01T00:00:00Z,,hold,LINKUSDT|DOGEUSDT|ADAUSDT|LTCUSDT,0.068978914386|0.068978914386|0.068978914386|0.068978914386,-0.090191657272|-0.183462532300|-0.209008871214|-0.258397756037,224908.661001408997|58244.346651275147|101938.983205781929|71589.348734359970,0.275915657545,0.006081766790,-0.000001408549,0.000000000000,0.006080358240,0.006080358240,2.497942665170,2.475303008567,
2022-02-02T00:00:00Z,,hold,LINKUSDT|DOGEUSDT|ADAUSDT|LTCUSDT,0.068978914386|0.068978914386|0.068978914386|0.068978914386,-0.090191657272|-0.183462532300|-0.209008871214|-0.258397756037,224908.661001408997|58244.346651275147|101938.983205781929|71589.348734359970,0.275915657545,-0.015906247134,-0.000036485017,0.000000000000,-0.015942732151,-0.015942732151,2.458118634330,2.435839915708,
2022-02-03T00:00:00Z,,hold,LINKUSDT|DOGEUSDT|ADAUSDT|LTCUSDT,0.068978914386|0.068978914386|0.068978914386|0.068978914386,-0.090191657272|-0.183462532300|-0.209008871214|-0.258397756037,224908.661001408997|58244.346651275147|101938.983205781929|71589.348734359970,0.275915657545,0.006702684109,0.000069481771,0.000000000000,0.006772165880,0.006772165880,2.474765421475,2.452335827674,
2022-02-04T00:00:00Z,,hold,LINKUSDT|DOGEUSDT|ADAUSDT|LTCUSDT,0.068978914386|0.068978914386|0.068978914386|0.068978914386,-0.090191657272|-0.183462532300|-0.209008871214|-0.258397756037,224908.661001408997|58244.346651275147|101938.983205781929|71589.348734359970,0.275915657545,0.021648975285,0.000020635732,0.000000000000,0.021669611017,0.021669611017,2.528392625515,2.505476991142,
2022-02-05T00:00:00Z,,hold,LINKUSDT|DOGEUSDT|ADAUSDT|LTCUSDT,0.068978914386|0.068978914386|0.068978914386|0.068978914386,-0.090191657272|-0.183462532300|-0.209008871214|-0.258397756037,224908.661001408997|58244.346651275147|101938.983205781929|71589.348734359970,0.275915657545,-0.000018787176,-0.000071822225,0.000000000000,-0.000090609401,-0.000090609401,2.528163529373,2.505249971372,
2022-02-06T00:00:00Z,,hold,LINKUSDT|DOGEUSDT|ADAUSDT|LTCUSDT,0.068978914386|0.068978914386|0.068978914386|0.068978914386,-0.090191657272|-0.183462532300|-0.209008871214|-0.258397756037,224908.661001408997|58244.346651275147|101938.983205781929|71589.348734359970,0.275915657545,0.008951372482,-0.000067866974,0.000000000000,0.008883505508,0.008883505508,2.550622484011,2.527505373291,
2022-02-07T00:00:00Z,2022-02-07T00:00:00Z,active,DOGEUSDT|LTCUSDT|ETHUSDT|ADAUSDT,0.061637622362|0.061637622362|0.061637622362|0.061637622362,-0.007223010448|-0.029232643118|-0.044522583511|-0.055169561621,103795.477457983128|87360.768992080106|2052655.244071626104|172787.824048319890,0.246550489447,0.013995855106,-0.000028336048,0.152640412822,0.013784350563,0.013662238233,2.585781158485,2.562036753836,
2022-02-08T00:00:00Z,,hold,DOGEUSDT|LTCUSDT|ETHUSDT|ADAUSDT,0.061637622362|0.061637622362|0.061637622362|0.061637622362,-0.007223010448|-0.029232643118|-0.044522583511|-0.055169561621,103795.477457983128|87360.768992080106|2052655.244071626104|172787.824048319890,0.246550489447,-0.006022707039,-0.000055515774,0.000000000000,-0.006078222813,-0.006078222813,2.570064204459,2.546464123592,
2022-02-09T00:00:00Z,,hold,DOGEUSDT|LTCUSDT|ETHUSDT|ADAUSDT,0.061637622362|0.061637622362|0.061637622362|0.061637622362,-0.007223010448|-0.029232643118|-0.044522583511|-0.055169561621,103795.477457983128|87360.768992080106|2052655.244071626104|172787.824048319890,0.246550489447,0.006913083461,-0.000020597444,0.000000000000,0.006892486016,0.006892486016,2.587778336049,2.564015591955,
2022-02-10T00:00:00Z,,hold,DOGEUSDT|LTCUSDT|ETHUSDT|ADAUSDT,0.061637622362|0.061637622362|0.061637622362|0.061637622362,-0.007223010448|-0.029232643118|-0.044522583511|-0.055169561621,103795.477457983128|87360.768992080106|2052655.244071626104|172787.824048319890,0.246550489447,-0.010991119863,-0.000035007704,0.000000000000,-0.011026127567,-0.011026127567,2.559245162001,2.535744428955,
2022-02-11T00:00:00Z,,hold,DOGEUSDT|LTCUSDT|ETHUSDT|ADAUSDT,0.061637622362|0.061637622362|0.061637622362|0.061637622362,-0.007223010448|-0.029232643118|-0.044522583511|-0.055169561621,103795.477457983128|87360.768992080106|2052655.244071626104|172787.824048319890,0.246550489447,-0.013609232741,0.000000282300,0.000000000000,-0.013608950441,-0.013608950441,2.524416521427,2.501235608691,
2022-02-12T00:00:00Z,,hold,DOGEUSDT|LTCUSDT|ETHUSDT|ADAUSDT,0.061637622362|0.061637622362|0.061637622362|0.061637622362,-0.007223010448|-0.029232643118|-0.044522583511|-0.055169561621,103795.477457983128|87360.768992080106|2052655.244071626104|172787.824048319890,0.246550489447,-0.000951954593,-0.000014722146,0.000000000000,-0.000966676740,-0.000966676740,2.521976226694,2.498817722408,
2022-02-13T00:00:00Z,,hold,DOGEUSDT|LTCUSDT|ETHUSDT|ADAUSDT,0.061637622362|0.061637622362|0.061637622362|0.061637622362,-0.007223010448|-0.029232643118|-0.044522583511|-0.055169561621,103795.477457983128|87360.768992080106|2052655.244071626104|172787.824048319890,0.246550489447,-0.000871435523,0.000035531007,0.000000000000,-0.000835904515,-0.000835904515,2.519868095379,2.496728949391,
2022-02-14T00:00:00Z,2022-02-14T00:00:00Z,active,XRPUSDT|ETHUSDT|LTCUSDT|AVAXUSDT,0.054984068559|0.054984068559|0.054984068559|0.054984068559,0.041930891679|-0.131679574056|-0.132135452661|-0.138091337746,125683.006935282581|791037.852400563192|27373.499834097060|68897.637165367851,0.219936274234,0.003131099893,-0.000030478769,0.246550489447,0.002804760536,0.002607520145,2.526935721970,2.503239220423,
2022-02-15T00:00:00Z,,hold,XRPUSDT|ETHUSDT|LTCUSDT|AVAXUSDT,0.054984068559|0.054984068559|0.054984068559|0.054984068559,0.041930891679|-0.131679574056|-0.132135452661|-0.138091337746,125683.006935282581|791037.852400563192|27373.499834097060|68897.637165367851,0.219936274234,0.018869126831,-0.000010376593,0.000000000000,0.018858750238,0.018858750238,2.574590571617,2.550447183666,
2022-02-16T00:00:00Z,,hold,XRPUSDT|ETHUSDT|LTCUSDT|AVAXUSDT,0.054984068559|0.054984068559|0.054984068559|0.054984068559,0.041930891679|-0.131679574056|-0.132135452661|-0.138091337746,125683.006935282581|791037.852400563192|27373.499834097060|68897.637165367851,0.219936274234,-0.002311344844,-0.000061080152,0.000000000000,-0.002372424996,-0.002372424996,2.568482548591,2.544396439017,
2022-02-17T00:00:00Z,,hold,XRPUSDT|ETHUSDT|LTCUSDT|AVAXUSDT,0.054984068559|0.054984068559|0.054984068559|0.054984068559,0.041930891679|-0.131679574056|-0.132135452661|-0.138091337746,125683.006935282581|791037.852400563192|27373.499834097060|68897.637165367851,0.219936274234,-0.017527681944,-0.000028409718,0.000000000000,-0.017556091662,-0.017556091662,2.523390033535,2.499726781909,
2022-02-18T00:00:00Z,,hold,XRPUSDT|ETHUSDT|LTCUSDT|AVAXUSDT,0.054984068559|0.054984068559|0.054984068559|0.054984068559,0.041930891679|-0.131679574056|-0.132135452661|-0.138091337746,125683.006935282581|791037.852400563192|27373.499834097060|68897.637165367851,0.219936274234,-0.004615693469,0.000004904029,0.000000000000,-0.004610789439,-0.004610789439,2.511755213417,2.488201068061,
2022-02-19T00:00:00Z,,hold,XRPUSDT|ETHUSDT|LTCUSDT|AVAXUSDT,0.054984068559|0.054984068559|0.054984068559|0.054984068559,0.041930891679|-0.131679574056|-0.132135452661|-0.138091337746,125683.006935282581|791037.852400563192|27373.499834097060|68897.637165367851,0.219936274234,0.003588416183,-0.000030522756,0.000000000000,0.003557893427,0.003557893427,2.520691770781,2.497053822287,
2022-02-20T00:00:00Z,,hold,XRPUSDT|ETHUSDT|LTCUSDT|AVAXUSDT,0.054984068559|0.054984068559|0.054984068559|0.054984068559,0.041930891679|-0.131679574056|-0.132135452661|-0.138091337746,125683.006935282581|791037.852400563192|27373.499834097060|68897.637165367851,0.219936274234,-0.013170486371,-0.000017919858,0.000000000000,-0.013188406229,-0.013188406229,2.487447863730,2.464121662102,
2022-02-21T00:00:00Z,2022-02-21T00:00:00Z,active,XRPUSDT|AVAXUSDT|ETHUSDT|BNBUSDT,0.058804398348|0.058804398348|0.058804398348|0.058804398348,0.219987429290|0.170278825329|0.020962947669|-0.008499100555,214153.217239211866|153721.523713336879|1339541.010759010678|82213.336471453338,0.235217593393,-0.016151072563,0.000036529292,0.125249456276,-0.016264842618,-0.016365042183,2.446989915706,2.423796207158,
2022-02-22T00:00:00Z,,hold,XRPUSDT|AVAXUSDT|ETHUSDT|BNBUSDT,0.058804398348|0.058804398348|0.058804398348|0.058804398348,0.219987429290|0.170278825329|0.020962947669|-0.008499100555,214153.217239211866|153721.523713336879|1339541.010759010678|82213.336471453338,0.235217593393,0.009777276147,0.000060861964,0.000000000000,0.009838138112,0.009838138112,2.471063740454,2.447641848998,
2022-02-23T00:00:00Z,,hold,XRPUSDT|AVAXUSDT|ETHUSDT|BNBUSDT,0.058804398348|0.058804398348|0.058804398348|0.058804398348,0.219987429290|0.170278825329|0.020962947669|-0.008499100555,214153.217239211866|153721.523713336879|1339541.010759010678|82213.336471453338,0.235217593393,-0.005360283754,0.000025560508,0.000000000000,-0.005334723246,-0.005334723246,2.457881299275,2.434584357128,
2022-02-24T00:00:00Z,,hold,XRPUSDT|AVAXUSDT|ETHUSDT|BNBUSDT,0.058804398348|0.058804398348|0.058804398348|0.058804398348,0.219987429290|0.170278825329|0.020962947669|-0.008499100555,214153.217239211866|153721.523713336879|1339541.010759010678|82213.336471453338,0.235217593393,0.001979271864,0.000035403188,0.000000000000,0.002014675052,0.002014675052,2.462833131410,2.439489253495,
2022-02-25T00:00:00Z,,missing_required_observation_cash,,,,,0.235217593393,0.000000000000,0.000000000000,0.235217593393,-0.000282261112,-0.000470435187,2.462137969391,2.438341631912,
2022-02-26T00:00:00Z,,hold,,,,,0.235217593393,0.000000000000,0.000000000000,0.000000000000,0.000000000000,0.000000000000,2.462137969391,2.438341631912,
2022-02-27T00:00:00Z,,hold,,,,,0.235217593393,0.000000000000,0.000000000000,0.000000000000,0.000000000000,0.000000000000,2.462137969391,2.438341631912,
2022-02-28T00:00:00Z,2022-02-28T00:00:00Z,active,AVAXUSDT|ETHUSDT|DOTUSDT|BNBUSDT,0.060632997148|0.060632997148|0.060632997148|0.060632997148,0.120424323921|0.028564800617|-0.045747352331|-0.067022600041,146963.599488879030|1926682.642927469453|86389.316708996732|92709.972389330840,0.242531988592,0.025718325906,0.000080321138,0.242531988592,0.025507608658,0.025313583067,2.524941221176,2.500064795357,
2022-03-01T00:00:00Z,,hold,AVAXUSDT|ETHUSDT|DOTUSDT|BNBUSDT,0.060632997148|0.060632997148|0.060632997148|0.060632997148,0.120424323921|0.028564800617|-0.045747352331|-0.067022600041,146963.599488879030|1926682.642927469453|86389.316708996732|92709.972389330840,0.242531988592,0.004744397548,-0.000020604305,0.000000000000,0.004723793243,0.004723793243,2.536868521456,2.511874584545,
2022-03-02T00:00:00Z,,hold,AVAXUSDT|ETHUSDT|DOTUSDT|BNBUSDT,0.060632997148|0.060632997148|0.060632997148|0.060632997148,0.120424323921|0.028564800617|-0.045747352331|-0.067022600041,146963.599488879030|1926682.642927469453|86389.316708996732|92709.972389330840,0.242531988592,-0.003932335131,-0.000019185493,0.000000000000,-0.003951520624,-0.003951520624,2.526844033173,2.501948860318,
2022-03-03T00:00:00Z,,hold,AVAXUSDT|ETHUSDT|DOTUSDT|BNBUSDT,0.060632997148|0.060632997148|0.060632997148|0.060632997148,0.120424323921|0.028564800617|-0.045747352331|-0.067022600041,146963.599488879030|1926682.642927469453|86389.316708996732|92709.972389330840,0.242531988592,-0.008815867445,-0.000009835885,0.000000000000,-0.008825703330,-0.008825703330,2.504542857374,2.479867401930,
2022-03-04T00:00:00Z,,hold,AVAXUSDT|ETHUSDT|DOTUSDT|BNBUSDT,0.060632997148|0.060632997148|0.060632997148|0.060632997148,0.120424323921|0.028564800617|-0.045747352331|-0.067022600041,146963.599488879030|1926682.642927469453|86389.316708996732|92709.972389330840,0.242531988592,-0.015056065956,0.000011091594,0.000000000000,-0.015044974362,-0.015044974362,2.466862074298,2.442557860448,
2022-03-05T00:00:00Z,,hold,AVAXUSDT|ETHUSDT|DOTUSDT|BNBUSDT,0.060632997148|0.060632997148|0.060632997148|0.060632997148,0.120424323921|0.028564800617|-0.045747352331|-0.067022600041,146963.599488879030|1926682.642927469453|86389.316708996732|92709.972389330840,0.242531988592,0.005332258540,0.000080447254,0.000000000000,0.005412705794,0.005412705794,2.480214472940,2.455778707531,
2022-03-06T00:00:00Z,,hold,AVAXUSDT|ETHUSDT|DOTUSDT|BNBUSDT,0.060632997148|0.060632997148|0.060632997148|0.060632997148,0.120424323921|0.028564800617|-0.045747352331|-0.067022600041,146963.599488879030|1926682.642927469453|86389.316708996732|92709.972389330840,0.242531988592,-0.008559894713,0.000093066194,0.000000000000,-0.008466828520,-0.008466828520,2.459214922306,2.434986050333,
2022-03-07T00:00:00Z,2022-03-07T00:00:00Z,active,BNBUSDT|AVAXUSDT|ETHUSDT|DOTUSDT,0.059540514234|0.059540514234|0.059540514234|0.059540514234,-0.061828562843|-0.068167202572|-0.148407462462|-0.170549450549,112335.548759698868|129164.369180929250|2006140.795358775184|113603.667773784677,0.238162056937,-0.003307721679,0.000090459903,0.004369931656,-0.003222505693,-0.003226001639,2.451290088218,2.427130781344,
2022-03-08T00:00:00Z,,hold,BNBUSDT|AVAXUSDT|ETHUSDT|DOTUSDT,0.059540514234|0.059540514234|0.059540514234|0.059540514234,-0.061828562843|-0.068167202572|-0.148407462462|-0.170549450549,112335.548759698868|129164.369180929250|2006140.795358775184|113603.667773784677,0.238162056937,0.005348620639,0.000075516425,0.000000000000,0.005424137064,0.005424137064,2.464586221640,2.440295871374,
2022-03-09T00:00:00Z,,hold,BNBUSDT|AVAXUSDT|ETHUSDT|DOTUSDT,0.059540514234|0.059540514234|0.059540514234|0.059540514234,-0.061828562843|-0.068167202572|-0.148407462462|-0.170549450549,112335.548759698868|129164.369180929250|2006140.795358775184|113603.667773784677,0.238162056937,0.012271049216,0.000016544523,0.000000000000,0.012287593739,0.012287593739,2.494870055866,2.470281235645,
2022-03-10T00:00:00Z,,hold,BNBUSDT|AVAXUSDT|ETHUSDT|DOTUSDT,0.059540514234|0.059540514234|0.059540514234|0.059540514234,-0.061828562843|-0.068167202572|-0.148407462462|-0.170549450549,112335.548759698868|129164.369180929250|2006140.795358775184|113603.667773784677,0.238162056937,-0.011664902825,0.000022756385,0.000000000000,-0.011642146440,-0.011642146440,2.465824413326,2.441521859751,
2022-03-11T00:00:00Z,,hold,BNBUSDT|AVAXUSDT|ETHUSDT|DOTUSDT,0.059540514234|0.059540514234|0.059540514234|0.059540514234,-0.061828562843|-0.068167202572|-0.148407462462|-0.170549450549,112335.548759698868|129164.369180929250|2006140.795358775184|113603.667773784677,0.238162056937,-0.000774795174,0.000032030415,0.000000000000,-0.000742764759,-0.000742764759,2.463992885851,2.439708383356,
2022-03-12T00:00:00Z,,hold,BNBUSDT|AVAXUSDT|ETHUSDT|DOTUSDT,0.059540514234|0.059540514234|0.059540514234|0.059540514234,-0.061828562843|-0.068167202572|-0.148407462462|-0.170549450549,112335.548759698868|129164.369180929250|2006140.795358775184|113603.667773784677,0.238162056937,0.001614102324,0.000018112224,0.000000000000,0.001632214548,0.001632214548,2.468014650886,2.443690510873,
2022-03-13T00:00:00Z,,hold,BNBUSDT|AVAXUSDT|ETHUSDT|DOTUSDT,0.059540514234|0.059540514234|0.059540514234|0.059540514234,-0.061828562843|-0.068167202572|-0.148407462462|-0.170549450549,112335.548759698868|129164.369180929250|2006140.795358775184|113603.667773784677,0.238162056937,-0.008580763555,0.000010109384,0.000000000000,-0.008570654171,-0.008570654171,2.446862150823,2.422746484602,
2022-03-14T00:00:00Z,2022-03-14T00:00:00Z,active,DOTUSDT|BNBUSDT|ETHUSDT|AVAXUSDT,0.060260234569|0.060260234569|0.060260234569|0.060260234569,-0.092271168557|-0.096921037493|-0.140794384219|-0.169012360788,88702.855960224930|122888.962825115814|884597.061465503881|110538.619655790681,0.241040938278,0.006430570035,0.000036290521,0.002878881341,0.006463405899,0.006461102794,2.462677214083,2.438400098682,
2022-03-15T00:00:00Z,,hold,DOTUSDT|BNBUSDT|ETHUSDT|AVAXUSDT,0.060260234569|0.060260234569|0.060260234569|0.060260234569,-0.092271168557|-0.096921037493|-0.140794384219|-0.169012360788,88702.855960224930|122888.962825115814|884597.061465503881|110538.619655790681,0.241040938278,0.001510645570,0.000045686899,0.000000000000,0.001556332469,0.001556332469,2.466509958592,2.442195059929,
2022-03-16T00:00:00Z,,hold,DOTUSDT|BNBUSDT|ETHUSDT|AVAXUSDT,0.060260234569|0.060260234569|0.060260234569|0.060260234569,-0.092271168557|-0.096921037493|-0.140794384219|-0.169012360788,88702.855960224930|122888.962825115814|884597.061465503881|110538.619655790681,0.241040938278,0.013684897491,-0.000015768898,0.000000000000,0.013669128593,0.013669128593,2.500225000392,2.475577738252,
2022-03-17T00:00:00Z,,hold,DOTUSDT|BNBUSDT|ETHUSDT|AVAXUSDT,0.060260234569|0.060260234569|0.060260234569|0.060260234569,-0.092271168557|-0.096921037493|-0.140794384219|-0.169012360788,88702.855960224930|122888.962825115814|884597.061465503881|110538.619655790681,0.241040938278,0.005229306446,-0.000039854914,0.000000000000,0.005189451532,0.005189451532,2.513199796851,2.488424628939,
2022-03-18T00:00:00Z,,hold,DOTUSDT|BNBUSDT|ETHUSDT|AVAXUSDT,0.060260234569|0.060260234569|0.060260234569|0.060260234569,-0.092271168557|-0.096921037493|-0.140794384219|-0.169012360788,88702.855960224930|122888.962825115814|884597.061465503881|110538.619655790681,0.241040938278,0.008986922105,-0.000019700276,0.000000000000,0.008967221829,0.008967221829,2.535736216929,2.510738884590,
2022-03-19T00:00:00Z,,hold,DOTUSDT|BNBUSDT|ETHUSDT|AVAXUSDT,0.060260234569|0.060260234569|0.060260234569|0.060260234569,-0.092271168557|-0.096921037493|-0.140794384219|-0.169012360788,88702.855960224930|122888.962825115814|884597.061465503881|110538.619655790681,0.241040938278,0.004767337976,-0.000020235387,0.000000000000,0.004747102589,0.004747102589,2.547773616890,2.522657619650,
2022-03-20T00:00:00Z,,hold,DOTUSDT|BNBUSDT|ETHUSDT|AVAXUSDT,0.060260234569|0.060260234569|0.060260234569|0.060260234569,-0.092271168557|-0.096921037493|-0.140794384219|-0.169012360788,88702.855960224930|122888.962825115814|884597.061465503881|110538.619655790681,0.241040938278,-0.008653198536,-0.000026421702,0.000000000000,-0.008679620238,-0.008679620238,2.525659909442,2.500761909521,
2022-03-21T00:00:00Z,2022-03-21T00:00:00Z,active,DOTUSDT|ETHUSDT|AVAXUSDT|BNBUSDT,0.064927693269|0.064927693269|0.064927693269|0.064927693269,0.047311344609|0.029516350784|0.014350633820|-0.020431697962,19892.723570645961|424296.505170324293|121377.085756443819|25417.273408822944,0.259710773076,0.002861767192,0.000004291721,0.018669834799,0.002843655111,0.002828719243,2.532842015153,2.507835862857,
2022-03-22T00:00:00Z,,hold,DOTUSDT|ETHUSDT|AVAXUSDT|BNBUSDT,0.064927693269|0.064927693269|0.064927693269|0.064927693269,0.047311344609|0.029516350784|0.014350633820|-0.020431697962,19892.723570645961|424296.505170324293|121377.085756443819|25417.273408822944,0.259710773076,0.006499204441,-0.000013216032,0.000000000000,0.006485988409,0.006485988409,2.549269999106,2.524101657196,
2022-03-23T00:00:00Z,,hold,DOTUSDT|ETHUSDT|AVAXUSDT|BNBUSDT,0.064927693269|0.064927693269|0.064927693269|0.064927693269,0.047311344609|0.029516350784|0.014350633820|-0.020431697962,19892.723570645961|424296.505170324293|121377.085756443819|25417.273408822944,0.259710773076,0.006326637639,0.000023025308,0.000000000000,0.006349662947,0.006349662947,2.565457004360,2.540128851962,
2022-03-24T00:00:00Z,,hold,DOTUSDT|ETHUSDT|AVAXUSDT|BNBUSDT,0.064927693269|0.064927693269|0.064927693269|0.064927693269,0.047311344609|0.029516350784|0.014350633820|-0.020431697962,19892.723570645961|424296.505170324293|121377.085756443819|25417.273408822944,0.259710773076,0.004440856760,0.000007688088,0.000000000000,0.004448544848,0.004448544848,2.576869554900,2.551428729081,
2022-03-25T00:00:00Z,,hold,DOTUSDT|ETHUSDT|AVAXUSDT|BNBUSDT,0.064927693269|0.064927693269|0.064927693269|0.064927693269,0.047311344609|0.029516350784|0.014350633820|-0.020431697962,19892.723570645961|424296.505170324293|121377.085756443819|25417.273408822944,0.259710773076,-0.005998046583,-0.000004987096,0.000000000000,-0.006003033679,-0.006003033679,2.561400520176,2.536112416491,
2022-03-26T00:00:00Z,,hold,DOTUSDT|ETHUSDT|AVAXUSDT|BNBUSDT,0.064927693269|0.064927693269|0.064927693269|0.064927693269,0.047311344609|0.029516350784|0.014350633820|-0.020431697962,19892.723570645961|424296.505170324293|121377.085756443819|25417.273408822944,0.259710773076,0.004784680667,-0.000017342836,0.000000000000,0.004767337831,0.004767337831,2.573611581776,2.548202921158,
2022-03-27T00:00:00Z,,hold,DOTUSDT|ETHUSDT|AVAXUSDT|BNBUSDT,0.064927693269|0.064927693269|0.064927693269|0.064927693269,0.047311344609|0.029516350784|0.014350633820|-0.020431697962,19892.723570645961|424296.505170324293|121377.085756443819|25417.273408822944,0.259710773076,0.013290749123,-0.000005431202,0.000000000000,0.013285317921,0.013285317921,2.607802829846,2.582056607093,
2022-03-28T00:00:00Z,2022-03-28T00:00:00Z,active,ADAUSDT|DOTUSDT|ETHUSDT|LINKUSDT,0.065439489174|0.065439489174|0.065439489174|0.065439489174,0.317336599488|0.301699634550|0.191099495366|0.173828261021,138902.239868866192|84730.156793347182|787725.993074974976|54418.107693199890,0.261757956696,-0.002784344413,-0.000048149722,0.261757956696,-0.003146603683,-0.003356010048,2.599597107858,2.573391199175,
2022-03-29T00:00:00Z,,hold,ADAUSDT|DOTUSDT|ETHUSDT|LINKUSDT,0.065439489174|0.065439489174|0.065439489174|0.065439489174,0.317336599488|0.301699634550|0.191099495366|0.173828261021,138902.239868866192|84730.156793347182|787725.993074974976|54418.107693199890,0.261757956696,0.005684326862,-0.000038987539,0.000000000000,0.005645339323,0.005645339323,2.614272715634,2.587918865704,
2022-03-30T00:00:00Z,,hold,ADAUSDT|DOTUSDT|ETHUSDT|LINKUSDT,0.065439489174|0.065439489174|0.065439489174|0.065439489174,0.317336599488|0.301699634550|0.191099495366|0.173828261021,138902.239868866192|84730.156793347182|787725.993074974976|54418.107693199890,0.261757956696,0.000754854572,-0.000065591963,0.000000000000,0.000689262609,0.000689262609,2.616074636067,2.589702621414,
2022-03-31T00:00:00Z,,hold,ADAUSDT|DOTUSDT|ETHUSDT|LINKUSDT,0.065439489174|0.065439489174|0.065439489174|0.065439489174,0.317336599488|0.301699634550|0.191099495366|0.173828261021,138902.239868866192|84730.156793347182|787725.993074974976|54418.107693199890,0.261757956696,-0.009083348854,-0.000058125972,0.000000000000,-0.009141474826,-0.009141474826,2.592159855638,2.566028920093,
2022-04-01T00:00:00Z,,hold,ADAUSDT|DOTUSDT|ETHUSDT|LINKUSDT,0.065439489174|0.065439489174|0.065439489174|0.065439489174,0.317336599488|0.301699634550|0.191099495366|0.173828261021,138902.239868866192|84730.156793347182|787725.993074974976|54418.107693199890,0.261757956696,0.008779427705,-0.000046056312,0.000000000000,0.008733371393,0.008733371393,2.614798150367,2.588439003657,
2022-04-02T00:00:00Z,,hold,ADAUSDT|DOTUSDT|ETHUSDT|LINKUSDT,0.065439489174|0.065439489174|0.065439489174|0.065439489174,0.317336599488|0.301699634550|0.191099495366|0.173828261021,138902.239868866192|84730.156793347182|787725.993074974976|54418.107693199890,0.261757956696,0.001022697968,-0.000076543262,0.000000000000,0.000946154706,0.000946154706,2.617272153943,2.590888067402,
2022-04-03T00:00:00Z,,hold,ADAUSDT|DOTUSDT|ETHUSDT|LINKUSDT,0.065439489174|0.065439489174|0.065439489174|0.065439489174,0.317336599488|0.301699634550|0.191099495366|0.173828261021,138902.239868866192|84730.156793347182|787725.993074974976|54418.107693199890,0.261757956696,0.007482070072,-0.000075627109,0.000000000000,0.007406442963,0.007406442963,2.636656830871,2.610077332098,
2022-04-04T00:00:00Z,2022-04-04T00:00:00Z,active,ADAUSDT|DOTUSDT|ETHUSDT|LINKUSDT,0.083524601489|0.083524601489|0.083524601489|0.083524601489,0.405783360986|0.382900071548|0.343673313615|0.317257958767,90311.790226929894|62493.260344610208|1271597.776525688358|48076.226062053785,0.334098405956,-0.002020567838,-0.000063240652,0.072340449260,-0.002170617029,-0.002228489388,2.630933658655,2.604260802461,
2022-04-05T00:00:00Z,,hold,ADAUSDT|DOTUSDT|ETHUSDT|LINKUSDT,0.083524601489|0.083524601489|0.083524601489|0.083524601489,0.405783360986|0.382900071548|0.343673313615|0.317257958767,90311.790226929894|62493.260344610208|1271597.776525688358|48076.226062053785,0.334098405956,-0.013357039361,-0.000067541334,0.000000000000,-0.013424580694,-0.013424580694,2.595614477452,2.569299693169,
2022-04-06T00:00:00Z,,hold,ADAUSDT|DOTUSDT|ETHUSDT|LINKUSDT,0.083524601489|0.083524601489|0.083524601489|0.083524601489,0.405783360986|0.382900071548|0.343673313615|0.317257958767,90311.790226929894|62493.260344610208|1271597.776525688358|48076.226062053785,0.334098405956,-0.028409915989,-0.000012172875,0.000000000000,-0.028422088865,-0.028422088865,2.521841692116,2.496274828970,
2022-04-07T00:00:00Z,,hold,ADAUSDT|DOTUSDT|ETHUSDT|LINKUSDT,0.083524601489|0.083524601489|0.083524601489|0.083524601489,0.405783360986|0.382900071548|0.343673313615|0.317257958767,90311.790226929894|62493.260344610208|1271597.776525688358|48076.226062053785,0.334098405956,0.008564962379,0.000028280595,0.000000000000,0.008593242974,0.008593242974,2.543512490519,2.517725925106,
2022-04-08T00:00:00Z,,hold,ADAUSDT|DOTUSDT|ETHUSDT|LINKUSDT,0.083524601489|0.083524601489|0.083524601489|0.083524601489,0.405783360986|0.382900071548|0.343673313615|0.317257958767,90311.790226929894|62493.260344610208|1271597.776525688358|48076.226062053785,0.334098405956,-0.012994176824,-0.000027817033,0.000000000000,-0.013021993857,-0.013021993857,2.510390886492,2.484940113575,
2022-04-09T00:00:00Z,,hold,ADAUSDT|DOTUSDT|ETHUSDT|LINKUSDT,0.083524601489|0.083524601489|0.083524601489|0.083524601489,0.405783360986|0.382900071548|0.343673313615|0.317257958767,90311.790226929894|62493.260344610208|1271597.776525688358|48076.226062053785,0.334098405956,0.006492256760,-0.000053055662,0.000000000000,0.006439201098,0.006439201098,2.526555798244,2.500941142682,
2022-04-10T00:00:00Z,,hold,ADAUSDT|DOTUSDT|ETHUSDT|LINKUSDT,0.083524601489|0.083524601489|0.083524601489|0.083524601489,0.405783360986|0.382900071548|0.343673313615|0.317257958767,90311.790226929894|62493.260344610208|1271597.776525688358|48076.226062053785,0.334098405956,-0.006208673468,-0.000079638202,0.000000000000,-0.006288311669,-0.006288311669,2.510668027934,2.485214445310,
2022-04-11T00:00:00Z,2022-04-11T00:00:00Z,active,ADAUSDT|DOGEUSDT|ETHUSDT|LINKUSDT,0.079110555081|0.079110555081|0.079110555081|0.079110555081,0.301865245527|0.284092878184|0.252103963786|0.167817149870,99653.170923138765|221008.353061965463|1371319.011835063808|49290.765363877363,0.316442220324,-0.028866150989,-0.000076739612,0.175877295794,-0.029153943356,-0.029294645193,2.437472154462,2.412410969907,
2022-04-12T00:00:00Z,,hold,ADAUSDT|DOGEUSDT|ETHUSDT|LINKUSDT,0.079110555081|0.079110555081|0.079110555081|0.079110555081,0.301865245527|0.284092878184|0.252103963786|0.167817149870,99653.170923138765|221008.353061965463|1371319.011835063808|49290.765363877363,0.316442220324,0.007712303793,0.000033057928,0.000000000000,0.007745361720,0.007745361720,2.456351257981,2.431095965487,
2022-04-13T00:00:00Z,,hold,ADAUSDT|DOGEUSDT|ETHUSDT|LINKUSDT,0.079110555081|0.079110555081|0.079110555081|0.079110555081,0.301865245527|0.284092878184|0.252103963786|0.167817149870,99653.170923138765|221008.353061965463|1371319.011835063808|49290.765363877363,0.316442220324,0.006390066224,-0.000015302355,0.000000000000,0.006374763869,0.006374763869,2.472009917231,2.446593628211,
2022-04-14T00:00:00Z,,hold,ADAUSDT|DOGEUSDT|ETHUSDT|LINKUSDT,0.079110555081|0.079110555081|0.079110555081|0.079110555081,0.301865245527|0.284092878184|0.252103963786|0.167817149870,99653.170923138765|221008.353061965463|1371319.011835063808|49290.765363877363,0.316442220324,-0.006591829156,-0.000013651317,0.000000000000,-0.006605480474,-0.006605480474,2.455681103992,2.430432701772,
2022-04-15T00:00:00Z,,hold,ADAUSDT|DOGEUSDT|ETHUSDT|LINKUSDT,0.079110555081|0.079110555081|0.079110555081|0.079110555081,0.301865245527|0.284092878184|0.252103963786|0.167817149870,99653.170923138765|221008.353061965463|1371319.011835063808|49290.765363877363,0.316442220324,0.006133051848,-0.000011923543,0.000000000000,0.006121128305,0.006121128305,2.470712643105,2.445309692176,
2022-04-16T00:00:00Z,,hold,ADAUSDT|DOGEUSDT|ETHUSDT|LINKUSDT,0.079110555081|0.079110555081|0.079110555081|0.079110555081,0.301865245527|0.284092878184|0.252103963786|0.167817149870,99653.170923138765|221008.353061965463|1371319.011835063808|49290.765363877363,0.316442220324,-0.000938020807,-0.000041267230,0.000000000000,-0.000979288037,-0.000979288037,2.468293103771,2.442915029648,
2022-04-17T00:00:00Z,,hold,ADAUSDT|DOGEUSDT|ETHUSDT|LINKUSDT,0.079110555081|0.079110555081|0.079110555081|0.079110555081,0.301865245527|0.284092878184|0.252103963786|0.167817149870,99653.170923138765|221008.353061965463|1371319.011835063808|49290.765363877363,0.316442220324,-0.009721215127,-0.000051042921,0.000000000000,-0.009772258048,-0.009772258048,2.444172306623,2.419042233589,
2022-04-18T00:00:00Z,2022-04-18T00:00:00Z,active,DOGEUSDT|ADAUSDT|BNBUSDT|ETHUSDT,0.075545458561|0.075545458561|0.075545458561|0.075545458561,0.168024183391|0.073660714286|0.023859914336|0.016340937094,212324.708007823327|202653.957704930304|159579.048386998009|2010215.974151592469,0.302181834243,0.006035508361,0.000070443874,0.165351303203,0.005907530671,0.005775249628,2.458611329490,2.433012806349,
2022-04-19T00:00:00Z,,hold,DOGEUSDT|ADAUSDT|BNBUSDT|ETHUSDT,0.075545458561|0.075545458561|0.075545458561|0.075545458561,0.168024183391|0.073660714286|0.023859914336|0.016340937094,212324.708007823327|202653.957704930304|159579.048386998009|2010215.974151592469,0.302181834243,0.004748328267,-0.000038158011,0.000000000000,0.004710170256,0.004710170256,2.470191807445,2.444472710903,
2022-04-20T00:00:00Z,,hold,DOGEUSDT|ADAUSDT|BNBUSDT|ETHUSDT,0.075545458561|0.075545458561|0.075545458561|0.075545458561,0.168024183391|0.073660714286|0.023859914336|0.016340937094,212324.708007823327|202653.957704930304|159579.048386998009|2010215.974151592469,0.302181834243,-0.003655114340,-0.000057784721,0.000000000000,-0.003712899061,-0.003712899061,2.461020234603,2.435396630470,
2022-04-21T00:00:00Z,,hold,DOGEUSDT|ADAUSDT|BNBUSDT|ETHUSDT,0.075545458561|0.075545458561|0.075545458561|0.075545458561,0.168024183391|0.073660714286|0.023859914336|0.016340937094,212324.708007823327|202653.957704930304|159579.048386998009|2010215.974151592469,0.302181834243,-0.009292515980,-0.000017018125,0.000000000000,-0.009309534106,-0.009309534106,2.438109282794,2.412724222478,
2022-04-22T00:00:00Z,,hold,DOGEUSDT|ADAUSDT|BNBUSDT|ETHUSDT,0.075545458561|0.075545458561|0.075545458561|0.075545458561,0.168024183391|0.073660714286|0.023859914336|0.016340937094,212324.708007823327|202653.957704930304|159579.048386998009|2010215.974151592469,0.302181834243,-0.000448049936,0.000020134376,0.000000000000,-0.000427915560,-0.000427915560,2.437065977895,2.411691780241,
2022-04-23T00:00:00Z,,hold,DOGEUSDT|ADAUSDT|BNBUSDT|ETHUSDT,0.075545458561|0.075545458561|0.075545458561|0.075545458561,0.168024183391|0.073660714286|0.023859914336|0.016340937094,212324.708007823327|202653.957704930304|159579.048386998009|2010215.974151592469,0.302181834243,-0.004746480557,-0.000022520101,0.000000000000,-0.004769000658,-0.004769000658,2.425443608643,2.400190420554,
2022-04-24T00:00:00Z,,hold,DOGEUSDT|ADAUSDT|BNBUSDT|ETHUSDT,0.075545458561|0.075545458561|0.075545458561|0.075545458561,0.168024183391|0.073660714286|0.023859914336|0.016340937094,212324.708007823327|202653.957704930304|159579.048386998009|2010215.974151592469,0.302181834243,-0.002017323526,-0.000015682482,0.000000000000,-0.002033006007,-0.002033006007,2.420512667216,2.395310819010,
2022-04-25T00:00:00Z,2022-04-25T00:00:00Z,active,DOGEUSDT|BNBUSDT|ETHUSDT|DOTUSDT,0.081376001190|0.081376001190|0.081376001190|0.081376001190,0.006649342709|-0.028087285140|-0.058812718250|-0.115545808967,21044.660943123388|27830.049955273949|457351.291071770538|23097.752274231934,0.325504004758,0.019606027208,0.000080537015,0.174413087637,0.019477268517,0.019337738047,2.467657642385,2.441630712170,
2022-04-26T00:00:00Z,,hold,DOGEUSDT|BNBUSDT|ETHUSDT|DOTUSDT,0.081376001190|0.081376001190|0.081376001190|0.081376001190,0.006649342709|-0.028087285140|-0.058812718250|-0.115545808967,21044.660943123388|27830.049955273949|457351.291071770538|23097.752274231934,0.325504004758,-0.026084711023,-0.000026777587,0.000000000000,-0.026111488610,-0.026111488610,2.403223427964,2.377876099641,
2022-04-27T00:00:00Z,,hold,DOGEUSDT|BNBUSDT|ETHUSDT|DOTUSDT,0.081376001190|0.081376001190|0.081376001190|0.081376001190,0.006649342709|-0.028087285140|-0.058812718250|-0.115545808967,21044.660943123388|27830.049955273949|457351.291071770538|23097.752274231934,0.325504004758,0.006151882960,0.000098897068,0.000000000000,0.006250780028,0.006250780028,2.418245448970,2.392739680074,
2022-04-28T00:00:00Z,,hold,DOGEUSDT|BNBUSDT|ETHUSDT|DOTUSDT,0.081376001190|0.081376001190|0.081376001190|0.081376001190,0.006649342709|-0.028087285140|-0.058812718250|-0.115545808967,21044.660943123388|27830.049955273949|457351.291071770538|23097.752274231934,0.325504004758,0.003350196116,0.000039163014,0.000000000000,0.003389359130,0.003389359130,2.426441751262,2.400849534155,
2022-04-29T00:00:00Z,,hold,DOGEUSDT|BNBUSDT|ETHUSDT|DOTUSDT,0.081376001190|0.081376001190|0.081376001190|0.081376001190,0.006649342709|-0.028087285140|-0.058812718250|-0.115545808967,21044.660943123388|27830.049955273949|457351.291071770538|23097.752274231934,0.325504004758,-0.011443313679,0.000004010209,0.000000000000,-0.011439303470,-0.011439303470,2.398684947718,2.373385487749,
2022-04-30T00:00:00Z,,hold,DOGEUSDT|BNBUSDT|ETHUSDT|DOTUSDT,0.081376001190|0.081376001190|0.081376001190|0.081376001190,0.006649342709|-0.028087285140|-0.058812718250|-0.115545808967,21044.660943123388|27830.049955273949|457351.291071770538|23097.752274231934,0.325504004758,-0.019122960527,0.000020391198,0.000000000000,-0.019102569328,-0.019102569328,2.352863902207,2.328047726926,
2022-05-01T00:00:00Z,,hold,DOGEUSDT|BNBUSDT|ETHUSDT|DOTUSDT,0.081376001190|0.081376001190|0.081376001190|0.081376001190,0.006649342709|-0.028087285140|-0.058812718250|-0.115545808967,21044.660943123388|27830.049955273949|457351.291071770538|23097.752274231934,0.325504004758,0.013965326316,0.000162508688,0.000000000000,0.014127835004,0.014127835004,2.386104775204,2.360938001093,
2022-05-02T00:00:00Z,2022-05-02T00:00:00Z,volatility_warmup_or_missing_data,,,,,0.000000000000,0.000000000000,0.000000000000,0.325504004758,-0.000390604806,-0.000651008010,2.385172751212,2.359401011544,
2022-05-03T00:00:00Z,,hold,,,,,0.000000000000,0.000000000000,0.000000000000,0.000000000000,0.000000000000,0.000000000000,2.385172751212,2.359401011544,
2022-05-04T00:00:00Z,,hold,,,,,0.000000000000,0.000000000000,0.000000000000,0.000000000000,0.000000000000,0.000000000000,2.385172751212,2.359401011544,
2022-05-05T00:00:00Z,,hold,,,,,0.000000000000,0.000000000000,0.000000000000,0.000000000000,0.000000000000,0.000000000000,2.385172751212,2.359401011544,
2022-05-06T00:00:00Z,,hold,,,,,0.000000000000,0.000000000000,0.000000000000,0.000000000000,0.000000000000,0.000000000000,2.385172751212,2.359401011544,
2022-05-07T00:00:00Z,,hold,,,,,0.000000000000,0.000000000000,0.000000000000,0.000000000000,0.000000000000,0.000000000000,2.385172751212,2.359401011544,
2022-05-08T00:00:00Z,,hold,,,,,0.000000000000,0.000000000000,0.000000000000,0.000000000000,0.000000000000,0.000000000000,2.385172751212,2.359401011544,
2022-05-09T00:00:00Z,2022-05-09T00:00:00Z,active,DOGEUSDT|LTCUSDT|BNBUSDT|ETHUSDT,0.077827491468|0.077827491468|0.077827491468|0.077827491468,-0.128372681282|-0.151537070524|-0.155577183279|-0.210687941440,38610.591175299538|21687.392583669691|34528.538154379472|612434.130401164293,0.311309965873,-0.051000239321,-0.000021467935,0.311309965873,-0.051395279216,-0.051644327188,2.262586131685,2.237551333735,
2022-05-10T00:00:00Z,,hold,DOGEUSDT|LTCUSDT|BNBUSDT|ETHUSDT,0.077827491468|0.077827491468|0.077827491468|0.077827491468,-0.128372681282|-0.151537070524|-0.155577183279|-0.210687941440,38610.591175299538|21687.392583669691|34528.538154379472|612434.130401164293,0.311309965873,0.019118050209,0.000059511570,0.000000000000,0.019177561779,0.019177561779,2.305977017006,2.280462112671,
2022-05-11T00:00:00Z,,hold,DOGEUSDT|LTCUSDT|BNBUSDT|ETHUSDT,0.077827491468|0.077827491468|0.077827491468|0.077827491468,-0.128372681282|-0.151537070524|-0.155577183279|-0.210687941440,38610.591175299538|21687.392583669691|34528.538154379472|612434.130401164293,0.311309965873,-0.049802476459,0.000153177734,0.000000000000,-0.049649298725,-0.049649298725,2.191486875237,2.167238768009,
2022-05-12T00:00:00Z,,hold,DOGEUSDT|LTCUSDT|BNBUSDT|ETHUSDT,0.077827491468|0.077827491468|0.077827491468|0.077827491468,-0.128372681282|-0.151537070524|-0.155577183279|-0.210687941440,38610.591175299538|21687.392583669691|34528.538154379472|612434.130401164293,0.311309965873,-0.010316929702,0.000656197046,0.000000000000,-0.009660732656,-0.009660732656,2.170315506416,2.146301653670,
2022-05-13T00:00:00Z,,hold,DOGEUSDT|LTCUSDT|BNBUSDT|ETHUSDT,0.077827491468|0.077827491468|0.077827491468|0.077827491468,-0.128372681282|-0.151537070524|-0.155577183279|-0.210687941440,38610.591175299538|21687.392583669691|34528.538154379472|612434.130401164293,0.311309965873,0.017623608997,0.000163357570,0.000000000000,0.017786966566,0.017786966566,2.208918835767,2.184477849425,
2022-05-14T00:00:00Z,,hold,DOGEUSDT|LTCUSDT|BNBUSDT|ETHUSDT,0.077827491468|0.077827491468|0.077827491468|0.077827491468,-0.128372681282|-0.151537070524|-0.155577183279|-0.210687941440,38610.591175299538|21687.392583669691|34528.538154379472|612434.130401164293,0.311309965873,0.005809687772,0.000134476566,0.000000000000,0.005944164338,0.005944164338,2.222049012336,2.197462744754,
2022-05-15T00:00:00Z,,hold,DOGEUSDT|LTCUSDT|BNBUSDT|ETHUSDT,0.077827491468|0.077827491468|0.077827491468|0.077827491468,-0.128372681282|-0.151537070524|-0.155577183279|-0.210687941440,38610.591175299538|21687.392583669691|34528.538154379472|612434.130401164293,0.311309965873,0.013636242122,0.000077691293,0.000000000000,0.013713933415,0.013713933415,2.252522044536,2.227598602518,
2022-05-16T00:00:00Z,2022-05-16T00:00:00Z,active,BNBUSDT|ETHUSDT|LTCUSDT|DOTUSDT,0.046422323539|0.046422323539|0.046422323539|0.046422323539,-0.251570969444|-0.294525844057|-0.355074424899|-0.356375143216,58479.480368027020|550848.370726160705|19057.146920992560|47183.936243734366,0.185689294156,-0.012287360687,0.000078797252,0.218465318795,-0.012470721817,-0.012645494072,2.224431468731,2.199429517594,
2022-05-17T00:00:00Z,,hold,BNBUSDT|ETHUSDT|LTCUSDT|DOTUSDT,0.046422323539|0.046422323539|0.046422323539|0.046422323539,-0.251570969444|-0.294525844057|-0.355074424899|-0.356375143216,58479.480368027020|550848.370726160705|19057.146920992560|47183.936243734366,0.185689294156,0.008755488451,0.000082052850,0.000000000000,0.008837541301,0.008837541301,2.244089973707,2.218867066794,
2022-05-18T00:00:00Z,,hold,BNBUSDT|ETHUSDT|LTCUSDT|DOTUSDT,0.046422323539|0.046422323539|0.046422323539|0.046422323539,-0.251570969444|-0.294525844057|-0.355074424899|-0.356375143216,58479.480368027020|550848.370726160705|19057.146920992560|47183.936243734366,0.185689294156,-0.017735335099,0.000094180217,0.000000000000,-0.017641154881,-0.017641154881,2.204501634913,2.179723689208,
2022-05-19T00:00:00Z,,hold,BNBUSDT|ETHUSDT|LTCUSDT|DOTUSDT,0.046422323539|0.046422323539|0.046422323539|0.046422323539,-0.251570969444|-0.294525844057|-0.355074424899|-0.356375143216,58479.480368027020|550848.370726160705|19057.146920992560|47183.936243734366,0.185689294156,0.012665744237,0.000084156709,0.000000000000,0.012749900947,0.012749900947,2.232608812395,2.207514950336,
2022-05-20T00:00:00Z,,hold,BNBUSDT|ETHUSDT|LTCUSDT|DOTUSDT,0.046422323539|0.046422323539|0.046422323539|0.046422323539,-0.251570969444|-0.294525844057|-0.355074424899|-0.356375143216,58479.480368027020|550848.370726160705|19057.146920992560|47183.936243734366,0.185689294156,-0.006114391067,0.000049884036,0.000000000000,-0.006064507031,-0.006064507031,2.219069140555,2.194127460399,
2022-05-21T00:00:00Z,,hold,BNBUSDT|ETHUSDT|LTCUSDT|DOTUSDT,0.046422323539|0.046422323539|0.046422323539|0.046422323539,-0.251570969444|-0.294525844057|-0.355074424899|-0.356375143216,58479.480368027020|550848.370726160705|19057.146920992560|47183.936243734366,0.185689294156,0.004357577460,0.000073813351,0.000000000000,0.004431390812,0.004431390812,2.228902703155,2.203850496667,
2022-05-22T00:00:00Z,,hold,BNBUSDT|ETHUSDT|LTCUSDT|DOTUSDT,0.046422323539|0.046422323539|0.046422323539|0.046422323539,-0.251570969444|-0.294525844057|-0.355074424899|-0.356375143216,58479.480368027020|550848.370726160705|19057.146920992560|47183.936243734366,0.185689294156,0.004619723131,0.000024561587,0.000000000000,0.004644284718,0.004644284718,2.239254361917,2.214085805850,
2022-05-23T00:00:00Z,2022-05-23T00:00:00Z,active,BNBUSDT|ETHUSDT|LTCUSDT|DOGEUSDT,0.045179600657|0.045179600657|0.045179600657|0.045179600657,-0.214909582975|-0.310010876982|-0.319658119658|-0.370220885008,44219.969092395455|598777.118712093565|13741.673269780504|15656.248804258397,0.180718402627,-0.004849216545,-0.000017400923,0.095330092842,-0.004981013580,-0.005057277654,2.228100605532,2.202888559179,
2022-05-24T00:00:00Z,,hold,BNBUSDT|ETHUSDT|LTCUSDT|DOGEUSDT,0.045179600657|0.045179600657|0.045179600657|0.045179600657,-0.214909582975|-0.310010876982|-0.319658119658|-0.370220885008,44219.969092395455|598777.118712093565|13741.673269780504|15656.248804258397,0.180718402627,0.002714576412,0.000089528348,0.000000000000,0.002804104760,0.002804104760,2.234348433047,2.209065689475,
2022-05-25T00:00:00Z,,hold,BNBUSDT|ETHUSDT|LTCUSDT|DOGEUSDT,0.045179600657|0.045179600657|0.045179600657|0.045179600657,-0.214909582975|-0.310010876982|-0.319658119658|-0.370220885008,44219.969092395455|598777.118712093565|13741.673269780504|15656.248804258397,0.180718402627,-0.002906300915,-0.000002437439,0.000000000000,-0.002908738354,-0.002908738354,2.227849298063,2.202640095377,
2022-05-26T00:00:00Z,,hold,BNBUSDT|ETHUSDT|LTCUSDT|DOGEUSDT,0.045179600657|0.045179600657|0.045179600657|0.045179600657,-0.214909582975|-0.310010876982|-0.319658119658|-0.370220885008,44219.969092395455|598777.118712093565|13741.673269780504|15656.248804258397,0.180718402627,-0.012675154761,0.000072850751,0.000000000000,-0.012602304010,-0.012602304010,2.199773263920,2.174881755271,
2022-05-27T00:00:00Z,,hold,BNBUSDT|ETHUSDT|LTCUSDT|DOGEUSDT,0.045179600657|0.045179600657|0.045179600657|0.045179600657,-0.214909582975|-0.310010876982|-0.319658119658|-0.370220885008,44219.969092395455|598777.118712093565|13741.673269780504|15656.248804258397,0.180718402627,-0.000928292627,0.000055220315,0.000000000000,-0.000873072312,-0.000873072312,2.197852702792,2.172982926229,
2022-05-28T00:00:00Z,,hold,BNBUSDT|ETHUSDT|LTCUSDT|DOGEUSDT,0.045179600657|0.045179600657|0.045179600657|0.045179600657,-0.214909582975|-0.310010876982|-0.319658119658|-0.370220885008,44219.969092395455|598777.118712093565|13741.673269780504|15656.248804258397,0.180718402627,0.003823064725,0.000036608579,0.000000000000,0.003859673304,0.003859673304,2.206335696195,2.181369930419,
2022-05-29T00:00:00Z,,hold,BNBUSDT|ETHUSDT|LTCUSDT|DOGEUSDT,0.045179600657|0.045179600657|0.045179600657|0.045179600657,-0.214909582975|-0.310010876982|-0.319658119658|-0.370220885008,44219.969092395455|598777.118712093565|13741.673269780504|15656.248804258397,0.180718402627,0.001203265816,0.000025348919,0.000000000000,0.001228614735,0.001228614735,2.209046432740,2.184049993657,
2022-05-30T00:00:00Z,2022-05-30T00:00:00Z,active,BNBUSDT|ETHUSDT|XRPUSDT|LTCUSDT,0.046974669219|0.046974669219|0.046974669219|0.046974669219,-0.221599735160|-0.356230264583|-0.363874345550|-0.365929027113,47645.478526426377|334526.819037453970|28329.775167682616|20172.973610076122,0.187898676876,0.014872763045,-0.000025118295,0.097539475563,0.014730597379,0.014652565799,2.241587006332,2.216051929896,
2022-05-31T00:00:00Z,,hold,BNBUSDT|ETHUSDT|XRPUSDT|LTCUSDT,0.046974669219|0.046974669219|0.046974669219|0.046974669219,-0.221599735160|-0.356230264583|-0.363874345550|-0.365929027113,47645.478526426377|334526.819037453970|28329.775167682616|20172.973610076122,0.187898676876,-0.001596199130,-0.000035154903,0.000000000000,-0.001631354033,-0.001631354033,2.237930184329,2.212436764643,
2022-06-01T00:00:00Z,,hold,BNBUSDT|ETHUSDT|XRPUSDT|LTCUSDT,0.046974669219|0.046974669219|0.046974669219|0.046974669219,-0.221599735160|-0.356230264583|-0.363874345550|-0.365929027113,47645.478526426377|334526.819037453970|28329.775167682616|20172.973610076122,0.187898676876,-0.012566040662,-0.000026111340,0.000000000000,-0.012592152001,-0.012592152001,2.209749827280,2.184577424609,
2022-06-02T00:00:00Z,,hold,BNBUSDT|ETHUSDT|XRPUSDT|LTCUSDT,0.046974669219|0.046974669219|0.046974669219|0.046974669219,-0.221599735160|-0.356230264583|-0.363874345550|-0.365929027113,47645.478526426377|334526.819037453970|28329.775167682616|20172.973610076122,0.187898676876,0.003797265105,0.000027366973,0.000000000000,0.003824632077,0.003824632077,2.218201307352,2.192932629503,
2022-06-03T00:00:00Z,,hold,BNBUSDT|ETHUSDT|XRPUSDT|LTCUSDT,0.046974669219|0.046974669219|0.046974669219|0.046974669219,-0.221599735160|-0.356230264583|-0.363874345550|-0.365929027113,47645.478526426377|334526.819037453970|28329.775167682616|20172.973610076122,0.187898676876,-0.006074368262,0.000003253466,0.000000000000,-0.006071114797,-0.006071114797,2.204734352573,2.179619083768,
2022-06-04T00:00:00Z,,hold,BNBUSDT|ETHUSDT|XRPUSDT|LTCUSDT,0.046974669219|0.046974669219|0.046974669219|0.046974669219,-0.221599735160|-0.356230264583|-0.363874345550|-0.365929027113,47645.478526426377|334526.819037453970|28329.775167682616|20172.973610076122,0.187898676876,0.002360952063,0.000000996333,0.000000000000,0.002361948396,0.002361948396,2.209941821340,2.184767231566,
2022-06-05T00:00:00Z,,hold,BNBUSDT|ETHUSDT|XRPUSDT|LTCUSDT,0.046974669219|0.046974669219|0.046974669219|0.046974669219,-0.221599735160|-0.356230264583|-0.363874345550|-0.365929027113,47645.478526426377|334526.819037453970|28329.775167682616|20172.973610076122,0.187898676876,-0.000414271486,0.000012485397,0.000000000000,-0.000401786089,-0.000401786089,2.209053897459,2.183889422485,
2022-06-06T00:00:00Z,2022-06-06T00:00:00Z,active,BNBUSDT|ADAUSDT|LINKUSDT|ETHUSDT,0.040865889638|0.040865889638|0.040865889638|0.040865889638,-0.210984718520|-0.275641844425|-0.291160374733|-0.329247768048,53446.865498757856|91540.587439990151|72057.728757227698|391847.241771950095,0.163463558552,0.005421311541,-0.000022918817,0.187898676876,0.005172914311,0.005022595370,2.220481143980,2.194858215387,
2022-06-07T00:00:00Z,,hold,BNBUSDT|ADAUSDT|LINKUSDT|ETHUSDT,0.040865889638|0.040865889638|0.040865889638|0.040865889638,-0.210984718520|-0.275641844425|-0.291160374733|-0.329247768048,53446.865498757856|91540.587439990151|72057.728757227698|391847.241771950095,0.163463558552,0.002449063210,0.000022694054,0.000000000000,0.002471757265,0.002471757265,2.225969634379,2.200283372126,
2022-06-08T00:00:00Z,,hold,BNBUSDT|ADAUSDT|LINKUSDT|ETHUSDT,0.040865889638|0.040865889638|0.040865889638|0.040865889638,-0.210984718520|-0.275641844425|-0.291160374733|-0.329247768048,53446.865498757856|91540.587439990151|72057.728757227698|391847.241771950095,0.163463558552,0.000976693073,-0.000017110139,0.000000000000,0.000959582934,0.000959582934,2.228105636851,2.202394726499,
2022-06-09T00:00:00Z,,hold,BNBUSDT|ADAUSDT|LINKUSDT|ETHUSDT,0.040865889638|0.040865889638|0.040865889638|0.040865889638,-0.210984718520|-0.275641844425|-0.291160374733|-0.329247768048,53446.865498757856|91540.587439990151|72057.728757227698|391847.241771950095,0.163463558552,0.002250117343,0.000001591318,0.000000000000,0.002251708661,0.002251708661,2.233122681611,2.207353877780,
2022-06-10T00:00:00Z,,hold,BNBUSDT|ADAUSDT|LINKUSDT|ETHUSDT,0.040865889638|0.040865889638|0.040865889638|0.040865889638,-0.210984718520|-0.275641844425|-0.291160374733|-0.329247768048,53446.865498757856|91540.587439990151|72057.728757227698|391847.241771950095,0.163463558552,-0.012586478998,0.000018050872,0.000000000000,-0.012568428126,-0.012568428126,2.205055839691,2.179610909218,
2022-06-11T00:00:00Z,,hold,BNBUSDT|ADAUSDT|LINKUSDT|ETHUSDT,0.040865889638|0.040865889638|0.040865889638|0.040865889638,-0.210984718520|-0.275641844425|-0.291160374733|-0.329247768048,53446.865498757856|91540.587439990151|72057.728757227698|391847.241771950095,0.163463558552,-0.012011539794,0.000075340354,0.000000000000,-0.011936199440,-0.011936199440,2.178735853413,2.153594638705,
2022-06-12T00:00:00Z,,hold,BNBUSDT|ADAUSDT|LINKUSDT|ETHUSDT,0.040865889638|0.040865889638|0.040865889638|0.040865889638,-0.210984718520|-0.275641844425|-0.291160374733|-0.329247768048,53446.865498757856|91540.587439990151|72057.728757227698|391847.241771950095,0.163463558552,-0.014172296678,0.000113547100,0.000000000000,-0.014058749578,-0.014058749578,2.148105551653,2.123317790987,
2022-06-13T00:00:00Z,2022-06-13T00:00:00Z,active,ADAUSDT|LINKUSDT|BNBUSDT|XRPUSDT,0.053250174335|0.053250174335|0.053250174335|0.053250174335,-0.073779795687|-0.123425692695|-0.123601308315|-0.188549798912,247473.281046150863|128150.361049426880|123195.043002737220|100512.897093143416,0.213000697341,-0.017190901086,0.000160782511,0.131268918065,-0.017187641277,-0.017292656411,2.111184684007,2.086599985976,
2022-06-14T00:00:00Z,,hold,ADAUSDT|LINKUSDT|BNBUSDT|XRPUSDT,0.053250174335|0.053250174335|0.053250174335|0.053250174335,-0.073779795687|-0.123425692695|-0.123601308315|-0.188549798912,247473.281046150863|128150.361049426880|123195.043002737220|100512.897093143416,0.213000697341,0.011129674146,0.000082645336,0.000000000000,0.011212319482,0.011212319482,2.134855961168,2.109995611649,
2022-06-15T00:00:00Z,,hold,ADAUSDT|LINKUSDT|BNBUSDT|XRPUSDT,0.053250174335|0.053250174335|0.053250174335|0.053250174335,-0.073779795687|-0.123425692695|-0.123601308315|-0.188549798912,247473.281046150863|128150.361049426880|123195.043002737220|100512.897093143416,0.213000697341,0.016539644347,0.000065607410,0.000000000000,0.016605251757,0.016605251757,2.170305781869,2.145032619986,
2022-06-16T00:00:00Z,,hold,ADAUSDT|LINKUSDT|BNBUSDT|XRPUSDT,0.053250174335|0.053250174335|0.053250174335|0.053250174335,-0.073779795687|-0.123425692695|-0.123601308315|-0.188549798912,247473.281046150863|128150.361049426880|123195.043002737220|100512.897093143416,0.213000697341,-0.022923089808,0.000008004566,0.000000000000,-0.022915085242,-0.022915085242,2.120573039876,2.095879014653,
2022-06-17T00:00:00Z,,hold,ADAUSDT|LINKUSDT|BNBUSDT|XRPUSDT,0.053250174335|0.053250174335|0.053250174335|0.053250174335,-0.073779795687|-0.123425692695|-0.123601308315|-0.188549798912,247473.281046150863|128150.361049426880|123195.043002737220|100512.897093143416,0.213000697341,0.004045038298,0.000020601960,0.000000000000,0.004065640258,0.004065640258,2.129194526997,2.104400104751,
2022-06-18T00:00:00Z,,hold,ADAUSDT|LINKUSDT|BNBUSDT|XRPUSDT,0.053250174335|0.053250174335|0.053250174335|0.053250174335,-0.073779795687|-0.123425692695|-0.123601308315|-0.188549798912,247473.281046150863|128150.361049426880|123195.043002737220|100512.897093143416,0.213000697341,-0.014150969889,0.000041487211,0.000000000000,-0.014109482679,-0.014109482679,2.099152693699,2.074708107924,
2022-06-19T00:00:00Z,,hold,ADAUSDT|LINKUSDT|BNBUSDT|XRPUSDT,0.053250174335|0.053250174335|0.053250174335|0.053250174335,-0.073779795687|-0.123425692695|-0.123601308315|-0.188549798912,247473.281046150863|128150.361049426880|123195.043002737220|100512.897093143416,0.213000697341,0.017826861433,0.000052551000,0.000000000000,0.017879412433,0.017879412433,2.136684310469,2.111802669863,
2022-06-20T00:00:00Z,2022-06-20T00:00:00Z,active,LINKUSDT|ADAUSDT|XRPUSDT|LTCUSDT,0.045412466722|0.045412466722|0.045412466722|0.045412466722,-0.038315850816|-0.060294687864|-0.204196145401|-0.208229972275,38063.324216919173|75022.015494552383|41842.482602149314|69619.196512339651,0.181649866889,0.001444541149,-0.000040143258,0.122175763896,0.001257786974,0.001160046363,2.139371804162,2.114252458869,
2022-06-21T00:00:00Z,,hold,LINKUSDT|ADAUSDT|XRPUSDT|LTCUSDT,0.045412466722|0.045412466722|0.045412466722|0.045412466722,-0.038315850816|-0.060294687864|-0.204196145401|-0.208229972275,38063.324216919173|75022.015494552383|41842.482602149314|69619.196512339651,0.181649866889,-0.000152665529,-0.000044441094,0.000000000000,-0.000197106623,-0.000197106623,2.138950119810,2.113835725706,
2022-06-22T00:00:00Z,,hold,LINKUSDT|ADAUSDT|XRPUSDT|LTCUSDT,0.045412466722|0.045412466722|0.045412466722|0.045412466722,-0.038315850816|-0.060294687864|-0.204196145401|-0.208229972275,38063.324216919173|75022.015494552383|41842.482602149314|69619.196512339651,0.181649866889,-0.005796620407,0.000000388277,0.000000000000,-0.005796232130,-0.005796232130,2.126552268400,2.101583443155,
2022-06-23T00:00:00Z,,hold,LINKUSDT|ADAUSDT|XRPUSDT|LTCUSDT,0.045412466722|0.045412466722|0.045412466722|0.045412466722,-0.038315850816|-0.060294687864|-0.204196145401|-0.208229972275,38063.324216919173|75022.015494552383|41842.482602149314|69619.196512339651,0.181649866889,0.009583670356,0.000013914834,0.000000000000,0.009597585190,0.009597585190,2.146962034956,2.121753569283,
2022-06-24T00:00:00Z,,hold,LINKUSDT|ADAUSDT|XRPUSDT|LTCUSDT,0.045412466722|0.045412466722|0.045412466722|0.045412466722,-0.038315850816|-0.060294687864|-0.204196145401|-0.208229972275,38063.324216919173|75022.015494552383|41842.482602149314|69619.196512339651,0.181649866889,0.007809205652,-0.000029909105,0.000000000000,0.007779296547,0.007779296547,2.163663889303,2.138259319500,
2022-06-25T00:00:00Z,,hold,LINKUSDT|ADAUSDT|XRPUSDT|LTCUSDT,0.045412466722|0.045412466722|0.045412466722|0.045412466722,-0.038315850816|-0.060294687864|-0.204196145401|-0.208229972275,38063.324216919173|75022.015494552383|41842.482602149314|69619.196512339651,0.181649866889,0.002590949371,-0.000028425025,0.000000000000,0.002562524345,0.002562524345,2.169208330694,2.143738661062,
2022-06-26T00:00:00Z,,hold,LINKUSDT|ADAUSDT|XRPUSDT|LTCUSDT,0.045412466722|0.045412466722|0.045412466722|0.045412466722,-0.038315850816|-0.060294687864|-0.204196145401|-0.208229972275,38063.324216919173|75022.015494552383|41842.482602149314|69619.196512339651,0.181649866889,-0.007144164229,-0.000032717412,0.000000000000,-0.007176881641,-0.007176881641,2.153640179250,2.128353302423,
2022-06-27T00:00:00Z,2022-06-27T00:00:00Z,active,ADAUSDT|LINKUSDT|SOLUSDT|XRPUSDT,0.043905833579|0.043905833579|0.043905833579|0.043905833579,0.072759149682|0.065255451218|-0.043499392467|-0.059979046621,79574.823442720095|64551.119933222268|267181.824588857184|44994.726737373217,0.175623334317,-0.002923831122,0.000017327437,0.093838199731,-0.003019109525,-0.003094180084,2.147138103673,2.121767794022,
2022-06-28T00:00:00Z,,hold,ADAUSDT|LINKUSDT|SOLUSDT|XRPUSDT,0.043905833579|0.043905833579|0.043905833579|0.043905833579,0.072759149682|0.065255451218|-0.043499392467|-0.059979046621,79574.823442720095|64551.119933222268|267181.824588857184|44994.726737373217,0.175623334317,-0.008750585090,0.000028276674,0.000000000000,-0.008722308416,-0.008722308416,2.128410102921,2.103261080936,
2022-06-29T00:00:00Z,,hold,ADAUSDT|LINKUSDT|SOLUSDT|XRPUSDT,0.043905833579|0.043905833579|0.043905833579|0.043905833579,0.072759149682|0.065255451218|-0.043499392467|-0.059979046621,79574.823442720095|64551.119933222268|267181.824588857184|44994.726737373217,0.175623334317,-0.003496445734,0.000031229780,0.000000000000,-0.003465215954,-0.003465215954,2.121034702276,2.095972827084,
2022-06-30T00:00:00Z,,hold,ADAUSDT|LINKUSDT|SOLUSDT|XRPUSDT,0.043905833579|0.043905833579|0.043905833579|0.043905833579,0.072759149682|0.065255451218|-0.043499392467|-0.059979046621,79574.823442720095|64551.119933222268|267181.824588857184|44994.726737373217,0.175623334317,-0.000373525270,0.000047017879,0.000000000000,-0.000326507391,-0.000326507391,2.120342168769,2.095288476464,
2022-07-01T00:00:00Z,,hold,ADAUSDT|LINKUSDT|SOLUSDT|XRPUSDT,0.043905833579|0.043905833579|0.043905833579|0.043905833579,0.072759149682|0.065255451218|-0.043499392467|-0.059979046621,79574.823442720095|64551.119933222268|267181.824588857184|44994.726737373217,0.175623334317,-0.005940381517,0.000063580477,0.000000000000,-0.005876801040,-0.005876801040,2.107881339706,2.082974882965,
2022-07-02T00:00:00Z,,hold,ADAUSDT|LINKUSDT|SOLUSDT|XRPUSDT,0.043905833579|0.043905833579|0.043905833579|0.043905833579,0.072759149682|0.065255451218|-0.043499392467|-0.059979046621,79574.823442720095|64551.119933222268|267181.824588857184|44994.726737373217,0.175623334317,0.002662066315,0.000017108347,0.000000000000,0.002679174662,0.002679174662,2.113528721982,2.088555536494,
2022-07-03T00:00:00Z,,hold,ADAUSDT|LINKUSDT|SOLUSDT|XRPUSDT,0.043905833579|0.043905833579|0.043905833579|0.043905833579,0.072759149682|0.065255451218|-0.043499392467|-0.059979046621,79574.823442720095|64551.119933222268|267181.824588857184|44994.726737373217,0.175623334317,0.000834154080,0.000005854843,0.000000000000,0.000840008923,0.000840008923,2.115304104967,2.090309941780,
2022-07-04T00:00:00Z,2022-07-04T00:00:00Z,active,LINKUSDT|SOLUSDT|DOGEUSDT|XRPUSDT,0.047384531611|0.047384531611|0.047384531611|0.047384531611,-0.092554744526|-0.127353556485|-0.163219536506|-0.176108690079,22693.754688832334|107404.520970070982|30025.080749697845|84180.495690704556,0.189538126444,0.008928805516,-0.000011554718,0.101726459285,0.008795179047,0.008713797880,2.133908583309,2.108524480119,
2022-07-05T00:00:00Z,,hold,LINKUSDT|SOLUSDT|DOGEUSDT|XRPUSDT,0.047384531611|0.047384531611|0.047384531611|0.047384531611,-0.092554744526|-0.127353556485|-0.163219536506|-0.176108690079,22693.754688832334|107404.520970070982|30025.080749697845|84180.495690704556,0.189538126444,-0.004679694448,-0.000016837619,0.000000000000,-0.004696532068,-0.004696532068,2.123886613218,2.098621727282,
2022-07-06T00:00:00Z,,hold,LINKUSDT|SOLUSDT|DOGEUSDT|XRPUSDT,0.047384531611|0.047384531611|0.047384531611|0.047384531611,-0.092554744526|-0.127353556485|-0.163219536506|-0.176108690079,22693.754688832334|107404.520970070982|30025.080749697845|84180.495690704556,0.189538126444,0.004397178404,-0.000028788946,0.000000000000,0.004368389458,0.004368389458,2.133164577109,2.107789324312,
2022-07-07T00:00:00Z,,hold,LINKUSDT|SOLUSDT|DOGEUSDT|XRPUSDT,0.047384531611|0.047384531611|0.047384531611|0.047384531611,-0.092554744526|-0.127353556485|-0.163219536506|-0.176108690079,22693.754688832334|107404.520970070982|30025.080749697845|84180.495690704556,0.189538126444,0.006957667915,-0.000027369305,0.000000000000,0.006930298609,0.006930298609,2.147948044611,2.122396933735,
2022-07-08T00:00:00Z,,hold,LINKUSDT|SOLUSDT|DOGEUSDT|XRPUSDT,0.047384531611|0.047384531611|0.047384531611|0.047384531611,-0.092554744526|-0.127353556485|-0.163219536506|-0.176108690079,22693.754688832334|107404.520970070982|30025.080749697845|84180.495690704556,0.189538126444,-0.003760887781,-0.000033118945,0.000000000000,-0.003794006725,-0.003794006725,2.139798715284,2.114344545495,
2022-07-09T00:00:00Z,,hold,LINKUSDT|SOLUSDT|DOGEUSDT|XRPUSDT,0.047384531611|0.047384531611|0.047384531611|0.047384531611,-0.092554744526|-0.127353556485|-0.163219536506|-0.176108690079,22693.754688832334|107404.520970070982|30025.080749697845|84180.495690704556,0.189538126444,0.001809728173,-0.000043306145,0.000000000000,0.001766422028,0.001766422028,2.143578502871,2.118079370275,
2022-07-10T00:00:00Z,,hold,LINKUSDT|SOLUSDT|DOGEUSDT|XRPUSDT,0.047384531611|0.047384531611|0.047384531611|0.047384531611,-0.092554744526|-0.127353556485|-0.163219536506|-0.176108690079,22693.754688832334|107404.520970070982|30025.080749697845|84180.495690704556,0.189538126444,-0.007913744651,-0.000048925477,0.000000000000,-0.007962670128,-0.007962670128,2.126509894359,2.101213802945,
2022-07-11T00:00:00Z,2022-07-11T00:00:00Z,active,SOLUSDT|LTCUSDT|DOGEUSDT|AVAXUSDT,0.043549149524|0.043549149524|0.043549149524|0.043549149524,-0.011314655172|-0.080169521455|-0.107526881720|-0.132366273799,98740.991075079262|21225.429403750317|14348.482099958901|37636.828030895987,0.174196598097,-0.014503317825,-0.000018027170,0.189538126444,-0.014748790747,-0.014900421248,2.095146444906,2.069904832148,
2022-07-12T00:00:00Z,,hold,SOLUSDT|LTCUSDT|DOGEUSDT|AVAXUSDT,0.043549149524|0.043549149524|0.043549149524|0.043549149524,-0.011314655172|-0.080169521455|-0.107526881720|-0.132366273799,98740.991075079262|21225.429403750317|14348.482099958901|37636.828030895987,0.174196598097,-0.005078872397,0.000025529382,0.000000000000,-0.005053343014,-0.005053343014,2.084558951255,2.059444893025,
2022-07-13T00:00:00Z,,hold,SOLUSDT|LTCUSDT|DOGEUSDT|AVAXUSDT,0.043549149524|0.043549149524|0.043549149524|0.043549149524,-0.011314655172|-0.080169521455|-0.107526881720|-0.132366273799,98740.991075079262|21225.429403750317|14348.482099958901|37636.828030895987,0.174196598097,0.012042024989,0.000083181053,0.000000000000,0.012125206042,0.012125206042,2.109834658046,2.084416086686,
2022-07-14T00:00:00Z,,hold,SOLUSDT|LTCUSDT|DOGEUSDT|AVAXUSDT,0.043549149524|0.043549149524|0.043549149524|0.043549149524,-0.011314655172|-0.080169521455|-0.107526881720|-0.132366273799,98740.991075079262|21225.429403750317|14348.482099958901|37636.828030895987,0.174196598097,0.006899672181,0.000017116993,0.000000000000,0.006916789174,0.006916789174,2.124427939568,2.098833553308,
2022-07-15T00:00:00Z,,hold,SOLUSDT|LTCUSDT|DOGEUSDT|AVAXUSDT,0.043549149524|0.043549149524|0.043549149524|0.043549149524,-0.011314655172|-0.080169521455|-0.107526881720|-0.132366273799,98740.991075079262|21225.429403750317|14348.482099958901|37636.828030895987,0.174196598097,0.000052044137,-0.000040630486,0.000000000000,0.000011413651,0.000011413651,2.124452187048,2.098857508663,
2022-07-16T00:00:00Z,,hold,SOLUSDT|LTCUSDT|DOGEUSDT|AVAXUSDT,0.043549149524|0.043549149524|0.043549149524|0.043549149524,-0.011314655172|-0.080169521455|-0.107526881720|-0.132366273799,98740.991075079262|21225.429403750317|14348.482099958901|37636.828030895987,0.174196598097,0.010684920974,-0.000041764505,0.000000000000,0.010643156469,0.010643156469,2.147063064085,2.121195977533,
2022-07-17T00:00:00Z,,hold,SOLUSDT|LTCUSDT|DOGEUSDT|AVAXUSDT,0.043549149524|0.043549149524|0.043549149524|0.043549149524,-0.011314655172|-0.080169521455|-0.107526881720|-0.132366273799,98740.991075079262|21225.429403750317|14348.482099958901|37636.828030895987,0.174196598097,-0.002729536113,-0.000051460288,0.000000000000,-0.002780996401,-0.002780996401,2.141092089431,2.115296939154,
2022-07-18T00:00:00Z,2022-07-18T00:00:00Z,active,AVAXUSDT|SOLUSDT|ETHUSDT|LTCUSDT,0.052676712523|0.052676712523|0.052676712523|0.052676712523,0.290544771446|0.256677524430|0.232304164863|0.172203532380,67726.976348089374|141559.847937458137|1318130.383610553574|32418.013677512437,0.210706850091,0.027450319342,-0.000047052947,0.123608551042,0.027254936134,0.027156049294,2.199447417587,2.172740047104,
2022-07-19T00:00:00Z,,hold,AVAXUSDT|SOLUSDT|ETHUSDT|LTCUSDT,0.052676712523|0.052676712523|0.052676712523|0.052676712523,0.290544771446|0.256677524430|0.232304164863|0.172203532380,67726.976348089374|141559.847937458137|1318130.383610553574|32418.013677512437,0.210706850091,0.001353342479,-0.000060178930,0.000000000000,0.001293163549,0.001293163549,2.202291662815,2.175549755334,
2022-07-20T00:00:00Z,,hold,AVAXUSDT|SOLUSDT|ETHUSDT|LTCUSDT,0.052676712523|0.052676712523|0.052676712523|0.052676712523,0.290544771446|0.256677524430|0.232304164863|0.172203532380,67726.976348089374|141559.847937458137|1318130.383610553574|32418.013677512437,0.210706850091,-0.007055988915,-0.000049584063,0.000000000000,-0.007105572977,-0.007105572977,2.186643118687,2.160091227782,
2022-07-21T00:00:00Z,,hold,AVAXUSDT|SOLUSDT|ETHUSDT|LTCUSDT,0.052676712523|0.052676712523|0.052676712523|0.052676712523,0.290544771446|0.256677524430|0.232304164863|0.172203532380,67726.976348089374|141559.847937458137|1318130.383610553574|32418.013677512437,0.210706850091,0.007155229715,-0.000063212055,0.000000000000,0.007092017660,0.007092017660,2.202150830301,2.175410632917,
2022-07-22T00:00:00Z,,hold,AVAXUSDT|SOLUSDT|ETHUSDT|LTCUSDT,0.052676712523|0.052676712523|0.052676712523|0.052676712523,0.290544771446|0.256677524430|0.232304164863|0.172203532380,67726.976348089374|141559.847937458137|1318130.383610553574|32418.013677512437,0.210706850091,-0.009238502242,-0.000060820532,0.000000000000,-0.009299322775,-0.009299322775,2.181672318932,2.155180787273,
2022-07-23T00:00:00Z,,hold,AVAXUSDT|SOLUSDT|ETHUSDT|LTCUSDT,0.052676712523|0.052676712523|0.052676712523|0.052676712523,0.290544771446|0.256677524430|0.232304164863|0.172203532380,67726.976348089374|141559.847937458137|1318130.383610553574|32418.013677512437,0.210706850091,-0.000090569530,-0.000040023766,0.000000000000,-0.000130593296,-0.000130593296,2.181387407153,2.154899335111,
2022-07-24T00:00:00Z,,hold,AVAXUSDT|SOLUSDT|ETHUSDT|LTCUSDT,0.052676712523|0.052676712523|0.052676712523|0.052676712523,0.290544771446|0.256677524430|0.232304164863|0.172203532380,67726.976348089374|141559.847937458137|1318130.383610553574|32418.013677512437,0.210706850091,0.005333991114,-0.000034198775,0.000000000000,0.005299792338,0.005299792338,2.192948307420,2.166319854097,
2022-07-25T00:00:00Z,2022-07-25T00:00:00Z,active,ETHUSDT|AVAXUSDT|BNBUSDT|LTCUSDT,0.064163646721|0.064163646721|0.064163646721|0.064163646721,0.304919880433|0.160644531250|0.088155647211|0.045340501792,2734236.126110755838|69143.232144126392|77272.902043174647|28255.554631701951,0.256654586882,-0.023040681717,-0.000021081608,0.151301161837,-0.023243324719,-0.023364365648,2.141976897818,2.115705164914,
2022-07-26T00:00:00Z,,hold,ETHUSDT|AVAXUSDT|BNBUSDT|LTCUSDT,0.064163646721|0.064163646721|0.064163646721|0.064163646721,0.304919880433|0.160644531250|0.088155647211|0.045340501792,2734236.126110755838|69143.232144126392|77272.902043174647|28255.554631701951,0.256654586882,0.000822889755,0.000025544831,0.000000000000,0.000848434586,0.000848434586,2.143794225101,2.117500202350,
2022-07-27T00:00:00Z,,hold,ETHUSDT|AVAXUSDT|BNBUSDT|LTCUSDT,0.064163646721|0.064163646721|0.064163646721|0.064163646721,0.304919880433|0.160644531250|0.088155647211|0.045340501792,2734236.126110755838|69143.232144126392|77272.902043174647|28255.554631701951,0.256654586882,0.028534289852,0.000026044666,0.000000000000,0.028560334518,0.028560334518,2.205021705308,2.177976716471,
2022-07-28T00:00:00Z,,hold,ETHUSDT|AVAXUSDT|BNBUSDT|LTCUSDT,0.064163646721|0.064163646721|0.064163646721|0.064163646721,0.304919880433|0.160644531250|0.088155647211|0.045340501792,2734236.126110755838|69143.232144126392|77272.902043174647|28255.554631701951,0.256654586882,0.011762205436,-0.000040702851,0.000000000000,0.011721502585,0.011721502585,2.230867872926,2.203505876182,
2022-07-29T00:00:00Z,,hold,ETHUSDT|AVAXUSDT|BNBUSDT|LTCUSDT,0.064163646721|0.064163646721|0.064163646721|0.064163646721,0.304919880433|0.160644531250|0.088155647211|0.045340501792,2734236.126110755838|69143.232144126392|77272.902043174647|28255.554631701951,0.256654586882,0.001808678931,-0.000055529145,0.000000000000,0.001753149786,0.001753149786,2.234778918459,2.207368952037,
2022-07-30T00:00:00Z,,hold,ETHUSDT|AVAXUSDT|BNBUSDT|LTCUSDT,0.064163646721|0.064163646721|0.064163646721|0.064163646721,0.304919880433|0.160644531250|0.088155647211|0.045340501792,2734236.126110755838|69143.232144126392|77272.902043174647|28255.554631701951,0.256654586882,-0.003136640930,-0.000057183925,0.000000000000,-0.003193824855,-0.003193824855,2.227641426003,2.200319002213,
2022-07-31T00:00:00Z,,hold,ETHUSDT|AVAXUSDT|BNBUSDT|LTCUSDT,0.064163646721|0.064163646721|0.064163646721|0.064163646721,0.304919880433|0.160644531250|0.088155647211|0.045340501792,2734236.126110755838|69143.232144126392|77272.902043174647|28255.554631701951,0.256654586882,-0.003940282638,-0.000051304610,0.000000000000,-0.003991587248,-0.003991587248,2.218749600893,2.191536236941,
2022-08-01T00:00:00Z,2022-08-01T00:00:00Z,active,ETHUSDT|AVAXUSDT|BNBUSDT|SOLUSDT,0.051937631918|0.051937631918|0.051937631918|0.051937631918,0.583805369888|0.470515207945|0.307685206554|0.289064879683,1384345.942812494701|63436.700627848506|69199.422916949799|123426.007463751375,0.207750527673,-0.002638471712,-0.000032960660,0.152779323046,-0.002854767560,-0.002976991018,2.212415586509,2.185012053247,
2022-08-02T00:00:00Z,,hold,ETHUSDT|AVAXUSDT|BNBUSDT|SOLUSDT,0.051937631918|0.051937631918|0.051937631918|0.051937631918,0.583805369888|0.470515207945|0.307685206554|0.289064879683,1384345.942812494701|63436.700627848506|69199.422916949799|123426.007463751375,0.207750527673,-0.003870226402,-0.000007850892,0.000000000000,-0.003878077295,-0.003878077295,2.203835667856,2.176538407615,
2022-08-03T00:00:00Z,,hold,ETHUSDT|AVAXUSDT|BNBUSDT|SOLUSDT,0.051937631918|0.051937631918|0.051937631918|0.051937631918,0.583805369888|0.470515207945|0.307685206554|0.289064879683,1384345.942812494701|63436.700627848506|69199.422916949799|123426.007463751375,0.207750527673,0.001031920535,0.000011206583,0.000000000000,0.001043127118,0.001043127118,2.206134548605,2.178808813852,
2022-08-04T00:00:00Z,,hold,ETHUSDT|AVAXUSDT|BNBUSDT|SOLUSDT,0.051937631918|0.051937631918|0.051937631918|0.051937631918,0.583805369888|0.470515207945|0.307685206554|0.289064879683,1384345.942812494701|63436.700627848506|69199.422916949799|123426.007463751375,0.207750527673,0.003283869185,-0.000015885125,0.000000000000,0.003267984061,0.003267984061,2.213344161145,2.185929126326,
2022-08-05T00:00:00Z,,hold,ETHUSDT|AVAXUSDT|BNBUSDT|SOLUSDT,0.051937631918|0.051937631918|0.051937631918|0.051937631918,0.583805369888|0.470515207945|0.307685206554|0.289064879683,1384345.942812494701|63436.700627848506|69199.422916949799|123426.007463751375,0.207750527673,0.010747509327,-0.000041558935,0.000000000000,0.010705950393,0.010705950393,2.237040113936,2.209331575114,
2022-08-06T00:00:00Z,,hold,ETHUSDT|AVAXUSDT|BNBUSDT|SOLUSDT,0.051937631918|0.051937631918|0.051937631918|0.051937631918,0.583805369888|0.470515207945|0.307685206554|0.289064879683,1384345.942812494701|63436.700627848506|69199.422916949799|123426.007463751375,0.207750527673,0.001324031431,-0.000046743869,0.000000000000,0.001277287563,0.001277287563,2.239897457451,2.212153526857,
2022-08-07T00:00:00Z,,hold,ETHUSDT|AVAXUSDT|BNBUSDT|SOLUSDT,0.051937631918|0.051937631918|0.051937631918|0.051937631918,0.583805369888|0.470515207945|0.307685206554|0.289064879683,1384345.942812494701|63436.700627848506|69199.422916949799|123426.007463751375,0.207750527673,0.004703778543,-0.000033930336,0.000000000000,0.004669848208,0.004669848208,2.250357438577,2.222483948039,
2022-08-08T00:00:00Z,2022-08-08T00:00:00Z,active,AVAXUSDT|ETHUSDT|BNBUSDT|LINKUSDT,0.056114397974|0.056114397974|0.056114397974|0.056114397974,0.415439309294|0.400253805015|0.342358078603|0.313750196881,108427.175930887490|1575587.031796477502|101221.966462363678|59700.662194507800,0.224457591894,0.004687791344,-0.000029348952,0.120582328057,0.004513743598,0.004417277735,2.260514975058,2.232301276900,
2022-08-09T00:00:00Z,,hold,AVAXUSDT|ETHUSDT|BNBUSDT|LINKUSDT,0.056114397974|0.056114397974|0.056114397974|0.056114397974,0.415439309294|0.400253805015|0.342358078603|0.313750196881,108427.175930887490|1575587.031796477502|101221.966462363678|59700.662194507800,0.224457591894,-0.002551931866,-0.000023150556,0.000000000000,-0.002575082422,-0.002575082422,2.254693962682,2.226552917122,
2022-08-10T00:00:00Z,,hold,AVAXUSDT|ETHUSDT|BNBUSDT|LINKUSDT,0.056114397974|0.056114397974|0.056114397974|0.056114397974,0.415439309294|0.400253805015|0.342358078603|0.313750196881,108427.175930887490|1575587.031796477502|101221.966462363678|59700.662194507800,0.224457591894,0.011341283060,-0.000031641226,0.000000000000,0.011309641834,0.011309641834,2.280193743845,2.251734433139,
2022-08-11T00:00:00Z,,hold,AVAXUSDT|ETHUSDT|BNBUSDT|LINKUSDT,0.056114397974|0.056114397974|0.056114397974|0.056114397974,0.415439309294|0.400253805015|0.342358078603|0.313750196881,108427.175930887490|1575587.031796477502|101221.966462363678|59700.662194507800,0.224457591894,-0.001934878271,-0.000023000731,0.000000000000,-0.001957879002,-0.001957879002,2.275729400394,2.247325809575,
2022-08-12T00:00:00Z,,hold,AVAXUSDT|ETHUSDT|BNBUSDT|LINKUSDT,0.056114397974|0.056114397974|0.056114397974|0.056114397974,0.415439309294|0.400253805015|0.342358078603|0.313750196881,108427.175930887490|1575587.031796477502|101221.966462363678|59700.662194507800,0.224457591894,0.006998731855,-0.000035474961,0.000000000000,0.006963256893,0.006963256893,2.291575888829,2.262974516509,
2022-08-13T00:00:00Z,,hold,AVAXUSDT|ETHUSDT|BNBUSDT|LINKUSDT,0.056114397974|0.056114397974|0.056114397974|0.056114397974,0.415439309294|0.400253805015|0.342358078603|0.313750196881,108427.175930887490|1575587.031796477502|101221.966462363678|59700.662194507800,0.224457591894,-0.001342635978,-0.000036023760,0.000000000000,-0.001378659738,-0.001378659738,2.288416585414,2.259854644655,
2022-08-14T00:00:00Z,,hold,AVAXUSDT|ETHUSDT|BNBUSDT|LINKUSDT,0.056114397974|0.056114397974|0.056114397974|0.056114397974,0.415439309294|0.400253805015|0.342358078603|0.313750196881,108427.175930887490|1575587.031796477502|101221.966462363678|59700.662194507800,0.224457591894,-0.006688652979,-0.000011038263,0.000000000000,-0.006699691242,-0.006699691242,2.273084900859,2.244714316285,
2022-08-15T00:00:00Z,2022-08-15T00:00:00Z,active,ETHUSDT|AVAXUSDT|LINKUSDT|BNBUSDT,0.060184795139|0.060184795139|0.060184795139|0.060184795139,0.572063579775|0.455813953488|0.386489479513|0.331879560513,1022809.745645276736|50688.847018623914|26536.344576217907|66053.162862171055,0.240739180555,-0.002290612610,0.000010793541,0.016281588661,-0.002299356975,-0.002312382246,2.267858267238,2.239523678753,
2022-08-16T00:00:00Z,,hold,ETHUSDT|AVAXUSDT|LINKUSDT|BNBUSDT,0.060184795139|0.060184795139|0.060184795139|0.060184795139,0.572063579775|0.455813953488|0.386489479513|0.331879560513,1022809.745645276736|50688.847018623914|26536.344576217907|66053.162862171055,0.240739180555,-0.004382951939,-0.000018414140,0.000000000000,-0.004401366079,-0.004401366079,2.257876592790,2.229666715201,
2022-08-17T00:00:00Z,,hold,ETHUSDT|AVAXUSDT|LINKUSDT|BNBUSDT,0.060184795139|0.060184795139|0.060184795139|0.060184795139,0.572063579775|0.455813953488|0.386489479513|0.331879560513,1022809.745645276736|50688.847018623914|26536.344576217907|66053.162862171055,0.240739180555,-0.009289973053,-0.000017462618,0.000000000000,-0.009307435671,-0.009307435671,2.236861551649,2.208914235681,
2022-08-18T00:00:00Z,,hold,ETHUSDT|AVAXUSDT|LINKUSDT|BNBUSDT,0.060184795139|0.060184795139|0.060184795139|0.060184795139,0.572063579775|0.455813953488|0.386489479513|0.331879560513,1022809.745645276736|50688.847018623914|26536.344576217907|66053.162862171055,0.240739180555,-0.007654911104,-0.000009586836,0.000000000000,-0.007664497940,-0.007664497940,2.219717130895,2.191984017073,
2022-08-19T00:00:00Z,,hold,ETHUSDT|AVAXUSDT|LINKUSDT|BNBUSDT,0.060184795139|0.060184795139|0.060184795139|0.060184795139,0.572063579775|0.455813953488|0.386489479513|0.331879560513,1022809.745645276736|50688.847018623914|26536.344576217907|66053.162862171055,0.240739180555,-0.021839459374,0.000066202071,0.000000000000,-0.021773257303,-0.021773257303,2.171386658665,2.144257385066,
2022-08-20T00:00:00Z,,hold,ETHUSDT|AVAXUSDT|LINKUSDT|BNBUSDT,0.060184795139|0.060184795139|0.060184795139|0.060184795139,0.572063579775|0.455813953488|0.386489479513|0.331879560513,1022809.745645276736|50688.847018623914|26536.344576217907|66053.162862171055,0.240739180555,-0.000706475045,0.000092382457,0.000000000000,-0.000614092588,-0.000614092588,2.170053226213,2.142940612500,
2022-08-21T00:00:00Z,,hold,ETHUSDT|AVAXUSDT|LINKUSDT|BNBUSDT,0.060184795139|0.060184795139|0.060184795139|0.060184795139,0.572063579775|0.455813953488|0.386489479513|0.331879560513,1022809.745645276736|50688.847018623914|26536.344576217907|66053.162862171055,0.240739180555,0.008914442335,0.000061860340,0.000000000000,0.008976302675,0.008976302675,2.189532280792,2.162176296052,
2022-08-22T00:00:00Z,2022-08-22T00:00:00Z,active,BNBUSDT|ETHUSDT|LINKUSDT|DOGEUSDT,0.070513557224|0.070513557224|0.070513557224|0.070513557224,0.149954247369|0.053853622933|0.043657817109|0.027748924173,116623.420799998014|1652836.096411667764|28658.639420560921|49065.675736159326,0.282054228897,-0.001404428096,0.000020845218,0.161684638620,-0.001577604444,-0.001706952155,2.186078064935,2.158485564564,
2022-08-23T00:00:00Z,,hold,BNBUSDT|ETHUSDT|LINKUSDT|DOGEUSDT,0.070513557224|0.070513557224|0.070513557224|0.070513557224,0.149954247369|0.053853622933|0.043657817109|0.027748924173,116623.420799998014|1652836.096411667764|28658.639420560921|49065.675736159326,0.282054228897,0.004034353704,-0.000005279350,0.000000000000,0.004029074354,0.004029074354,2.194885936003,2.167182263396,
2022-08-24T00:00:00Z,,hold,BNBUSDT|ETHUSDT|LINKUSDT|DOGEUSDT,0.070513557224|0.070513557224|0.070513557224|0.070513557224,0.149954247369|0.053853622933|0.043657817109|0.027748924173,116623.420799998014|1652836.096411667764|28658.639420560921|49065.675736159326,0.282054228897,-0.003200821587,0.000002941120,0.000000000000,-0.003197880467,-0.003197880467,2.187866953142,2.160251873569,
2022-08-25T00:00:00Z,,hold,BNBUSDT|ETHUSDT|LINKUSDT|DOGEUSDT,0.070513557224|0.070513557224|0.070513557224|0.070513557224,0.149954247369|0.053853622933|0.043657817109|0.027748924173,116623.420799998014|1652836.096411667764|28658.639420560921|49065.675736159326,0.282054228897,0.003906458917,-0.000009016569,0.000000000000,0.003897442348,0.003897442348,2.196394038457,2.168671330703,
2022-08-26T00:00:00Z,,hold,BNBUSDT|ETHUSDT|LINKUSDT|DOGEUSDT,0.070513557224|0.070513557224|0.070513557224|0.070513557224,0.149954247369|0.053853622933|0.043657817109|0.027748924173,116623.420799998014|1652836.096411667764|28658.639420560921|49065.675736159326,0.282054228897,-0.024601449195,0.000005991537,0.000000000000,-0.024595457658,-0.024595457658,2.142372721885,2.115331866815,
2022-08-27T00:00:00Z,,hold,BNBUSDT|ETHUSDT|LINKUSDT|DOGEUSDT,0.070513557224|0.070513557224|0.070513557224|0.070513557224,0.149954247369|0.053853622933|0.043657817109|0.027748924173,116623.420799998014|1652836.096411667764|28658.639420560921|49065.675736159326,0.282054228897,-0.000918279788,0.000117238661,0.000000000000,-0.000801041128,-0.000801041128,2.140656593224,2.113637398992,
2022-08-28T00:00:00Z,,hold,BNBUSDT|ETHUSDT|LINKUSDT|DOGEUSDT,0.070513557224|0.070513557224|0.070513557224|0.070513557224,0.149954247369|0.053853622933|0.043657817109|0.027748924173,116623.420799998014|1652836.096411667764|28658.639420560921|49065.675736159326,0.282054228897,-0.008283440048,0.000086429172,0.000000000000,-0.008197010875,-0.008197010875,2.123109607849,2.096311890246,
2022-08-29T00:00:00Z,2022-08-29T00:00:00Z,active,BNBUSDT|DOGEUSDT|LTCUSDT|XRPUSDT,0.097654459921|0.097654459921|0.097654459921|0.097654459921,-0.060122490643|-0.102906976744|-0.119287246329|-0.123470220288,186268.118645632872|118279.288147595507|97055.223441650814|267885.357578651980,0.390617839685,0.014341727611,0.000106628905,0.390617839685,0.013979615108,0.013667120836,2.152789862999,2.124962438160,
2022-08-30T00:00:00Z,,hold,BNBUSDT|DOGEUSDT|LTCUSDT|XRPUSDT,0.097654459921|0.097654459921|0.097654459921|0.097654459921,-0.060122490643|-0.102906976744|-0.119287246329|-0.123470220288,186268.118645632872|118279.288147595507|97055.223441650814|267885.357578651980,0.390617839685,-0.011797609770,0.000018981097,0.000000000000,-0.011778628673,-0.011778628673,2.127432950592,2.099933294658,
2022-08-31T00:00:00Z,,hold,BNBUSDT|DOGEUSDT|LTCUSDT|XRPUSDT,0.097654459921|0.097654459921|0.097654459921|0.097654459921,-0.060122490643|-0.102906976744|-0.119287246329|-0.123470220288,186268.118645632872|118279.288147595507|97055.223441650814|267885.357578651980,0.390617839685,0.000576657781,0.000044314617,0.000000000000,0.000620972398,0.000620972398,2.128754027734,2.101237295271,
2022-09-01T00:00:00Z,,hold,BNBUSDT|DOGEUSDT|LTCUSDT|XRPUSDT,0.097654459921|0.097654459921|0.097654459921|0.097654459921,-0.060122490643|-0.102906976744|-0.119287246329|-0.123470220288,186268.118645632872|118279.288147595507|97055.223441650814|267885.357578651980,0.390617839685,0.009861373208,0.000067994847,0.000000000000,0.009929368055,0.009929368055,2.149891209974,2.122101253747,
2022-09-02T00:00:00Z,,hold,BNBUSDT|DOGEUSDT|LTCUSDT|XRPUSDT,0.097654459921|0.097654459921|0.097654459921|0.097654459921,-0.060122490643|-0.102906976744|-0.119287246329|-0.123470220288,186268.118645632872|118279.288147595507|97055.223441650814|267885.357578651980,0.390617839685,0.003790592975,0.000000253902,0.000000000000,0.003790846876,0.003790846876,2.158041118351,2.130145814656,
2022-09-03T00:00:00Z,,hold,BNBUSDT|DOGEUSDT|LTCUSDT|XRPUSDT,0.097654459921|0.097654459921|0.097654459921|0.097654459921,-0.060122490643|-0.102906976744|-0.119287246329|-0.123470220288,186268.118645632872|118279.288147595507|97055.223441650814|267885.357578651980,0.390617839685,-0.000045077470,0.000013771232,0.000000000000,-0.000031306238,-0.000031306238,2.157973558203,2.130079127805,
2022-09-04T00:00:00Z,,hold,BNBUSDT|DOGEUSDT|LTCUSDT|XRPUSDT,0.097654459921|0.097654459921|0.097654459921|0.097654459921,-0.060122490643|-0.102906976744|-0.119287246329|-0.123470220288,186268.118645632872|118279.288147595507|97055.223441650814|267885.357578651980,0.390617839685,0.003133783412,-0.000034389018,0.000000000000,0.003099394394,0.003099394394,2.164661969352,2.136681083113,
2022-09-05T00:00:00Z,2022-09-05T00:00:00Z,active,LTCUSDT|ADAUSDT|ETHUSDT|LINKUSDT,0.073085309955|0.073085309955|0.073085309955|0.073085309955,-0.025460368295|-0.027063599459|-0.091524526086|-0.092075184150,81188.762972486613|116832.680473742745|1545385.851858267793|40440.903391301115,0.292341239818,0.002772221362,-0.000027583858,0.536788459594,0.002100491353,0.001671060585,2.169208823101,2.140251606655,
2022-09-06T00:00:00Z,,hold,LTCUSDT|ADAUSDT|ETHUSDT|LINKUSDT,0.073085309955|0.073085309955|0.073085309955|0.073085309955,-0.025460368295|-0.027063599459|-0.091524526086|-0.092075184150,81188.762972486613|116832.680473742745|1545385.851858267793|40440.903391301115,0.292341239818,-0.022698273989,-0.000017938058,0.000000000000,-0.022716212048,-0.022716212048,2.119932615500,2.091633197322,
2022-09-07T00:00:00Z,,hold,LTCUSDT|ADAUSDT|ETHUSDT|LINKUSDT,0.073085309955|0.073085309955|0.073085309955|0.073085309955,-0.025460368295|-0.027063599459|-0.091524526086|-0.092075184150,81188.762972486613|116832.680473742745|1545385.851858267793|40440.903391301115,0.292341239818,0.014969244970,0.000093754566,0.000000000000,0.015062999536,0.015062999536,2.151865159504,2.123139467203,
2022-09-08T00:00:00Z,,hold,LTCUSDT|ADAUSDT|ETHUSDT|LINKUSDT,0.073085309955|0.073085309955|0.073085309955|0.073085309955,-0.025460368295|-0.027063599459|-0.091524526086|-0.092075184150,81188.762972486613|116832.680473742745|1545385.851858267793|40440.903391301115,0.292341239818,0.004428451969,0.000013406769,0.000000000000,0.004441858738,0.004441858738,2.161423440566,2.132570152798,
2022-09-09T00:00:00Z,,hold,LTCUSDT|ADAUSDT|ETHUSDT|LINKUSDT,0.073085309955|0.073085309955|0.073085309955|0.073085309955,-0.025460368295|-0.027063599459|-0.091524526086|-0.092075184150,81188.762972486613|116832.680473742745|1545385.851858267793|40440.903391301115,0.292341239818,0.014529527882,-0.000036652283,0.000000000000,0.014492875599,0.014492875599,2.192748681608,2.163477226730,
2022-09-10T00:00:00Z,,hold,LTCUSDT|ADAUSDT|ETHUSDT|LINKUSDT,0.073085309955|0.073085309955|0.073085309955|0.073085309955,-0.025460368295|-0.027063599459|-0.091524526086|-0.092075184150,81188.762972486613|116832.680473742745|1545385.851858267793|40440.903391301115,0.292341239818,0.007890045256,-0.000029014137,0.000000000000,0.007861031119,0.007861031119,2.209985947230,2.180484388534,
2022-09-11T00:00:00Z,,hold,LTCUSDT|ADAUSDT|ETHUSDT|LINKUSDT,0.073085309955|0.073085309955|0.073085309955|0.073085309955,-0.025460368295|-0.027063599459|-0.091524526086|-0.092075184150,81188.762972486613|116832.680473742745|1545385.851858267793|40440.903391301115,0.292341239818,-0.000818117303,-0.000004714733,0.000000000000,-0.000822832036,-0.000822832036,2.208167499992,2.178690216124,
2022-09-12T00:00:00Z,2022-09-12T00:00:00Z,active,LTCUSDT|ADAUSDT|XRPUSDT|ETHUSDT,0.076481940195|0.076481940195|0.076481940195|0.076481940195,-0.011457670274|-0.056481481481|-0.064839219821|-0.098288546030,26401.504873521248|62216.239962989312|34114.791251551353|1877781.984141561901,0.305927760781,-0.003304449314,0.000042071950,0.159757140871,-0.003454085932,-0.003581891645,2.200540299695,2.170886383842,
2022-09-13T00:00:00Z,,hold,LTCUSDT|ADAUSDT|XRPUSDT|ETHUSDT,0.076481940195|0.076481940195|0.076481940195|0.076481940195,-0.011457670274|-0.056481481481|-0.064839219821|-0.098288546030,26401.504873521248|62216.239962989312|34114.791251551353|1877781.984141561901,0.305927760781,-0.020890162271,0.000075951920,0.000000000000,-0.020814210351,-0.020814210351,2.154737791011,2.125701098001,
2022-09-14T00:00:00Z,,hold,LTCUSDT|ADAUSDT|XRPUSDT|ETHUSDT,0.076481940195|0.076481940195|0.076481940195|0.076481940195,-0.011457670274|-0.056481481481|-0.064839219821|-0.098288546030,26401.504873521248|62216.239962989312|34114.791251551353|1877781.984141561901,0.305927760781,0.009432063096,0.000467508861,0.000000000000,0.009899571958,0.009899571958,2.176068772823,2.146744628981,
2022-09-15T00:00:00Z,,hold,LTCUSDT|ADAUSDT|XRPUSDT|ETHUSDT,0.076481940195|0.076481940195|0.076481940195|0.076481940195,-0.011457670274|-0.056481481481|-0.064839219821|-0.098288546030,26401.504873521248|62216.239962989312|34114.791251551353|1877781.984141561901,0.305927760781,-0.018284072041,0.000456411332,0.000000000000,-0.017827660709,-0.017827660709,2.137274557062,2.108473194107,
2022-09-16T00:00:00Z,,hold,LTCUSDT|ADAUSDT|XRPUSDT|ETHUSDT,0.076481940195|0.076481940195|0.076481940195|0.076481940195,-0.011457670274|-0.056481481481|-0.064839219821|-0.098288546030,26401.504873521248|62216.239962989312|34114.791251551353|1877781.984141561901,0.305927760781,0.005710009103,0.000023681868,0.000000000000,0.005733690971,0.005733690971,2.149529028893,2.120562527823,
2022-09-17T00:00:00Z,,hold,LTCUSDT|ADAUSDT|XRPUSDT|ETHUSDT,0.076481940195|0.076481940195|0.076481940195|0.076481940195,-0.011457670274|-0.056481481481|-0.064839219821|-0.098288546030,26401.504873521248|62216.239962989312|34114.791251551353|1877781.984141561901,0.305927760781,0.010728663759,-0.000000985087,0.000000000000,0.010727678672,0.010727678672,2.172588485611,2.143311241225,
2022-09-18T00:00:00Z,,hold,LTCUSDT|ADAUSDT|XRPUSDT|ETHUSDT,0.076481940195|0.076481940195|0.076481940195|0.076481940195,-0.011457670274|-0.056481481481|-0.064839219821|-0.098288546030,26401.504873521248|62216.239962989312|34114.791251551353|1877781.984141561901,0.305927760781,-0.023584098361,-0.000031460846,0.000000000000,-0.023615559207,-0.023615559207,2.121281593596,2.092695747709,
2022-09-19T00:00:00Z,2022-09-19T00:00:00Z,active,LINKUSDT|XRPUSDT|ADAUSDT|LTCUSDT,0.072835235273|0.072835235273|0.072835235273|0.072835235273,0.090513489991|0.070338222089|-0.004670818505|-0.025023169601,39604.646233218773|409081.926377829688|79682.147441575333|45678.593605363429,0.291340941090,0.004341826624,0.000015361679,0.160257290235,0.004164879555,0.004036673723,2.130116475936,2.101143277644,
2022-09-20T00:00:00Z,,hold,LINKUSDT|XRPUSDT|ADAUSDT|LTCUSDT,0.072835235273|0.072835235273|0.072835235273|0.072835235273,0.090513489991|0.070338222089|-0.004670818505|-0.025023169601,39604.646233218773|409081.926377829688|79682.147441575333|45678.593605363429,0.291340941090,-0.001042122827,0.000010084767,0.000000000000,-0.001032038060,-0.001032038060,2.127918114660,2.098974817811,
2022-09-21T00:00:00Z,,hold,LINKUSDT|XRPUSDT|ADAUSDT|LTCUSDT,0.072835235273|0.072835235273|0.072835235273|0.072835235273,0.090513489991|0.070338222089|-0.004670818505|-0.025023169601,39604.646233218773|409081.926377829688|79682.147441575333|45678.593605363429,0.291340941090,-0.008162847357,0.000007513683,0.000000000000,-0.008155333675,-0.008155333675,2.110564232402,2.081856977797,
2022-09-22T00:00:00Z,,hold,LINKUSDT|XRPUSDT|ADAUSDT|LTCUSDT,0.072835235273|0.072835235273|0.072835235273|0.072835235273,0.090513489991|0.070338222089|-0.004670818505|-0.025023169601,39604.646233218773|409081.926377829688|79682.147441575333|45678.593605363429,0.291340941090,0.028872698947,0.000091936276,0.000000000000,0.028964635222,0.028964635222,2.171695955508,2.142157205744,
2022-09-23T00:00:00Z,,hold,LINKUSDT|XRPUSDT|ADAUSDT|LTCUSDT,0.072835235273|0.072835235273|0.072835235273|0.072835235273,0.090513489991|0.070338222089|-0.004670818505|-0.025023169601,39604.646233218773|409081.926377829688|79682.147441575333|45678.593605363429,0.291340941090,0.009344193023,-0.000006280582,0.000000000000,0.009337912440,0.009337912440,2.191975062187,2.162160482165,
2022-09-24T00:00:00Z,,hold,LINKUSDT|XRPUSDT|ADAUSDT|LTCUSDT,0.072835235273|0.072835235273|0.072835235273|0.072835235273,0.090513489991|0.070338222089|-0.004670818505|-0.025023169601,39604.646233218773|409081.926377829688|79682.147441575333|45678.593605363429,0.291340941090,-0.005106511649,-0.000020575226,0.000000000000,-0.005127086874,-0.005127086874,2.180736615617,2.151074897537,
2022-09-25T00:00:00Z,,hold,LINKUSDT|XRPUSDT|ADAUSDT|LTCUSDT,0.072835235273|0.072835235273|0.072835235273|0.072835235273,0.090513489991|0.070338222089|-0.004670818505|-0.025023169601,39604.646233218773|409081.926377829688|79682.147441575333|45678.593605363429,0.291340941090,0.000812719521,-0.000032971783,0.000000000000,0.000779747738,0.000779747738,2.182437040060,2.152752193322,
2022-09-26T00:00:00Z,2022-09-26T00:00:00Z,active,XRPUSDT|LINKUSDT|ADAUSDT|SOLUSDT,0.066957832062|0.066957832062|0.066957832062|0.066957832062,0.448540253613|0.209789133446|0.034794711204|0.019886363636,447458.520307261555|114708.223267413821|49961.266603590993|86170.293872400507,0.267831328249,0.000809963353,-0.000006654939,0.157425276966,0.000614398082,0.000488457860,2.183777925191,2.153803722052,
2022-09-27T00:00:00Z,,hold,XRPUSDT|LINKUSDT|ADAUSDT|SOLUSDT,0.066957832062|0.066957832062|0.066957832062|0.066957832062,0.448540253613|0.209789133446|0.034794711204|0.019886363636,447458.520307261555|114708.223267413821|49961.266603590993|86170.293872400507,0.267831328249,-0.005504611687,-0.000028170499,0.000000000000,-0.005532782186,-0.005532782186,2.171695557588,2.141887195186,
2022-09-28T00:00:00Z,,hold,XRPUSDT|LINKUSDT|ADAUSDT|SOLUSDT,0.066957832062|0.066957832062|0.066957832062|0.066957832062,0.448540253613|0.209789133446|0.034794711204|0.019886363636,447458.520307261555|114708.223267413821|49961.266603590993|86170.293872400507,0.267831328249,-0.001288467535,0.000069564500,0.000000000000,-0.001218903034,-0.001218903034,2.169048471283,2.139276442385,
2022-09-29T00:00:00Z,,hold,XRPUSDT|LINKUSDT|ADAUSDT|SOLUSDT,0.066957832062|0.066957832062|0.066957832062|0.066957832062,0.448540253613|0.209789133446|0.034794711204|0.019886363636,447458.520307261555|114708.223267413821|49961.266603590993|86170.293872400507,0.267831328249,0.008389317131,-0.000001489142,0.000000000000,0.008387827989,0.008387827989,2.187242076760,2.157220325204,
2022-09-30T00:00:00Z,,hold,XRPUSDT|LINKUSDT|ADAUSDT|SOLUSDT,0.066957832062|0.066957832062|0.066957832062|0.066957832062,0.448540253613|0.209789133446|0.034794711204|0.019886363636,447458.520307261555|114708.223267413821|49961.266603590993|86170.293872400507,0.267831328249,-0.005615384372,-0.000053705538,0.000000000000,-0.005669089910,-0.005669089910,2.174842404772,2.144990849225,
2022-10-01T00:00:00Z,,hold,XRPUSDT|LINKUSDT|ADAUSDT|SOLUSDT,0.066957832062|0.066957832062|0.066957832062|0.066957832062,0.448540253613|0.209789133446|0.034794711204|0.019886363636,447458.520307261555|114708.223267413821|49961.266603590993|86170.293872400507,0.267831328249,-0.004675923485,-0.000056224492,0.000000000000,-0.004732147977,-0.004732147977,2.164550728686,2.134840435117,
2022-10-02T00:00:00Z,,hold,XRPUSDT|LINKUSDT|ADAUSDT|SOLUSDT,0.066957832062|0.066957832062|0.066957832062|0.066957832062,0.448540253613|0.209789133446|0.034794711204|0.019886363636,447458.520307261555|114708.223267413821|49961.266603590993|86170.293872400507,0.267831328249,-0.008803610582,-0.000013547578,0.000000000000,-0.008817158160,-0.008817158160,2.145465542566,2.116017209355,
2022-10-03T00:00:00Z,2022-10-03T00:00:00Z,active,XRPUSDT|BNBUSDT|SOLUSDT|LINKUSDT,0.071290468580|0.071290468580|0.071290468580|0.071290468580,0.353669586228|0.026729673184|0.026594040372|0.026581912742,506492.713316047797|125180.921434326854|212534.943001066364|93274.838359773479,0.285161874319,0.006779210355,-0.000010375615,0.151246210195,0.006587339288,0.006466342320,2.159598452026,2.129700100986,
2022-10-04T00:00:00Z,,hold,XRPUSDT|BNBUSDT|SOLUSDT|LINKUSDT,0.071290468580|0.071290468580|0.071290468580|0.071290468580,0.353669586228|0.026729673184|0.026594040372|0.026581912742,506492.713316047797|125180.921434326854|212534.943001066364|93274.838359773479,0.285161874319,0.011376052887,0.000004428564,0.000000000000,0.011380481451,0.011380481451,2.184175722151,2.153937113481,
2022-10-05T00:00:00Z,,hold,XRPUSDT|BNBUSDT|SOLUSDT|LINKUSDT,0.071290468580|0.071290468580|0.071290468580|0.071290468580,0.353669586228|0.026729673184|0.026594040372|0.026581912742,506492.713316047797|125180.921434326854|212534.943001066364|93274.838359773479,0.285161874319,0.002178085562,-0.000018204734,0.000000000000,0.002159880828,0.002159880828,2.188893281419,2.158589360958,
2022-10-06T00:00:00Z,,hold,XRPUSDT|BNBUSDT|SOLUSDT|LINKUSDT,0.071290468580|0.071290468580|0.071290468580|0.071290468580,0.353669586228|0.026729673184|0.026594040372|0.026581912742,506492.713316047797|125180.921434326854|212534.943001066364|93274.838359773479,0.285161874319,-0.004700482388,-0.000020000541,0.000000000000,-0.004720482929,-0.004720482929,2.178560648051,2.148399776729,
2022-10-07T00:00:00Z,,hold,XRPUSDT|BNBUSDT|SOLUSDT|LINKUSDT,0.071290468580|0.071290468580|0.071290468580|0.071290468580,0.353669586228|0.026729673184|0.026594040372|0.026581912742,506492.713316047797|125180.921434326854|212534.943001066364|93274.838359773479,0.285161874319,0.001312300117,0.000004401474,0.000000000000,0.001316701590,0.001316701590,2.181429162320,2.151228578131,
2022-10-08T00:00:00Z,,hold,XRPUSDT|BNBUSDT|SOLUSDT|LINKUSDT,0.071290468580|0.071290468580|0.071290468580|0.071290468580,0.353669586228|0.026729673184|0.026594040372|0.026581912742,506492.713316047797|125180.921434326854|212534.943001066364|93274.838359773479,0.285161874319,-0.003815641882,-0.000056010782,0.000000000000,-0.003871652664,-0.003871652664,2.172983426292,2.142899768275,
2022-10-09T00:00:00Z,,hold,XRPUSDT|BNBUSDT|SOLUSDT|LINKUSDT,0.071290468580|0.071290468580|0.071290468580|0.071290468580,0.353669586228|0.026729673184|0.026594040372|0.026581912742,506492.713316047797|125180.921434326854|212534.943001066364|93274.838359773479,0.285161874319,0.005058889175,-0.000018870587,0.000000000000,0.005040018588,0.005040018588,2.183935303153,2.153700022940,
2022-10-10T00:00:00Z,2022-10-10T00:00:00Z,active,XRPUSDT|LINKUSDT|DOGEUSDT|SOLUSDT,0.072099884437|0.072099884437|0.072099884437|0.072099884437,0.493408134642|-0.014477766287|-0.027259909134|-0.050778995961,258204.730389969947|25007.705600782356|21508.661185607471|65920.397638230264,0.288399537747,-0.013347181138,-0.000078607620,0.145818600587,-0.013600771079,-0.013717425960,2.154232099043,2.124156802336,
2022-10-11T00:00:00Z,,hold,XRPUSDT|LINKUSDT|DOGEUSDT|SOLUSDT,0.072099884437|0.072099884437|0.072099884437|0.072099884437,0.493408134642|-0.014477766287|-0.027259909134|-0.050778995961,258204.730389969947|25007.705600782356|21508.661185607471|65920.397638230264,0.288399537747,-0.004676159198,-0.000051162078,0.000000000000,-0.004727321276,-0.004727321276,2.144048351808,2.114115230692,
2022-10-12T00:00:00Z,,hold,XRPUSDT|LINKUSDT|DOGEUSDT|SOLUSDT,0.072099884437|0.072099884437|0.072099884437|0.072099884437,0.493408134642|-0.014477766287|-0.027259909134|-0.050778995961,258204.730389969947|25007.705600782356|21508.661185607471|65920.397638230264,0.288399537747,0.000811486125,-0.000039583558,0.000000000000,0.000771902568,0.000771902568,2.145703348237,2.115747121667,
2022-10-13T00:00:00Z,,hold,XRPUSDT|LINKUSDT|DOGEUSDT|SOLUSDT,0.072099884437|0.072099884437|0.072099884437|0.072099884437,0.493408134642|-0.014477766287|-0.027259909134|-0.050778995961,258204.730389969947|25007.705600782356|21508.661185607471|65920.397638230264,0.288399537747,-0.004429339911,0.000016466893,0.000000000000,-0.004412873018,-0.004412873018,2.136234631826,2.106410598280,
2022-10-14T00:00:00Z,,hold,XRPUSDT|LINKUSDT|DOGEUSDT|SOLUSDT,0.072099884437|0.072099884437|0.072099884437|0.072099884437,0.493408134642|-0.014477766287|-0.027259909134|-0.050778995961,258204.730389969947|25007.705600782356|21508.661185607471|65920.397638230264,0.288399537747,-0.002379249180,-0.000024555779,0.000000000000,-0.002403804958,-0.002403804958,2.131099540426,2.101347198040,
2022-10-15T00:00:00Z,,hold,XRPUSDT|LINKUSDT|DOGEUSDT|SOLUSDT,0.072099884437|0.072099884437|0.072099884437|0.072099884437,0.493408134642|-0.014477766287|-0.027259909134|-0.050778995961,258204.730389969947|25007.705600782356|21508.661185607471|65920.397638230264,0.288399537747,-0.002001663366,-0.000009367217,0.000000000000,-0.002011030583,-0.002011030583,2.126813834075,2.097121324559,
2022-10-16T00:00:00Z,,hold,XRPUSDT|LINKUSDT|DOGEUSDT|SOLUSDT,0.072099884437|0.072099884437|0.072099884437|0.072099884437,0.493408134642|-0.014477766287|-0.027259909134|-0.050778995961,258204.730389969947|25007.705600782356|21508.661185607471|65920.397638230264,0.288399537747,0.003950326269,-0.000016018431,0.000000000000,0.003934307838,0.003934307838,2.135181374412,2.105372045423,
2022-10-17T00:00:00Z,2022-10-17T00:00:00Z,active,XRPUSDT|BNBUSDT|DOGEUSDT|LINKUSDT,0.088801568003|0.088801568003|0.088801568003|0.088801568003,0.341030695579|-0.008916872907|-0.025496688742|-0.063896511172,137698.914438963489|24898.777213081143|17942.592011160497|27007.949084693500,0.355206272010,0.005417760443,-0.000019995449,0.211006503137,0.005144557190,0.004975751987,2.146165937103,2.115847854562,
2022-10-18T00:00:00Z,,hold,XRPUSDT|BNBUSDT|DOGEUSDT|LINKUSDT,0.088801568003|0.088801568003|0.088801568003|0.088801568003,0.341030695579|-0.008916872907|-0.025496688742|-0.063896511172,137698.914438963489|24898.777213081143|17942.592011160497|27007.949084693500,0.355206272010,-0.006290754529,-0.000043721452,0.000000000000,-0.006334475981,-0.006334475981,2.132571100523,2.102445067148,
2022-10-19T00:00:00Z,,hold,XRPUSDT|BNBUSDT|DOGEUSDT|LINKUSDT,0.088801568003|0.088801568003|0.088801568003|0.088801568003,0.341030695579|-0.008916872907|-0.025496688742|-0.063896511172,137698.914438963489|24898.777213081143|17942.592011160497|27007.949084693500,0.355206272010,-0.009365567720,-0.000062641514,0.000000000000,-0.009428209234,-0.009428209234,2.112464773981,2.082622775152,
2022-10-20T00:00:00Z,,hold,XRPUSDT|BNBUSDT|DOGEUSDT|LINKUSDT,0.088801568003|0.088801568003|0.088801568003|0.088801568003,0.341030695579|-0.008916872907|-0.025496688742|-0.063896511172,137698.914438963489|24898.777213081143|17942.592011160497|27007.949084693500,0.355206272010,-0.002052665185,-0.000034257869,0.000000000000,-0.002086923054,-0.002086923054,2.108056222544,2.078276501670,
2022-10-21T00:00:00Z,,hold,XRPUSDT|BNBUSDT|DOGEUSDT|LINKUSDT,0.088801568003|0.088801568003|0.088801568003|0.088801568003,0.341030695579|-0.008916872907|-0.025496688742|-0.063896511172,137698.914438963489|24898.777213081143|17942.592011160497|27007.949084693500,0.355206272010,0.005168566567,0.000028540824,0.000000000000,0.005197107391,0.005197107391,2.119012017118,2.089077527837,
2022-10-22T00:00:00Z,,hold,XRPUSDT|BNBUSDT|DOGEUSDT|LINKUSDT,0.088801568003|0.088801568003|0.088801568003|0.088801568003,0.341030695579|-0.008916872907|-0.025496688742|-0.063896511172,137698.914438963489|24898.777213081143|17942.592011160497|27007.949084693500,0.355206272010,0.002218719178,0.000046935181,0.000000000000,0.002265654359,0.002265654359,2.123812965931,2.093810655444,
2022-10-23T00:00:00Z,,hold,XRPUSDT|BNBUSDT|DOGEUSDT|LINKUSDT,0.088801568003|0.088801568003|0.088801568003|0.088801568003,0.341030695579|-0.008916872907|-0.025496688742|-0.063896511172,137698.914438963489|24898.777213081143|17942.592011160497|27007.949084693500,0.355206272010,0.006064919933,-0.000038785861,0.000000000000,0.006026134072,0.006026134072,2.136611347608,2.106428239175,
2022-10-24T00:00:00Z,2022-10-24T00:00:00Z,active,ETHUSDT|BNBUSDT|LTCUSDT|DOGEUSDT,0.166634694615|0.166634694615|0.166634694615|0.166634694615,0.027754745142|-0.002604449267|-0.021920289855|-0.047205557310,1486592.598105839454|36570.954425796670|24745.258104099703|25974.869231103043,0.666538778459,-0.010814669909,-0.000110588781,0.666538778459,-0.011725105224,-0.012258336247,2.111559354733,2.080606933539,
2022-10-25T00:00:00Z,,hold,ETHUSDT|BNBUSDT|LTCUSDT|DOGEUSDT,0.166634694615|0.166634694615|0.166634694615|0.166634694615,0.027754745142|-0.002604449267|-0.021920289855|-0.047205557310,1486592.598105839454|36570.954425796670|24745.258104099703|25974.869231103043,0.666538778459,0.041382453026,-0.000066237291,0.000000000000,0.041316215735,0.041316215735,2.198800996570,2.166569738463,
2022-10-26T00:00:00Z,,hold,ETHUSDT|BNBUSDT|LTCUSDT|DOGEUSDT,0.166634694615|0.166634694615|0.166634694615|0.166634694615,0.027754745142|-0.002604449267|-0.021920289855|-0.047205557310,1486592.598105839454|36570.954425796670|24745.258104099703|25974.869231103043,0.666538778459,0.042435933879,-0.000114301402,0.000000000000,0.042321632477,0.042321632477,2.291857844236,2.258262506670,
2022-10-27T00:00:00Z,,hold,ETHUSDT|BNBUSDT|LTCUSDT|DOGEUSDT,0.166634694615|0.166634694615|0.166634694615|0.166634694615,0.027754745142|-0.002604449267|-0.021920289855|-0.047205557310,1486592.598105839454|36570.954425796670|24745.258104099703|25974.869231103043,0.666538778459,-0.002517514103,-0.000098821039,0.000000000000,-0.002616335142,-0.002616335142,2.285861576018,2.252354135114,
2022-10-28T00:00:00Z,,hold,ETHUSDT|BNBUSDT|LTCUSDT|DOGEUSDT,0.166634694615|0.166634694615|0.166634694615|0.166634694615,0.027754745142|-0.002604449267|-0.021920289855|-0.047205557310,1486592.598105839454|36570.954425796670|24745.258104099703|25974.869231103043,0.666538778459,0.026478815297,-0.000037152872,0.000000000000,0.026441662425,0.026441662425,2.346303556161,2.311910122816,
2022-10-29T00:00:00Z,,hold,ETHUSDT|BNBUSDT|LTCUSDT|DOGEUSDT,0.166634694615|0.166634694615|0.166634694615|0.166634694615,0.027754745142|-0.002604449267|-0.021920289855|-0.047205557310,1486592.598105839454|36570.954425796670|24745.258104099703|25974.869231103043,0.666538778459,0.091028374504,-0.000049885429,0.000000000000,0.090978489075,0.090978489075,2.559766708612,2.522244212667,
2022-10-30T00:00:00Z,,hold,ETHUSDT|BNBUSDT|LTCUSDT|DOGEUSDT,0.166634694615|0.166634694615|0.166634694615|0.166634694615,0.027754745142|-0.002604449267|-0.021920289855|-0.047205557310,1486592.598105839454|36570.954425796670|24745.258104099703|25974.869231103043,0.666538778459,-0.007103396784,-0.000132524573,0.000000000000,-0.007235921357,-0.007235921357,2.541244438017,2.503993451902,
2022-10-31T00:00:00Z,2022-10-31T00:00:00Z,active,DOGEUSDT|ETHUSDT|BNBUSDT|AVAXUSDT,0.078705479396|0.078705479396|0.078705479396|0.078705479396,0.908840227088|0.197404690536|0.101071491305|0.061757857974,666799.002451143810|715267.394097561715|54697.682937755264|27166.866094103843,0.314821917582,0.012662646089,-0.000045793996,0.509127819668,0.012005898710,0.011598596454,2.571754361336,2.533036261474,
2022-11-01T00:00:00Z,,hold,DOGEUSDT|ETHUSDT|BNBUSDT|AVAXUSDT,0.078705479396|0.078705479396|0.078705479396|0.078705479396,0.908840227088|0.197404690536|0.101071491305|0.061757857974,666799.002451143810|715267.394097561715|54697.682937755264|27166.866094103843,0.314821917582,0.006635533920,0.000017787438,0.000000000000,0.006653321358,0.006653321358,2.588865069557,2.549889365734,
2022-11-02T00:00:00Z,,hold,DOGEUSDT|ETHUSDT|BNBUSDT|AVAXUSDT,0.078705479396|0.078705479396|0.078705479396|0.078705479396,0.908840227088|0.197404690536|0.101071491305|0.061757857974,666799.002451143810|715267.394097561715|54697.682937755264|27166.866094103843,0.314821917582,-0.014915561986,0.000035598488,0.000000000000,-0.014879963497,-0.014879963497,2.550342851822,2.511947105049,
2022-11-03T00:00:00Z,,hold,DOGEUSDT|ETHUSDT|BNBUSDT|AVAXUSDT,0.078705479396|0.078705479396|0.078705479396|0.078705479396,0.908840227088|0.197404690536|0.101071491305|0.061757857974,666799.002451143810|715267.394097561715|54697.682937755264|27166.866094103843,0.314821917582,0.000372000417,0.000052233678,0.000000000000,0.000424234095,0.000424234095,2.551424794215,2.513012758657,
2022-11-04T00:00:00Z,,hold,DOGEUSDT|ETHUSDT|BNBUSDT|AVAXUSDT,0.078705479396|0.078705479396|0.078705479396|0.078705479396,0.908840227088|0.197404690536|0.101071491305|0.061757857974,666799.002451143810|715267.394097561715|54697.682937755264|27166.866094103843,0.314821917582,0.019978586175,0.000012025410,0.000000000000,0.019990611585,0.019990611585,2.602429336264,2.563249420623,
2022-11-05T00:00:00Z,,hold,DOGEUSDT|ETHUSDT|BNBUSDT|AVAXUSDT,0.078705479396|0.078705479396|0.078705479396|0.078705479396,0.908840227088|0.197404690536|0.101071491305|0.061757857974,666799.002451143810|715267.394097561715|54697.682937755264|27166.866094103843,0.314821917582,-0.002186308697,-0.000011627948,0.000000000000,-0.002197936645,-0.002197936645,2.596709361460,2.557615560792,
2022-11-06T00:00:00Z,,hold,DOGEUSDT|ETHUSDT|BNBUSDT|AVAXUSDT,0.078705479396|0.078705479396|0.078705479396|0.078705479396,0.908840227088|0.197404690536|0.101071491305|0.061757857974,666799.002451143810|715267.394097561715|54697.682937755264|27166.866094103843,0.314821917582,-0.017066852744,-0.000041737516,0.000000000000,-0.017108590260,-0.017108590260,2.552283324970,2.513858364119,
2022-11-07T00:00:00Z,2022-11-07T00:00:00Z,active,DOGEUSDT|LTCUSDT|BNBUSDT|ETHUSDT,0.076223343768|0.076223343768|0.076223343768|0.076223343768,0.839563613027|0.290988262022|0.196803232209|0.178148089687,813774.751958638662|131057.392926980217|351604.894339218910|3922916.528579551261,0.304893375070,-0.003401845048,-0.000036187032,0.162375230047,-0.003632882357,-0.003762782541,2.543011179910,2.504399261757,
2022-11-08T00:00:00Z,,hold,DOGEUSDT|LTCUSDT|BNBUSDT|ETHUSDT,0.076223343768|0.076223343768|0.076223343768|0.076223343768,0.839563613027|0.290988262022|0.196803232209|0.178148089687,813774.751958638662|131057.392926980217|351604.894339218910|3922916.528579551261,0.304893375070,-0.040276996379,0.000068947063,0.000000000000,-0.040208049316,-0.040208049316,2.440761660978,2.403702252734,
2022-11-09T00:00:00Z,,hold,DOGEUSDT|LTCUSDT|BNBUSDT|ETHUSDT,0.076223343768|0.076223343768|0.076223343768|0.076223343768,0.839563613027|0.290988262022|0.196803232209|0.178148089687,813774.751958638662|131057.392926980217|351604.894339218910|3922916.528579551261,0.304893375070,-0.048592957984,0.000180746128,0.000000000000,-0.048412211856,-0.048412211856,2.322598990357,2.287333710036,
2022-11-10T00:00:00Z,,hold,DOGEUSDT|LTCUSDT|BNBUSDT|ETHUSDT,0.076223343768|0.076223343768|0.076223343768|0.076223343768,0.839563613027|0.290988262022|0.196803232209|0.178148089687,813774.751958638662|131057.392926980217|351604.894339218910|3922916.528579551261,0.304893375070,0.054809109645,0.000326241247,0.000000000000,0.055135350892,0.055135350892,2.450656300672,2.413446656746,
2022-11-11T00:00:00Z,,hold,DOGEUSDT|LTCUSDT|BNBUSDT|ETHUSDT,0.076223343768|0.076223343768|0.076223343768|0.076223343768,0.839563613027|0.290988262022|0.196803232209|0.178148089687,813774.751958638662|131057.392926980217|351604.894339218910|3922916.528579551261,0.304893375070,-0.006820167357,-0.000001099903,0.000000000000,-0.006821267260,-0.006821267260,2.433939719082,2.396983892082,
2022-11-12T00:00:00Z,,hold,DOGEUSDT|LTCUSDT|BNBUSDT|ETHUSDT,0.076223343768|0.076223343768|0.076223343768|0.076223343768,0.839563613027|0.290988262022|0.196803232209|0.178148089687,813774.751958638662|131057.392926980217|351604.894339218910|3922916.528579551261,0.304893375070,-0.003021603093,-0.000011899226,0.000000000000,-0.003033502320,-0.003033502320,2.426556357298,2.389712635885,
2022-11-13T00:00:00Z,,hold,DOGEUSDT|LTCUSDT|BNBUSDT|ETHUSDT,0.076223343768|0.076223343768|0.076223343768|0.076223343768,0.839563613027|0.290988262022|0.196803232209|0.178148089687,813774.751958638662|131057.392926980217|351604.894339218910|3922916.528579551261,0.304893375070,-0.009906380940,0.000023575118,0.000000000000,-0.009882805822,-0.009882805822,2.402575172004,2.366095569936,
2022-11-14T00:00:00Z,2022-11-14T00:00:00Z,active,DOGEUSDT|LTCUSDT|BNBUSDT|DOTUSDT,0.045577922843|0.045577922843|0.045577922843|0.045577922843,0.449146757679|0.118220834959|0.026401782399|-0.048037104522,134766.586524438637|20877.044997043482|74495.758261430557|17350.651248191789,0.182311691371,0.001309321679,-0.000015863852,0.213737529385,0.001036972792,0.000865982768,2.405066577087,2.368144567927,
2022-11-15T00:00:00Z,,hold,DOGEUSDT|LTCUSDT|BNBUSDT|DOTUSDT,0.045577922843|0.045577922843|0.045577922843|0.045577922843,0.449146757679|0.118220834959|0.026401782399|-0.048037104522,134766.586524438637|20877.044997043482|74495.758261430557|17350.651248191789,0.182311691371,0.001779681317,-0.000023297611,0.000000000000,0.001756383706,0.001756383706,2.409290796835,2.372303938459,
2022-11-16T00:00:00Z,,hold,DOGEUSDT|LTCUSDT|BNBUSDT|DOTUSDT,0.045577922843|0.045577922843|0.045577922843|0.045577922843,0.449146757679|0.118220834959|0.026401782399|-0.048037104522,134766.586524438637|20877.044997043482|74495.758261430557|17350.651248191789,0.182311691371,-0.003779252585,-0.000007537677,0.000000000000,-0.003786790262,-0.003786790262,2.400167317907,2.363320521007,
2022-11-17T00:00:00Z,,hold,DOGEUSDT|LTCUSDT|BNBUSDT|DOTUSDT,0.045577922843|0.045577922843|0.045577922843|0.045577922843,0.449146757679|0.118220834959|0.026401782399|-0.048037104522,134766.586524438637|20877.044997043482|74495.758261430557|17350.651248191789,0.182311691371,0.002648955496,0.000008583234,0.000000000000,0.002657538730,0.002657538730,2.406545855513,2.369601136823,
2022-11-18T00:00:00Z,,hold,DOGEUSDT|LTCUSDT|BNBUSDT|DOTUSDT,0.045577922843|0.045577922843|0.045577922843|0.045577922843,0.449146757679|0.118220834959|0.026401782399|-0.048037104522,134766.586524438637|20877.044997043482|74495.758261430557|17350.651248191789,0.182311691371,0.000900645233,0.000004458888,0.000000000000,0.000905104121,0.000905104121,2.408724030085,2.371745872578,
2022-11-19T00:00:00Z,,hold,DOGEUSDT|LTCUSDT|BNBUSDT|DOTUSDT,0.045577922843|0.045577922843|0.045577922843|0.045577922843,0.449146757679|0.118220834959|0.026401782399|-0.048037104522,134766.586524438637|20877.044997043482|74495.758261430557|17350.651248191789,0.182311691371,0.000279350123,0.000004241481,0.000000000000,0.000283591605,0.000283591605,2.409407123998,2.372418479796,
2022-11-20T00:00:00Z,,hold,DOGEUSDT|LTCUSDT|BNBUSDT|DOTUSDT,0.045577922843|0.045577922843|0.045577922843|0.045577922843,0.449146757679|0.118220834959|0.026401782399|-0.048037104522,134766.586524438637|20877.044997043482|74495.758261430557|17350.651248191789,0.182311691371,-0.009273788714,0.000009640642,0.000000000000,-0.009264148072,-0.009264148072,2.387086019636,2.350440043710,
2022-11-21T00:00:00Z,2022-11-21T00:00:00Z,active,DOGEUSDT|LTCUSDT|BNBUSDT|DOTUSDT,0.044886061179|0.044886061179|0.044886061179|0.044886061179,0.298431967628|0.202713178295|-0.021379872536|-0.093278463649,146460.133759978693|117305.125250723097|87496.550655047948|27249.709609933012,0.179544244717,-0.004528727466,0.000034714431,0.002767446654,-0.004497333971,-0.004499547928,2.376350496588,2.339864126081,
2022-11-22T00:00:00Z,,hold,DOGEUSDT|LTCUSDT|BNBUSDT|DOTUSDT,0.044886061179|0.044886061179|0.044886061179|0.044886061179,0.298431967628|0.202713178295|-0.021379872536|-0.093278463649,146460.133759978693|117305.125250723097|87496.550655047948|27249.709609933012,0.179544244717,0.012340903014,0.000005411912,0.000000000000,0.012346314926,0.012346314926,2.405689668194,2.368752825466,
2022-11-23T00:00:00Z,,hold,DOGEUSDT|LTCUSDT|BNBUSDT|DOTUSDT,0.044886061179|0.044886061179|0.044886061179|0.044886061179,0.298431967628|0.202713178295|-0.021379872536|-0.093278463649,146460.133759978693|117305.125250723097|87496.550655047948|27249.709609933012,0.179544244717,0.013779994873,0.000011558610,0.000000000000,0.013791553483,0.013791553483,2.438867865915,2.401421606746,
2022-11-24T00:00:00Z,,hold,DOGEUSDT|LTCUSDT|BNBUSDT|DOTUSDT,0.044886061179|0.044886061179|0.044886061179|0.044886061179,0.298431967628|0.202713178295|-0.021379872536|-0.093278463649,146460.133759978693|117305.125250723097|87496.550655047948|27249.709609933012,0.179544244717,-0.000653196450,0.000155129818,0.000000000000,-0.000498066632,-0.000498066632,2.437653147212,2.400225538774,
2022-11-25T00:00:00Z,,hold,DOGEUSDT|LTCUSDT|BNBUSDT|DOTUSDT,0.044886061179|0.044886061179|0.044886061179|0.044886061179,0.298431967628|0.202713178295|-0.021379872536|-0.093278463649,146460.133759978693|117305.125250723097|87496.550655047948|27249.709609933012,0.179544244717,0.000892096683,0.000175911167,0.000000000000,0.001068007850,0.001068007850,2.440256579909,2.402788998492,
2022-11-26T00:00:00Z,,hold,DOGEUSDT|LTCUSDT|BNBUSDT|DOTUSDT,0.044886061179|0.044886061179|0.044886061179|0.044886061179,0.298431967628|0.202713178295|-0.021379872536|-0.093278463649,146460.133759978693|117305.125250723097|87496.550655047948|27249.709609933012,0.179544244717,0.003029824389,0.000094302921,0.000000000000,0.003124127310,0.003124127310,2.447880252135,2.410295617224,
2022-11-27T00:00:00Z,,hold,DOGEUSDT|LTCUSDT|BNBUSDT|DOTUSDT,0.044886061179|0.044886061179|0.044886061179|0.044886061179,0.298431967628|0.202713178295|-0.021379872536|-0.093278463649,146460.133759978693|117305.125250723097|87496.550655047948|27249.709609933012,0.179544244717,0.003470736550,0.000093934856,0.000000000000,0.003564671405,0.003564671405,2.456606140874,2.418887529089,
2022-11-28T00:00:00Z,2022-11-28T00:00:00Z,active,LTCUSDT|DOGEUSDT|BNBUSDT|LINKUSDT,0.040342354205|0.040342354205|0.040342354205|0.040342354205,0.364182911277|0.176947858251|0.031928823233|-0.028852920479,171388.366715288750|1030677.663749447907|317554.850179580506|185632.733978513977,0.161369416820,-0.002151820888,0.000096028923,0.098859536307,-0.002174423409,-0.002253511038,2.451264438974,2.413436539342,
2022-11-29T00:00:00Z,,hold,LTCUSDT|DOGEUSDT|BNBUSDT|LINKUSDT,0.040342354205|0.040342354205|0.040342354205|0.040342354205,0.364182911277|0.176947858251|0.031928823233|-0.028852920479,171388.366715288750|1030677.663749447907|317554.850179580506|185632.733978513977,0.161369416820,0.004672860839,-0.000003001068,0.000000000000,0.004669859771,0.004669859771,2.462711500166,2.424706949547,
2022-11-30T00:00:00Z,,hold,LTCUSDT|DOGEUSDT|BNBUSDT|LINKUSDT,0.040342354205|0.040342354205|0.040342354205|0.040342354205,0.364182911277|0.176947858251|0.031928823233|-0.028852920479,171388.366715288750|1030677.663749447907|317554.850179580506|185632.733978513977,0.161369416820,0.006508305232,0.000053459267,0.000000000000,0.006561764499,0.006561764499,2.478871233059,2.440617305529,
2022-12-01T00:00:00Z,,hold,LTCUSDT|DOGEUSDT|BNBUSDT|LINKUSDT,0.040342354205|0.040342354205|0.040342354205|0.040342354205,0.364182911277|0.176947858251|0.031928823233|-0.028852920479,171388.366715288750|1030677.663749447907|317554.850179580506|185632.733978513977,0.161369416820,-0.003672465507,0.000097866114,0.000000000000,-0.003574599393,-0.003574599393,2.470010261453,2.431893076390,
2022-12-02T00:00:00Z,,hold,LTCUSDT|DOGEUSDT|BNBUSDT|LINKUSDT,0.040342354205|0.040342354205|0.040342354205|0.040342354205,0.364182911277|0.176947858251|0.031928823233|-0.028852920479,171388.366715288750|1030677.663749447907|317554.850179580506|185632.733978513977,0.161369416820,0.000079534977,-0.000011668219,0.000000000000,0.000067866758,0.000067866758,2.470177893041,2.432058121088,
2022-12-03T00:00:00Z,,hold,LTCUSDT|DOGEUSDT|BNBUSDT|LINKUSDT,0.040342354205|0.040342354205|0.040342354205|0.040342354205,0.364182911277|0.176947858251|0.031928823233|-0.028852920479,171388.366715288750|1030677.663749447907|317554.850179580506|185632.733978513977,0.161369416820,-0.004096128781,-0.000008043459,0.000000000000,-0.004104172240,-0.004104172240,2.460039857506,2.422076535662,
2022-12-04T00:00:00Z,,hold,LTCUSDT|DOGEUSDT|BNBUSDT|LINKUSDT,0.040342354205|0.040342354205|0.040342354205|0.040342354205,0.364182911277|0.176947858251|0.031928823233|-0.028852920479,171388.366715288750|1030677.663749447907|317554.850179580506|185632.733978513977,0.161369416820,0.003437944051,-0.000013893503,0.000000000000,0.003424050547,0.003424050547,2.468463158326,2.430369848150,
2022-12-05T00:00:00Z,2022-12-05T00:00:00Z,active,LTCUSDT|LINKUSDT|DOGEUSDT|BNBUSDT,0.044711767609|0.044711767609|0.044711767609|0.044711767609,0.140488527017|-0.146120293848|-0.174958343252|-0.176120329608,56194.413691217946|59257.612823761570|188436.013365355408|59493.134178633336,0.178847070438,-0.000825893321,-0.000015823942,0.017477653618,-0.000862690447,-0.000876672570,2.466333638741,2.428239209569,
2022-12-06T00:00:00Z,,hold,LTCUSDT|LINKUSDT|DOGEUSDT|BNBUSDT,0.044711767609|0.044711767609|0.044711767609|0.044711767609,0.140488527017|-0.146120293848|-0.174958343252|-0.176120329608,56194.413691217946|59257.612823761570|188436.013365355408|59493.134178633336,0.178847070438,-0.001356370447,-0.000022657688,0.000000000000,-0.001379028136,-0.001379028136,2.462932495261,2.424890599379,
2022-12-07T00:00:00Z,,hold,LTCUSDT|LINKUSDT|DOGEUSDT|BNBUSDT,0.044711767609|0.044711767609|0.044711767609|0.044711767609,0.140488527017|-0.146120293848|-0.174958343252|-0.176120329608,56194.413691217946|59257.612823761570|188436.013365355408|59493.134178633336,0.178847070438,-0.006164843446,0.000009196316,0.000000000000,-0.006155647130,-0.006155647130,2.447771551916,2.409963828521,
2022-12-08T00:00:00Z,,hold,LTCUSDT|LINKUSDT|DOGEUSDT|BNBUSDT,0.044711767609|0.044711767609|0.044711767609|0.044711767609,0.140488527017|-0.146120293848|-0.174958343252|-0.176120329608,56194.413691217946|59257.612823761570|188436.013365355408|59493.134178633336,0.178847070438,0.003849177001,-0.000004278022,0.000000000000,0.003844898979,0.003844898979,2.457182986256,2.419229895984,
2022-12-09T00:00:00Z,,hold,LTCUSDT|LINKUSDT|DOGEUSDT|BNBUSDT,0.044711767609|0.044711767609|0.044711767609|0.044711767609,0.140488527017|-0.146120293848|-0.174958343252|-0.176120329608,56194.413691217946|59257.612823761570|188436.013365355408|59493.134178633336,0.178847070438,-0.003481405767,-0.000005940405,0.000000000000,-0.003487346172,-0.003487346172,2.448613938574,2.410793203866,
2022-12-10T00:00:00Z,,hold,LTCUSDT|LINKUSDT|DOGEUSDT|BNBUSDT,0.044711767609|0.044711767609|0.044711767609|0.044711767609,0.140488527017|-0.146120293848|-0.174958343252|-0.176120329608,56194.413691217946|59257.612823761570|188436.013365355408|59493.134178633336,0.178847070438,0.000114406424,-0.000022674232,0.000000000000,0.000091732192,0.000091732192,2.448838555299,2.411014351213,
2022-12-11T00:00:00Z,,hold,LTCUSDT|LINKUSDT|DOGEUSDT|BNBUSDT,0.044711767609|0.044711767609|0.044711767609|0.044711767609,0.140488527017|-0.146120293848|-0.174958343252|-0.176120329608,56194.413691217946|59257.612823761570|188436.013365355408|59493.134178633336,0.178847070438,-0.003200617703,-0.000024562410,0.000000000000,-0.003225180113,-0.003225180113,2.440940609891,2.403238395675,
2022-12-12T00:00:00Z,2022-12-12T00:00:00Z,active,LTCUSDT|DOGEUSDT|XRPUSDT|BNBUSDT,0.091328272530|0.091328272530|0.091328272530|0.091328272530,0.244668728634|0.089134524929|-0.009112210362|-0.019649751793,61456.376209992290|128371.652872952109|67714.199348091119|91482.792700140912,0.365313090118,-0.003754527849,0.000022468582,0.275889554899,-0.004063126733,-0.004283838377,2.431022758846,2.392943310807,
2022-12-13T00:00:00Z,,hold,LTCUSDT|DOGEUSDT|XRPUSDT|BNBUSDT,0.091328272530|0.091328272530|0.091328272530|0.091328272530,0.244668728634|0.089134524929|-0.009112210362|-0.019649751793,61456.376209992290|128371.652872952109|67714.199348091119|91482.792700140912,0.365313090118,0.002809323197,-0.000021147975,0.000000000000,0.002788175222,0.002788175222,2.437800876266,2.399615256054,
2022-12-14T00:00:00Z,,hold,LTCUSDT|DOGEUSDT|XRPUSDT|BNBUSDT,0.091328272530|0.091328272530|0.091328272530|0.091328272530,0.244668728634|0.089134524929|-0.009112210362|-0.019649751793,61456.376209992290|128371.652872952109|67714.199348091119|91482.792700140912,0.365313090118,-0.009121489814,-0.000088076986,0.000000000000,-0.009209566800,-0.009209566800,2.415349786250,2.377515839058,
2022-12-15T00:00:00Z,,hold,LTCUSDT|DOGEUSDT|XRPUSDT|BNBUSDT,0.091328272530|0.091328272530|0.091328272530|0.091328272530,0.244668728634|0.089134524929|-0.009112210362|-0.019649751793,61456.376209992290|128371.652872952109|67714.199348091119|91482.792700140912,0.365313090118,-0.011778839408,-0.000054288265,0.000000000000,-0.011833127673,-0.011833127673,2.386768643854,2.349382390590,
2022-12-16T00:00:00Z,,hold,LTCUSDT|DOGEUSDT|XRPUSDT|BNBUSDT,0.091328272530|0.091328272530|0.091328272530|0.091328272530,0.244668728634|0.089134524929|-0.009112210362|-0.019649751793,61456.376209992290|128371.652872952109|67714.199348091119|91482.792700140912,0.365313090118,-0.034098109613,-0.000064845813,0.000000000000,-0.034162955426,-0.034162955426,2.305229573061,2.269120544701,
2022-12-17T00:00:00Z,,hold,LTCUSDT|DOGEUSDT|XRPUSDT|BNBUSDT,0.091328272530|0.091328272530|0.091328272530|0.091328272530,0.244668728634|0.089134524929|-0.009112210362|-0.019649751793,61456.376209992290|128371.652872952109|67714.199348091119|91482.792700140912,0.365313090118,0.007581082201,0.000276238799,0.000000000000,0.007857321000,0.007857321000,2.323342501795,2.286949753208,
2022-12-18T00:00:00Z,,hold,LTCUSDT|DOGEUSDT|XRPUSDT|BNBUSDT,0.091328272530|0.091328272530|0.091328272530|0.091328272530,0.244668728634|0.089134524929|-0.009112210362|-0.019649751793,61456.376209992290|128371.652872952109|67714.199348091119|91482.792700140912,0.365313090118,0.000689950191,0.000176722034,0.000000000000,0.000866672225,0.000866672225,2.325356078212,2.288931789040,
2022-12-19T00:00:00Z,2022-12-19T00:00:00Z,active,LTCUSDT|ETHUSDT|LINKUSDT|SOLUSDT,0.073166647021|0.073166647021|0.073166647021|0.073166647021,0.028274760383|-0.024413385697|-0.037228876659|-0.066983480425,32657.296815120993|856535.241683320259|73883.686441019367|31186.501151159518,0.292666588085,-0.006744101850,0.000043172712,0.511646384161,-0.007314904799,-0.007724221906,2.308346319876,2.271251571973,
2022-12-20T00:00:00Z,,hold,LTCUSDT|ETHUSDT|LINKUSDT|SOLUSDT,0.073166647021|0.073166647021|0.073166647021|0.073166647021,0.028274760383|-0.024413385697|-0.037228876659|-0.066983480425,32657.296815120993|856535.241683320259|73883.686441019367|31186.501151159518,0.292666588085,0.010411415371,0.000003336399,0.000000000000,0.010414751770,0.010414751770,2.332387173796,2.294906093302,
2022-12-21T00:00:00Z,,hold,LTCUSDT|ETHUSDT|LINKUSDT|SOLUSDT,0.073166647021|0.073166647021|0.073166647021|0.073166647021,0.028274760383|-0.024413385697|-0.037228876659|-0.066983480425,32657.296815120993|856535.241683320259|73883.686441019367|31186.501151159518,0.292666588085,-0.001400083081,0.000026849233,0.000000000000,-0.001373233848,-0.001373233848,2.329184260783,2.291754650578,
2022-12-22T00:00:00Z,,hold,LTCUSDT|ETHUSDT|LINKUSDT|SOLUSDT,0.073166647021|0.073166647021|0.073166647021|0.073166647021,0.028274760383|-0.024413385697|-0.037228876659|-0.066983480425,32657.296815120993|856535.241683320259|73883.686441019367|31186.501151159518,0.292666588085,-0.000503058502,0.000007861025,0.000000000000,-0.000495197477,-0.000495197477,2.328030854613,2.290619779456,
2022-12-23T00:00:00Z,,hold,LTCUSDT|ETHUSDT|LINKUSDT|SOLUSDT,0.073166647021|0.073166647021|0.073166647021|0.073166647021,0.028274760383|-0.024413385697|-0.037228876659|-0.066983480425,32657.296815120993|856535.241683320259|73883.686441019367|31186.501151159518,0.292666588085,-0.001453146360,-0.000038294691,0.000000000000,-0.001491441052,-0.001491441052,2.324558733827,2.287203455083,
2022-12-24T00:00:00Z,,hold,LTCUSDT|ETHUSDT|LINKUSDT|SOLUSDT,0.073166647021|0.073166647021|0.073166647021|0.073166647021,0.028274760383|-0.024413385697|-0.037228876659|-0.066983480425,32657.296815120993|856535.241683320259|73883.686441019367|31186.501151159518,0.292666588085,-0.002402771523,0.000175462400,0.000000000000,-0.002227309123,-0.002227309123,2.319381222952,2.282109145961,
2022-12-25T00:00:00Z,,hold,LTCUSDT|ETHUSDT|LINKUSDT|SOLUSDT,0.073166647021|0.073166647021|0.073166647021|0.073166647021,0.028274760383|-0.024413385697|-0.037228876659|-0.066983480425,32657.296815120993|856535.241683320259|73883.686441019367|31186.501151159518,0.292666588085,0.004196182639,0.000103376424,0.000000000000,0.004299559063,0.004299559063,2.329353539509,2.291921209022,
2022-12-26T00:00:00Z,2022-12-26T00:00:00Z,active,ETHUSDT|LTCUSDT|AVAXUSDT|LINKUSDT,0.097761431972|0.097761431972|0.097761431972|0.097761431972,0.016194568437|-0.066585629390|-0.088972137673|-0.125529738419,359099.828928338189|151998.663236295077|7080.122918342555|17999.521501247858,0.391045727887,0.004333477128,-0.000040406755,0.244712433844,0.003999415452,0.003803645505,2.338669592048,2.300638864827,
2022-12-27T00:00:00Z,,hold,ETHUSDT|LTCUSDT|AVAXUSDT|LINKUSDT,0.097761431972|0.097761431972|0.097761431972|0.097761431972,0.016194568437|-0.066585629390|-0.088972137673|-0.125529738419,359099.828928338189|151998.663236295077|7080.122918342555|17999.521501247858,0.391045727887,-0.007117673184,-0.000064380791,0.000000000000,-0.007182053975,-0.007182053975,2.321873140808,2.284115552322,
2022-12-28T00:00:00Z,,hold,ETHUSDT|LTCUSDT|AVAXUSDT|LINKUSDT,0.097761431972|0.097761431972|0.097761431972|0.097761431972,0.016194568437|-0.066585629390|-0.088972137673|-0.125529738419,359099.828928338189|151998.663236295077|7080.122918342555|17999.521501247858,0.391045727887,-0.012488464365,-0.000074922406,0.000000000000,-0.012563386771,-0.012563386771,2.292702550508,2.255419325209,
2022-12-29T00:00:00Z,,hold,ETHUSDT|LTCUSDT|AVAXUSDT|LINKUSDT,0.097761431972|0.097761431972|0.097761431972|0.097761431972,0.016194568437|-0.066585629390|-0.088972137673|-0.125529738419,359099.828928338189|151998.663236295077|7080.122918342555|17999.521501247858,0.391045727887,-0.002028860083,-0.000077056538,0.000000000000,-0.002105916621,-0.002105916621,2.287874310100,2.250669600165,
2022-12-30T00:00:00Z,,hold,ETHUSDT|LTCUSDT|AVAXUSDT|LINKUSDT,0.097761431972|0.097761431972|0.097761431972|0.097761431972,0.016194568437|-0.066585629390|-0.088972137673|-0.125529738419,359099.828928338189|151998.663236295077|7080.122918342555|17999.521501247858,0.391045727887,-0.001170893784,0.000001597422,0.000000000000,-0.001169296362,-0.001169296362,2.285199106993,2.248037900390,
2022-12-31T00:00:00Z,,hold,ETHUSDT|LTCUSDT|AVAXUSDT|LINKUSDT,0.097761431972|0.097761431972|0.097761431972|0.097761431972,0.016194568437|-0.066585629390|-0.088972137673|-0.125529738419,359099.828928338189|151998.663236295077|7080.122918342555|17999.521501247858,0.391045727887,0.005014387829,-0.000052152791,0.000000000000,0.004962235038,0.004962235038,2.296538802070,2.259193192825,
2023-01-01T00:00:00Z,,hold,ETHUSDT|LTCUSDT|AVAXUSDT|LINKUSDT,0.097761431972|0.097761431972|0.097761431972|0.097761431972,0.016194568437|-0.066585629390|-0.088972137673|-0.125529738419,359099.828928338189|151998.663236295077|7080.122918342555|17999.521501247858,0.391045727887,0.001904844175,-0.000066502214,0.000000000000,0.001838341961,0.001838341961,2.300760625714,2.263346362469,
2023-01-02T00:00:00Z,2023-01-02T00:00:00Z,active,ETHUSDT|LTCUSDT|XRPUSDT|BNBUSDT,0.117756690533|0.117756690533|0.117756690533|0.117756690533,-0.073389961390|-0.089648086309|-0.144553955016|-0.167399229957,365265.790597541083|40468.665419775425|40516.030197180815|59644.181187442409,0.471026762130,0.011228648827,0.000070124109,0.471026762130,0.010733540821,0.010356719412,2.325455933810,2.286787205676,
2023-01-03T00:00:00Z,,hold,ETHUSDT|LTCUSDT|XRPUSDT|BNBUSDT,0.117756690533|0.117756690533|0.117756690533|0.117756690533,-0.073389961390|-0.089648086309|-0.144553955016|-0.167399229957,365265.790597541083|40468.665419775425|40516.030197180815|59644.181187442409,0.471026762130,0.000416632086,0.000033657217,0.000000000000,0.000450289303,0.000450289303,2.326503061742,2.287816921494,
2023-01-04T00:00:00Z,,hold,ETHUSDT|LTCUSDT|XRPUSDT|BNBUSDT,0.117756690533|0.117756690533|0.117756690533|0.117756690533,-0.073389961390|-0.089648086309|-0.144553955016|-0.167399229957,365265.790597541083|40468.665419775425|40516.030197180815|59644.181187442409,0.471026762130,0.011090808939,-0.000063496763,0.000000000000,0.011027312176,0.011027312176,2.352158137283,2.313045392889,
2023-01-05T00:00:00Z,,hold,ETHUSDT|LTCUSDT|XRPUSDT|BNBUSDT,0.117756690533|0.117756690533|0.117756690533|0.117756690533,-0.073389961390|-0.089648086309|-0.144553955016|-0.167399229957,365265.790597541083|40468.665419775425|40516.030197180815|59644.181187442409,0.471026762130,-0.006459835215,0.000087487333,0.000000000000,-0.006372347882,-0.006372347882,2.337169367360,2.298305862980,
2023-01-06T00:00:00Z,,hold,ETHUSDT|LTCUSDT|XRPUSDT|BNBUSDT,0.117756690533|0.117756690533|0.117756690533|0.117756690533,-0.073389961390|-0.089648086309|-0.144553955016|-0.167399229957,365265.790597541083|40468.665419775425|40516.030197180815|59644.181187442409,0.471026762130,0.008002742675,-0.000007176093,0.000000000000,0.007995566582,0.007995566582,2.355856360650,2.316682120533,
2023-01-07T00:00:00Z,,hold,ETHUSDT|LTCUSDT|XRPUSDT|BNBUSDT,0.117756690533|0.117756690533|0.117756690533|0.117756690533,-0.073389961390|-0.089648086309|-0.144553955016|-0.167399229957,365265.790597541083|40468.665419775425|40516.030197180815|59644.181187442409,0.471026762130,0.000982160985,0.000012296154,0.000000000000,0.000994457138,0.000994457138,2.358199158825,2.318985961605,
2023-01-08T00:00:00Z,,hold,ETHUSDT|LTCUSDT|XRPUSDT|BNBUSDT,0.117756690533|0.117756690533|0.117756690533|0.117756690533,-0.073389961390|-0.089648086309|-0.144553955016|-0.167399229957,365265.790597541083|40468.665419775425|40516.030197180815|59644.181187442409,0.471026762130,0.012392067945,-0.000009877431,0.000000000000,0.012382190514,0.012382190514,2.387398830079,2.347700087581,
2023-01-09T00:00:00Z,2023-01-09T00:00:00Z,active,SOLUSDT|LTCUSDT|ETHUSDT|BNBUSDT,0.089679639087|0.089679639087|0.089679639087|0.089679639087,0.065247809117|0.031589985581|0.021658705072|-0.039208142422,515001.790379218408|223017.439649015054|3026336.222589397337|222507.972385658941,0.358718556348,0.015872996673,-0.000039162202,0.291667483956,0.015483833491,0.015250499504,2.424364916041,2.383503686602,
2023-01-10T00:00:00Z,,hold,SOLUSDT|LTCUSDT|ETHUSDT|BNBUSDT,0.089679639087|0.089679639087|0.089679639087|0.089679639087,0.065247809117|0.031589985581|0.021658705072|-0.039208142422,515001.790379218408|223017.439649015054|3026336.222589397337|222507.972385658941,0.358718556348,0.001377229552,-0.000056237205,0.000000000000,0.001320992347,0.001320992347,2.427567483540,2.386652276730,
2023-01-11T00:00:00Z,,hold,SOLUSDT|LTCUSDT|ETHUSDT|BNBUSDT,0.089679639087|0.089679639087|0.089679639087|0.089679639087,0.065247809117|0.031589985581|0.021658705072|-0.039208142422,515001.790379218408|223017.439649015054|3026336.222589397337|222507.972385658941,0.358718556348,0.010542526885,0.000014900272,0.000000000000,0.010557427157,0.010557427157,2.453196350416,2.411849184290,
2023-01-12T00:00:00Z,,hold,SOLUSDT|LTCUSDT|ETHUSDT|BNBUSDT,0.089679639087|0.089679639087|0.089679639087|0.089679639087,0.065247809117|0.031589985581|0.021658705072|-0.039208142422,515001.790379218408|223017.439649015054|3026336.222589397337|222507.972385658941,0.358718556348,0.005965521222,-0.000030899120,0.000000000000,0.005934622102,0.005934622102,2.467755143698,2.426162597766,
2023-01-13T00:00:00Z,,hold,SOLUSDT|LTCUSDT|ETHUSDT|BNBUSDT,0.089679639087|0.089679639087|0.089679639087|0.089679639087,0.065247809117|0.031589985581|0.021658705072|-0.039208142422,515001.790379218408|223017.439649015054|3026336.222589397337|222507.972385658941,0.358718556348,0.013528125793,0.000049827801,0.000000000000,0.013577953594,0.013577953594,2.501262208520,2.459104920930,
2023-01-14T00:00:00Z,,hold,SOLUSDT|LTCUSDT|ETHUSDT|BNBUSDT,0.089679639087|0.089679639087|0.089679639087|0.089679639087,0.065247809117|0.031589985581|0.021658705072|-0.039208142422,515001.790379218408|223017.439649015054|3026336.222589397337|222507.972385658941,0.358718556348,0.040821562992,-0.000229852502,0.000000000000,0.040591710490,0.040591710490,2.602792719948,2.558924195945,
2023-01-15T00:00:00Z,,hold,SOLUSDT|LTCUSDT|ETHUSDT|BNBUSDT,0.089679639087|0.089679639087|0.089679639087|0.089679639087,0.065247809117|0.031589985581|0.021658705072|-0.039208142422,515001.790379218408|223017.439649015054|3026336.222589397337|222507.972385658941,0.358718556348,-0.006282505232,-0.000155821960,0.000000000000,-0.006438327193,-0.006438327193,2.586035088803,2.542449004711,
2023-01-16T00:00:00Z,2023-01-16T00:00:00Z,active,SOLUSDT|AVAXUSDT|ADAUSDT|ETHUSDT,0.074758793115|0.074758793115|0.074758793115|0.074758793115,0.871313015769|0.421795738925|0.334093500570|0.332078545704,154148.802329111233|37114.984539686229|27357.866577809789|695016.817581780022,0.299035172461,0.003025415295,-0.000143861336,0.358718556348,0.002451091691,0.002164116846,2.592373697922,2.547951161432,
2023-01-17T00:00:00Z,,hold,SOLUSDT|AVAXUSDT|ADAUSDT|ETHUSDT,0.074758793115|0.074758793115|0.074758793115|0.074758793115,0.871313015769|0.421795738925|0.334093500570|0.332078545704,154148.802329111233|37114.984539686229|27357.866577809789|695016.817581780022,0.299035172461,-0.002287275192,-0.000091424771,0.000000000000,-0.002378699963,-0.002378699963,2.586207218703,2.541890350099,
2023-01-18T00:00:00Z,,hold,SOLUSDT|AVAXUSDT|ADAUSDT|ETHUSDT,0.074758793115|0.074758793115|0.074758793115|0.074758793115,0.871313015769|0.421795738925|0.334093500570|0.332078545704,154148.802329111233|37114.984539686229|27357.866577809789|695016.817581780022,0.299035172461,-0.019148822727,-0.000089710552,0.000000000000,-0.019238533279,-0.019238533279,2.536452385060,2.492988108008,
2023-01-19T00:00:00Z,,hold,SOLUSDT|AVAXUSDT|ADAUSDT|ETHUSDT,0.074758793115|0.074758793115|0.074758793115|0.074758793115,0.871313015769|0.421795738925|0.334093500570|0.332078545704,154148.802329111233|37114.984539686229|27357.866577809789|695016.817581780022,0.299035172461,0.008477960349,-0.000089710552,0.000000000000,0.008388249797,0.008388249797,2.557728781264,2.513899914999,
2023-01-20T00:00:00Z,,hold,SOLUSDT|AVAXUSDT|ADAUSDT|ETHUSDT,0.074758793115|0.074758793115|0.074758793115|0.074758793115,0.871313015769|0.421795738925|0.334093500570|0.332078545704,154148.802329111233|37114.984539686229|27357.866577809789|695016.817581780022,0.299035172461,0.031575743941,-0.000089710552,0.000000000000,0.031486033390,0.031486033390,2.638261515073,2.593052651661,
2023-01-21T00:00:00Z,,hold,SOLUSDT|AVAXUSDT|ADAUSDT|ETHUSDT,0.074758793115|0.074758793115|0.074758793115|0.074758793115,0.871313015769|0.421795738925|0.334093500570|0.332078545704,154148.802329111233|37114.984539686229|27357.866577809789|695016.817581780022,0.299035172461,-0.006022786541,-0.000132451649,0.000000000000,-0.006155238190,-0.006155238190,2.622022387040,2.577091794950,
2023-01-22T00:00:00Z,,hold,SOLUSDT|AVAXUSDT|ADAUSDT|ETHUSDT,0.074758793115|0.074758793115|0.074758793115|0.074758793115,0.871313015769|0.421795738925|0.334093500570|0.332078545704,154148.802329111233|37114.984539686229|27357.866577809789|695016.817581780022,0.299035172461,0.002538787463,-0.000112492546,0.000000000000,0.002426294917,0.002426294917,2.628384186630,2.583344579673,
2023-01-23T00:00:00Z,2023-01-23T00:00:00Z,active,SOLUSDT|AVAXUSDT|ADAUSDT|DOTUSDT,0.061776778203|0.061776778203|0.061776778203|0.061776778203,1.055300713558|0.473460721868|0.451040863531|0.388056363230,103831.087764199925|34460.757229002222|44602.900845830358|20208.793446252814,0.247107112813,0.005991451077,-0.000057152169,0.175481616055,0.005723720969,0.005583335676,2.643428324314,2.597768259629,
2023-01-24T00:00:00Z,,hold,SOLUSDT|AVAXUSDT|ADAUSDT|DOTUSDT,0.061776778203|0.061776778203|0.061776778203|0.061776778203,1.055300713558|0.473460721868|0.451040863531|0.388056363230,103831.087764199925|34460.757229002222|44602.900845830358|20208.793446252814,0.247107112813,-0.013631266231,-0.000055893158,0.000000000000,-0.013687159389,-0.013687159389,2.607247299506,2.562212191404,
2023-01-25T00:00:00Z,,hold,SOLUSDT|AVAXUSDT|ADAUSDT|DOTUSDT,0.061776778203|0.061776778203|0.061776778203|0.061776778203,1.055300713558|0.473460721868|0.451040863531|0.388056363230,103831.087764199925|34460.757229002222|44602.900845830358|20208.793446252814,0.247107112813,0.012312153399,-0.000021035611,0.000000000000,0.012291117788,0.012291117788,2.639293283167,2.593704643247,
2023-01-26T00:00:00Z,,hold,SOLUSDT|AVAXUSDT|ADAUSDT|DOTUSDT,0.061776778203|0.061776778203|0.061776778203|0.061776778203,1.055300713558|0.473460721868|0.451040863531|0.388056363230,103831.087764199925|34460.757229002222|44602.900845830358|20208.793446252814,0.247107112813,0.002296157697,-0.000060895841,0.000000000000,0.002235261856,0.002235261856,2.645192794770,2.599502252302,
2023-01-27T00:00:00Z,,hold,SOLUSDT|AVAXUSDT|ADAUSDT|DOTUSDT,0.061776778203|0.061776778203|0.061776778203|0.061776778203,1.055300713558|0.473460721868|0.451040863531|0.388056363230,103831.087764199925|34460.757229002222|44602.900845830358|20208.793446252814,0.247107112813,0.013627920987,-0.000074132134,0.000000000000,0.013553788853,0.013553788853,2.681045179385,2.634735356952,
2023-01-28T00:00:00Z,,hold,SOLUSDT|AVAXUSDT|ADAUSDT|DOTUSDT,0.061776778203|0.061776778203|0.061776778203|0.061776778203,1.055300713558|0.473460721868|0.451040863531|0.388056363230,103831.087764199925|34460.757229002222|44602.900845830358|20208.793446252814,0.247107112813,-0.006177797067,-0.000087800864,0.000000000000,-0.006265597930,-0.006265597930,2.664246828258,2.618227164552,
2023-01-29T00:00:00Z,,hold,SOLUSDT|AVAXUSDT|ADAUSDT|DOTUSDT,0.061776778203|0.061776778203|0.061776778203|0.061776778203,1.055300713558|0.473460721868|0.451040863531|0.388056363230,103831.087764199925|34460.757229002222|44602.900845830358|20208.793446252814,0.247107112813,0.011474537139,-0.000053601239,0.000000000000,0.011420935900,0.011420935900,2.694675020505,2.648129769170,
2023-01-30T00:00:00Z,2023-01-30T00:00:00Z,active,SOLUSDT|AVAXUSDT|ADAUSDT|DOTUSDT,0.061706806940|0.061706806940|0.061706806940|0.061706806940,1.641490331072|0.931180421382|0.618640618641|0.529969914372,158820.837107746047|61794.703533032764|67381.835199164532|18072.640076971558,0.246827227758,-0.016638755730,-0.000087863088,0.000279885055,-0.016726954680,-0.016727178588,2.649601313560,2.603834029597,
2023-01-31T00:00:00Z,,hold,SOLUSDT|AVAXUSDT|ADAUSDT|DOTUSDT,0.061706806940|0.061706806940|0.061706806940|0.061706806940,1.641490331072|0.931180421382|0.618640618641|0.529969914372,158820.837107746047|61794.703533032764|67381.835199164532|18072.640076971558,0.246827227758,0.003753615920,-0.000045216280,0.000000000000,0.003708399640,0.003708399640,2.659427094119,2.613490086776,
2023-02-01T00:00:00Z,,hold,SOLUSDT|AVAXUSDT|ADAUSDT|DOTUSDT,0.061706806940|0.061706806940|0.061706806940|0.061706806940,1.641490331072|0.931180421382|0.618640618641|0.529969914372,158820.837107746047|61794.703533032764|67381.835199164532|18072.640076971558,0.246827227758,0.009593401451,-0.000045891969,0.000000000000,0.009547509482,0.009547509482,2.684817999516,2.638442408160,
2023-02-02T00:00:00Z,,hold,SOLUSDT|AVAXUSDT|ADAUSDT|DOTUSDT,0.061706806940|0.061706806940|0.061706806940|0.061706806940,1.641490331072|0.931180421382|0.618640618641|0.529969914372,158820.837107746047|61794.703533032764|67381.835199164532|18072.640076971558,0.246827227758,-0.000067360964,-0.000117228741,0.000000000000,-0.000184589704,-0.000184589704,2.684322409755,2.637955378856,
2023-02-03T00:00:00Z,,hold,SOLUSDT|AVAXUSDT|ADAUSDT|DOTUSDT,0.061706806940|0.061706806940|0.061706806940|0.061706806940,1.641490331072|0.931180421382|0.618640618641|0.529969914372,158820.837107746047|61794.703533032764|67381.835199164532|18072.640076971558,0.246827227758,0.006681543081,-0.000058939874,0.000000000000,0.006622603207,0.006622603207,2.702099611956,2.655425510609,
2023-02-04T00:00:00Z,,hold,SOLUSDT|AVAXUSDT|ADAUSDT|DOTUSDT,0.061706806940|0.061706806940|0.061706806940|0.061706806940,1.641490331072|0.931180421382|0.618640618641|0.529969914372,158820.837107746047|61794.703533032764|67381.835199164532|18072.640076971558,0.246827227758,-0.003844415051,-0.000082493979,0.000000000000,-0.003926909030,-0.003926909030,2.691488712589,2.644997896193,
2023-02-05T00:00:00Z,,hold,SOLUSDT|AVAXUSDT|ADAUSDT|DOTUSDT,0.061706806940|0.061706806940|0.061706806940|0.061706806940,1.641490331072|0.931180421382|0.618640618641|0.529969914372,158820.837107746047|61794.703533032764|67381.835199164532|18072.640076971558,0.246827227758,-0.008176023654,-0.000032822468,0.000000000000,-0.008208846122,-0.008208846122,2.669394695909,2.623285515471,
2023-02-06T00:00:00Z,2023-02-06T00:00:00Z,active,SOLUSDT|AVAXUSDT|DOTUSDT|ADAUSDT,0.057165608276|0.057165608276|0.057165608276|0.057165608276,0.740265519543|0.706506965681|0.415972667094|0.408764367816,68016.871191150771|26917.113906051956|14266.606171189756|32337.947843114660,0.228662433105,-0.006182325801,-0.000055591267,0.018164794653,-0.006259714822,-0.006274246658,2.652685046366,2.606826375094,
2023-02-07T00:00:00Z,,hold,SOLUSDT|AVAXUSDT|DOTUSDT|ADAUSDT,0.057165608276|0.057165608276|0.057165608276|0.057165608276,0.740265519543|0.706506965681|0.415972667094|0.408764367816,68016.871191150771|26917.113906051956|14266.606171189756|32337.947843114660,0.228662433105,0.013193842542,-0.000030350365,0.000000000000,0.013163492177,0.013163492177,2.687603645222,2.641141313689,
2023-02-08T00:00:00Z,,hold,SOLUSDT|AVAXUSDT|DOTUSDT|ADAUSDT,0.057165608276|0.057165608276|0.057165608276|0.057165608276,0.740265519543|0.706506965681|0.415972667094|0.408764367816,68016.871191150771|26917.113906051956|14266.606171189756|32337.947843114660,0.228662433105,-0.005699150810,-0.000062292792,0.000000000000,-0.005761443602,-0.005761443602,2.672119168397,2.625924526967,
2023-02-09T00:00:00Z,,hold,SOLUSDT|AVAXUSDT|DOTUSDT|ADAUSDT,0.057165608276|0.057165608276|0.057165608276|0.057165608276,0.740265519543|0.706506965681|0.415972667094|0.408764367816,68016.871191150771|26917.113906051956|14266.606171189756|32337.947843114660,0.228662433105,-0.022105777992,-0.000043211483,0.000000000000,-0.022148989476,-0.022148989476,2.612934429058,2.567762952255,
2023-02-10T00:00:00Z,,hold,SOLUSDT|AVAXUSDT|DOTUSDT|ADAUSDT,0.057165608276|0.057165608276|0.057165608276|0.057165608276,0.740265519543|0.706506965681|0.415972667094|0.408764367816,68016.871191150771|26917.113906051956|14266.606171189756|32337.947843114660,0.228662433105,-0.002660722801,0.000001837874,0.000000000000,-0.002658884927,-0.002658884927,2.605986937090,2.560935566046,
2023-02-11T00:00:00Z,,hold,SOLUSDT|AVAXUSDT|DOTUSDT|ADAUSDT,0.057165608276|0.057165608276|0.057165608276|0.057165608276,0.740265519543|0.706506965681|0.415972667094|0.408764367816,68016.871191150771|26917.113906051956|14266.606171189756|32337.947843114660,0.228662433105,0.005262393916,0.000033477895,0.000000000000,0.005295871811,0.005295871811,2.619787909850,2.574497952520,
2023-02-12T00:00:00Z,,hold,SOLUSDT|AVAXUSDT|DOTUSDT|ADAUSDT,0.057165608276|0.057165608276|0.057165608276|0.057165608276,0.740265519543|0.706506965681|0.415972667094|0.408764367816,68016.871191150771|26917.113906051956|14266.606171189756|32337.947843114660,0.228662433105,-0.000319980771,0.000059679180,0.000000000000,-0.000260301590,-0.000260301590,2.619105974891,2.573827806608,
2023-02-13T00:00:00Z,2023-02-13T00:00:00Z,active,SOLUSDT|DOTUSDT|AVAXUSDT|LTCUSDT,0.055014932103|0.055014932103|0.055014932103|0.055014932103,0.174640494286|0.144366197183|0.113436951617|0.071776437848,143612.308362468844|24745.155813598773|31553.059747208612|55093.404933420854,0.220059728411,-0.003518450757,0.000018827210,0.118632568899,-0.003641982630,-0.003736888685,2.609567236425,2.564209698601,
2023-02-14T00:00:00Z,,hold,SOLUSDT|DOTUSDT|AVAXUSDT|LTCUSDT,0.055014932103|0.055014932103|0.055014932103|0.055014932103,0.174640494286|0.144366197183|0.113436951617|0.071776437848,143612.308362468844|24745.155813598773|31553.059747208612|55093.404933420854,0.220059728411,0.008158257713,-0.000012498292,0.000000000000,0.008145759421,0.008145759421,2.630824143325,2.585097133910,
2023-02-15T00:00:00Z,,hold,SOLUSDT|DOTUSDT|AVAXUSDT|LTCUSDT,0.055014932103|0.055014932103|0.055014932103|0.055014932103,0.174640494286|0.144366197183|0.113436951617|0.071776437848,143612.308362468844|24745.155813598773|31553.059747208612|55093.404933420854,0.220059728411,0.018085248337,-0.000039804954,0.000000000000,0.018045443383,0.018045443383,2.678298531453,2.631746357879,
2023-02-16T00:00:00Z,,hold,SOLUSDT|DOTUSDT|AVAXUSDT|LTCUSDT,0.055014932103|0.055014932103|0.055014932103|0.055014932103,0.174640494286|0.144366197183|0.113436951617|0.071776437848,143612.308362468844|24745.155813598773|31553.059747208612|55093.404933420854,0.220059728411,-0.012104038016,-0.000068500742,0.000000000000,-0.012172538758,-0.012172538758,2.645696838774,2.599711323336,
2023-02-17T00:00:00Z,,hold,SOLUSDT|DOTUSDT|AVAXUSDT|LTCUSDT,0.055014932103|0.055014932103|0.055014932103|0.055014932103,0.174640494286|0.144366197183|0.113436951617|0.071776437848,143612.308362468844|24745.155813598773|31553.059747208612|55093.404933420854,0.220059728411,0.014046691056,-0.000061750410,0.000000000000,0.013984940645,0.013984940645,2.682696752029,2.636068131888,
2023-02-18T00:00:00Z,,hold,SOLUSDT|DOTUSDT|AVAXUSDT|LTCUSDT,0.055014932103|0.055014932103|0.055014932103|0.055014932103,0.174640494286|0.144366197183|0.113436951617|0.071776437848,143612.308362468844|24745.155813598773|31553.059747208612|55093.404933420854,0.220059728411,0.000355864012,-0.000066367813,0.000000000000,0.000289496199,0.000289496199,2.683473382542,2.636831263593,
2023-02-19T00:00:00Z,,hold,SOLUSDT|DOTUSDT|AVAXUSDT|LTCUSDT,0.055014932103|0.055014932103|0.055014932103|0.055014932103,0.174640494286|0.144366197183|0.113436951617|0.071776437848,143612.308362468844|24745.155813598773|31553.059747208612|55093.404933420854,0.220059728411,0.004360823747,-0.000068573362,0.000000000000,0.004292250385,0.004292250385,2.694991522202,2.648149203599,
2023-02-20T00:00:00Z,2023-02-20T00:00:00Z,active,DOTUSDT|LINKUSDT|AVAXUSDT|ADAUSDT,0.066652016255|0.066652016255|0.066652016255|0.066652016255,0.192313851081|0.154023319418|0.133401920439|0.094246575342,52515.878106498152|78387.078284536052|60254.603412379714|44943.461869237995,0.266608065019,0.005159674516,-0.000080812904,0.266608065019,0.004758931935,0.004545645483,2.707816803421,2.660186751064,
2023-02-21T00:00:00Z,,hold,DOTUSDT|LINKUSDT|AVAXUSDT|ADAUSDT,0.066652016255|0.066652016255|0.066652016255|0.066652016255,0.192313851081|0.154023319418|0.133401920439|0.094246575342,52515.878106498152|78387.078284536052|60254.603412379714|44943.461869237995,0.266608065019,-0.007190131268,-0.000089023099,0.000000000000,-0.007279154367,-0.007279154367,2.688106186911,2.640822841059,
2023-02-22T00:00:00Z,,hold,DOTUSDT|LINKUSDT|AVAXUSDT|ADAUSDT,0.066652016255|0.066652016255|0.066652016255|0.066652016255,0.192313851081|0.154023319418|0.133401920439|0.094246575342,52515.878106498152|78387.078284536052|60254.603412379714|44943.461869237995,0.266608065019,-0.002769975158,-0.000091943790,0.000000000000,-0.002861918948,-0.002861918948,2.680413044881,2.633265020131,
2023-02-23T00:00:00Z,,hold,DOTUSDT|LINKUSDT|AVAXUSDT|ADAUSDT,0.066652016255|0.066652016255|0.066652016255|0.066652016255,0.192313851081|0.154023319418|0.133401920439|0.094246575342,52515.878106498152|78387.078284536052|60254.603412379714|44943.461869237995,0.266608065019,-0.001995446159,-0.000079982420,0.000000000000,-0.002075428578,-0.002075428578,2.674850039046,2.627799866654,
2023-02-24T00:00:00Z,,hold,DOTUSDT|LINKUSDT|AVAXUSDT|ADAUSDT,0.066652016255|0.066652016255|0.066652016255|0.066652016255,0.192313851081|0.154023319418|0.133401920439|0.094246575342,52515.878106498152|78387.078284536052|60254.603412379714|44943.461869237995,0.266608065019,-0.015998128912,-0.000079982420,0.000000000000,-0.016078111332,-0.016078111332,2.631843502322,2.585549807841,
2023-02-25T00:00:00Z,,hold,DOTUSDT|LINKUSDT|AVAXUSDT|ADAUSDT,0.066652016255|0.066652016255|0.066652016255|0.066652016255,0.192313851081|0.154023319418|0.133401920439|0.094246575342,52515.878106498152|78387.078284536052|60254.603412379714|44943.461869237995,0.266608065019,-0.003879607035,-0.000057032797,0.000000000000,-0.003936639832,-0.003936639832,2.621482882359,2.575371429479,
2023-02-26T00:00:00Z,,hold,DOTUSDT|LINKUSDT|AVAXUSDT|ADAUSDT,0.066652016255|0.066652016255|0.066652016255|0.066652016255,0.192313851081|0.154023319418|0.133401920439|0.094246575342,52515.878106498152|78387.078284536052|60254.603412379714|44943.461869237995,0.266608065019,0.005718704509,-0.000029397538,0.000000000000,0.005689306971,0.005689306971,2.636397303195,2.590023508105,
2023-02-27T00:00:00Z,2023-02-27T00:00:00Z,active,LTCUSDT|ETHUSDT|DOTUSDT|LINKUSDT,0.079295756487|0.079295756487|0.079295756487|0.079295756487,0.070601461495|0.027180855060|0.015803069442|0.013945301923,46328.468729042666|1090680.896037339000|23943.437815879170|23801.917621806810,0.317183025949,-0.004968236955,-0.000053942524,0.317183025949,-0.005402799111,-0.005656545531,2.622153378190,2.575372922204,
2023-02-28T00:00:00Z,,hold,LTCUSDT|ETHUSDT|DOTUSDT|LINKUSDT,0.079295756487|0.079295756487|0.079295756487|0.079295756487,0.070601461495|0.027180855060|0.015803069442|0.013945301923,46328.468729042666|1090680.896037339000|23943.437815879170|23801.917621806810,0.317183025949,-0.005256913103,-0.000061600908,0.000000000000,-0.005318514012,-0.005318514012,2.608207418708,2.561675765232,
2023-03-01T00:00:00Z,,hold,LTCUSDT|ETHUSDT|DOTUSDT|LINKUSDT,0.079295756487|0.079295756487|0.079295756487|0.079295756487,0.070601461495|0.027180855060|0.015803069442|0.013945301923,46328.468729042666|1090680.896037339000|23943.437815879170|23801.917621806810,0.317183025949,0.012445445854,-0.000076834416,0.000000000000,0.012368611437,0.012368611437,2.640467322817,2.593360137401,
2023-03-02T00:00:00Z,,hold,LTCUSDT|ETHUSDT|DOTUSDT|LINKUSDT,0.079295756487|0.079295756487|0.079295756487|0.079295756487,0.070601461495|0.027180855060|0.015803069442|0.013945301923,46328.468729042666|1090680.896037339000|23943.437815879170|23801.917621806810,0.317183025949,-0.007976746094,-0.000093367581,0.000000000000,-0.008070113675,-0.008070113675,2.619158451367,2.572431426292,
2023-03-03T00:00:00Z,,hold,LTCUSDT|ETHUSDT|DOTUSDT|LINKUSDT,0.079295756487|0.079295756487|0.079295756487|0.079295756487,0.070601461495|0.027180855060|0.015803069442|0.013945301923,46328.468729042666|1090680.896037339000|23943.437815879170|23801.917621806810,0.317183025949,-0.014985165900,-0.000008350636,0.000000000000,-0.014993516536,-0.014993516536,2.579888055816,2.533861633163,
2023-03-04T00:00:00Z,,hold,LTCUSDT|ETHUSDT|DOTUSDT|LINKUSDT,0.079295756487|0.079295756487|0.079295756487|0.079295756487,0.070601461495|0.027180855060|0.015803069442|0.013945301923,46328.468729042666|1090680.896037339000|23943.437815879170|23801.917621806810,0.317183025949,-0.003919133281,-0.000045477702,0.000000000000,-0.003964610983,-0.003964610983,2.569659803295,2.523815857503,
2023-03-05T00:00:00Z,,hold,LTCUSDT|ETHUSDT|DOTUSDT|LINKUSDT,0.079295756487|0.079295756487|0.079295756487|0.079295756487,0.070601461495|0.027180855060|0.015803069442|0.013945301923,46328.468729042666|1090680.896037339000|23943.437815879170|23801.917621806810,0.317183025949,0.002227919398,-0.000030573272,0.000000000000,0.002197346126,0.002197346126,2.575306235309,2.529361554500,
2023-03-06T00:00:00Z,2023-03-06T00:00:00Z,active,LINKUSDT|ETHUSDT|LTCUSDT|XRPUSDT,0.098962191392|0.098962191392|0.098962191392|0.098962191392,-0.048643463963|-0.059879303712|-0.100460276166|-0.109545785766,32599.232058644531|809701.071849774686|43909.507903842954|82399.694506882428,0.395848765567,-0.003319008139,-0.000057498023,0.237257252592,-0.003661214865,-0.003851020667,2.565877485839,2.519620930880,
2023-03-07T00:00:00Z,,hold,LINKUSDT|ETHUSDT|LTCUSDT|XRPUSDT,0.098962191392|0.098962191392|0.098962191392|0.098962191392,-0.048643463963|-0.059879303712|-0.100460276166|-0.109545785766,32599.232058644531|809701.071849774686|43909.507903842954|82399.694506882428,0.395848765567,0.001857629056,-0.000067508048,0.000000000000,0.001790121007,0.001790121007,2.570470717029,2.524131357239,
2023-03-08T00:00:00Z,,hold,LINKUSDT|ETHUSDT|LTCUSDT|XRPUSDT,0.098962191392|0.098962191392|0.098962191392|0.098962191392,-0.048643463963|-0.059879303712|-0.100460276166|-0.109545785766,32599.232058644531|809701.071849774686|43909.507903842954|82399.694506882428,0.395848765567,-0.008101842585,-0.000096850338,0.000000000000,-0.008198692923,-0.008198692923,2.549396216952,2.503436779344,
2023-03-09T00:00:00Z,,hold,LINKUSDT|ETHUSDT|LTCUSDT|XRPUSDT,0.098962191392|0.098962191392|0.098962191392|0.098962191392,-0.048643463963|-0.059879303712|-0.100460276166|-0.109545785766,32599.232058644531|809701.071849774686|43909.507903842954|82399.694506882428,0.395848765567,-0.024414089518,-0.000096868151,0.000000000000,-0.024510957669,-0.024510957669,2.486908074197,2.442075146418,
2023-03-10T00:00:00Z,,hold,LINKUSDT|ETHUSDT|LTCUSDT|XRPUSDT,0.098962191392|0.098962191392|0.098962191392|0.098962191392,-0.048643463963|-0.059879303712|-0.100460276166|-0.109545785766,32599.232058644531|809701.071849774686|43909.507903842954|82399.694506882428,0.395848765567,-0.006816656308,-0.000012569188,0.000000000000,-0.006829225496,-0.006829225496,2.469924418171,2.425397664566,
2023-03-11T00:00:00Z,,hold,LINKUSDT|ETHUSDT|LTCUSDT|XRPUSDT,0.098962191392|0.098962191392|0.098962191392|0.098962191392,-0.048643463963|-0.059879303712|-0.100460276166|-0.109545785766,32599.232058644531|809701.071849774686|43909.507903842954|82399.694506882428,0.395848765567,-0.002410982936,-0.000022371393,0.000000000000,-0.002433354329,-0.002433354329,2.463914216895,2.419495812659,
2023-03-12T00:00:00Z,,hold,LINKUSDT|ETHUSDT|LTCUSDT|XRPUSDT,0.098962191392|0.098962191392|0.098962191392|0.098962191392,-0.048643463963|-0.059879303712|-0.100460276166|-0.109545785766,32599.232058644531|809701.071849774686|43909.507903842954|82399.694506882428,0.395848765567,0.025900997869,-0.000001213276,0.000000000000,0.025899784593,0.025899784593,2.527729064367,2.482160233029,
2023-03-13T00:00:00Z,2023-03-13T00:00:00Z,active,ETHUSDT|SOLUSDT|XRPUSDT|DOTUSDT,0.083281071115|0.083281071115|0.083281071115|0.083281071115,0.044304550805|0.005227001195|-0.027522935780|-0.046293298802,3141571.211348615121|264166.729102018522|206234.483626510220|59764.465843105070,0.333124284459,0.008987706120,-0.000063187847,0.395848765567,0.008449499755,0.008132820742,2.549087110477,2.502347197258,
2023-03-14T00:00:00Z,,hold,ETHUSDT|SOLUSDT|XRPUSDT|DOTUSDT,0.083281071115|0.083281071115|0.083281071115|0.083281071115,0.044304550805|0.005227001195|-0.027522935780|-0.046293298802,3141571.211348615121|264166.729102018522|206234.483626510220|59764.465843105070,0.333124284459,0.004921805801,-0.000066192628,0.000000000000,0.004855613172,0.004855613172,2.561464491428,2.514497627271,
2023-03-15T00:00:00Z,,hold,ETHUSDT|SOLUSDT|XRPUSDT|DOTUSDT,0.083281071115|0.083281071115|0.083281071115|0.083281071115,0.044304550805|0.005227001195|-0.027522935780|-0.046293298802,3141571.211348615121|264166.729102018522|206234.483626510220|59764.465843105070,0.333124284459,-0.016683689934,-0.000131715676,0.000000000000,-0.016815405610,-0.016815405610,2.518392427048,2.472215329762,
2023-03-16T00:00:00Z,,hold,ETHUSDT|SOLUSDT|XRPUSDT|DOTUSDT,0.083281071115|0.083281071115|0.083281071115|0.083281071115,0.044304550805|0.005227001195|-0.027522935780|-0.046293298802,3141571.211348615121|264166.729102018522|206234.483626510220|59764.465843105070,0.333124284459,0.007324296188,-0.000024585405,0.000000000000,0.007299710783,0.007299710783,2.536775963404,2.490261786663,
2023-03-17T00:00:00Z,,hold,ETHUSDT|SOLUSDT|XRPUSDT|DOTUSDT,0.083281071115|0.083281071115|0.083281071115|0.083281071115,0.044304550805|0.005227001195|-0.027522935780|-0.046293298802,3141571.211348615121|264166.729102018522|206234.483626510220|59764.465843105070,0.333124284459,0.024823515819,-0.000014522553,0.000000000000,0.024808993266,0.024808993266,2.599710821197,2.552042674558,
2023-03-18T00:00:00Z,,hold,ETHUSDT|SOLUSDT|XRPUSDT|DOTUSDT,0.083281071115|0.083281071115|0.083281071115|0.083281071115,0.044304550805|0.005227001195|-0.027522935780|-0.046293298802,3141571.211348615121|264166.729102018522|206234.483626510220|59764.465843105070,0.333124284459,-0.008096442716,-0.000114578930,0.000000000000,-0.008211021646,-0.008211021646,2.578364539370,2.531087796915,
2023-03-19T00:00:00Z,,hold,ETHUSDT|SOLUSDT|XRPUSDT|DOTUSDT,0.083281071115|0.083281071115|0.083281071115|0.083281071115,0.044304550805|0.005227001195|-0.027522935780|-0.046293298802,3141571.211348615121|264166.729102018522|206234.483626510220|59764.465843105070,0.333124284459,0.008155217263,-0.000099937285,0.000000000000,0.008055279978,0.008055279978,2.599133987619,2.551476417767,
2023-03-20T00:00:00Z,2023-03-20T00:00:00Z,active,BNBUSDT|ETHUSDT|XRPUSDT|SOLUSDT,0.099503685491|0.099503685491|0.099503685491|0.099503685491,0.073081101809|0.050687082379|-0.022784810127|-0.055387539964,89138.442584579345|1750644.785354941618|131243.146185355872|80797.953960959305,0.398014741965,-0.005930662879,0.000387848450,0.231452599735,-0.005820557548,-0.006005719628,2.584005578669,2.536152965765,
2023-03-21T00:00:00Z,,hold,BNBUSDT|ETHUSDT|XRPUSDT|SOLUSDT,0.099503685491|0.099503685491|0.099503685491|0.099503685491,0.073081101809|0.050687082379|-0.022784810127|-0.055387539964,89138.442584579345|1750644.785354941618|131243.146185355872|80797.953960959305,0.398014741965,0.032143566649,0.000269946533,0.000000000000,0.032413513182,0.032413513182,2.667762277555,2.618358593353,
2023-03-22T00:00:00Z,,hold,BNBUSDT|ETHUSDT|XRPUSDT|SOLUSDT,0.099503685491|0.099503685491|0.099503685491|0.099503685491,0.073081101809|0.050687082379|-0.022784810127|-0.055387539964,89138.442584579345|1750644.785354941618|131243.146185355872|80797.953960959305,0.398014741965,-0.022883488427,0.000295385646,0.000000000000,-0.022588102781,-0.022588102781,2.607502589035,2.559214840329,
2023-03-23T00:00:00Z,,hold,BNBUSDT|ETHUSDT|XRPUSDT|SOLUSDT,0.099503685491|0.099503685491|0.099503685491|0.099503685491,0.073081101809|0.050687082379|-0.022784810127|-0.055387539964,89138.442584579345|1750644.785354941618|131243.146185355872|80797.953960959305,0.398014741965,0.015824243040,-0.000009811063,0.000000000000,0.015814431977,0.015814431977,2.648738761358,2.599687369335,
2023-03-24T00:00:00Z,,hold,BNBUSDT|ETHUSDT|XRPUSDT|SOLUSDT,0.099503685491|0.099503685491|0.099503685491|0.099503685491,0.073081101809|0.050687082379|-0.022784810127|-0.055387539964,89138.442584579345|1750644.785354941618|131243.146185355872|80797.953960959305,0.398014741965,-0.016518653833,-0.000006017983,0.000000000000,-0.016524671816,-0.016524671816,2.604969222600,2.556728388732,
2023-03-25T00:00:00Z,,hold,BNBUSDT|ETHUSDT|XRPUSDT|SOLUSDT,0.099503685491|0.099503685491|0.099503685491|0.099503685491,0.073081101809|0.050687082379|-0.022784810127|-0.055387539964,89138.442584579345|1750644.785354941618|131243.146185355872|80797.953960959305,0.398014741965,0.002446960852,0.000020100740,0.000000000000,0.002467061591,0.002467061591,2.611395842116,2.563035995139,
2023-03-26T00:00:00Z,,hold,BNBUSDT|ETHUSDT|XRPUSDT|SOLUSDT,0.099503685491|0.099503685491|0.099503685491|0.099503685491,0.073081101809|0.050687082379|-0.022784810127|-0.055387539964,89138.442584579345|1750644.785354941618|131243.146185355872|80797.953960959305,0.398014741965,0.007444848804,0.000007637903,0.000000000000,0.007452486706,0.007452486706,2.630857234915,2.582136986821,
2023-03-27T00:00:00Z,2023-03-27T00:00:00Z,active,XRPUSDT|ETHUSDT|BNBUSDT|LTCUSDT,0.079615296419|0.079615296419|0.079615296419|0.079615296419,0.184078286168|0.102985464682|0.086624077323|0.019232870725,115072.770008645399|730084.785684390692|33959.335839788604|57032.770363145486,0.318461185676,-0.005001472150,0.000041425431,0.238784149127,-0.005246587698,-0.005437615018,2.617054211710,2.568096319964,
2023-03-28T00:00:00Z,,hold,XRPUSDT|ETHUSDT|BNBUSDT|LTCUSDT,0.079615296419|0.079615296419|0.079615296419|0.079615296419,0.184078286168|0.102985464682|0.086624077323|0.019232870725,115072.770008645399|730084.785684390692|33959.335839788604|57032.770363145486,0.318461185676,0.009324092865,0.000049942675,0.000000000000,0.009374035541,0.009374035541,2.641586570903,2.592169746140,
2023-03-29T00:00:00Z,,hold,XRPUSDT|ETHUSDT|BNBUSDT|LTCUSDT,0.079615296419|0.079615296419|0.079615296419|0.079615296419,0.184078286168|0.102985464682|0.086624077323|0.019232870725,115072.770008645399|730084.785684390692|33959.335839788604|57032.770363145486,0.318461185676,0.007228949190,-0.000037725708,0.000000000000,0.007191223482,0.007191223482,2.660582810280,2.610810618086,
2023-03-30T00:00:00Z,,hold,XRPUSDT|ETHUSDT|BNBUSDT|LTCUSDT,0.079615296419|0.079615296419|0.079615296419|0.079615296419,0.184078286168|0.102985464682|0.086624077323|0.019232870725,115072.770008645399|730084.785684390692|33959.335839788604|57032.770363145486,0.318461185676,-0.002837299611,-0.000017438935,0.000000000000,-0.002854738545,-0.002854738545,2.652987541979,2.603357436381,
2023-03-31T00:00:00Z,,hold,XRPUSDT|ETHUSDT|BNBUSDT|LTCUSDT,0.079615296419|0.079615296419|0.079615296419|0.079615296419,0.184078286168|0.102985464682|0.086624077323|0.019232870725,115072.770008645399|730084.785684390692|33959.335839788604|57032.770363145486,0.318461185676,0.002732092541,0.000036619852,0.000000000000,0.002768712393,0.002768712393,2.660332901464,2.610565384378,
2023-04-01T00:00:00Z,,hold,XRPUSDT|ETHUSDT|BNBUSDT|LTCUSDT,0.079615296419|0.079615296419|0.079615296419|0.079615296419,0.184078286168|0.102985464682|0.086624077323|0.019232870725,115072.770008645399|730084.785684390692|33959.335839788604|57032.770363145486,0.318461185676,-0.002077435926,0.000032570618,0.000000000000,-0.002044865309,-0.002044865309,2.654892879005,2.605227129788,
2023-04-02T00:00:00Z,,hold,XRPUSDT|ETHUSDT|BNBUSDT|LTCUSDT,0.079615296419|0.079615296419|0.079615296419|0.079615296419,0.184078286168|0.102985464682|0.086624077323|0.019232870725,115072.770008645399|730084.785684390692|33959.335839788604|57032.770363145486,0.318461185676,0.000085392149,0.000018079042,0.000000000000,0.000103471190,0.000103471190,2.655167583931,2.605496695739,
2023-04-03T00:00:00Z,2023-04-03T00:00:00Z,active,XRPUSDT|ETHUSDT|ADAUSDT|BNBUSDT,0.079299642720|0.079299642720|0.079299642720|0.079299642720,0.373209549072|0.143225016891|0.112310385064|0.080009643866,91328.828667610564|478966.531826261780|17736.156771801416|24147.627674816304,0.317198570881,-0.002704450773,0.000027919025,0.159861900235,-0.002868366028,-0.002996255548,2.647551591435,2.597689961810,
2023-04-04T00:00:00Z,,hold,XRPUSDT|ETHUSDT|ADAUSDT|BNBUSDT,0.079299642720|0.079299642720|0.079299642720|0.079299642720,0.373209549072|0.143225016891|0.112310385064|0.080009643866,91328.828667610564|478966.531826261780|17736.156771801416|24147.627674816304,0.317198570881,0.004700649184,0.000036018691,0.000000000000,0.004736667874,0.004736667874,2.660092164004,2.609994356400,
2023-04-05T00:00:00Z,,hold,XRPUSDT|ETHUSDT|ADAUSDT|BNBUSDT,0.079299642720|0.079299642720|0.079299642720|0.079299642720,0.373209549072|0.143225016891|0.112310385064|0.080009643866,91328.828667610564|478966.531826261780|17736.156771801416|24147.627674816304,0.317198570881,0.003459885927,-0.000050447261,0.000000000000,0.003409438667,0.003409438667,2.669161585085,2.618892972078,
2023-04-06T00:00:00Z,,hold,XRPUSDT|ETHUSDT|ADAUSDT|BNBUSDT,0.079299642720|0.079299642720|0.079299642720|0.079299642720,0.373209549072|0.143225016891|0.112310385064|0.080009643866,91328.828667610564|478966.531826261780|17736.156771801416|24147.627674816304,0.317198570881,-0.004264773825,-0.000021125425,0.000000000000,-0.004285899250,-0.004285899250,2.657721827450,2.607668660654,
2023-04-07T00:00:00Z,,hold,XRPUSDT|ETHUSDT|ADAUSDT|BNBUSDT,0.079299642720|0.079299642720|0.079299642720|0.079299642720,0.373209549072|0.143225016891|0.112310385064|0.080009643866,91328.828667610564|478966.531826261780|17736.156771801416|24147.627674816304,0.317198570881,0.000818238915,0.000020291986,0.000000000000,0.000838530901,0.000838530901,2.659950409327,2.609855271404,
2023-04-08T00:00:00Z,,hold,XRPUSDT|ETHUSDT|ADAUSDT|BNBUSDT,0.079299642720|0.079299642720|0.079299642720|0.079299642720,0.373209549072|0.143225016891|0.112310385064|0.080009643866,91328.828667610564|478966.531826261780|17736.156771801416|24147.627674816304,0.317198570881,-0.001470472240,-0.000035116261,0.000000000000,-0.001505588501,-0.001505588501,2.655945618579,2.605925903319,
2023-04-09T00:00:00Z,,hold,XRPUSDT|ETHUSDT|ADAUSDT|BNBUSDT,0.079299642720|0.079299642720|0.079299642720|0.079299642720,0.373209549072|0.143225016891|0.112310385064|0.080009643866,91328.828667610564|478966.531826261780|17736.156771801416|24147.627674816304,0.317198570881,0.001935508412,-0.000018464129,0.000000000000,0.001917044283,0.001917044283,2.661037183944,2.610921578675,
2023-04-10T00:00:00Z,2023-04-10T00:00:00Z,active,XRPUSDT|ETHUSDT|LTCUSDT|DOGEUSDT,0.075238167058|0.075238167058|0.075238167058|0.075238167058,0.365972410062|0.303024989655|0.268497757848|0.265874828689,44059.630189283256|638548.013237391016|22299.765722496191|68273.291827075052,0.300952668230,0.008005794539,-0.000035957072,0.317198570881,0.007589199182,0.007335440325,2.681232325162,2.630073838108,
2023-04-11T00:00:00Z,,hold,XRPUSDT|ETHUSDT|LTCUSDT|DOGEUSDT,0.075238167058|0.075238167058|0.075238167058|0.075238167058,0.365972410062|0.303024989655|0.268497757848|0.265874828689,44059.630189283256|638548.013237391016|22299.765722496191|68273.291827075052,0.300952668230,-0.001151410570,-0.000068622475,0.000000000000,-0.001220033045,-0.001220033045,2.677961133124,2.626865061114,
2023-04-12T00:00:00Z,,hold,XRPUSDT|ETHUSDT|LTCUSDT|DOGEUSDT,0.075238167058|0.075238167058|0.075238167058|0.075238167058,0.365972410062|0.303024989655|0.268497757848|0.265874828689,44059.630189283256|638548.013237391016|22299.765722496191|68273.291827075052,0.300952668230,-0.002885370805,-0.000061552344,0.000000000000,-0.002946923149,-0.002946923149,2.670069387468,2.619123891656,
2023-04-13T00:00:00Z,,hold,XRPUSDT|ETHUSDT|LTCUSDT|DOGEUSDT,0.075238167058|0.075238167058|0.075238167058|0.075238167058,0.365972410062|0.303024989655|0.268497757848|0.265874828689,44059.630189283256|638548.013237391016|22299.765722496191|68273.291827075052,0.300952668230,0.010066542942,-0.000052009888,0.000000000000,0.010014533055,0.010014533055,2.696808885607,2.645353194443,
2023-04-14T00:00:00Z,,hold,XRPUSDT|ETHUSDT|LTCUSDT|DOGEUSDT,0.075238167058|0.075238167058|0.075238167058|0.075238167058,0.365972410062|0.303024989655|0.268497757848|0.265874828689,44059.630189283256|638548.013237391016|22299.765722496191|68273.291827075052,0.300952668230,0.007825583951,-0.000098262551,0.000000000000,0.007727321400,0.007727321400,2.717647994620,2.665794688793,
2023-04-15T00:00:00Z,,hold,XRPUSDT|ETHUSDT|LTCUSDT|DOGEUSDT,0.075238167058|0.075238167058|0.075238167058|0.075238167058,0.365972410062|0.303024989655|0.268497757848|0.265874828689,44059.630189283256|638548.013237391016|22299.765722496191|68273.291827075052,0.300952668230,-0.000298634555,-0.000094169595,0.000000000000,-0.000392804150,-0.000392804150,2.716580491210,2.664747553577,
2023-04-16T00:00:00Z,,hold,XRPUSDT|ETHUSDT|LTCUSDT|DOGEUSDT,0.075238167058|0.075238167058|0.075238167058|0.075238167058,0.365972410062|0.303024989655|0.268497757848|0.265874828689,44059.630189283256|638548.013237391016|22299.765722496191|68273.291827075052,0.300952668230,0.005088508800,-0.000095972301,0.000000000000,0.004992536499,0.004992536499,2.730143118464,2.678051402998,
2023-04-17T00:00:00Z,2023-04-17T00:00:00Z,active,XRPUSDT|ADAUSDT|ETHUSDT|DOGEUSDT,0.079624033322|0.079624033322|0.079624033322|0.079624033322,0.370623848381|0.291929021179|0.183812967734|0.183590683067,46273.333776825864|28825.421597410226|796789.121121414588|77022.818984481870,0.318496133287,-0.005271588221,-0.000123346386,0.168019799172,-0.005596558366,-0.005730974205,2.714863713154,2.662703559486,
2023-04-18T00:00:00Z,,hold,XRPUSDT|ADAUSDT|ETHUSDT|DOGEUSDT,0.079624033322|0.079624033322|0.079624033322|0.079624033322,0.370623848381|0.291929021179|0.183812967734|0.183590683067,46273.333776825864|28825.421597410226|796789.121121414588|77022.818984481870,0.318496133287,0.008530252782,-0.000100559580,0.000000000000,0.008429693201,0.008429693201,2.737749181339,2.685149333579,
2023-04-19T00:00:00Z,,hold,XRPUSDT|ADAUSDT|ETHUSDT|DOGEUSDT,0.079624033322|0.079624033322|0.079624033322|0.079624033322,0.370623848381|0.291929021179|0.183812967734|0.183590683067,46273.333776825864|28825.421597410226|796789.121121414588|77022.818984481870,0.318496133287,-0.022962792850,-0.000059552407,0.000000000000,-0.023022345257,-0.023022345257,2.674719774460,2.623330898556,
2023-04-20T00:00:00Z,,hold,XRPUSDT|ADAUSDT|ETHUSDT|DOGEUSDT,0.079624033322|0.079624033322|0.079624033322|0.079624033322,0.370623848381|0.291929021179|0.183812967734|0.183590683067,46273.333776825864|28825.421597410226|796789.121121414588|77022.818984481870,0.318496133287,-0.008859448558,-0.000042789159,0.000000000000,-0.008902237717,-0.008902237717,2.650908783201,2.599977383286,
2023-04-21T00:00:00Z,,hold,XRPUSDT|ADAUSDT|ETHUSDT|DOGEUSDT,0.079624033322|0.079624033322|0.079624033322|0.079624033322,0.370623848381|0.291929021179|0.183812967734|0.183590683067,46273.333776825864|28825.421597410226|796789.121121414588|77022.818984481870,0.318496133287,-0.017124919096,-0.000044614938,0.000000000000,-0.017169534034,-0.017169534034,2.605393914626,2.555336983115,
2023-04-22T00:00:00Z,,hold,XRPUSDT|ADAUSDT|ETHUSDT|DOGEUSDT,0.079624033322|0.079624033322|0.079624033322|0.079624033322,0.370623848381|0.291929021179|0.183812967734|0.183590683067,46273.333776825864|28825.421597410226|796789.121121414588|77022.818984481870,0.318496133287,0.009916849016,0.000023805197,0.000000000000,0.009940654213,0.009940654213,2.631293234620,2.580738704462,
2023-04-23T00:00:00Z,,hold,XRPUSDT|ADAUSDT|ETHUSDT|DOGEUSDT,0.079624033322|0.079624033322|0.079624033322|0.079624033322,0.370623848381|0.291929021179|0.183812967734|0.183590683067,46273.333776825864|28825.421597410226|796789.121121414588|77022.818984481870,0.318496133287,-0.004624297030,-0.000046603150,0.000000000000,-0.004670900180,-0.004670900180,2.619002726576,2.568684331582,
2023-04-24T00:00:00Z,2023-04-24T00:00:00Z,active,XRPUSDT|ADAUSDT|ETHUSDT|DOGEUSDT,0.096245197317|0.096245197317|0.096245197317|0.096245197317,0.090695488722|0.080367074527|0.064348084654|0.057062298604,56404.248528498465|31478.588959617868|472964.087123763631|62268.452320252378,0.384980789267,-0.003180937299,-0.000063381312,0.066484655980,-0.003324100199,-0.003377287924,2.610296899092,2.560009145009,
2023-04-25T00:00:00Z,,hold,XRPUSDT|ADAUSDT|ETHUSDT|DOGEUSDT,0.096245197317|0.096245197317|0.096245197317|0.096245197317,0.090695488722|0.080367074527|0.064348084654|0.057062298604,56404.248528498465|31478.588959617868|472964.087123763631|62268.452320252378,0.384980789267,0.007138987074,-0.000042806976,0.000000000000,0.007096180098,0.007096180098,2.628820035996,2.578175430954,
2023-04-26T00:00:00Z,,hold,XRPUSDT|ADAUSDT|ETHUSDT|DOGEUSDT,0.096245197317|0.096245197317|0.096245197317|0.096245197317,0.090695488722|0.080367074527|0.064348084654|0.057062298604,56404.248528498465|31478.588959617868|472964.087123763631|62268.452320252378,0.384980789267,-0.001500621245,-0.000068973158,0.000000000000,-0.001569594403,-0.001569594403,2.624693854780,2.574128741227,
2023-04-27T00:00:00Z,,hold,XRPUSDT|ADAUSDT|ETHUSDT|DOGEUSDT,0.096245197317|0.096245197317|0.096245197317|0.096245197317,0.090695488722|0.080367074527|0.064348084654|0.057062298604,56404.248528498465|31478.588959617868|472964.087123763631|62268.452320252378,0.384980789267,0.007265276077,-0.000006929654,0.000000000000,0.007258346423,0.007258346423,2.643744792032,2.592812659367,
2023-04-28T00:00:00Z,,hold,XRPUSDT|ADAUSDT|ETHUSDT|DOGEUSDT,0.096245197317|0.096245197317|0.096245197317|0.096245197317,0.090695488722|0.080367074527|0.064348084654|0.057062298604,56404.248528498465|31478.588959617868|472964.087123763631|62268.452320252378,0.384980789267,0.000722613215,-0.000075061629,0.000000000000,0.000647551586,0.000647551586,2.645456753164,2.594491639316,
2023-04-29T00:00:00Z,,hold,XRPUSDT|ADAUSDT|ETHUSDT|DOGEUSDT,0.096245197317|0.096245197317|0.096245197317|0.096245197317,0.090695488722|0.080367074527|0.064348084654|0.057062298604,56404.248528498465|31478.588959617868|472964.087123763631|62268.452320252378,0.384980789267,0.001592208136,-0.000087407963,0.000000000000,0.001504800173,0.001504800173,2.649437636943,2.598395830783,
2023-04-30T00:00:00Z,,hold,XRPUSDT|ADAUSDT|ETHUSDT|DOGEUSDT,0.096245197317|0.096245197317|0.096245197317|0.096245197317,0.090695488722|0.080367074527|0.064348084654|0.057062298604,56404.248528498465|31478.588959617868|472964.087123763631|62268.452320252378,0.384980789267,-0.007553623940,-0.000086998921,0.000000000000,-0.007640622861,-0.007640622861,2.629194283165,2.578542468195,
2023-05-01T00:00:00Z,2023-05-01T00:00:00Z,active,SOLUSDT|BNBUSDT|DOGEUSDT|ETHUSDT,0.106573108680|0.106573108680|0.106573108680|0.106573108680,0.074098577572|0.063458988445|0.033420026008|0.026142211433,106405.924948712607|212402.021462569857|48879.682736307266|1426350.887230412569,0.426292434721,-0.009584398647,0.000293273209,0.426292434721,-0.009802676360,-0.010143710308,2.603421142519,2.552386480382,
2023-05-02T00:00:00Z,,hold,SOLUSDT|BNBUSDT|DOGEUSDT|ETHUSDT,0.106573108680|0.106573108680|0.106573108680|0.106573108680,0.074098577572|0.063458988445|0.033420026008|0.026142211433,106405.924948712607|212402.021462569857|48879.682736307266|1426350.887230412569,0.426292434721,0.001581416266,0.000371812262,0.000000000000,0.001953228527,0.001953228527,2.608506218963,2.557371874468,
2023-05-03T00:00:00Z,,hold,SOLUSDT|BNBUSDT|DOGEUSDT|ETHUSDT,0.106573108680|0.106573108680|0.106573108680|0.106573108680,0.074098577572|0.063458988445|0.033420026008|0.026142211433,106405.924948712607|212402.021462569857|48879.682736307266|1426350.887230412569,0.426292434721,0.004502155487,0.000096951688,0.000000000000,0.004599107175,0.004599107175,2.620503018631,2.569133501805,
2023-05-04T00:00:00Z,,hold,SOLUSDT|BNBUSDT|DOGEUSDT|ETHUSDT,0.106573108680|0.106573108680|0.106573108680|0.106573108680,0.074098577572|0.063458988445|0.033420026008|0.026142211433,106405.924948712607|212402.021462569857|48879.682736307266|1426350.887230412569,0.426292434721,-0.006366787015,-0.000077844196,0.000000000000,-0.006444631211,-0.006444631211,2.603614843088,2.552576383853,
2023-05-05T00:00:00Z,,hold,SOLUSDT|BNBUSDT|DOGEUSDT|ETHUSDT,0.106573108680|0.106573108680|0.106573108680|0.106573108680,0.074098577572|0.063458988445|0.033420026008|0.026142211433,106405.924948712607|212402.021462569857|48879.682736307266|1426350.887230412569,0.426292434721,0.015296742257,-0.000072316249,0.000000000000,0.015224426009,0.015224426009,2.643253384622,2.591437894141,
2023-05-06T00:00:00Z,,hold,SOLUSDT|BNBUSDT|DOGEUSDT|ETHUSDT,0.106573108680|0.106573108680|0.106573108680|0.106573108680,0.074098577572|0.063458988445|0.033420026008|0.026142211433,106405.924948712607|212402.021462569857|48879.682736307266|1426350.887230412569,0.426292434721,-0.015534266920,-0.000012204752,0.000000000000,-0.015546471673,-0.015546471673,2.602160120754,2.551150178328,
2023-05-07T00:00:00Z,,hold,SOLUSDT|BNBUSDT|DOGEUSDT|ETHUSDT,0.106573108680|0.106573108680|0.106573108680|0.106573108680,0.074098577572|0.063458988445|0.033420026008|0.026142211433,106405.924948712607|212402.021462569857|48879.682736307266|1426350.887230412569,0.426292434721,-0.003205896916,0.000002315834,0.000000000000,-0.003203581082,-0.003203581082,2.593823889818,2.542977361878,
2023-05-08T00:00:00Z,2023-05-08T00:00:00Z,active,SOLUSDT|BNBUSDT|ETHUSDT|ADAUSDT,0.108862245976|0.108862245976|0.108862245976|0.108862245976,0.060000978809|0.034486092758|0.003559024516|-0.019050104384,191263.742117382528|97729.291073348591|2879137.897340572439|67712.537160471402,0.435448983905,-0.012195248007,0.000034302494,0.222302766545,-0.012427708833,-0.012605551046,2.561588601751,2.510921730934,
2023-05-09T00:00:00Z,,hold,SOLUSDT|BNBUSDT|ETHUSDT|ADAUSDT,0.108862245976|0.108862245976|0.108862245976|0.108862245976,0.060000978809|0.034486092758|0.003559024516|-0.019050104384,191263.742117382528|97729.291073348591|2879137.897340572439|67712.537160471402,0.435448983905,-0.001094563419,0.000098335267,0.000000000000,-0.000996228152,-0.000996228152,2.559036675073,2.508420280019,
2023-05-10T00:00:00Z,,hold,SOLUSDT|BNBUSDT|ETHUSDT|ADAUSDT,0.108862245976|0.108862245976|0.108862245976|0.108862245976,0.060000978809|0.034486092758|0.003559024516|-0.019050104384,191263.742117382528|97729.291073348591|2879137.897340572439|67712.537160471402,0.435448983905,0.003605064384,0.000064414880,0.000000000000,0.003669479263,0.003669479263,2.568427007086,2.517624876220,
2023-05-11T00:00:00Z,,hold,SOLUSDT|BNBUSDT|ETHUSDT|ADAUSDT,0.108862245976|0.108862245976|0.108862245976|0.108862245976,0.060000978809|0.034486092758|0.003559024516|-0.019050104384,191263.742117382528|97729.291073348591|2879137.897340572439|67712.537160471402,0.435448983905,-0.011767877163,-0.000005211236,0.000000000000,-0.011773088399,-0.011773088399,2.538188688885,2.487984655996,
2023-05-12T00:00:00Z,,hold,SOLUSDT|BNBUSDT|ETHUSDT|ADAUSDT,0.108862245976|0.108862245976|0.108862245976|0.108862245976,0.060000978809|0.034486092758|0.003559024516|-0.019050104384,191263.742117382528|97729.291073348591|2879137.897340572439|67712.537160471402,0.435448983905,0.008315191638,0.000008050363,0.000000000000,0.008323242001,0.008323242001,2.559314647587,2.508692754383,
2023-05-13T00:00:00Z,,hold,SOLUSDT|BNBUSDT|ETHUSDT|ADAUSDT,0.108862245976|0.108862245976|0.108862245976|0.108862245976,0.060000978809|0.034486092758|0.003559024516|-0.019050104384,191263.742117382528|97729.291073348591|2879137.897340572439|67712.537160471402,0.435448983905,-0.001936402853,-0.000048033289,0.000000000000,-0.001984436142,-0.001984436142,2.554235851102,2.503714413813,
2023-05-14T00:00:00Z,,hold,SOLUSDT|BNBUSDT|ETHUSDT|ADAUSDT,0.108862245976|0.108862245976|0.108862245976|0.108862245976,0.060000978809|0.034486092758|0.003559024516|-0.019050104384,191263.742117382528|97729.291073348591|2879137.897340572439|67712.537160471402,0.435448983905,0.002972806708,-0.000065036483,0.000000000000,0.002907770225,0.002907770225,2.561662982058,2.510994640037,
2023-05-15T00:00:00Z,2023-05-15T00:00:00Z,active,BNBUSDT|LTCUSDT|ETHUSDT|ADAUSDT,0.115960562042|0.115960562042|0.115960562042|0.115960562042,-0.051395900493|-0.134184308842|-0.143596679636|-0.153266331658,19291.634526141832|36617.016790928647|335958.411545168958|19631.763841786698,0.463842248170,0.005175905478,-0.000012826398,0.246117756217,0.004867737773,0.004670843568,2.574132485717,2.522723103201,
2023-05-16T00:00:00Z,,hold,BNBUSDT|LTCUSDT|ETHUSDT|ADAUSDT,0.115960562042|0.115960562042|0.115960562042|0.115960562042,-0.051395900493|-0.134184308842|-0.143596679636|-0.153266331658,19291.634526141832|36617.016790928647|335958.411545168958|19631.763841786698,0.463842248170,0.004338536182,-0.000036977504,0.000000000000,0.004301558678,0.004301558678,2.585205267650,2.533574744658,
2023-05-17T00:00:00Z,,hold,BNBUSDT|LTCUSDT|ETHUSDT|ADAUSDT,0.115960562042|0.115960562042|0.115960562042|0.115960562042,-0.051395900493|-0.134184308842|-0.143596679636|-0.153266331658,19291.634526141832|36617.016790928647|335958.411545168958|19631.763841786698,0.463842248170,0.008299651795,-0.000063273881,0.000000000000,0.008236377915,0.008236377915,2.606497995221,2.554442223730,
2023-05-18T00:00:00Z,,hold,BNBUSDT|LTCUSDT|ETHUSDT|ADAUSDT,0.115960562042|0.115960562042|0.115960562042|0.115960562042,-0.051395900493|-0.134184308842|-0.143596679636|-0.153266331658,19291.634526141832|36617.016790928647|335958.411545168958|19631.763841786698,0.463842248170,-0.008818475589,-0.000076961865,0.000000000000,-0.008895437455,-0.008895437455,2.583312055329,2.531719342698,
2023-05-19T00:00:00Z,,hold,BNBUSDT|LTCUSDT|ETHUSDT|ADAUSDT,0.115960562042|0.115960562042|0.115960562042|0.115960562042,-0.051395900493|-0.134184308842|-0.143596679636|-0.153266331658,19291.634526141832|36617.016790928647|335958.411545168958|19631.763841786698,0.463842248170,0.001214238569,-0.000073262723,0.000000000000,0.001140975846,0.001140975846,2.586259551986,2.534607973316,
2023-05-20T00:00:00Z,,hold,BNBUSDT|LTCUSDT|ETHUSDT|ADAUSDT,0.115960562042|0.115960562042|0.115960562042|0.115960562042,-0.051395900493|-0.134184308842|-0.143596679636|-0.153266331658,19291.634526141832|36617.016790928647|335958.411545168958|19631.763841786698,0.463842248170,0.001439634770,-0.000010846951,0.000000000000,0.001428787819,0.001428787819,2.589954768130,2.538229390313,
2023-05-21T00:00:00Z,,hold,BNBUSDT|LTCUSDT|ETHUSDT|ADAUSDT,0.115960562042|0.115960562042|0.115960562042|0.115960562042,-0.051395900493|-0.134184308842|-0.143596679636|-0.153266331658,19291.634526141832|36617.016790928647|335958.411545168958|19631.763841786698,0.463842248170,-0.004745811751,-0.000022242395,0.000000000000,-0.004768054146,-0.004768054146,2.577605723559,2.526126975145,
2023-05-22T00:00:00Z,2023-05-22T00:00:00Z,active,LTCUSDT|XRPUSDT|ETHUSDT|BNBUSDT,0.166860651239|0.166860651239|0.166860651239|0.166860651239,0.080079727987|0.019397993311|-0.023869047619|-0.045845272206,35701.053059126119|46454.746338726574|289262.759213464451|20684.956279261645,0.667442604955,0.001878725683,-0.000107671841,0.435521480870,0.001248428065,0.000900010880,2.580823678885,2.528400516907,
2023-05-23T00:00:00Z,,hold,LTCUSDT|XRPUSDT|ETHUSDT|BNBUSDT,0.166860651239|0.166860651239|0.166860651239|0.166860651239,0.080079727987|0.019397993311|-0.023869047619|-0.045845272206,35701.053059126119|46454.746338726574|289262.759213464451|20684.956279261645,0.667442604955,0.008589940995,-0.000100214839,0.000000000000,0.008489726156,0.008489726156,2.602734165177,2.549865944910,
2023-05-24T00:00:00Z,,hold,LTCUSDT|XRPUSDT|ETHUSDT|BNBUSDT,0.166860651239|0.166860651239|0.166860651239|0.166860651239,0.080079727987|0.019397993311|-0.023869047619|-0.045845272206,35701.053059126119|46454.746338726574|289262.759213464451|20684.956279261645,0.667442604955,-0.024018558819,-0.000114276186,0.000000000000,-0.024132835004,-0.024132835004,2.539922811009,2.488330450778,
2023-05-25T00:00:00Z,,hold,LTCUSDT|XRPUSDT|ETHUSDT|BNBUSDT,0.166860651239|0.166860651239|0.166860651239|0.166860651239,0.080079727987|0.019397993311|-0.023869047619|-0.045845272206,35701.053059126119|46454.746338726574|289262.759213464451|20684.956279261645,0.667442604955,0.001612144653,-0.000068779960,0.000000000000,0.001543364692,0.001543364692,2.543842838197,2.492170852139,
2023-05-26T00:00:00Z,,hold,LTCUSDT|XRPUSDT|ETHUSDT|BNBUSDT,0.166860651239|0.166860651239|0.166860651239|0.166860651239,0.080079727987|0.019397993311|-0.023869047619|-0.045845272206,35701.053059126119|46454.746338726574|289262.759213464451|20684.956279261645,0.667442604955,0.009543308591,-0.000102405719,0.000000000000,0.009440902872,0.009440902872,2.567859011353,2.515699195094,
2023-05-27T00:00:00Z,,hold,LTCUSDT|XRPUSDT|ETHUSDT|BNBUSDT,0.166860651239|0.166860651239|0.166860651239|0.166860651239,0.080079727987|0.019397993311|-0.023869047619|-0.045845272206,35701.053059126119|46454.746338726574|289262.759213464451|20684.956279261645,0.667442604955,0.004503618726,-0.000104683367,0.000000000000,0.004398935359,0.004398935359,2.579154857155,2.526765593235,
2023-05-28T00:00:00Z,,hold,LTCUSDT|XRPUSDT|ETHUSDT|BNBUSDT,0.166860651239|0.166860651239|0.166860651239|0.166860651239,0.080079727987|0.019397993311|-0.023869047619|-0.045845272206,35701.053059126119|46454.746338726574|289262.759213464451|20684.956279261645,0.667442604955,0.020292334858,-0.000094706768,0.000000000000,0.020197628090,0.020197628090,2.631247667745,2.577800264958,
2023-05-29T00:00:00Z,2023-05-29T00:00:00Z,active,LTCUSDT|ETHUSDT|XRPUSDT|BNBUSDT,0.159198543780|0.159198543780|0.159198543780|0.159198543780,0.020651931235|0.009644839244|0.005423445974|-0.029183780612,64193.005870036613|1487387.448526492575|78214.339672457674|72217.821460654450,0.636794175120,0.000370576667,-0.000181394005,0.030648429835,0.000152404547,0.000127885803,2.631648681854,2.578129929014,
2023-05-30T00:00:00Z,,hold,LTCUSDT|ETHUSDT|XRPUSDT|BNBUSDT,0.159198543780|0.159198543780|0.159198543780|0.159198543780,0.020651931235|0.009644839244|0.005423445974|-0.029183780612,64193.005870036613|1487387.448526492575|78214.339672457674|72217.821460654450,0.636794175120,0.011181799928,-0.000193448518,0.000000000000,0.010988351410,0.010988351410,2.660566162357,2.606459326654,
2023-05-31T00:00:00Z,,hold,LTCUSDT|ETHUSDT|XRPUSDT|BNBUSDT,0.159198543780|0.159198543780|0.159198543780|0.159198543780,0.020651931235|0.009644839244|0.005423445974|-0.029183780612,64193.005870036613|1487387.448526492575|78214.339672457674|72217.821460654450,0.636794175120,-0.008810304031,-0.000113137629,0.000000000000,-0.008923441660,-0.008923441660,2.636824755425,2.583200738914,
2023-06-01T00:00:00Z,,hold,LTCUSDT|ETHUSDT|XRPUSDT|BNBUSDT,0.159198543780|0.159198543780|0.159198543780|0.159198543780,0.020651931235|0.009644839244|0.005423445974|-0.029183780612,64193.005870036613|1487387.448526492575|78214.339672457674|72217.821460654450,0.636794175120,0.001452558988,-0.000132144343,0.000000000000,0.001320414645,0.001320414645,2.640306457448,2.586611635001,
2023-06-02T00:00:00Z,,hold,LTCUSDT|ETHUSDT|XRPUSDT|BNBUSDT,0.159198543780|0.159198543780|0.159198543780|0.159198543780,0.020651931235|0.009644839244|0.005423445974|-0.029183780612,64193.005870036613|1487387.448526492575|78214.339672457674|72217.821460654450,0.636794175120,0.012845782865,-0.000130759316,0.000000000000,0.012715023549,0.012715023549,2.673878016231,2.619500462851,
2023-06-03T00:00:00Z,,hold,LTCUSDT|ETHUSDT|XRPUSDT|BNBUSDT,0.159198543780|0.159198543780|0.159198543780|0.159198543780,0.020651931235|0.009644839244|0.005423445974|-0.029183780612,64193.005870036613|1487387.448526492575|78214.339672457674|72217.821460654450,0.636794175120,-0.002228439147,-0.000146738074,0.000000000000,-0.002375177220,-0.002375177220,2.667527082076,2.613278685023,
2023-06-04T00:00:00Z,,hold,LTCUSDT|ETHUSDT|XRPUSDT|BNBUSDT,0.159198543780|0.159198543780|0.159198543780|0.159198543780,0.020651931235|0.009644839244|0.005423445974|-0.029183780612,64193.005870036613|1487387.448526492575|78214.339672457674|72217.821460654450,0.636794175120,0.001027475089,-0.000150996635,0.000000000000,0.000876478454,0.000876478454,2.669865112089,2.615569167484,
2023-06-05T00:00:00Z,2023-06-05T00:00:00Z,active,XRPUSDT|LTCUSDT|ADAUSDT|SOLUSDT,0.132230589858|0.132230589858|0.132230589858|0.132230589858,0.146958011997|0.063113921192|-0.041899441341|-0.043790821023,198962.297470693331|148019.543894839269|40941.719855460688|104375.354948924956,0.528922359433,-0.035871776366,-0.000158676708,0.636794175120,-0.036794606084,-0.037304041424,2.571628476993,2.517997866914,
2023-06-06T00:00:00Z,,hold,XRPUSDT|LTCUSDT|ADAUSDT|SOLUSDT,0.132230589858|0.132230589858|0.132230589858|0.132230589858,0.146958011997|0.063113921192|-0.041899441341|-0.043790821023,198962.297470693331|148019.543894839269|40941.719855460688|104375.354948924956,0.528922359433,0.013541642481,-0.000035388873,0.000000000000,0.013506253609,0.013506253609,2.606361543390,2.552006584690,
2023-06-07T00:00:00Z,,hold,XRPUSDT|LTCUSDT|ADAUSDT|SOLUSDT,0.132230589858|0.132230589858|0.132230589858|0.132230589858,0.146958011997|0.063113921192|-0.041899441341|-0.043790821023,198962.297470693331|148019.543894839269|40941.719855460688|104375.354948924956,0.528922359433,-0.028938113435,-0.000136781967,0.000000000000,-0.029074895402,-0.029074895402,2.530581854136,2.477807260175,
2023-06-08T00:00:00Z,,hold,XRPUSDT|LTCUSDT|ADAUSDT|SOLUSDT,0.132230589858|0.132230589858|0.132230589858|0.132230589858,0.146958011997|0.063113921192|-0.041899441341|-0.043790821023,198962.297470693331|148019.543894839269|40941.719855460688|104375.354948924956,0.528922359433,0.002835048884,-0.000070756589,0.000000000000,0.002764292296,0.002764292296,2.537577122059,2.484656643694,
2023-06-09T00:00:00Z,,hold,XRPUSDT|LTCUSDT|ADAUSDT|SOLUSDT,0.132230589858|0.132230589858|0.132230589858|0.132230589858,0.146958011997|0.063113921192|-0.041899441341|-0.043790821023,198962.297470693331|148019.543894839269|40941.719855460688|104375.354948924956,0.528922359433,-0.016950822127,-0.000116770189,0.000000000000,-0.017067592316,-0.017067592316,2.494266790268,2.442249537053,
2023-06-10T00:00:00Z,,hold,XRPUSDT|LTCUSDT|ADAUSDT|SOLUSDT,0.132230589858|0.132230589858|0.132230589858|0.132230589858,0.146958011997|0.063113921192|-0.041899441341|-0.043790821023,198962.297470693331|148019.543894839269|40941.719855460688|104375.354948924956,0.528922359433,-0.048356535715,0.000166438643,0.000000000000,-0.048190097071,-0.048190097071,2.374067831523,2.324557294790,
2023-06-11T00:00:00Z,,hold,XRPUSDT|LTCUSDT|ADAUSDT|SOLUSDT,0.132230589858|0.132230589858|0.132230589858|0.132230589858,0.146958011997|0.063113921192|-0.041899441341|-0.043790821023,198962.297470693331|148019.543894839269|40941.719855460688|104375.354948924956,0.528922359433,0.002683016990,0.000326397988,0.000000000000,0.003009414978,0.003009414978,2.381212386814,2.331552852330,
2023-06-12T00:00:00Z,2023-06-12T00:00:00Z,active,XRPUSDT|ETHUSDT|LTCUSDT|DOGEUSDT,0.101556360671|0.101556360671|0.101556360671|0.101556360671,0.210085986521|-0.030295649671|-0.034572814327|-0.149674920459,126080.305965746433|593363.139740557643|44813.498480153663|22569.768480590454,0.406225442683,-0.000208419260,-0.000059394222,0.528922359433,-0.000902520313,-0.001325658201,2.379063294265,2.328462010171,
2023-06-13T00:00:00Z,,hold,XRPUSDT|ETHUSDT|LTCUSDT|DOGEUSDT,0.101556360671|0.101556360671|0.101556360671|0.101556360671,0.210085986521|-0.030295649671|-0.034572814327|-0.149674920459,126080.305965746433|593363.139740557643|44813.498480153663|22569.768480590454,0.406225442683,-0.000681742767,-0.000055870216,0.000000000000,-0.000737612984,-0.000737612984,2.377308466290,2.326744506360,
2023-06-14T00:00:00Z,,hold,XRPUSDT|ETHUSDT|LTCUSDT|DOGEUSDT,0.101556360671|0.101556360671|0.101556360671|0.101556360671,0.210085986521|-0.030295649671|-0.034572814327|-0.149674920459,126080.305965746433|593363.139740557643|44813.498480153663|22569.768480590454,0.406225442683,-0.020913993067,-0.000027312568,0.000000000000,-0.020941305635,-0.020941305635,2.327524523110,2.278019438519,
2023-06-15T00:00:00Z,,hold,XRPUSDT|ETHUSDT|LTCUSDT|DOGEUSDT,0.101556360671|0.101556360671|0.101556360671|0.101556360671,0.210085986521|-0.030295649671|-0.034572814327|-0.149674920459,126080.305965746433|593363.139740557643|44813.498480153663|22569.768480590454,0.406225442683,0.005022378121,0.000043615410,0.000000000000,0.005065993532,0.005065993532,2.339315747288,2.289559870259,
2023-06-16T00:00:00Z,,hold,XRPUSDT|ETHUSDT|LTCUSDT|DOGEUSDT,0.101556360671|0.101556360671|0.101556360671|0.101556360671,0.210085986521|-0.030295649671|-0.034572814327|-0.149674920459,126080.305965746433|593363.139740557643|44813.498480153663|22569.768480590454,0.406225442683,0.005317559218,0.000012357378,0.000000000000,0.005329916596,0.005329916596,2.351784105112,2.301763033408,
2023-06-17T00:00:00Z,,hold,XRPUSDT|ETHUSDT|LTCUSDT|DOGEUSDT,0.101556360671|0.101556360671|0.101556360671|0.101556360671,0.210085986521|-0.030295649671|-0.034572814327|-0.149674920459,126080.305965746433|593363.139740557643|44813.498480153663|22569.768480590454,0.406225442683,0.002373699398,0.000014530684,0.000000000000,0.002388230082,0.002388230082,2.357400706658,2.307260173126,
2023-06-18T00:00:00Z,,hold,XRPUSDT|ETHUSDT|LTCUSDT|DOGEUSDT,0.101556360671|0.101556360671|0.101556360671|0.101556360671,0.210085986521|-0.030295649671|-0.034572814327|-0.149674920459,126080.305965746433|593363.139740557643|44813.498480153663|22569.768480590454,0.406225442683,0.001474117397,0.000000737299,0.000000000000,0.001474854696,0.001474854696,2.360877530161,2.310663046628,
2023-06-19T00:00:00Z,2023-06-19T00:00:00Z,active,XRPUSDT|ETHUSDT|DOGEUSDT|DOTUSDT,0.109384649991|0.109384649991|0.109384649991|0.109384649991,0.041532862342|-0.050453245592|-0.155322624558|-0.155650716813,147396.312392230291|1458520.497899421258|97759.951760380311|20835.083483829276,0.437538599965,0.003005962820,0.000004749482,0.234425878624,0.002729401247,0.002541860544,2.367321312236,2.316536429857,
2023-06-20T00:00:00Z,,hold,XRPUSDT|ETHUSDT|DOGEUSDT|DOTUSDT,0.109384649991|0.109384649991|0.109384649991|0.109384649991,0.041532862342|-0.050453245592|-0.155322624558|-0.155650716813,147396.312392230291|1458520.497899421258|97759.951760380311|20835.083483829276,0.437538599965,0.007678082023,0.000051913955,0.000000000000,0.007729995978,0.007729995978,2.385620696459,2.334443247143,
2023-06-21T00:00:00Z,,hold,XRPUSDT|ETHUSDT|DOGEUSDT|DOTUSDT,0.109384649991|0.109384649991|0.109384649991|0.109384649991,0.041532862342|-0.050453245592|-0.155322624558|-0.155650716813,147396.312392230291|1458520.497899421258|97759.951760380311|20835.083483829276,0.437538599965,0.015560427717,0.000027154739,0.000000000000,0.015587582456,0.015587582456,2.422806755774,2.370831573747,
2023-06-22T00:00:00Z,,hold,XRPUSDT|ETHUSDT|DOGEUSDT|DOTUSDT,0.109384649991|0.109384649991|0.109384649991|0.109384649991,0.041532862342|-0.050453245592|-0.155322624558|-0.155650716813,147396.312392230291|1458520.497899421258|97759.951760380311|20835.083483829276,0.437538599965,-0.002341187861,-0.000034196923,0.000000000000,-0.002375384784,-0.002375384784,2.417051657472,2.365199936502,
2023-06-23T00:00:00Z,,hold,XRPUSDT|ETHUSDT|DOGEUSDT|DOTUSDT,0.109384649991|0.109384649991|0.109384649991|0.109384649991,0.041532862342|-0.050453245592|-0.155322624558|-0.155650716813,147396.312392230291|1458520.497899421258|97759.951760380311|20835.083483829276,0.437538599965,0.012490547569,-0.000095946746,0.000000000000,0.012394600823,0.012394600823,2.447010047935,2.394515645581,
2023-06-24T00:00:00Z,,hold,XRPUSDT|ETHUSDT|DOGEUSDT|DOTUSDT,0.109384649991|0.109384649991|0.109384649991|0.109384649991,0.041532862342|-0.050453245592|-0.155322624558|-0.155650716813,147396.312392230291|1458520.497899421258|97759.951760380311|20835.083483829276,0.437538599965,-0.007607874373,-0.000057233330,0.000000000000,-0.007665107704,-0.007665107704,2.428253452366,2.376161425260,
2023-06-25T00:00:00Z,,hold,XRPUSDT|ETHUSDT|DOGEUSDT|DOTUSDT,0.109384649991|0.109384649991|0.109384649991|0.109384649991,0.041532862342|-0.050453245592|-0.155322624558|-0.155650716813,147396.312392230291|1458520.497899421258|97759.951760380311|20835.083483829276,0.437538599965,0.006284841893,-0.000116141340,0.000000000000,0.006168700553,0.006168700553,2.443232620780,2.390819253557,
2023-06-26T00:00:00Z,2023-06-26T00:00:00Z,active,XRPUSDT|ETHUSDT|LTCUSDT|DOTUSDT,0.099935483607|0.099935483607|0.099935483607|0.099935483607,0.046571245460|0.039117368528|0.012752757353|-0.009921770654,56181.307107669236|325175.524488437863|40263.386196565509|11124.300657596150,0.399741934429,-0.008712347799,-0.000076871373,0.237667632751,-0.009074420331,-0.009264554438,2.421061701011,2.368669378432,
2023-06-27T00:00:00Z,,hold,XRPUSDT|ETHUSDT|LTCUSDT|DOTUSDT,0.099935483607|0.099935483607|0.099935483607|0.099935483607,0.046571245460|0.039117368528|0.012752757353|-0.009921770654,56181.307107669236|325175.524488437863|40263.386196565509|11124.300657596150,0.399741934429,0.005052482727,-0.000061161515,0.000000000000,0.004991321212,0.004991321212,2.433145997635,2.380492168145,
2023-06-28T00:00:00Z,,hold,XRPUSDT|ETHUSDT|LTCUSDT|DOTUSDT,0.099935483607|0.099935483607|0.099935483607|0.099935483607,0.046571245460|0.039117368528|0.012752757353|-0.009921770654,56181.307107669236|325175.524488437863|40263.386196565509|11124.300657596150,0.399741934429,-0.017220265674,-0.000069884884,0.000000000000,-0.017290150557,-0.017290150557,2.391076537008,2.339333100157,
2023-06-29T00:00:00Z,,hold,XRPUSDT|ETHUSDT|LTCUSDT|DOTUSDT,0.099935483607|0.099935483607|0.099935483607|0.099935483607,0.046571245460|0.039117368528|0.012752757353|-0.009921770654,56181.307107669236|325175.524488437863|40263.386196565509|11124.300657596150,0.399741934429,0.007650885066,0.000017732552,0.000000000000,0.007668617619,0.007668617619,2.409412788667,2.357272551185,
2023-06-30T00:00:00Z,,hold,XRPUSDT|ETHUSDT|LTCUSDT|DOTUSDT,0.099935483607|0.099935483607|0.099935483607|0.099935483607,0.046571245460|0.039117368528|0.012752757353|-0.009921770654,56181.307107669236|325175.524488437863|40263.386196565509|11124.300657596150,0.399741934429,0.036345440674,-0.000075012573,0.000000000000,0.036270428100,0.036270428100,2.496803221982,2.442771835765,
2023-07-01T00:00:00Z,,hold,XRPUSDT|ETHUSDT|LTCUSDT|DOTUSDT,0.099935483607|0.099935483607|0.099935483607|0.099935483607,0.046571245460|0.039117368528|0.012752757353|-0.009921770654,56181.307107669236|325175.524488437863|40263.386196565509|11124.300657596150,0.399741934429,0.001445494651,-0.000113343827,0.000000000000,0.001332150824,0.001332150824,2.500129340451,2.446025976278,
2023-07-02T00:00:00Z,,hold,XRPUSDT|ETHUSDT|LTCUSDT|DOTUSDT,0.099935483607|0.099935483607|0.099935483607|0.099935483607,0.046571245460|0.039117368528|0.012752757353|-0.009921770654,56181.307107669236|325175.524488437863|40263.386196565509|11124.300657596150,0.399741934429,0.011882416496,-0.000119922580,0.000000000000,0.011762493915,0.011762493915,2.529537096605,2.474797341940,
2023-07-03T00:00:00Z,2023-07-03T00:00:00Z,active,LTCUSDT|DOTUSDT|ETHUSDT|LINKUSDT,0.071848260774|0.071848260774|0.071848260774|0.071848260774,0.190840494655|0.041714069018|0.016850512705|0.014272417003,373696.184434274212|38607.239343544621|1158607.280747729354|25796.962238143689,0.287393043094,-0.003289733370,-0.000086352988,0.256045412882,-0.003683340853,-0.003888177183,2.520219949278,2.465174891382,
2023-07-04T00:00:00Z,,hold,LTCUSDT|DOTUSDT|ETHUSDT|LINKUSDT,0.071848260774|0.071848260774|0.071848260774|0.071848260774,0.190840494655|0.041714069018|0.016850512705|0.014272417003,373696.184434274212|38607.239343544621|1158607.280747729354|25796.962238143689,0.287393043094,-0.004905977135,-0.000084408055,0.000000000000,-0.004990385191,-0.004990385191,2.507643080966,2.452872719112,
2023-07-05T00:00:00Z,,hold,LTCUSDT|DOTUSDT|ETHUSDT|LINKUSDT,0.071848260774|0.071848260774|0.071848260774|0.071848260774,0.190840494655|0.041714069018|0.016850512705|0.014272417003,373696.184434274212|38607.239343544621|1158607.280747729354|25796.962238143689,0.287393043094,-0.006547724479,-0.000078589783,0.000000000000,-0.006626314262,-0.006626314262,2.491026649854,2.436619213630,
2023-07-06T00:00:00Z,,hold,LTCUSDT|DOTUSDT|ETHUSDT|LINKUSDT,0.071848260774|0.071848260774|0.071848260774|0.071848260774,0.190840494655|0.041714069018|0.016850512705|0.014272417003,373696.184434274212|38607.239343544621|1158607.280747729354|25796.962238143689,0.287393043094,-0.012861180303,-0.000032958234,0.000000000000,-0.012894138537,-0.012894138537,2.458907007130,2.405201107926,
2023-07-07T00:00:00Z,,hold,LTCUSDT|DOTUSDT|ETHUSDT|LINKUSDT,0.071848260774|0.071848260774|0.071848260774|0.071848260774,0.190840494655|0.041714069018|0.016850512705|0.014272417003,373696.184434274212|38607.239343544621|1158607.280747729354|25796.962238143689,0.287393043094,0.005688919223,-0.000017169579,0.000000000000,0.005671749644,0.005671749644,2.472853312073,2.418842806455,
2023-07-08T00:00:00Z,,hold,LTCUSDT|DOTUSDT|ETHUSDT|LINKUSDT,0.071848260774|0.071848260774|0.071848260774|0.071848260774,0.190840494655|0.041714069018|0.016850512705|0.014272417003,373696.184434274212|38607.239343544621|1158607.280747729354|25796.962238143689,0.287393043094,0.000101475606,-0.000024993854,0.000000000000,0.000076481751,0.000076481751,2.473042440225,2.419027803788,
2023-07-09T00:00:00Z,,hold,LTCUSDT|DOTUSDT|ETHUSDT|LINKUSDT,0.071848260774|0.071848260774|0.071848260774|0.071848260774,0.190840494655|0.041714069018|0.016850512705|0.014272417003,373696.184434274212|38607.239343544621|1158607.280747729354|25796.962238143689,0.287393043094,-0.003290300799,-0.000031283451,0.000000000000,-0.003321584250,-0.003321584250,2.464828021406,2.410992799135,
2023-07-10T00:00:00Z,2023-07-10T00:00:00Z,active,SOLUSDT|LTCUSDT|LINKUSDT|DOTUSDT,0.068332452929|0.068332452929|0.068332452929|0.068332452929,0.226069949379|0.064978713870|0.026214726999|0.019887505022,83458.761837929284|138463.505925408739|10575.036813289995|15868.385905757768,0.273329811715,0.001926294560,-0.000024227271,0.150728137237,0.001721193525,0.001600611015,2.469070467436,2.414851860766,
2023-07-11T00:00:00Z,,hold,SOLUSDT|LTCUSDT|LINKUSDT|DOTUSDT,0.068332452929|0.068332452929|0.068332452929|0.068332452929,0.226069949379|0.064978713870|0.026214726999|0.019887505022,83458.761837929284|138463.505925408739|10575.036813289995|15868.385905757768,0.273329811715,0.004018468482,-0.000035381177,0.000000000000,0.003983087305,0.003983087305,2.478904990669,2.424470426556,
2023-07-12T00:00:00Z,,hold,SOLUSDT|LTCUSDT|LINKUSDT|DOTUSDT,0.068332452929|0.068332452929|0.068332452929|0.068332452929,0.226069949379|0.064978713870|0.026214726999|0.019887505022,83458.761837929284|138463.505925408739|10575.036813289995|15868.385905757768,0.273329811715,-0.001135366784,-0.000039361543,0.000000000000,-0.001174728327,-0.001174728327,2.475992950758,2.421622332469,
2023-07-13T00:00:00Z,,hold,SOLUSDT|LTCUSDT|LINKUSDT|DOTUSDT,0.068332452929|0.068332452929|0.068332452929|0.068332452929,0.226069949379|0.064978713870|0.026214726999|0.019887505022,83458.761837929284|138463.505925408739|10575.036813289995|15868.385905757768,0.273329811715,0.031726573362,0.000000971004,0.000000000000,0.031727544367,0.031727544367,2.554550126955,2.498454462461,
2023-07-14T00:00:00Z,,hold,SOLUSDT|LTCUSDT|LINKUSDT|DOTUSDT,0.068332452929|0.068332452929|0.068332452929|0.068332452929,0.226069949379|0.064978713870|0.026214726999|0.019887505022,83458.761837929284|138463.505925408739|10575.036813289995|15868.385905757768,0.273329811715,-0.005663048640,-0.000100745952,0.000000000000,-0.005763794592,-0.005763794592,2.539826224749,2.484053884144,
2023-07-15T00:00:00Z,,hold,SOLUSDT|LTCUSDT|LINKUSDT|DOTUSDT,0.068332452929|0.068332452929|0.068332452929|0.068332452929,0.226069949379|0.064978713870|0.026214726999|0.019887505022,83458.761837929284|138463.505925408739|10575.036813289995|15868.385905757768,0.273329811715,0.001123364275,-0.000071951340,0.000000000000,0.001051412936,0.001051412936,2.542496630896,2.486665650530,
2023-07-16T00:00:00Z,,hold,SOLUSDT|LTCUSDT|LINKUSDT|DOTUSDT,0.068332452929|0.068332452929|0.068332452929|0.068332452929,0.226069949379|0.064978713870|0.026214726999|0.019887505022,83458.761837929284|138463.505925408739|10575.036813289995|15868.385905757768,0.273329811715,-0.006156677776,-0.000063280635,0.000000000000,-0.006219958411,-0.006219958411,2.526682407592,2.471198693602,
2023-07-17T00:00:00Z,2023-07-17T00:00:00Z,active,SOLUSDT|XRPUSDT|LINKUSDT|AVAXUSDT,0.047049753751|0.047049753751|0.047049753751|0.047049753751,0.790408989939|0.570496632997|0.240932155610|0.237435008666,230301.956843298511|637231.015400657896|40009.465854570284|35307.405157823654,0.188199015004,0.002875391791,-0.000042286437,0.273329811715,0.002505109580,0.002286445731,2.533012023897,2.476848955305,
2023-07-18T00:00:00Z,,hold,SOLUSDT|XRPUSDT|LINKUSDT|AVAXUSDT,0.047049753751|0.047049753751|0.047049753751|0.047049753751,0.790408989939|0.570496632997|0.240932155610|0.237435008666,230301.956843298511|637231.015400657896|40009.465854570284|35307.405157823654,0.188199015004,-0.003311180496,-0.000053965597,0.000000000000,-0.003365146093,-0.003365146093,2.524488068381,2.468513996719,
2023-07-19T00:00:00Z,,hold,SOLUSDT|XRPUSDT|LINKUSDT|AVAXUSDT,0.047049753751|0.047049753751|0.047049753751|0.047049753751,0.790408989939|0.570496632997|0.240932155610|0.237435008666,230301.956843298511|637231.015400657896|40009.465854570284|35307.405157823654,0.188199015004,0.004548201344,-0.000056459705,0.000000000000,0.004491741639,0.004491741639,2.535827416555,2.479601923825,
2023-07-20T00:00:00Z,,hold,SOLUSDT|XRPUSDT|LINKUSDT|AVAXUSDT,0.047049753751|0.047049753751|0.047049753751|0.047049753751,0.790408989939|0.570496632997|0.240932155610|0.237435008666,230301.956843298511|637231.015400657896|40009.465854570284|35307.405157823654,0.188199015004,0.006276863582,-0.000052473179,0.000000000000,0.006224390403,0.006224390403,2.551611396392,2.495035934244,
2023-07-21T00:00:00Z,,hold,SOLUSDT|XRPUSDT|LINKUSDT|AVAXUSDT,0.047049753751|0.047049753751|0.047049753751|0.047049753751,0.790408989939|0.570496632997|0.240932155610|0.237435008666,230301.956843298511|637231.015400657896|40009.465854570284|35307.405157823654,0.188199015004,-0.002026800497,-0.000037225295,0.000000000000,-0.002064025792,-0.002064025792,2.546344804659,2.489886115725,
2023-07-22T00:00:00Z,,hold,SOLUSDT|XRPUSDT|LINKUSDT|AVAXUSDT,0.047049753751|0.047049753751|0.047049753751|0.047049753751,0.790408989939|0.570496632997|0.240932155610|0.237435008666,230301.956843298511|637231.015400657896|40009.465854570284|35307.405157823654,0.188199015004,-0.007152585878,-0.000040892823,0.000000000000,-0.007193478701,-0.007193478701,2.528027727541,2.471975172983,
2023-07-23T00:00:00Z,,hold,SOLUSDT|XRPUSDT|LINKUSDT|AVAXUSDT,0.047049753751|0.047049753751|0.047049753751|0.047049753751,0.790408989939|0.570496632997|0.240932155610|0.237435008666,230301.956843298511|637231.015400657896|40009.465854570284|35307.405157823654,0.188199015004,0.000905535735,-0.000044269113,0.000000000000,0.000861266621,0.000861266621,2.530205033441,2.474104202689,
2023-07-24T00:00:00Z,2023-07-24T00:00:00Z,active,XRPUSDT|SOLUSDT|LINKUSDT|ADAUSDT,0.041645465323|0.041645465323|0.041645465323|0.041645465323,0.488001613228|0.445034736412|0.299274884641|0.068802698145,71284.529615186271|52587.563344247923|32522.346077740178|14294.271436104560,0.166581861292,-0.007566893126,-0.000043271304,0.104908084357,-0.007736054131,-0.007819980599,2.510631230339,2.454756755824,
2023-07-25T00:00:00Z,,hold,XRPUSDT|SOLUSDT|LINKUSDT|ADAUSDT,0.041645465323|0.041645465323|0.041645465323|0.041645465323,0.488001613228|0.445034736412|0.299274884641|0.068802698145,71284.529615186271|52587.563344247923|32522.346077740178|14294.271436104560,0.166581861292,-0.001011959683,-0.000027553473,0.000000000000,-0.001039513156,-0.001039513156,2.508021396146,2.452205003882,
2023-07-26T00:00:00Z,,hold,XRPUSDT|SOLUSDT|LINKUSDT|ADAUSDT,0.041645465323|0.041645465323|0.041645465323|0.041645465323,0.488001613228|0.445034736412|0.299274884641|0.068802698145,71284.529615186271|52587.563344247923|32522.346077740178|14294.271436104560,0.166581861292,0.006189857281,-0.000032745413,0.000000000000,0.006157111868,0.006157111868,2.523463564448,2.467303504414,
2023-07-27T00:00:00Z,,hold,XRPUSDT|SOLUSDT|LINKUSDT|ADAUSDT,0.041645465323|0.041645465323|0.041645465323|0.041645465323,0.488001613228|0.445034736412|0.299274884641|0.068802698145,71284.529615186271|52587.563344247923|32522.346077740178|14294.271436104560,0.166581861292,0.001216260421,-0.000032498872,0.000000000000,0.001183761550,0.001183761550,2.526450743587,2.470224203433,
2023-07-28T00:00:00Z,,hold,XRPUSDT|SOLUSDT|LINKUSDT|ADAUSDT,0.041645465323|0.041645465323|0.041645465323|0.041645465323,0.488001613228|0.445034736412|0.299274884641|0.068802698145,71284.529615186271|52587.563344247923|32522.346077740178|14294.271436104560,0.166581861292,-0.001410663278,-0.000046213140,0.000000000000,-0.001456876418,-0.001456876418,2.522770017079,2.466625392045,
2023-07-29T00:00:00Z,,hold,XRPUSDT|SOLUSDT|LINKUSDT|ADAUSDT,0.041645465323|0.041645465323|0.041645465323|0.041645465323,0.488001613228|0.445034736412|0.299274884641|0.068802698145,71284.529615186271|52587.563344247923|32522.346077740178|14294.271436104560,0.166581861292,0.001436597777,-0.000045040404,0.000000000000,0.001391557373,0.001391557373,2.526280596296,2.470057842795,
2023-07-30T00:00:00Z,,hold,XRPUSDT|SOLUSDT|LINKUSDT|ADAUSDT,0.041645465323|0.041645465323|0.041645465323|0.041645465323,0.488001613228|0.445034736412|0.299274884641|0.068802698145,71284.529615186271|52587.563344247923|32522.346077740178|14294.271436104560,0.166581861292,-0.003143035539,-0.000048012641,0.000000000000,-0.003191048180,-0.003191048180,2.518219113198,2.462175769212,
2023-07-31T00:00:00Z,2023-07-31T00:00:00Z,active,XRPUSDT|SOLUSDT|LINKUSDT|DOGEUSDT,0.047820477934|0.047820477934|0.047820477934|0.047820477934,0.489744131952|0.285184006788|0.196323878942|0.174043962662,99507.869877730613|74727.257435131542|36054.121668350941|89918.432528637117,0.191281911737,-0.001654449956,-0.000032551878,0.107990981091,-0.001816591011,-0.001902983796,2.513644538993,2.457490288621,
2023-08-01T00:00:00Z,,hold,XRPUSDT|SOLUSDT|LINKUSDT|DOGEUSDT,0.047820477934|0.047820477934|0.047820477934|0.047820477934,0.489744131952|0.285184006788|0.196323878942|0.174043962662,99507.869877730613|74727.257435131542|36054.121668350941|89918.432528637117,0.191281911737,0.002091435022,-0.000042155664,0.000000000000,0.002049279358,0.002049279358,2.518795698859,2.462526372741,
2023-08-02T00:00:00Z,,hold,XRPUSDT|SOLUSDT|LINKUSDT|DOGEUSDT,0.047820477934|0.047820477934|0.047820477934|0.047820477934,0.489744131952|0.285184006788|0.196323878942|0.174043962662,99507.869877730613|74727.257435131542|36054.121668350941|89918.432528637117,0.191281911737,-0.007532945835,-0.000045762763,0.000000000000,-0.007578708598,-0.007578708598,2.499706480239,2.443863602946,
2023-08-03T00:00:00Z,,hold,XRPUSDT|SOLUSDT|LINKUSDT|DOGEUSDT,0.047820477934|0.047820477934|0.047820477934|0.047820477934,0.489744131952|0.285184006788|0.196323878942|0.174043962662,99507.869877730613|74727.257435131542|36054.121668350941|89918.432528637117,0.191281911737,-0.004441943558,-0.000037883861,0.000000000000,-0.004479827419,-0.004479827419,2.488508226609,2.432915515769,
2023-08-04T00:00:00Z,,hold,XRPUSDT|SOLUSDT|LINKUSDT|DOGEUSDT,0.047820477934|0.047820477934|0.047820477934|0.047820477934,0.489744131952|0.285184006788|0.196323878942|0.174043962662,99507.869877730613|74727.257435131542|36054.121668350941|89918.432528637117,0.191281911737,-0.001615869108,-0.000042598004,0.000000000000,-0.001658467111,-0.001658467111,2.484381117559,2.428880605402,
2023-08-05T00:00:00Z,,hold,XRPUSDT|SOLUSDT|LINKUSDT|DOGEUSDT,0.047820477934|0.047820477934|0.047820477934|0.047820477934,0.489744131952|0.285184006788|0.196323878942|0.174043962662,99507.869877730613|74727.257435131542|36054.121668350941|89918.432528637117,0.191281911737,0.001244524658,-0.000042736205,0.000000000000,0.001201788454,0.001201788454,2.487366818100,2.431799606068,
2023-08-06T00:00:00Z,,hold,XRPUSDT|SOLUSDT|LINKUSDT|DOGEUSDT,0.047820477934|0.047820477934|0.047820477934|0.047820477934,0.489744131952|0.285184006788|0.196323878942|0.174043962662,99507.869877730613|74727.257435131542|36054.121668350941|89918.432528637117,0.191281911737,-0.000972230157,-0.000041141392,0.000000000000,-0.001013371548,-0.001013371548,2.484846191336,2.429335289536,
2023-08-07T00:00:00Z,2023-08-07T00:00:00Z,active,XRPUSDT|LINKUSDT|DOGEUSDT|SOLUSDT,0.047375495852|0.047375495852|0.047375495852|0.047375495852,0.332265641683|0.153583617747|0.136363636364|0.079035561348,102836.167724360610|15405.052408621712|72894.054167791590|56022.391371892678,0.189501983410,0.000841373724,-0.000053471775,0.001779928327,0.000785766035,0.000784342093,2.486798699076,2.431240719461,
2023-08-08T00:00:00Z,,hold,XRPUSDT|LINKUSDT|DOGEUSDT|SOLUSDT,0.047375495852|0.047375495852|0.047375495852|0.047375495852,0.332265641683|0.153583617747|0.136363636364|0.079035561348,102836.167724360610|15405.052408621712|72894.054167791590|56022.391371892678,0.189501983410,0.005405883159,-0.000051192066,0.000000000000,0.005354691093,0.005354691093,2.500114737922,2.444259262487,
2023-08-09T00:00:00Z,,hold,XRPUSDT|LINKUSDT|DOGEUSDT|SOLUSDT,0.047375495852|0.047375495852|0.047375495852|0.047375495852,0.332265641683|0.153583617747|0.136363636364|0.079035561348,102836.167724360610|15405.052408621712|72894.054167791590|56022.391371892678,0.189501983410,0.002143341375,-0.000038096531,0.000000000000,0.002105244843,0.002105244843,2.505378091581,2.449405026696,
2023-08-10T00:00:00Z,,hold,XRPUSDT|LINKUSDT|DOGEUSDT|SOLUSDT,0.047375495852|0.047375495852|0.047375495852|0.047375495852,0.332265641683|0.153583617747|0.136363636364|0.079035561348,102836.167724360610|15405.052408621712|72894.054167791590|56022.391371892678,0.189501983410,-0.000381607824,-0.000056185917,0.000000000000,-0.000437793741,-0.000437793741,2.504281252734,2.448332692506,
2023-08-11T00:00:00Z,,hold,XRPUSDT|LINKUSDT|DOGEUSDT|SOLUSDT,0.047375495852|0.047375495852|0.047375495852|0.047375495852,0.332265641683|0.153583617747|0.136363636364|0.079035561348,102836.167724360610|15405.052408621712|72894.054167791590|56022.391371892678,0.189501983410,-0.001001291000,-0.000054490348,0.000000000000,-0.001055781347,-0.001055781347,2.501637279299,2.445747788517,
2023-08-12T00:00:00Z,,hold,XRPUSDT|LINKUSDT|DOGEUSDT|SOLUSDT,0.047375495852|0.047375495852|0.047375495852|0.047375495852,0.332265641683|0.153583617747|0.136363636364|0.079035561348,102836.167724360610|15405.052408621712|72894.054167791590|56022.391371892678,0.189501983410,0.000566665597,-0.000056564447,0.000000000000,0.000510101150,0.000510101150,2.502913367352,2.446995367276,
2023-08-13T00:00:00Z,,hold,XRPUSDT|LINKUSDT|DOGEUSDT|SOLUSDT,0.047375495852|0.047375495852|0.047375495852|0.047375495852,0.332265641683|0.153583617747|0.136363636364|0.079035561348,102836.167724360610|15405.052408621712|72894.054167791590|56022.391371892678,0.189501983410,-0.003159286612,-0.000052086989,0.000000000000,-0.003211373601,-0.003211373601,2.494875577439,2.439137150953,
2023-08-14T00:00:00Z,2023-08-14T00:00:00Z,active,DOGEUSDT|LINKUSDT|BNBUSDT|ETHUSDT,0.149580863658|0.149580863658|0.149580863658|0.149580863658,0.091745799854|0.058815070463|-0.032151357457|-0.049903445997,57338.963324635974|29455.631066675611|17325.320616337747|370579.161496375804,0.598323454632,0.001445361625,-0.000120426058,0.598323454632,0.000606947422,0.000128288658,2.496389835738,2.439450064584,
2023-08-15T00:00:00Z,,hold,DOGEUSDT|LINKUSDT|BNBUSDT|ETHUSDT,0.149580863658|0.149580863658|0.149580863658|0.149580863658,0.091745799854|0.058815070463|-0.032151357457|-0.049903445997,57338.963324635974|29455.631066675611|17325.320616337747|370579.161496375804,0.598323454632,-0.018716892368,-0.000077421559,0.000000000000,-0.018794313928,-0.018794313928,2.449471901479,2.393602274259,
2023-08-16T00:00:00Z,,hold,DOGEUSDT|LINKUSDT|BNBUSDT|ETHUSDT,0.149580863658|0.149580863658|0.149580863658|0.149580863658,0.091745799854|0.058815070463|-0.032151357457|-0.049903445997,57338.963324635974|29455.631066675611|17325.320616337747|370579.161496375804,0.598323454632,-0.018430637003,0.000140665844,0.000000000000,-0.018289971159,-0.018289971159,2.404671131046,2.349823357697,
2023-08-17T00:00:00Z,,hold,DOGEUSDT|LINKUSDT|BNBUSDT|ETHUSDT,0.149580863658|0.149580863658|0.149580863658|0.149580863658,0.091745799854|0.058815070463|-0.032151357457|-0.049903445997,57338.963324635974|29455.631066675611|17325.320616337747|370579.161496375804,0.598323454632,-0.046056082133,-0.000037369787,0.000000000000,-0.046093451920,-0.046093451920,2.293831537883,2.241511887738,
2023-08-18T00:00:00Z,,hold,DOGEUSDT|LINKUSDT|BNBUSDT|ETHUSDT,0.149580863658|0.149580863658|0.149580863658|0.149580863658,0.091745799854|0.058815070463|-0.032151357457|-0.049903445997,57338.963324635974|29455.631066675611|17325.320616337747|370579.161496375804,0.598323454632,0.002067141972,0.000210225433,0.000000000000,0.002277367405,0.002277367405,2.299055435059,2.246616633848,
2023-08-19T00:00:00Z,,hold,DOGEUSDT|LINKUSDT|BNBUSDT|ETHUSDT,0.149580863658|0.149580863658|0.149580863658|0.149580863658,0.091745799854|0.058815070463|-0.032151357457|-0.049903445997,57338.963324635974|29455.631066675611|17325.320616337747|370579.161496375804,0.598323454632,0.002688102088,0.000100733737,0.000000000000,0.002788835825,0.002788835825,2.305467123220,2.252882078801,
2023-08-20T00:00:00Z,,hold,DOGEUSDT|LINKUSDT|BNBUSDT|ETHUSDT,0.149580863658|0.149580863658|0.149580863658|0.149580863658,0.091745799854|0.058815070463|-0.032151357457|-0.049903445997,57338.963324635974|29455.631066675611|17325.320616337747|370579.161496375804,0.598323454632,0.002202853458,0.000091144108,0.000000000000,0.002293997565,0.002293997565,2.310755859188,2.258050184805,
2023-08-21T00:00:00Z,2023-08-21T00:00:00Z,active,ETHUSDT|BNBUSDT|DOGEUSDT|ADAUSDT,0.141772053588|0.141772053588|0.141772053588|0.141772053588,-0.109305916947|-0.112637362637|-0.128313746925|-0.135680000000,241030.439138259680|13687.685313981860|15755.938668267499|11160.508112729185,0.567088214352,-0.012384060975,0.000144262989,0.314779347456,-0.012617533203,-0.012869356681,2.281599820410,2.228990531573,
2023-08-22T00:00:00Z,,hold,ETHUSDT|BNBUSDT|DOGEUSDT|ADAUSDT,0.141772053588|0.141772053588|0.141772053588|0.141772053588,-0.109305916947|-0.112637362637|-0.128313746925|-0.135680000000,241030.439138259680|13687.685313981860|15755.938668267499|11160.508112729185,0.567088214352,-0.004545771048,0.000137089323,0.000000000000,-0.004408681725,-0.004408681725,2.271540972977,2.219163621751,
2023-08-23T00:00:00Z,,hold,ETHUSDT|BNBUSDT|DOGEUSDT|ADAUSDT,0.141772053588|0.141772053588|0.141772053588|0.141772053588,-0.109305916947|-0.112637362637|-0.128313746925|-0.135680000000,241030.439138259680|13687.685313981860|15755.938668267499|11160.508112729185,0.567088214352,0.015634822041,0.000114142098,0.000000000000,0.015748964139,0.015748964139,2.307315390301,2.254113150048,
2023-08-24T00:00:00Z,,hold,ETHUSDT|BNBUSDT|DOGEUSDT|ADAUSDT,0.141772053588|0.141772053588|0.141772053588|0.141772053588,-0.109305916947|-0.112637362637|-0.128313746925|-0.135680000000,241030.439138259680|13687.685313981860|15755.938668267499|11160.508112729185,0.567088214352,-0.002700672667,0.000034676027,0.000000000000,-0.002665996640,-0.002665996640,2.301164095223,2.248103691964,
2023-08-25T00:00:00Z,,hold,ETHUSDT|BNBUSDT|DOGEUSDT|ADAUSDT,0.141772053588|0.141772053588|0.141772053588|0.141772053588,-0.109305916947|-0.112637362637|-0.128313746925|-0.135680000000,241030.439138259680|13687.685313981860|15755.938668267499|11160.508112729185,0.567088214352,-0.003445354731,-0.000044653944,0.000000000000,-0.003490008675,-0.003490008675,2.293133012568,2.240257790577,
2023-08-26T00:00:00Z,,hold,ETHUSDT|BNBUSDT|DOGEUSDT|ADAUSDT,0.141772053588|0.141772053588|0.141772053588|0.141772053588,-0.109305916947|-0.112637362637|-0.128313746925|-0.135680000000,241030.439138259680|13687.685313981860|15755.938668267499|11160.508112729185,0.567088214352,-0.002502025183,0.000043725337,0.000000000000,-0.002458299846,-0.002458299846,2.287495804036,2.234750565194,
2023-08-27T00:00:00Z,,hold,ETHUSDT|BNBUSDT|DOGEUSDT|ADAUSDT,0.141772053588|0.141772053588|0.141772053588|0.141772053588,-0.109305916947|-0.112637362637|-0.128313746925|-0.135680000000,241030.439138259680|13687.685313981860|15755.938668267499|11160.508112729185,0.567088214352,0.004181692946,0.000052136673,0.000000000000,0.004233829619,0.004233829619,2.297180671524,2.244212118328,
2023-08-28T00:00:00Z,2023-08-28T00:00:00Z,active,BNBUSDT|ETHUSDT|DOTUSDT|ADAUSDT,0.162717551365|0.162717551365|0.162717551365|0.162717551365,-0.097466209234|-0.115192245074|-0.139789069990|-0.150468195027,12177.987544812126|214779.956410924380|4805.635604916164|7248.150750352283,0.650870205459,0.006916076117,0.000016800587,0.367326098283,0.006492085386,0.006198224508,2.312094164591,2.258122248880,
2023-08-29T00:00:00Z,,hold,BNBUSDT|ETHUSDT|DOTUSDT|ADAUSDT,0.162717551365|0.162717551365|0.162717551365|0.162717551365,-0.097466209234|-0.115192245074|-0.139789069990|-0.150468195027,12177.987544812126|214779.956410924380|4805.635604916164|7248.150750352283,0.650870205459,0.018898120574,0.000011240528,0.000000000000,0.018909361102,0.018909361102,2.355814388051,2.300821897897,
2023-08-30T00:00:00Z,,hold,BNBUSDT|ETHUSDT|DOTUSDT|ADAUSDT,0.162717551365|0.162717551365|0.162717551365|0.162717551365,-0.097466209234|-0.115192245074|-0.139789069990|-0.150468195027,12177.987544812126|214779.956410924380|4805.635604916164|7248.150750352283,0.650870205459,-0.013695775801,0.000014105985,0.000000000000,-0.013681669816,-0.013681669816,2.323582913446,2.269342812384,
2023-08-31T00:00:00Z,,hold,BNBUSDT|ETHUSDT|DOTUSDT|ADAUSDT,0.162717551365|0.162717551365|0.162717551365|0.162717551365,-0.097466209234|-0.115192245074|-0.139789069990|-0.150468195027,12177.987544812126|214779.956410924380|4805.635604916164|7248.150750352283,0.650870205459,-0.026493863216,0.000067415509,0.000000000000,-0.026426447708,-0.026426447708,2.262178871089,2.209372143221,
2023-09-01T00:00:00Z,,hold,BNBUSDT|ETHUSDT|DOTUSDT|ADAUSDT,0.162717551365|0.162717551365|0.162717551365|0.162717551365,-0.097466209234|-0.115192245074|-0.139789069990|-0.150468195027,12177.987544812126|214779.956410924380|4805.635604916164|7248.150750352283,0.650870205459,-0.006258487070,0.000119779644,0.000000000000,-0.006138707426,-0.006138707426,2.248292016854,2.195809454039,
2023-09-02T00:00:00Z,,hold,BNBUSDT|ETHUSDT|DOTUSDT|ADAUSDT,0.162717551365|0.162717551365|0.162717551365|0.162717551365,-0.097466209234|-0.115192245074|-0.139789069990|-0.150468195027,12177.987544812126|214779.956410924380|4805.635604916164|7248.150750352283,0.650870205459,0.003715214141,0.000100427646,0.000000000000,0.003815641787,0.003815641787,2.256870693822,2.204187876348,
2023-09-03T00:00:00Z,,hold,BNBUSDT|ETHUSDT|DOTUSDT|ADAUSDT,0.162717551365|0.162717551365|0.162717551365|0.162717551365,-0.097466209234|-0.115192245074|-0.139789069990|-0.150468195027,12177.987544812126|214779.956410924380|4805.635604916164|7248.150750352283,0.650870205459,-0.000372334092,0.000130359539,0.000000000000,-0.000241974553,-0.000241974553,2.256324588545,2.203654518972,
2023-09-04T00:00:00Z,2023-09-04T00:00:00Z,active,ETHUSDT|BNBUSDT|ADAUSDT|DOGEUSDT,0.133468805767|0.133468805767|0.133468805767|0.133468805767,-0.106253416421|-0.113266867993|-0.128196385953|-0.140152546990,99166.559705431035|8151.089787067463|7428.839101029987|19241.189526012316,0.533875223069,0.000591476549,0.000037205764,0.383932593924,0.000167963200,-0.000139182875,2.256703568044,2.203347808001,
2023-09-05T00:00:00Z,,hold,ETHUSDT|BNBUSDT|ADAUSDT|DOGEUSDT,0.133468805767|0.133468805767|0.133468805767|0.133468805767,-0.106253416421|-0.113266867993|-0.128196385953|-0.140152546990,99166.559705431035|8151.089787067463|7428.839101029987|19241.189526012316,0.533875223069,0.002321911673,-0.000052984447,0.000000000000,0.002268927227,0.002268927227,2.261823864213,2.208347043833,
2023-09-06T00:00:00Z,,hold,ETHUSDT|BNBUSDT|ADAUSDT|DOGEUSDT,0.133468805767|0.133468805767|0.133468805767|0.133468805767,-0.106253416421|-0.113266867993|-0.128196385953|-0.140152546990,99166.559705431035|8151.089787067463|7428.839101029987|19241.189526012316,0.533875223069,-0.000529543978,-0.000037823725,0.000000000000,-0.000567367703,-0.000567367703,2.260540578402,2.207094099042,
2023-09-07T00:00:00Z,,hold,ETHUSDT|BNBUSDT|ADAUSDT|DOGEUSDT,0.133468805767|0.133468805767|0.133468805767|0.133468805767,-0.106253416421|-0.113266867993|-0.128196385953|-0.140152546990,99166.559705431035|8151.089787067463|7428.839101029987|19241.189526012316,0.533875223069,0.002601890705,-0.000077638804,0.000000000000,0.002524251900,0.002524251900,2.266246752253,2.212665360516,
2023-09-08T00:00:00Z,,hold,ETHUSDT|BNBUSDT|ADAUSDT|DOGEUSDT,0.133468805767|0.133468805767|0.133468805767|0.133468805767,-0.106253416421|-0.113266867993|-0.128196385953|-0.140152546990,99166.559705431035|8151.089787067463|7428.839101029987|19241.189526012316,0.533875223069,-0.004270782449,-0.000032507662,0.000000000000,-0.004303290111,-0.004303290111,2.256494435014,2.203143619551,
2023-09-09T00:00:00Z,,hold,ETHUSDT|BNBUSDT|ADAUSDT|DOGEUSDT,0.133468805767|0.133468805767|0.133468805767|0.133468805767,-0.106253416421|-0.113266867993|-0.128196385953|-0.140152546990,99166.559705431035|8151.089787067463|7428.839101029987|19241.189526012316,0.533875223069,-0.001587766605,-0.000034453638,0.000000000000,-0.001622220243,-0.001622220243,2.252833904064,2.199569635374,
2023-09-10T00:00:00Z,,hold,ETHUSDT|BNBUSDT|ADAUSDT|DOGEUSDT,0.133468805767|0.133468805767|0.133468805767|0.133468805767,-0.106253416421|-0.113266867993|-0.128196385953|-0.140152546990,99166.559705431035|8151.089787067463|7428.839101029987|19241.189526012316,0.533875223069,-0.009370823432,0.000090146166,0.000000000000,-0.009280677266,-0.009280677266,2.231926079666,2.179156139463,
2023-09-11T00:00:00Z,2023-09-11T00:00:00Z,active,BNBUSDT|ETHUSDT|ADAUSDT|DOTUSDT,0.148325774850|0.148325774850|0.148325774850|0.148325774850,-0.114614614615|-0.125305729313|-0.151142954623|-0.171662669864,15335.808721822988|228059.530487659154|8597.343841636053|5050.433993624390,0.593303099399,-0.020269887694,0.000109442173,0.326365487865,-0.020552084107,-0.020813176497,2.186055347156,2.133800978117,
2023-09-12T00:00:00Z,,hold,BNBUSDT|ETHUSDT|ADAUSDT|DOTUSDT,0.148325774850|0.148325774850|0.148325774850|0.148325774850,-0.114614614615|-0.125305729313|-0.151142954623|-0.171662669864,15335.808721822988|228059.530487659154|8597.343841636053|5050.433993624390,0.593303099399,0.009410485122,0.000097309125,0.000000000000,0.009507794247,0.009507794247,2.206839911608,2.154088718781,
2023-09-13T00:00:00Z,,hold,BNBUSDT|ETHUSDT|ADAUSDT|DOTUSDT,0.148325774850|0.148325774850|0.148325774850|0.148325774850,-0.114614614615|-0.125305729313|-0.151142954623|-0.171662669864,15335.808721822988|228059.530487659154|8597.343841636053|5050.433993624390,0.593303099399,0.004992884481,0.000053944601,0.000000000000,0.005046829082,0.005046829082,2.217977455455,2.164960036373,
2023-09-14T00:00:00Z,,hold,BNBUSDT|ETHUSDT|ADAUSDT|DOTUSDT,0.148325774850|0.148325774850|0.148325774850|0.148325774850,-0.114614614615|-0.125305729313|-0.151142954623|-0.171662669864,15335.808721822988|228059.530487659154|8597.343841636053|5050.433993624390,0.593303099399,0.005147979074,0.000075999161,0.000000000000,0.005223978235,0.005223978235,2.229564121408,2.176269740482,
2023-09-15T00:00:00Z,,hold,BNBUSDT|ETHUSDT|ADAUSDT|DOTUSDT,0.148325774850|0.148325774850|0.148325774850|0.148325774850,-0.114614614615|-0.125305729313|-0.151142954623|-0.171662669864,15335.808721822988|228059.530487659154|8597.343841636053|5050.433993624390,0.593303099399,0.005253302740,-0.000011507114,0.000000000000,0.005241795627,0.005241795627,2.241251040868,2.187677301690,
2023-09-16T00:00:00Z,,hold,BNBUSDT|ETHUSDT|ADAUSDT|DOTUSDT,0.148325774850|0.148325774850|0.148325774850|0.148325774850,-0.114614614615|-0.125305729313|-0.151142954623|-0.171662669864,15335.808721822988|228059.530487659154|8597.343841636053|5050.433993624390,0.593303099399,0.001406498365,0.000031780281,0.000000000000,0.001438278645,0.001438278645,2.244474584379,2.190823791235,
2023-09-17T00:00:00Z,,hold,BNBUSDT|ETHUSDT|ADAUSDT|DOTUSDT,0.148325774850|0.148325774850|0.148325774850|0.148325774850,-0.114614614615|-0.125305729313|-0.151142954623|-0.171662669864,15335.808721822988|228059.530487659154|8597.343841636053|5050.433993624390,0.593303099399,-0.006076420399,0.000102212775,0.000000000000,-0.005974207625,-0.005974207625,2.231065627203,2.177735355037,
2023-09-18T00:00:00Z,2023-09-18T00:00:00Z,active,BNBUSDT|LINKUSDT|LTCUSDT|ETHUSDT,0.156906249937|0.156906249937|0.156906249937|0.156906249937,0.001574292726|-0.004860661050|-0.006413264508|-0.023567523303,27214.695123565740|10744.298418845918|10858.107599043949|272293.349358607025,0.627624999747,0.017478850804,-0.000073411727,0.627624999747,0.016652289077,0.016150189077,2.268217976977,2.212906192781,
2023-09-19T00:00:00Z,,hold,BNBUSDT|LINKUSDT|LTCUSDT|ETHUSDT,0.156906249937|0.156906249937|0.156906249937|0.156906249937,0.001574292726|-0.004860661050|-0.006413264508|-0.023567523303,27214.695123565740|10744.298418845918|10858.107599043949|272293.349358607025,0.627624999747,0.011560487447,-0.000021292178,0.000000000000,0.011539195269,0.011539195269,2.294391387125,2.238441349451,
2023-09-20T00:00:00Z,,hold,BNBUSDT|LINKUSDT|LTCUSDT|ETHUSDT,0.156906249937|0.156906249937|0.156906249937|0.156906249937,0.001574292726|-0.004860661050|-0.006413264508|-0.023567523303,27214.695123565740|10744.298418845918|10858.107599043949|272293.349358607025,0.627624999747,-0.008950814068,-0.000081917615,0.000000000000,-0.009032731683,-0.009032731683,2.273666765350,2.218222109353,
2023-09-21T00:00:00Z,,hold,BNBUSDT|LINKUSDT|LTCUSDT|ETHUSDT,0.156906249937|0.156906249937|0.156906249937|0.156906249937,0.001574292726|-0.004860661050|-0.006413264508|-0.023567523303,27214.695123565740|10744.298418845918|10858.107599043949|272293.349358607025,0.627624999747,-0.011362389597,-0.000064198192,0.000000000000,-0.011426587789,-0.011426587789,2.247686512452,2.192875399685,
2023-09-22T00:00:00Z,,hold,BNBUSDT|LINKUSDT|LTCUSDT|ETHUSDT,0.156906249937|0.156906249937|0.156906249937|0.156906249937,0.001574292726|-0.004860661050|-0.006413264508|-0.023567523303,27214.695123565740|10744.298418845918|10858.107599043949|272293.349358607025,0.627624999747,0.007165202410,-0.000064832093,0.000000000000,0.007100370316,0.007100370316,2.263645919045,2.208445627080,
2023-09-23T00:00:00Z,,hold,BNBUSDT|LINKUSDT|LTCUSDT|ETHUSDT,0.156906249937|0.156906249937|0.156906249937|0.156906249937,0.001574292726|-0.004860661050|-0.006413264508|-0.023567523303,27214.695123565740|10744.298418845918|10858.107599043949|272293.349358607025,0.627624999747,0.006498641059,-0.000042937395,0.000000000000,0.006455703664,0.006455703664,2.278259346298,2.222702697606,
2023-09-24T00:00:00Z,,hold,BNBUSDT|LINKUSDT|LTCUSDT|ETHUSDT,0.156906249937|0.156906249937|0.156906249937|0.156906249937,0.001574292726|-0.004860661050|-0.006413264508|-0.023567523303,27214.695123565740|10744.298418845918|10858.107599043949|272293.349358607025,0.627624999747,-0.011201754032,-0.000039257944,0.000000000000,-0.011241011975,-0.011241011975,2.252649405703,2.197717269964,
2023-09-25T00:00:00Z,2023-09-25T00:00:00Z,active,LINKUSDT|LTCUSDT|DOGEUSDT|ETHUSDT,0.146383815085|0.146383815085|0.146383815085|0.146383815085,0.159567387687|-0.023659548318|-0.038681039949|-0.044306936682,73338.304062372525|66784.641302281365|78740.579561208942|960674.324559460278,0.585535260341,0.013972868712,-0.000082787367,0.334857369576,0.013488252502,0.013220366606,2.283033709686,2.226771897971,
2023-09-26T00:00:00Z,,hold,LINKUSDT|LTCUSDT|DOGEUSDT|ETHUSDT,0.146383815085|0.146383815085|0.146383815085|0.146383815085,0.159567387687|-0.023659548318|-0.038681039949|-0.044306936682,73338.304062372525|66784.641302281365|78740.579561208942|960674.324559460278,0.585535260341,-0.004082833749,-0.000121508813,0.000000000000,-0.004204342563,-0.004204342563,2.273435053888,2.217409786102,
2023-09-27T00:00:00Z,,hold,LINKUSDT|LTCUSDT|DOGEUSDT|ETHUSDT,0.146383815085|0.146383815085|0.146383815085|0.146383815085,0.159567387687|-0.023659548318|-0.038681039949|-0.044306936682,73338.304062372525|66784.641302281365|78740.579561208942|960674.324559460278,0.585535260341,0.005238064490,-0.000139178804,0.000000000000,0.005098885686,0.005098885686,2.285027039344,2.228716105122,
2023-09-28T00:00:00Z,,hold,LINKUSDT|LTCUSDT|DOGEUSDT|ETHUSDT,0.146383815085|0.146383815085|0.146383815085|0.146383815085,0.159567387687|-0.023659548318|-0.038681039949|-0.044306936682,73338.304062372525|66784.641302281365|78740.579561208942|960674.324559460278,0.585535260341,0.014392259630,-0.000109891794,0.000000000000,0.014282367836,0.014282367836,2.317662636035,2.260547448338,
2023-09-29T00:00:00Z,,hold,LINKUSDT|LTCUSDT|DOGEUSDT|ETHUSDT,0.146383815085|0.146383815085|0.146383815085|0.146383815085,0.159567387687|-0.023659548318|-0.038681039949|-0.044306936682,73338.304062372525|66784.641302281365|78740.579561208942|960674.324559460278,0.585535260341,0.006092917256,-0.000086509907,0.000000000000,0.006006407349,0.006006407349,2.331583461924,2.274125217144,
2023-09-30T00:00:00Z,,hold,LINKUSDT|LTCUSDT|DOGEUSDT|ETHUSDT,0.146383815085|0.146383815085|0.146383815085|0.146383815085,0.159567387687|-0.023659548318|-0.038681039949|-0.044306936682,73338.304062372525|66784.641302281365|78740.579561208942|960674.324559460278,0.585535260341,0.005611520619,-0.000080597465,0.000000000000,0.005530923154,0.005530923154,2.344479270880,2.286703228963,
2023-10-01T00:00:00Z,,hold,LINKUSDT|LTCUSDT|DOGEUSDT|ETHUSDT,0.146383815085|0.146383815085|0.146383815085|0.146383815085,0.159567387687|-0.023659548318|-0.038681039949|-0.044306936682,73338.304062372525|66784.641302281365|78740.579561208942|960674.324559460278,0.585535260341,0.010769341165,-0.000064698719,0.000000000000,0.010704642447,0.010704642447,2.369576083199,2.311181569411,
2023-10-02T00:00:00Z,2023-10-02T00:00:00Z,active,LINKUSDT|SOLUSDT|LTCUSDT|ETHUSDT,0.133232981928|0.133232981928|0.133232981928|0.133232981928,0.355735219808|0.235982397101|0.082777248173|0.064611623951,170663.237210823165|420461.929416042869|53573.095639290354|1282683.084549359046,0.532931927712,-0.022402029505,-0.000077071283,0.319069296485,-0.022861983944,-0.023117239381,2.315402872830,2.257753431817,
2023-10-03T00:00:00Z,,hold,LINKUSDT|SOLUSDT|LTCUSDT|ETHUSDT,0.133232981928|0.133232981928|0.133232981928|0.133232981928,0.355735219808|0.235982397101|0.082777248173|0.064611623951,170663.237210823165|420461.929416042869|53573.095639290354|1282683.084549359046,0.532931927712,-0.001155519472,-0.000011832421,0.000000000000,-0.001167351893,-0.001167351893,2.312699982904,2.255117839075,
2023-10-04T00:00:00Z,,hold,LINKUSDT|SOLUSDT|LTCUSDT|ETHUSDT,0.133232981928|0.133232981928|0.133232981928|0.133232981928,0.355735219808|0.235982397101|0.082777248173|0.064611623951,170663.237210823165|420461.929416042869|53573.095639290354|1282683.084549359046,0.532931927712,-0.001087881036,0.000014694266,0.000000000000,-0.001073186770,-0.001073186770,2.310218023879,2.252697676444,
2023-10-05T00:00:00Z,,hold,LINKUSDT|SOLUSDT|LTCUSDT|ETHUSDT,0.133232981928|0.133232981928|0.133232981928|0.133232981928,0.355735219808|0.235982397101|0.082777248173|0.064611623951,170663.237210823165|420461.929416042869|53573.095639290354|1282683.084549359046,0.532931927712,-0.007882668613,0.000045353839,0.000000000000,-0.007837314773,-0.007837314773,2.292112118030,2.235042575665,
2023-10-06T00:00:00Z,,hold,LINKUSDT|SOLUSDT|LTCUSDT|ETHUSDT,0.133232981928|0.133232981928|0.133232981928|0.133232981928,0.355735219808|0.235982397101|0.082777248173|0.064611623951,170663.237210823165|420461.929416042869|53573.095639290354|1282683.084549359046,0.532931927712,0.011336204957,-0.000035294749,0.000000000000,0.011300910207,0.011300910207,2.318015071261,2.260300591122,
2023-10-07T00:00:00Z,,hold,LINKUSDT|SOLUSDT|LTCUSDT|ETHUSDT,0.133232981928|0.133232981928|0.133232981928|0.133232981928,0.355735219808|0.235982397101|0.082777248173|0.064611623951,170663.237210823165|420461.929416042869|53573.095639290354|1282683.084549359046,0.532931927712,-0.003615033432,-0.000046515631,0.000000000000,-0.003661549063,-0.003661549063,2.309527545348,2.252024389609,
2023-10-08T00:00:00Z,,hold,LINKUSDT|SOLUSDT|LTCUSDT|ETHUSDT,0.133232981928|0.133232981928|0.133232981928|0.133232981928,0.355735219808|0.235982397101|0.082777248173|0.064611623951,170663.237210823165|420461.929416042869|53573.095639290354|1282683.084549359046,0.532931927712,0.001839709599,-0.000075232668,0.000000000000,0.001764476931,0.001764476931,2.313602653423,2.255998034693,
2023-10-09T00:00:00Z,2023-10-09T00:00:00Z,active,LINKUSDT|SOLUSDT|LTCUSDT|XRPUSDT,0.122824023141|0.122824023141|0.122824023141|0.122824023141,0.222151394422|0.184119208002|0.043638107417|0.024970273484,45653.116959177176|58020.580202643607|10022.447521439948|14737.601042749351,0.491296092562,-0.020032461683,-0.000022335549,0.287283881431,-0.020399537889,-0.020629364994,2.266406228434,2.209458227809,
2023-10-10T00:00:00Z,,hold,LINKUSDT|SOLUSDT|LTCUSDT|XRPUSDT,0.122824023141|0.122824023141|0.122824023141|0.122824023141,0.222151394422|0.184119208002|0.043638107417|0.024970273484,45653.116959177176|58020.580202643607|10022.447521439948|14737.601042749351,0.491296092562,-0.000597349024,0.000018659426,0.000000000000,-0.000578689599,-0.000578689599,2.265094682723,2.208179637313,
2023-10-11T00:00:00Z,,hold,LINKUSDT|SOLUSDT|LTCUSDT|XRPUSDT,0.122824023141|0.122824023141|0.122824023141|0.122824023141,0.222151394422|0.184119208002|0.043638107417|0.024970273484,45653.116959177176|58020.580202643607|10022.447521439948|14737.601042749351,0.491296092562,-0.004270573360,-0.000038275650,0.000000000000,-0.004308849010,-0.004308849010,2.255334731741,2.198664924668,
2023-10-12T00:00:00Z,,hold,LINKUSDT|SOLUSDT|LTCUSDT|XRPUSDT,0.122824023141|0.122824023141|0.122824023141|0.122824023141,0.222151394422|0.184119208002|0.043638107417|0.024970273484,45653.116959177176|58020.580202643607|10022.447521439948|14737.601042749351,0.491296092562,-0.009538029400,-0.000070914906,0.000000000000,-0.009608944306,-0.009608944306,2.233663345912,2.177538075859,
2023-10-13T00:00:00Z,,hold,LINKUSDT|SOLUSDT|LTCUSDT|XRPUSDT,0.122824023141|0.122824023141|0.122824023141|0.122824023141,0.222151394422|0.184119208002|0.043638107417|0.024970273484,45653.116959177176|58020.580202643607|10022.447521439948|14737.601042749351,0.491296092562,0.005624673470,-0.000020801477,0.000000000000,0.005603871993,0.005603871993,2.246180509378,2.189740720496,
2023-10-14T00:00:00Z,,hold,LINKUSDT|SOLUSDT|LTCUSDT|XRPUSDT,0.122824023141|0.122824023141|0.122824023141|0.122824023141,0.222151394422|0.184119208002|0.043638107417|0.024970273484,45653.116959177176|58020.580202643607|10022.447521439948|14737.601042749351,0.491296092562,0.002560194618,0.000020479678,0.000000000000,0.002580674295,0.002580674295,2.251977169681,2.195391728087,
2023-10-15T00:00:00Z,,hold,LINKUSDT|SOLUSDT|LTCUSDT|XRPUSDT,0.122824023141|0.122824023141|0.122824023141|0.122824023141,0.222151394422|0.184119208002|0.043638107417|0.024970273484,45653.116959177176|58020.580202643607|10022.447521439948|14737.601042749351,0.491296092562,0.001425942311,-0.000049305248,0.000000000000,0.001376637064,0.001376637064,2.255077324920,2.198413985709,
2023-10-16T00:00:00Z,2023-10-16T00:00:00Z,active,LINKUSDT|SOLUSDT|ADAUSDT|BNBUSDT,0.141965913408|0.141965913408|0.141965913408|0.141965913408,0.166666666667|0.145380434783|-0.013178913738|-0.019299065421,33585.219277524353|36199.907678513016|7354.653076736883|24800.991338508698,0.567863653633,0.020621220729,0.000028486880,0.567863653633,0.019968271224,0.019513980301,2.300107320576,2.241313792921,
2023-10-17T00:00:00Z,,hold,LINKUSDT|SOLUSDT|ADAUSDT|BNBUSDT,0.141965913408|0.141965913408|0.141965913408|0.141965913408,0.166666666667|0.145380434783|-0.013178913738|-0.019299065421,33585.219277524353|36199.907678513016|7354.653076736883|24800.991338508698,0.567863653633,-0.008833503648,-0.000030810862,0.000000000000,-0.008864314510,-0.008864314510,2.279718445879,2.221446082544,
2023-10-18T00:00:00Z,,hold,LINKUSDT|SOLUSDT|ADAUSDT|BNBUSDT,0.141965913408|0.141965913408|0.141965913408|0.141965913408,0.166666666667|0.145380434783|-0.013178913738|-0.019299065421,33585.219277524353|36199.907678513016|7354.653076736883|24800.991338508698,0.567863653633,-0.005182303712,-0.000009723245,0.000000000000,-0.005192026957,-0.005192026957,2.267882086252,2.209912274599,
2023-10-19T00:00:00Z,,hold,LINKUSDT|SOLUSDT|ADAUSDT|BNBUSDT,0.141965913408|0.141965913408|0.141965913408|0.141965913408,0.166666666667|0.145380434783|-0.013178913738|-0.019299065421,33585.219277524353|36199.907678513016|7354.653076736883|24800.991338508698,0.567863653633,0.011184801232,0.000035129465,0.000000000000,0.011219930697,0.011219930697,2.293327566090,2.234707337168,
2023-10-20T00:00:00Z,,hold,LINKUSDT|SOLUSDT|ADAUSDT|BNBUSDT,0.141965913408|0.141965913408|0.141965913408|0.141965913408,0.166666666667|0.145380434783|-0.013178913738|-0.019299065421,33585.219277524353|36199.907678513016|7354.653076736883|24800.991338508698,0.567863653633,0.020125960998,0.000022079959,0.000000000000,0.020148040956,0.020148040956,2.339533623818,2.279732312122,
2023-10-21T00:00:00Z,,hold,LINKUSDT|SOLUSDT|ADAUSDT|BNBUSDT,0.141965913408|0.141965913408|0.141965913408|0.141965913408,0.166666666667|0.145380434783|-0.013178913738|-0.019299065421,33585.219277524353|36199.907678513016|7354.653076736883|24800.991338508698,0.567863653633,0.043000070891,-0.000068363686,0.000000000000,0.042931707205,0.042931707205,2.439973796352,2.377605112252,
2023-10-22T00:00:00Z,,hold,LINKUSDT|SOLUSDT|ADAUSDT|BNBUSDT,0.141965913408|0.141965913408|0.141965913408|0.141965913408,0.166666666667|0.145380434783|-0.013178913738|-0.019299065421,33585.219277524353|36199.907678513016|7354.653076736883|24800.991338508698,0.567863653633,0.024206480767,-0.000089820414,0.000000000000,0.024116660353,0.024116660353,2.498817815670,2.434945007199,
2023-10-23T00:00:00Z,2023-10-23T00:00:00Z,active,SOLUSDT|LINKUSDT|AVAXUSDT|ADAUSDT,0.095103383834|0.095103383834|0.095103383834|0.095103383834,0.495133130762|0.464403854451|0.137969967258|0.078022875817,207708.542577721819|558688.019294454134|26466.828792108288|30812.004068557977,0.380413535336,0.024017641124,-0.000072649475,0.377656885965,0.023491803386,0.023189677878,2.557519552494,2.491410597566,
2023-10-24T00:00:00Z,,hold,SOLUSDT|LINKUSDT|AVAXUSDT|ADAUSDT,0.095103383834|0.095103383834|0.095103383834|0.095103383834,0.495133130762|0.464403854451|0.137969967258|0.078022875817,207708.542577721819|558688.019294454134|26466.828792108288|30812.004068557977,0.380413535336,-0.010053031956,-0.000114124061,0.000000000000,-0.010167156017,-0.010167156017,2.531516852187,2.466080037318,
2023-10-25T00:00:00Z,,hold,SOLUSDT|LINKUSDT|AVAXUSDT|ADAUSDT,0.095103383834|0.095103383834|0.095103383834|0.095103383834,0.495133130762|0.464403854451|0.137969967258|0.078022875817,207708.542577721819|558688.019294454134|26466.828792108288|30812.004068557977,0.380413535336,0.015983453111,-0.000114124061,0.000000000000,0.015869329051,0.015869329051,2.571690326112,2.505215072895,
2023-10-26T00:00:00Z,,hold,SOLUSDT|LINKUSDT|AVAXUSDT|ADAUSDT,0.095103383834|0.095103383834|0.095103383834|0.095103383834,0.495133130762|0.464403854451|0.137969967258|0.078022875817,207708.542577721819|558688.019294454134|26466.828792108288|30812.004068557977,0.380413535336,0.006730444653,-0.000109339409,0.000000000000,0.006621105243,0.006621105243,2.588717758415,2.521802365550,
2023-10-27T00:00:00Z,,hold,SOLUSDT|LINKUSDT|AVAXUSDT|ADAUSDT,0.095103383834|0.095103383834|0.095103383834|0.095103383834,0.495133130762|0.464403854451|0.137969967258|0.078022875817,207708.542577721819|558688.019294454134|26466.828792108288|30812.004068557977,0.380413535336,-0.003962591654,-0.000114124061,0.000000000000,-0.004076715715,-0.004076715715,2.578164292047,2.511521694217,
2023-10-28T00:00:00Z,,hold,SOLUSDT|LINKUSDT|AVAXUSDT|ADAUSDT,0.095103383834|0.095103383834|0.095103383834|0.095103383834,0.495133130762|0.464403854451|0.137969967258|0.078022875817,207708.542577721819|558688.019294454134|26466.828792108288|30812.004068557977,0.380413535336,0.001278698135,-0.000114124061,0.000000000000,0.001164574074,0.001164574074,2.581166755341,2.514446547269,
2023-10-29T00:00:00Z,,hold,SOLUSDT|LINKUSDT|AVAXUSDT|ADAUSDT,0.095103383834|0.095103383834|0.095103383834|0.095103383834,0.495133130762|0.464403854451|0.137969967258|0.078022875817,207708.542577721819|558688.019294454134|26466.828792108288|30812.004068557977,0.380413535336,0.010149667478,-0.000114124061,0.000000000000,0.010035543418,0.010035543418,2.607070166383,2.539680384766,
2023-10-30T00:00:00Z,2023-10-30T00:00:00Z,active,SOLUSDT|LINKUSDT|AVAXUSDT|ADAUSDT,0.087224086880|0.087224086880|0.087224086880|0.087224086880,0.620236920039|0.396297695504|0.241409403294|0.185794542536,82666.103823744357|63669.354992234359|20009.548478081582|18449.985637990856,0.348896347522,0.009654449899,-0.000104124626,0.031517187815,0.009512504648,0.009487290898,2.631869933459,2.563775071363,
2023-10-31T00:00:00Z,,hold,SOLUSDT|LINKUSDT|AVAXUSDT|ADAUSDT,0.087224086880|0.087224086880|0.087224086880|0.087224086880,0.620236920039|0.396297695504|0.241409403294|0.185794542536,82666.103823744357|63669.354992234359|20009.548478081582|18449.985637990856,0.348896347522,0.005539409144,-0.000107170491,0.000000000000,0.005432238653,0.005432238653,2.646166879042,2.577702109405,
2023-11-01T00:00:00Z,,hold,SOLUSDT|LINKUSDT|AVAXUSDT|ADAUSDT,0.087224086880|0.087224086880|0.087224086880|0.087224086880,0.620236920039|0.396297695504|0.241409403294|0.185794542536,82666.103823744357|63669.354992234359|20009.548478081582|18449.985637990856,0.348896347522,0.020061218656,-0.000044036825,0.000000000000,0.020017181831,0.020017181831,2.699135682615,2.629300441235,
2023-11-02T00:00:00Z,,hold,SOLUSDT|LINKUSDT|AVAXUSDT|ADAUSDT,0.087224086880|0.087224086880|0.087224086880|0.087224086880,0.620236920039|0.396297695504|0.241409403294|0.185794542536,82666.103823744357|63669.354992234359|20009.548478081582|18449.985637990856,0.348896347522,-0.004832078921,-0.000181050165,0.000000000000,-0.005013129086,-0.005013129086,2.685604567019,2.616119418718,
2023-11-03T00:00:00Z,,hold,SOLUSDT|LINKUSDT|AVAXUSDT|ADAUSDT,0.087224086880|0.087224086880|0.087224086880|0.087224086880,0.620236920039|0.396297695504|0.241409403294|0.185794542536,82666.103823744357|63669.354992234359|20009.548478081582|18449.985637990856,0.348896347522,0.005317185178,-0.000113080795,0.000000000000,0.005204104383,0.005204104383,2.699580733517,2.629733977252,
2023-11-04T00:00:00Z,,hold,SOLUSDT|LINKUSDT|AVAXUSDT|ADAUSDT,0.087224086880|0.087224086880|0.087224086880|0.087224086880,0.620236920039|0.396297695504|0.241409403294|0.185794542536,82666.103823744357|63669.354992234359|20009.548478081582|18449.985637990856,0.348896347522,0.007151181351,-0.000127798988,0.000000000000,0.007023382363,0.007023382363,2.718540921229,2.648203604488,
2023-11-05T00:00:00Z,,hold,SOLUSDT|LINKUSDT|AVAXUSDT|ADAUSDT,0.087224086880|0.087224086880|0.087224086880|0.087224086880,0.620236920039|0.396297695504|0.241409403294|0.185794542536,82666.103823744357|63669.354992234359|20009.548478081582|18449.985637990856,0.348896347522,0.007636914959,-0.000148116966,0.000000000000,0.007488797993,0.007488797993,2.738899525024,2.668035466326,
2023-11-06T00:00:00Z,2023-11-06T00:00:00Z,active,SOLUSDT|LINKUSDT|ADAUSDT|XRPUSDT,0.102399548800|0.102399548800|0.102399548800|0.102399548800,0.759950408277|0.602881466929|0.293005671078|0.258807846125,199052.052347669611|98708.090045096862|27588.027995422584|145913.878043284582,0.409598195202,0.023528097459,-0.000132679095,0.235150021441,0.023113238338,0.022925118321,2.802204362529,2.729200495075,
2023-11-07T00:00:00Z,,hold,SOLUSDT|LINKUSDT|ADAUSDT|XRPUSDT,0.102399548800|0.102399548800|0.102399548800|0.102399548800,0.759950408277|0.602881466929|0.293005671078|0.258807846125,199052.052347669611|98708.090045096862|27588.027995422584|145913.878043284582,0.409598195202,-0.005181208431,-0.000158062920,0.000000000000,-0.005339271350,-0.005339271350,2.787242633058,2.714628553062,
2023-11-08T00:00:00Z,,hold,SOLUSDT|LINKUSDT|ADAUSDT|XRPUSDT,0.102399548800|0.102399548800|0.102399548800|0.102399548800,0.759950408277|0.602881466929|0.293005671078|0.258807846125,199052.052347669611|98708.090045096862|27588.027995422584|145913.878043284582,0.409598195202,0.017285773959,-0.000132545976,0.000000000000,0.017153227983,0.017153227983,2.835052841387,2.761193195523,
2023-11-09T00:00:00Z,,hold,SOLUSDT|LINKUSDT|ADAUSDT|XRPUSDT,0.102399548800|0.102399548800|0.102399548800|0.102399548800,0.759950408277|0.602881466929|0.293005671078|0.258807846125,199052.052347669611|98708.090045096862|27588.027995422584|145913.878043284582,0.409598195202,0.003025679546,-0.000253579171,0.000000000000,0.002772100376,0.002772100376,2.842911892434,2.768847500217,
2023-11-10T00:00:00Z,,hold,SOLUSDT|LINKUSDT|ADAUSDT|XRPUSDT,0.102399548800|0.102399548800|0.102399548800|0.102399548800,0.759950408277|0.602881466929|0.293005671078|0.258807846125,199052.052347669611|98708.090045096862|27588.027995422584|145913.878043284582,0.409598195202,0.035905712618,-0.000191462580,0.000000000000,0.035714250038,0.035714250038,2.944444358595,2.867734812156,
2023-11-11T00:00:00Z,,hold,SOLUSDT|LINKUSDT|ADAUSDT|XRPUSDT,0.102399548800|0.102399548800|0.102399548800|0.102399548800,0.759950408277|0.602881466929|0.293005671078|0.258807846125,199052.052347669611|98708.090045096862|27588.027995422584|145913.878043284582,0.409598195202,0.006051741998,-0.000229922827,0.000000000000,0.005821819171,0.005821819171,2.961586381211,2.884430245664,
2023-11-12T00:00:00Z,,hold,SOLUSDT|LINKUSDT|ADAUSDT|XRPUSDT,0.102399548800|0.102399548800|0.102399548800|0.102399548800,0.759950408277|0.602881466929|0.293005671078|0.258807846125,199052.052347669611|98708.090045096862|27588.027995422584|145913.878043284582,0.409598195202,-0.003466873007,-0.000264862577,0.000000000000,-0.003731735584,-0.003731735584,2.950534523928,2.873666314677,
2023-11-13T00:00:00Z,2023-11-13T00:00:00Z,active,SOLUSDT|LINKUSDT|AVAXUSDT|ADAUSDT,0.082141214734|0.082141214734|0.082141214734|0.082141214734,1.579825003436|1.210562603420|1.075224141701|0.562067562068,482363.218975440192|86326.011517304782|305462.017675425974|35530.081514668593,0.328564858935,-0.033458883103,-0.000212827887,0.245315765734,-0.033966089909,-0.034162342522,2.850316403008,2.775495141742,
2023-11-14T00:00:00Z,,hold,SOLUSDT|LINKUSDT|AVAXUSDT|ADAUSDT,0.082141214734|0.082141214734|0.082141214734|0.082141214734,1.579825003436|1.210562603420|1.075224141701|0.562067562068,482363.218975440192|86326.011517304782|305462.017675425974|35530.081514668593,0.328564858935,0.010866978680,-0.000154971723,0.000000000000,0.010712006957,0.010712006957,2.880849012148,2.805226265011,
2023-11-15T00:00:00Z,,hold,SOLUSDT|LINKUSDT|AVAXUSDT|ADAUSDT,0.082141214734|0.082141214734|0.082141214734|0.082141214734,1.579825003436|1.210562603420|1.075224141701|0.562067562068,482363.218975440192|86326.011517304782|305462.017675425974|35530.081514668593,0.328564858935,0.041223060370,-0.000117813501,0.000000000000,0.041105246869,0.041105246869,2.999267021984,2.920535783157,
2023-11-16T00:00:00Z,,hold,SOLUSDT|LINKUSDT|AVAXUSDT|ADAUSDT,0.082141214734|0.082141214734|0.082141214734|0.082141214734,1.579825003436|1.210562603420|1.075224141701|0.562067562068,482363.218975440192|86326.011517304782|305462.017675425974|35530.081514668593,0.328564858935,-0.013707478922,-0.000195120706,0.000000000000,-0.013902599628,-0.013902599628,2.957569413400,2.879932743465,
2023-11-17T00:00:00Z,,hold,SOLUSDT|LINKUSDT|AVAXUSDT|ADAUSDT,0.082141214734|0.082141214734|0.082141214734|0.082141214734,1.579825003436|1.210562603420|1.075224141701|0.562067562068,482363.218975440192|86326.011517304782|305462.017675425974|35530.081514668593,0.328564858935,-0.000051133156,-0.000098569458,0.000000000000,-0.000149702614,-0.000149702614,2.957126657529,2.879501610006,
2023-11-18T00:00:00Z,,hold,SOLUSDT|LINKUSDT|AVAXUSDT|ADAUSDT,0.082141214734|0.082141214734|0.082141214734|0.082141214734,1.579825003436|1.210562603420|1.075224141701|0.562067562068,482363.218975440192|86326.011517304782|305462.017675425974|35530.081514668593,0.328564858935,0.002940552818,-0.000098569458,0.000000000000,0.002841983361,0.002841983361,2.965530762285,2.887685105668,
2023-11-19T00:00:00Z,,hold,SOLUSDT|LINKUSDT|AVAXUSDT|ADAUSDT,0.082141214734|0.082141214734|0.082141214734|0.082141214734,1.579825003436|1.210562603420|1.075224141701|0.562067562068,482363.218975440192|86326.011517304782|305462.017675425974|35530.081514668593,0.328564858935,0.015171375866,-0.000098569458,0.000000000000,0.015072806409,0.015072806409,3.010229633363,2.931210624235,
2023-11-20T00:00:00Z,2023-11-20T00:00:00Z,active,AVAXUSDT|SOLUSDT|LINKUSDT|ADAUSDT,0.059492687690|0.059492687690|0.059492687690|0.059492687690,1.481493541735|1.262088115513|0.970529932602|0.529669454401,179262.746917779092|437390.135206707113|123110.827405331278|45300.494966771657,0.237970750761,-0.011857736922,-0.000071391225,0.090594108174,-0.012037841077,-0.012110316363,2.973992967432,2.895712736248,
2023-11-21T00:00:00Z,,hold,AVAXUSDT|SOLUSDT|LINKUSDT|ADAUSDT,0.059492687690|0.059492687690|0.059492687690|0.059492687690,1.481493541735|1.262088115513|0.970529932602|0.529669454401,179262.746917779092|437390.135206707113|123110.827405331278|45300.494966771657,0.237970750761,-0.018711957959,-0.000071391225,0.000000000000,-0.018783349184,-0.018783349184,2.918131419055,2.841321552787,
2023-11-22T00:00:00Z,,hold,AVAXUSDT|SOLUSDT|LINKUSDT|ADAUSDT,0.059492687690|0.059492687690|0.059492687690|0.059492687690,1.481493541735|1.262088115513|0.970529932602|0.529669454401,179262.746917779092|437390.135206707113|123110.827405331278|45300.494966771657,0.237970750761,0.020032974285,-0.000071391225,0.000000000000,0.019961583060,0.019961583060,2.976381941755,2.898038828962,
2023-11-23T00:00:00Z,,hold,AVAXUSDT|SOLUSDT|LINKUSDT|ADAUSDT,0.059492687690|0.059492687690|0.059492687690|0.059492687690,1.481493541735|1.262088115513|0.970529932602|0.529669454401,179262.746917779092|437390.135206707113|123110.827405331278|45300.494966771657,0.237970750761,0.000394444165,-0.000071391225,0.000000000000,0.000323052940,0.000323052940,2.977343470692,2.898975048925,
2023-11-24T00:00:00Z,,hold,AVAXUSDT|SOLUSDT|LINKUSDT|ADAUSDT,0.059492687690|0.059492687690|0.059492687690|0.059492687690,1.481493541735|1.262088115513|0.970529932602|0.529669454401,179262.746917779092|437390.135206707113|123110.827405331278|45300.494966771657,0.237970750761,0.001167178440,-0.000071391225,0.000000000000,0.001095787214,0.001095787214,2.980606005600,2.902151708719,
2023-11-25T00:00:00Z,,hold,AVAXUSDT|SOLUSDT|LINKUSDT|ADAUSDT,0.059492687690|0.059492687690|0.059492687690|0.059492687690,1.481493541735|1.262088115513|0.970529932602|0.529669454401,179262.746917779092|437390.135206707113|123110.827405331278|45300.494966771657,0.237970750761,0.005873154160,-0.000071391225,0.000000000000,0.005801762935,0.005801762935,2.997898775046,2.918989304933,
2023-11-26T00:00:00Z,,hold,AVAXUSDT|SOLUSDT|LINKUSDT|ADAUSDT,0.059492687690|0.059492687690|0.059492687690|0.059492687690,1.481493541735|1.262088115513|0.970529932602|0.529669454401,179262.746917779092|437390.135206707113|123110.827405331278|45300.494966771657,0.237970750761,-0.003124076949,-0.000073323548,0.000000000000,-0.003197400497,-0.003197400497,2.988313292012,2.909656127079,
2023-11-27T00:00:00Z,2023-11-27T00:00:00Z,active,AVAXUSDT|SOLUSDT|ADAUSDT|LINKUSDT,0.054732108495|0.054732108495|0.054732108495|0.054732108495,0.989524348811|0.814581429787|0.338748703768|0.319892713456,38633.205694525510|142637.446023256605|17665.088795777050|38496.796386542446,0.218928433980,-0.007822817792,-0.000065678530,0.019042316782,-0.007911347102,-0.007926580955,2.964671708310,2.886592502235,
2023-11-28T00:00:00Z,,hold,AVAXUSDT|SOLUSDT|ADAUSDT|LINKUSDT,0.054732108495|0.054732108495|0.054732108495|0.054732108495,0.989524348811|0.814581429787|0.338748703768|0.319892713456,38633.205694525510|142637.446023256605|17665.088795777050|38496.796386542446,0.218928433980,0.006573192225,-0.000065678530,0.000000000000,0.006507513695,0.006507513695,2.983964350052,2.905377042475,
2023-11-29T00:00:00Z,,hold,AVAXUSDT|SOLUSDT|ADAUSDT|LINKUSDT,0.054732108495|0.054732108495|0.054732108495|0.054732108495,0.989524348811|0.814581429787|0.338748703768|0.319892713456,38633.205694525510|142637.446023256605|17665.088795777050|38496.796386542446,0.218928433980,0.001560688282,-0.000065678530,0.000000000000,0.001495009752,0.001495009752,2.988425405855,2.909720609486,
2023-11-30T00:00:00Z,,hold,AVAXUSDT|SOLUSDT|ADAUSDT|LINKUSDT,0.054732108495|0.054732108495|0.054732108495|0.054732108495,0.989524348811|0.814581429787|0.338748703768|0.319892713456,38633.205694525510|142637.446023256605|17665.088795777050|38496.796386542446,0.218928433980,-0.000526191568,-0.000065678530,0.000000000000,-0.000591870098,-0.000591870098,2.986656646217,2.907998432864,
2023-12-01T00:00:00Z,,hold,AVAXUSDT|SOLUSDT|ADAUSDT|LINKUSDT,0.054732108495|0.054732108495|0.054732108495|0.054732108495,0.989524348811|0.814581429787|0.338748703768|0.319892713456,38633.205694525510|142637.446023256605|17665.088795777050|38496.796386542446,0.218928433980,0.005061815607,-0.000065678530,0.000000000000,0.004996137077,0.004996137077,3.001578392224,2.922527191654,
2023-12-02T00:00:00Z,,hold,AVAXUSDT|SOLUSDT|ADAUSDT|LINKUSDT,0.054732108495|0.054732108495|0.054732108495|0.054732108495,0.989524348811|0.814581429787|0.338748703768|0.319892713456,38633.205694525510|142637.446023256605|17665.088795777050|38496.796386542446,0.218928433980,0.010166766857,-0.000084192761,0.000000000000,0.010082574096,0.010082574096,3.031842028769,2.951993788613,
2023-12-03T00:00:00Z,,hold,AVAXUSDT|SOLUSDT|ADAUSDT|LINKUSDT,0.054732108495|0.054732108495|0.054732108495|0.054732108495,0.989524348811|0.814581429787|0.338748703768|0.319892713456,38633.205694525510|142637.446023256605|17665.088795777050|38496.796386542446,0.218928433980,-0.002640169774,-0.000109037307,0.000000000000,-0.002749207080,-0.002749207080,3.023506867197,2.943878146388,
2023-12-04T00:00:00Z,2023-12-04T00:00:00Z,active,AVAXUSDT|SOLUSDT|LINKUSDT|DOGEUSDT,0.055075602821|0.055075602821|0.055075602821|0.055075602821,0.811484200974|0.595437628174|0.370380055788|0.258476442096,54647.650684245033|398008.005903951998|89778.620391573873|112596.751031726249,0.220302411285,0.005055440383,-0.000127800183,0.110838194295,0.004794634368,0.004705963812,3.038003477133,2.957731930412,
2023-12-05T00:00:00Z,,hold,AVAXUSDT|SOLUSDT|LINKUSDT|DOGEUSDT,0.055075602821|0.055075602821|0.055075602821|0.055075602821,0.811484200974|0.595437628174|0.370380055788|0.258476442096,54647.650684245033|398008.005903951998|89778.620391573873|112596.751031726249,0.220302411285,0.005068623264,-0.000079873393,0.000000000000,0.004988749871,0.004988749871,3.053159316589,2.972487315199,
2023-12-06T00:00:00Z,,hold,AVAXUSDT|SOLUSDT|LINKUSDT|DOGEUSDT,0.055075602821|0.055075602821|0.055075602821|0.055075602821,0.811484200974|0.595437628174|0.370380055788|0.258476442096,54647.650684245033|398008.005903951998|89778.620391573873|112596.751031726249,0.220302411285,0.003259795235,-0.000139236081,0.000000000000,0.003120559154,0.003120559154,3.062686880843,2.981763137701,
2023-12-07T00:00:00Z,,hold,AVAXUSDT|SOLUSDT|LINKUSDT|DOGEUSDT,0.055075602821|0.055075602821|0.055075602821|0.055075602821,0.811484200974|0.595437628174|0.370380055788|0.258476442096,54647.650684245033|398008.005903951998|89778.620391573873|112596.751031726249,0.220302411285,0.007488334325,-0.000107348408,0.000000000000,0.007380985917,0.007380985917,3.085292529579,3.003771489429,
2023-12-08T00:00:00Z,,hold,AVAXUSDT|SOLUSDT|LINKUSDT|DOGEUSDT,0.055075602821|0.055075602821|0.055075602821|0.055075602821,0.811484200974|0.595437628174|0.370380055788|0.258476442096,54647.650684245033|398008.005903951998|89778.620391573873|112596.751031726249,0.220302411285,0.022247818992,-0.000211357032,0.000000000000,0.022036461960,0.022036461960,3.153281461042,3.069963985591,
2023-12-09T00:00:00Z,,hold,AVAXUSDT|SOLUSDT|LINKUSDT|DOGEUSDT,0.055075602821|0.055075602821|0.055075602821|0.055075602821,0.811484200974|0.595437628174|0.370380055788|0.258476442096,54647.650684245033|398008.005903951998|89778.620391573873|112596.751031726249,0.220302411285,-0.003358957503,-0.000253992158,0.000000000000,-0.003612949660,-0.003612949660,3.141888813859,3.058872360253,
2023-12-10T00:00:00Z,,hold,AVAXUSDT|SOLUSDT|LINKUSDT|DOGEUSDT,0.055075602821|0.055075602821|0.055075602821|0.055075602821,0.811484200974|0.595437628174|0.370380055788|0.258476442096,54647.650684245033|398008.005903951998|89778.620391573873|112596.751031726249,0.220302411285,0.013481603359,-0.000151038232,0.000000000000,0.013330565127,0.013330565127,3.183771967315,3.099648857468,
2023-12-11T00:00:00Z,2023-12-11T00:00:00Z,active,AVAXUSDT|ADAUSDT|DOTUSDT|DOGEUSDT,0.061331463139|0.061331463139|0.061331463139|0.061331463139,1.520257452575|0.540253688843|0.386196492551|0.351132900490,167429.682094833755|77143.717211986150|44178.511594100652|69506.741223814155,0.245325852558,-0.013176479773,-0.000102381225,0.245325852558,-0.013573252021,-0.013769512703,3.140557828026,3.056968203150,
2023-12-12T00:00:00Z,,hold,AVAXUSDT|ADAUSDT|DOTUSDT|DOGEUSDT,0.061331463139|0.061331463139|0.061331463139|0.061331463139,1.520257452575|0.540253688843|0.386196492551|0.351132900490,167429.682094833755|77143.717211986150|44178.511594100652|69506.741223814155,0.245325852558,0.005928268883,-0.000096529590,0.000000000000,0.005831739293,0.005831739293,3.158872742513,3.074795644738,
2023-12-13T00:00:00Z,,hold,AVAXUSDT|ADAUSDT|DOTUSDT|DOGEUSDT,0.061331463139|0.061331463139|0.061331463139|0.061331463139,1.520257452575|0.540253688843|0.386196492551|0.351132900490,167429.682094833755|77143.717211986150|44178.511594100652|69506.741223814155,0.245325852558,0.017706236263,-0.000088492102,0.000000000000,0.017617744162,0.017617744162,3.214524954331,3.128966607757,
2023-12-14T00:00:00Z,,hold,AVAXUSDT|ADAUSDT|DOTUSDT|DOGEUSDT,0.061331463139|0.061331463139|0.061331463139|0.061331463139,1.520257452575|0.540253688843|0.386196492551|0.351132900490,167429.682094833755|77143.717211986150|44178.511594100652|69506.741223814155,0.245325852558,-0.001401528593,-0.000082677266,0.000000000000,-0.001484205859,-0.001484205859,3.209753937560,3.124322577186,
2023-12-15T00:00:00Z,,hold,AVAXUSDT|ADAUSDT|DOTUSDT|DOGEUSDT,0.061331463139|0.061331463139|0.061331463139|0.061331463139,1.520257452575|0.540253688843|0.386196492551|0.351132900490,167429.682094833755|77143.717211986150|44178.511594100652|69506.741223814155,0.245325852558,-0.011244755614,-0.000105499316,0.000000000000,-0.011350254930,-0.011350254930,3.173322412105,3.088860719450,
2023-12-16T00:00:00Z,,hold,AVAXUSDT|ADAUSDT|DOTUSDT|DOGEUSDT,0.061331463139|0.061331463139|0.061331463139|0.061331463139,1.520257452575|0.540253688843|0.386196492551|0.351132900490,167429.682094833755|77143.717211986150|44178.511594100652|69506.741223814155,0.245325852558,0.008472939073,-0.000089315170,0.000000000000,0.008383623903,0.008383623903,3.199926353731,3.114756566011,
2023-12-17T00:00:00Z,,hold,AVAXUSDT|ADAUSDT|DOTUSDT|DOGEUSDT,0.061331463139|0.061331463139|0.061331463139|0.061331463139,1.520257452575|0.540253688843|0.386196492551|0.351132900490,167429.682094833755|77143.717211986150|44178.511594100652|69506.741223814155,0.245325852558,-0.010272198102,-0.000076812751,0.000000000000,-0.010349010853,-0.010349010853,3.166810281167,3.082521916503,
2023-12-18T00:00:00Z,2023-12-18T00:00:00Z,active,AVAXUSDT|ADAUSDT|DOTUSDT|SOLUSDT,0.059840028933|0.059840028933|0.059840028933|0.059840028933,0.852745348413|0.582402615091|0.294566253575|0.212207214909,149248.323141065164|75660.381505624857|36847.796850025821|381284.397745858645,0.239360115731,0.006709889227,-0.000071890614,0.125645794692,0.006487223660,0.006386707024,3.187354087749,3.102209080879,
2023-12-19T00:00:00Z,,hold,AVAXUSDT|ADAUSDT|DOTUSDT|SOLUSDT,0.059840028933|0.059840028933|0.059840028933|0.059840028933,0.852745348413|0.582402615091|0.294566253575|0.212207214909,149248.323141065164|75660.381505624857|36847.796850025821|381284.397745858645,0.239360115731,-0.007258906985,-0.000072005507,0.000000000000,-0.007330912492,-0.007330912492,3.163987873851,3.079467057576,
2023-12-20T00:00:00Z,,hold,AVAXUSDT|ADAUSDT|DOTUSDT|SOLUSDT,0.059840028933|0.059840028933|0.059840028933|0.059840028933,0.852745348413|0.582402615091|0.294566253575|0.212207214909,149248.323141065164|75660.381505624857|36847.796850025821|381284.397745858645,0.239360115731,0.016876780204,-0.000096708668,0.000000000000,0.016780071536,0.016780071536,3.217079816714,3.131140735096,
2023-12-21T00:00:00Z,,hold,AVAXUSDT|ADAUSDT|DOTUSDT|SOLUSDT,0.059840028933|0.059840028933|0.059840028933|0.059840028933,0.852745348413|0.582402615091|0.294566253575|0.212207214909,149248.323141065164|75660.381505624857|36847.796850025821|381284.397745858645,0.239360115731,0.029322495577,-0.000144326969,0.000000000000,0.029178168608,0.029178168608,3.310948314031,3.222501687399,
2023-12-22T00:00:00Z,,hold,AVAXUSDT|ADAUSDT|DOTUSDT|SOLUSDT,0.059840028933|0.059840028933|0.059840028933|0.059840028933,0.852745348413|0.582402615091|0.294566253575|0.212207214909,149248.323141065164|75660.381505624857|36847.796850025821|381284.397745858645,0.239360115731,-0.002859515831,-0.000230692288,0.000000000000,-0.003090208119,-0.003090208119,3.300716794670,3.212543486522,
2023-12-23T00:00:00Z,,hold,AVAXUSDT|ADAUSDT|DOTUSDT|SOLUSDT,0.059840028933|0.059840028933|0.059840028933|0.059840028933,0.852745348413|0.582402615091|0.294566253575|0.212207214909,149248.323141065164|75660.381505624857|36847.796850025821|381284.397745858645,0.239360115731,0.011621256798,-0.000080985700,0.000000000000,0.011540271098,0.011540271098,3.338807961297,3.249617109270,
2023-12-24T00:00:00Z,,hold,AVAXUSDT|ADAUSDT|DOTUSDT|SOLUSDT,0.059840028933|0.059840028933|0.059840028933|0.059840028933,0.852745348413|0.582402615091|0.294566253575|0.212207214909,149248.323141065164|75660.381505624857|36847.796850025821|381284.397745858645,0.239360115731,0.002057605608,-0.000161007377,0.000000000000,0.001896598231,0.001896598231,3.345140338571,3.255780327331,
2023-12-25T00:00:00Z,2023-12-25T00:00:00Z,active,AVAXUSDT|SOLUSDT|DOTUSDT|ADAUSDT,0.060539258051|0.060539258051|0.060539258051|0.060539258051,1.284818308038|0.979479153845|0.644219763449|0.534058534059,72970.403243021428|451986.720385558496|45574.466507477038|48733.340042365868,0.242157032205,0.012589324272,-0.000194361288,0.002796916475,0.012391606684,0.012389369151,3.386592001951,3.296117391682,
2023-12-26T00:00:00Z,,hold,AVAXUSDT|SOLUSDT|DOTUSDT|ADAUSDT,0.060539258051|0.060539258051|0.060539258051|0.060539258051,1.284818308038|0.979479153845|0.644219763449|0.534058534059,72970.403243021428|451986.720385558496|45574.466507477038|48733.340042365868,0.242157032205,-0.012995789529,-0.000217302034,0.000000000000,-0.013213091563,-0.013213091563,3.341844651742,3.252565490783,
2023-12-27T00:00:00Z,,hold,AVAXUSDT|SOLUSDT|DOTUSDT|ADAUSDT,0.060539258051|0.060539258051|0.060539258051|0.060539258051,1.284818308038|0.979479153845|0.644219763449|0.534058534059,72970.403243021428|451986.720385558496|45574.466507477038|48733.340042365868,0.242157032205,-0.003938284873,-0.000201520055,0.000000000000,-0.004139804928,-0.004139804928,3.328010066783,3.239100504135,
2023-12-28T00:00:00Z,,hold,AVAXUSDT|SOLUSDT|DOTUSDT|ADAUSDT,0.060539258051|0.060539258051|0.060539258051|0.060539258051,1.284818308038|0.979479153845|0.644219763449|0.534058534059,72970.403243021428|451986.720385558496|45574.466507477038|48733.340042365868,0.242157032205,-0.010229363744,-0.000412572622,0.000000000000,-0.010641936366,-0.010641936366,3.292593595428,3.204630202687,
2023-12-29T00:00:00Z,,hold,AVAXUSDT|SOLUSDT|DOTUSDT|ADAUSDT,0.060539258051|0.060539258051|0.060539258051|0.060539258051,1.284818308038|0.979479153845|0.644219763449|0.534058534059,72970.403243021428|451986.720385558496|45574.466507477038|48733.340042365868,0.242157032205,0.001341908752,-0.000353129730,0.000000000000,0.000988779022,0.000988779022,3.295849242904,3.207798873806,
2023-12-30T00:00:00Z,,hold,AVAXUSDT|SOLUSDT|DOTUSDT|ADAUSDT,0.060539258051|0.060539258051|0.060539258051|0.060539258051,1.284818308038|0.979479153845|0.644219763449|0.534058534059,72970.403243021428|451986.720385558496|45574.466507477038|48733.340042365868,0.242157032205,-0.003934922729,-0.000240209484,0.000000000000,-0.004175132213,-0.004175132213,3.282088636561,3.194405889395,
2023-12-31T00:00:00Z,,hold,AVAXUSDT|SOLUSDT|DOTUSDT|ADAUSDT,0.060539258051|0.060539258051|0.060539258051|0.060539258051,1.284818308038|0.979479153845|0.644219763449|0.534058534059,72970.403243021428|451986.720385558496|45574.466507477038|48733.340042365868,0.242157032205,-0.003148158767,-0.000267668881,0.000000000000,-0.003415827648,-0.003415827648,3.270877587453,3.183494349439,
2024-01-01T00:00:00Z,2024-01-01T00:00:00Z,active,AVAXUSDT|SOLUSDT|ADAUSDT|DOTUSDT,0.055759551215|0.055759551215|0.055759551215|0.055759551215,0.764068571429|0.703397489540|0.545123537061|0.500091390971,56408.863498214341|397412.802471230621|54521.281335040861|36582.631262021379,0.223038204861,0.014965656032,-0.000197008531,0.019118827344,0.014745704908,0.014730409846,3.319108983148,3.230388525950,
2024-01-02T00:00:00Z,,hold,AVAXUSDT|SOLUSDT|ADAUSDT|DOTUSDT,0.055759551215|0.055759551215|0.055759551215|0.055759551215,0.764068571429|0.703397489540|0.545123537061|0.500091390971,56408.863498214341|397412.802471230621|54521.281335040861|36582.631262021379,0.223038204861,-0.006267786597,-0.000421416748,0.000000000000,-0.006689203345,-0.006689203345,3.296906788236,3.208779800217,
2024-01-03T00:00:00Z,,hold,AVAXUSDT|SOLUSDT|ADAUSDT|DOTUSDT,0.055759551215|0.055759551215|0.055759551215|0.055759551215,0.764068571429|0.703397489540|0.545123537061|0.500091390971,56408.863498214341|397412.802471230621|54521.281335040861|36582.631262021379,0.223038204861,-0.019415724862,-0.000142330158,0.000000000000,-0.019558055020,-0.019558055020,3.232425703876,3.146022308337,
2024-01-04T00:00:00Z,,hold,AVAXUSDT|SOLUSDT|ADAUSDT|DOTUSDT,0.055759551215|0.055759551215|0.055759551215|0.055759551215,0.764068571429|0.703397489540|0.545123537061|0.500091390971,56408.863498214341|397412.802471230621|54521.281335040861|36582.631262021379,0.223038204861,0.009698778802,-0.000066911461,0.000000000000,0.009631867341,0.009631867341,3.263559999445,3.176324377862,
2024-01-05T00:00:00Z,,hold,AVAXUSDT|SOLUSDT|ADAUSDT|DOTUSDT,0.055759551215|0.055759551215|0.055759551215|0.055759551215,0.764068571429|0.703397489540|0.545123537061|0.500091390971,56408.863498214341|397412.802471230621|54521.281335040861|36582.631262021379,0.223038204861,-0.011778914942,-0.000066911461,0.000000000000,-0.011845826403,-0.011845826403,3.224900434236,3.138698190682,
2024-01-06T00:00:00Z,,hold,AVAXUSDT|SOLUSDT|ADAUSDT|DOTUSDT,0.055759551215|0.055759551215|0.055759551215|0.055759551215,0.764068571429|0.703397489540|0.545123537061|0.500091390971,56408.863498214341|397412.802471230621|54521.281335040861|36582.631262021379,0.223038204861,-0.010421316511,-0.000066911461,0.000000000000,-0.010488227972,-0.010488227972,3.191076943294,3.105778808522,
2024-01-07T00:00:00Z,,hold,AVAXUSDT|SOLUSDT|ADAUSDT|DOTUSDT,0.055759551215|0.055759551215|0.055759551215|0.055759551215,0.764068571429|0.703397489540|0.545123537061|0.500091390971,56408.863498214341|397412.802471230621|54521.281335040861|36582.631262021379,0.223038204861,-0.009077830921,-0.000066911461,0.000000000000,-0.009144742382,-0.009144742382,3.161895366725,3.077377261422,
2024-01-08T00:00:00Z,2024-01-08T00:00:00Z,active,BNBUSDT|SOLUSDT|AVAXUSDT|DOTUSDT,0.065292485034|0.065292485034|0.065292485034|0.065292485034,0.263320786282|0.192504667911|0.103951946432|0.007449605609,72157.885270030238|680079.626179122482|107286.081165088093|51032.242654227477,0.261169940136,0.016835428167,0.000058534713,0.149650837705,0.016714381875,0.016594661204,3.214744493332,3.128445294474,
2024-01-09T00:00:00Z,,hold,BNBUSDT|SOLUSDT|AVAXUSDT|DOTUSDT,0.065292485034|0.065292485034|0.065292485034|0.065292485034,0.263320786282|0.192504667911|0.103951946432|0.007449605609,72157.885270030238|680079.626179122482|107286.081165088093|51032.242654227477,0.261169940136,-0.005255273436,-0.000053150695,0.000000000000,-0.005308424131,-0.005308424131,3.197679266090,3.111838179981,
2024-01-10T00:00:00Z,,hold,BNBUSDT|SOLUSDT|AVAXUSDT|DOTUSDT,0.065292485034|0.065292485034|0.065292485034|0.065292485034,0.263320786282|0.192504667911|0.103951946432|0.007449605609,72157.885270030238|680079.626179122482|107286.081165088093|51032.242654227477,0.261169940136,0.018055147486,-0.000058763237,0.000000000000,0.017996384250,0.017996384250,3.255225930870,3.167840015591,
2024-01-11T00:00:00Z,,hold,BNBUSDT|SOLUSDT|AVAXUSDT|DOTUSDT,0.065292485034|0.065292485034|0.065292485034|0.065292485034,0.263320786282|0.192504667911|0.103951946432|0.007449605609,72157.885270030238|680079.626179122482|107286.081165088093|51032.242654227477,0.261169940136,0.001775009702,-0.000058763237,0.000000000000,0.001716246466,0.001716246466,3.260812700869,3.173276809822,
2024-01-12T00:00:00Z,,hold,BNBUSDT|SOLUSDT|AVAXUSDT|DOTUSDT,0.065292485034|0.065292485034|0.065292485034|0.065292485034,0.263320786282|0.192504667911|0.103951946432|0.007449605609,72157.885270030238|680079.626179122482|107286.081165088093|51032.242654227477,0.261169940136,-0.017838412026,-0.000064277840,0.000000000000,-0.017902689866,-0.017902689866,3.202435382376,3.116466619238,
2024-01-13T00:00:00Z,,hold,BNBUSDT|SOLUSDT|AVAXUSDT|DOTUSDT,0.065292485034|0.065292485034|0.065292485034|0.065292485034,0.263320786282|0.192504667911|0.103951946432|0.007449605609,72157.885270030238|680079.626179122482|107286.081165088093|51032.242654227477,0.261169940136,0.005240040369,-0.000064237358,0.000000000000,0.005175803011,0.005175803011,3.219010557069,3.132596836548,
2024-01-14T00:00:00Z,,hold,BNBUSDT|SOLUSDT|AVAXUSDT|DOTUSDT,0.065292485034|0.065292485034|0.065292485034|0.065292485034,0.263320786282|0.192504667911|0.103951946432|0.007449605609,72157.885270030238|680079.626179122482|107286.081165088093|51032.242654227477,0.261169940136,-0.006592599575,-0.000066634899,0.000000000000,-0.006659234474,-0.006659234474,3.197574410996,3.111736139702,
2024-01-15T00:00:00Z,2024-01-15T00:00:00Z,active,SOLUSDT|BNBUSDT|ETHUSDT|DOTUSDT,0.072036984542|0.072036984542|0.072036984542|0.072036984542,0.293279303121|0.225393580045|0.113718712163|0.052926794190,609501.926872345852|77946.301712908651|2306572.836724658497|46739.375997642484,0.288147938167,0.007540869035,-0.000081112204,0.157562968100,0.007270681269,0.007144630895,3.220822955374,3.133968345863,
2024-01-16T00:00:00Z,,hold,SOLUSDT|BNBUSDT|ETHUSDT|DOTUSDT,0.072036984542|0.072036984542|0.072036984542|0.072036984542,0.293279303121|0.225393580045|0.113718712163|0.052926794190,609501.926872345852|77946.301712908651|2306572.836724658497|46739.375997642484,0.288147938167,0.004008366731,0.000021724193,0.000000000000,0.004030090925,0.004030090925,3.233803164737,3.146598523252,
2024-01-17T00:00:00Z,,hold,SOLUSDT|BNBUSDT|ETHUSDT|DOTUSDT,0.072036984542|0.072036984542|0.072036984542|0.072036984542,0.293279303121|0.225393580045|0.113718712163|0.052926794190,609501.926872345852|77946.301712908651|2306572.836724658497|46739.375997642484,0.288147938167,-0.000908703842,0.000012681391,0.000000000000,-0.000896022451,-0.000896022451,3.230905604500,3.143779100332,
2024-01-18T00:00:00Z,,hold,SOLUSDT|BNBUSDT|ETHUSDT|DOTUSDT,0.072036984542|0.072036984542|0.072036984542|0.072036984542,0.293279303121|0.225393580045|0.113718712163|0.052926794190,609501.926872345852|77946.301712908651|2306572.836724658497|46739.375997642484,0.288147938167,-0.009618076423,0.000007100686,0.000000000000,-0.009610975738,-0.009610975738,3.199853449124,3.113564315674,
2024-01-19T00:00:00Z,,hold,SOLUSDT|BNBUSDT|ETHUSDT|DOTUSDT,0.072036984542|0.072036984542|0.072036984542|0.072036984542,0.293279303121|0.225393580045|0.113718712163|0.052926794190,609501.926872345852|77946.301712908651|2306572.836724658497|46739.375997642484,0.288147938167,-0.000907223655,0.000038322955,0.000000000000,-0.000868900699,-0.000868900699,3.197073094225,3.110858937463,
2024-01-20T00:00:00Z,,hold,SOLUSDT|BNBUSDT|ETHUSDT|DOTUSDT,0.072036984542|0.072036984542|0.072036984542|0.072036984542,0.293279303121|0.225393580045|0.113718712163|0.052926794190,609501.926872345852|77946.301712908651|2306572.836724658497|46739.375997642484,0.288147938167,-0.000307027134,0.000017619526,0.000000000000,-0.000289407608,-0.000289407608,3.196147836947,3.109958631218,
2024-01-21T00:00:00Z,,hold,SOLUSDT|BNBUSDT|ETHUSDT|DOTUSDT,0.072036984542|0.072036984542|0.072036984542|0.072036984542,0.293279303121|0.225393580045|0.113718712163|0.052926794190,609501.926872345852|77946.301712908651|2306572.836724658497|46739.375997642484,0.288147938167,-0.002519294092,-0.000004321499,0.000000000000,-0.002523615591,-0.002523615591,3.188081988435,3.102110291129,
2024-01-22T00:00:00Z,2024-01-22T00:00:00Z,active,BNBUSDT|ETHUSDT|LINKUSDT|LTCUSDT,0.092330187952|0.092330187952|0.092330187952|0.092330187952,0.174641236581|0.056087821777|-0.006453278265|-0.025658430627,37924.346233128381|493588.843775654503|24555.237505618537|34193.017163313445,0.369320751808,-0.019500353613,0.000041501496,0.369320751808,-0.019902037019,-0.020197493620,3.124632662682,3.039455438315,
2024-01-23T00:00:00Z,,hold,BNBUSDT|ETHUSDT|LINKUSDT|LTCUSDT,0.092330187952|0.092330187952|0.092330187952|0.092330187952,0.174641236581|0.056087821777|-0.006453278265|-0.025658430627,37924.346233128381|493588.843775654503|24555.237505618537|34193.017163313445,0.369320751808,-0.009574763057,0.000000835588,0.000000000000,-0.009573927468,-0.009573927468,3.094717656204,3.010355912405,
2024-01-24T00:00:00Z,,hold,BNBUSDT|ETHUSDT|LINKUSDT|LTCUSDT,0.092330187952|0.092330187952|0.092330187952|0.092330187952,0.174641236581|0.056087821777|-0.006453278265|-0.025658430627,37924.346233128381|493588.843775654503|24555.237505618537|34193.017163313445,0.369320751808,-0.001500208709,-0.000040404614,0.000000000000,-0.001540613322,-0.001540613322,3.089949892955,3.005718117982,
2024-01-25T00:00:00Z,,hold,BNBUSDT|ETHUSDT|LINKUSDT|LTCUSDT,0.092330187952|0.092330187952|0.092330187952|0.092330187952,0.174641236581|0.056087821777|-0.006453278265|-0.025658430627,37924.346233128381|493588.843775654503|24555.237505618537|34193.017163313445,0.369320751808,-0.005016296207,-0.000083097169,0.000000000000,-0.005099393376,-0.005099393376,3.074193022939,2.990390778922,
2024-01-26T00:00:00Z,,hold,BNBUSDT|ETHUSDT|LINKUSDT|LTCUSDT,0.092330187952|0.092330187952|0.092330187952|0.092330187952,0.174641236581|0.056087821777|-0.006453278265|-0.025658430627,37924.346233128381|493588.843775654503|24555.237505618537|34193.017163313445,0.369320751808,0.010270762753,-0.000080147220,0.000000000000,0.010190615534,0.010190615534,3.105520942112,3.020864701645,
2024-01-27T00:00:00Z,,hold,BNBUSDT|ETHUSDT|LINKUSDT|LTCUSDT,0.092330187952|0.092330187952|0.092330187952|0.092330187952,0.174641236581|0.056087821777|-0.006453278265|-0.025658430627,37924.346233128381|493588.843775654503|24555.237505618537|34193.017163313445,0.369320751808,0.003553410924,-0.000078488969,0.000000000000,0.003474921955,0.003474921955,3.116312385015,3.031361970720,
2024-01-28T00:00:00Z,,hold,BNBUSDT|ETHUSDT|LINKUSDT|LTCUSDT,0.092330187952|0.092330187952|0.092330187952|0.092330187952,0.174641236581|0.056087821777|-0.006453278265|-0.025658430627,37924.346233128381|493588.843775654503|24555.237505618537|34193.017163313445,0.369320751808,0.000697174947,-0.000074748674,0.000000000000,0.000622426274,0.000622426274,3.118252059721,3.033248770056,
2024-01-29T00:00:00Z,2024-01-29T00:00:00Z,active,ETHUSDT|BNBUSDT|LTCUSDT|LINKUSDT,0.098793938150|0.098793938150|0.098793938150|0.098793938150,-0.019386247066|-0.025695042931|-0.068067112263|-0.069251543210,432952.378971717437|16357.082327578837|14860.548845831561|34201.632838699858,0.395175752602,0.008106742574,-0.000088914544,0.025855000794,0.007986802028,0.007966118028,3.143156921596,3.057411987765,
2024-01-30T00:00:00Z,,hold,ETHUSDT|BNBUSDT|LTCUSDT|LINKUSDT,0.098793938150|0.098793938150|0.098793938150|0.098793938150,-0.019386247066|-0.025695042931|-0.068067112263|-0.069251543210,432952.378971717437|16357.082327578837|14860.548845831561|34201.632838699858,0.395175752602,0.001872695950,-0.000085155435,0.000000000000,0.001787540515,0.001787540515,3.148775441937,3.062877235563,
2024-01-31T00:00:00Z,,hold,ETHUSDT|BNBUSDT|LTCUSDT|LINKUSDT,0.098793938150|0.098793938150|0.098793938150|0.098793938150,-0.019386247066|-0.025695042931|-0.068067112263|-0.069251543210,432952.378971717437|16357.082327578837|14860.548845831561|34201.632838699858,0.395175752602,-0.006233907139,-0.000088914544,0.000000000000,-0.006322821684,-0.006322821684,3.128866296296,3.043511208964,
2024-02-01T00:00:00Z,,hold,ETHUSDT|BNBUSDT|LTCUSDT|LINKUSDT,0.098793938150|0.098793938150|0.098793938150|0.098793938150,-0.019386247066|-0.025695042931|-0.068067112263|-0.069251543210,432952.378971717437|16357.082327578837|14860.548845831561|34201.632838699858,0.395175752602,0.013319761663,-0.000082392169,0.000000000000,0.013237369495,0.013237369495,3.170284255560,3.083799291399,
2024-02-02T00:00:00Z,,hold,ETHUSDT|BNBUSDT|LTCUSDT|LINKUSDT,0.098793938150|0.098793938150|0.098793938150|0.098793938150,-0.019386247066|-0.025695042931|-0.068067112263|-0.069251543210,432952.378971717437|16357.082327578837|14860.548845831561|34201.632838699858,0.395175752602,0.004950955122,-0.000082668792,0.000000000000,0.004868286330,0.004868286330,3.185718107064,3.098812109334,
2024-02-03T00:00:00Z,,hold,ETHUSDT|BNBUSDT|LTCUSDT|LINKUSDT,0.098793938150|0.098793938150|0.098793938150|0.098793938150,-0.019386247066|-0.025695042931|-0.068067112263|-0.069251543210,432952.378971717437|16357.082327578837|14860.548845831561|34201.632838699858,0.395175752602,-0.000828569213,-0.000081629479,0.000000000000,-0.000910198692,-0.000910198692,3.182818470610,3.095991574605,
2024-02-04T00:00:00Z,,hold,ETHUSDT|BNBUSDT|LTCUSDT|LINKUSDT,0.098793938150|0.098793938150|0.098793938150|0.098793938150,-0.019386247066|-0.025695042931|-0.068067112263|-0.069251543210,432952.378971717437|16357.082327578837|14860.548845831561|34201.632838699858,0.395175752602,0.001402184415,-0.000081281725,0.000000000000,0.001320902691,0.001320902691,3.187022664092,3.100081078206,
2024-02-05T00:00:00Z,2024-02-05T00:00:00Z,active,LINKUSDT|LTCUSDT|ETHUSDT|BNBUSDT,0.106978199274|0.106978199274|0.106978199274|0.106978199274,0.288056206089|0.014244582513|0.008695728824|-0.039162514978,72547.408811716465|11821.630777806877|274752.503701422480|28392.854527997537,0.427912797094,0.006434741384,-0.000090533510,0.032737044493,0.006304923420,0.006278733784,3.207116597927,3.119545662007,
2024-02-06T00:00:00Z,,hold,LINKUSDT|LTCUSDT|ETHUSDT|BNBUSDT,0.106978199274|0.106978199274|0.106978199274|0.106978199274,0.288056206089|0.014244582513|0.008695728824|-0.039162514978,72547.408811716465|11821.630777806877|274752.503701422480|28392.854527997537,0.427912797094,-0.000019107135,-0.000091670689,0.000000000000,-0.000110777824,-0.000110777824,3.206761320529,3.119200085527,
2024-02-07T00:00:00Z,,hold,LINKUSDT|LTCUSDT|ETHUSDT|BNBUSDT,0.106978199274|0.106978199274|0.106978199274|0.106978199274,0.288056206089|0.014244582513|0.008695728824|-0.039162514978,72547.408811716465|11821.630777806877|274752.503701422480|28392.854527997537,0.427912797094,0.007570662280,-0.000082213816,0.000000000000,0.007488448464,0.007488448464,3.230774987415,3.142558054616,
2024-02-08T00:00:00Z,,hold,LINKUSDT|LTCUSDT|ETHUSDT|BNBUSDT,0.106978199274|0.106978199274|0.106978199274|0.106978199274,0.288056206089|0.014244582513|0.008695728824|-0.039162514978,72547.408811716465|11821.630777806877|274752.503701422480|28392.854527997537,0.427912797094,0.003126425694,0.000025308902,0.000000000000,0.003151734596,0.003151734596,3.240957532715,3.152462563557,
2024-02-09T00:00:00Z,,hold,LINKUSDT|LTCUSDT|ETHUSDT|BNBUSDT,0.106978199274|0.106978199274|0.106978199274|0.106978199274,0.288056206089|0.014244582513|0.008695728824|-0.039162514978,72547.408811716465|11821.630777806877|274752.503701422480|28392.854527997537,0.427912797094,0.006483931331,0.000176233746,0.000000000000,0.006660165077,0.006660165077,3.262542844891,3.173458484630,
2024-02-10T00:00:00Z,,hold,LINKUSDT|LTCUSDT|ETHUSDT|BNBUSDT,0.106978199274|0.106978199274|0.106978199274|0.106978199274,0.288056206089|0.014244582513|0.008695728824|-0.039162514978,72547.408811716465|11821.630777806877|274752.503701422480|28392.854527997537,0.427912797094,0.003974062175,0.000105979023,0.000000000000,0.004080041198,0.004080041198,3.275854154107,3.186406325986,
2024-02-11T00:00:00Z,,hold,LINKUSDT|LTCUSDT|ETHUSDT|BNBUSDT,0.106978199274|0.106978199274|0.106978199274|0.106978199274,0.288056206089|0.014244582513|0.008695728824|-0.039162514978,72547.408811716465|11821.630777806877|274752.503701422480|28392.854527997537,0.427912797094,0.006738059353,0.000095755116,0.000000000000,0.006833814470,0.006833814470,3.298240733625,3.208181635643,
2024-02-12T00:00:00Z,2024-02-12T00:00:00Z,active,LINKUSDT|SOLUSDT|AVAXUSDT|BNBUSDT,0.101890378337|0.101890378337|0.101890378337|0.101890378337,0.423536059900|0.166223562988|0.105791978625|0.079579528992,34308.518911237326|114462.206967236649|21390.535093674298|15126.487745532317,0.407561513346,0.011228535494,0.000069993595,0.427912797094,0.010785033733,0.010442703495,3.333812371196,3.241683725222,
2024-02-13T00:00:00Z,,hold,LINKUSDT|SOLUSDT|AVAXUSDT|BNBUSDT,0.101890378337|0.101890378337|0.101890378337|0.101890378337,0.423536059900|0.166223562988|0.105791978625|0.079579528992,34308.518911237326|114462.206967236649|21390.535093674298|15126.487745532317,0.407561513346,-0.006368405403,0.000089231518,0.000000000000,-0.006279173886,-0.006279173886,3.312878783615,3.221328629429,
2024-02-14T00:00:00Z,,hold,LINKUSDT|SOLUSDT|AVAXUSDT|BNBUSDT,0.101890378337|0.101890378337|0.101890378337|0.101890378337,0.423536059900|0.166223562988|0.105791978625|0.079579528992,34308.518911237326|114462.206967236649|21390.535093674298|15126.487745532317,0.407561513346,0.015360828470,-0.000028004570,0.000000000000,0.015332823899,0.015332823899,3.363674570604,3.270720694025,
2024-02-15T00:00:00Z,,hold,LINKUSDT|SOLUSDT|AVAXUSDT|BNBUSDT,0.101890378337|0.101890378337|0.101890378337|0.101890378337,0.423536059900|0.166223562988|0.105791978625|0.079579528992,34308.518911237326|114462.206967236649|21390.535093674298|15126.487745532317,0.407561513346,0.000009791429,-0.000147059402,0.000000000000,-0.000137267973,-0.000137267973,3.363212845813,3.270271728825,
2024-02-16T00:00:00Z,,hold,LINKUSDT|SOLUSDT|AVAXUSDT|BNBUSDT,0.101890378337|0.101890378337|0.101890378337|0.101890378337,0.423536059900|0.166223562988|0.105791978625|0.079579528992,34308.518911237326|114462.206967236649|21390.535093674298|15126.487745532317,0.407561513346,-0.006198129736,-0.000179924143,0.000000000000,-0.006378053880,-0.006378053880,3.341762093074,3.249413759537,
2024-02-17T00:00:00Z,,hold,LINKUSDT|SOLUSDT|AVAXUSDT|BNBUSDT,0.101890378337|0.101890378337|0.101890378337|0.101890378337,0.423536059900|0.166223562988|0.105791978625|0.079579528992,34308.518911237326|114462.206967236649|21390.535093674298|15126.487745532317,0.407561513346,-0.002231568795,-0.000172648152,0.000000000000,-0.002404216946,-0.002404216946,3.333727772019,3.241601463911,
2024-02-18T00:00:00Z,,hold,LINKUSDT|SOLUSDT|AVAXUSDT|BNBUSDT,0.101890378337|0.101890378337|0.101890378337|0.101890378337,0.423536059900|0.166223562988|0.105791978625|0.079579528992,34308.518911237326|114462.206967236649|21390.535093674298|15126.487745532317,0.407561513346,0.004192434159,-0.000147939735,0.000000000000,0.004044494424,0.004044494424,3.347211015404,3.254712102956,
2024-02-19T00:00:00Z,2024-02-19T00:00:00Z,active,LINKUSDT|AVAXUSDT|ADAUSDT|SOLUSDT,0.095089961834|0.095089961834|0.095089961834|0.095089961834,0.249116059798|0.232099746356|0.229563492063|0.200318389675,64928.513028446279|50675.871207223718|60616.776265755434|222172.265264340473,0.380359847337,-0.001959074114,-0.000225972736,0.217381589678,-0.002445904758,-0.002619810030,3.339024056056,3.246185375546,
2024-02-20T00:00:00Z,,hold,LINKUSDT|AVAXUSDT|ADAUSDT|SOLUSDT,0.095089961834|0.095089961834|0.095089961834|0.095089961834,0.249116059798|0.232099746356|0.229563492063|0.200318389675,64928.513028446279|50675.871207223718|60616.776265755434|222172.265264340473,0.380359847337,-0.009250373911,-0.000356404784,0.000000000000,-0.009606778695,-0.009606778695,3.306946790892,3.214999991040,
2024-02-21T00:00:00Z,,hold,LINKUSDT|AVAXUSDT|ADAUSDT|SOLUSDT,0.095089961834|0.095089961834|0.095089961834|0.095089961834,0.249116059798|0.232099746356|0.229563492063|0.200318389675,64928.513028446279|50675.871207223718|60616.776265755434|222172.265264340473,0.380359847337,-0.012115589662,-0.000160156219,0.000000000000,-0.012275745881,-0.012275745881,3.266351552446,3.175533468144,
2024-02-22T00:00:00Z,,hold,LINKUSDT|AVAXUSDT|ADAUSDT|SOLUSDT,0.095089961834|0.095089961834|0.095089961834|0.095089961834,0.249116059798|0.232099746356|0.229563492063|0.200318389675,64928.513028446279|50675.871207223718|60616.776265755434|222172.265264340473,0.380359847337,-0.009453261515,-0.000170114991,0.000000000000,-0.009623376506,-0.009623376506,3.234918221657,3.144974113973,
2024-02-23T00:00:00Z,,hold,LINKUSDT|AVAXUSDT|ADAUSDT|SOLUSDT,0.095089961834|0.095089961834|0.095089961834|0.095089961834,0.249116059798|0.232099746356|0.229563492063|0.200318389675,64928.513028446279|50675.871207223718|60616.776265755434|222172.265264340473,0.380359847337,-0.005432439278,-0.000247268133,0.000000000000,-0.005679707411,-0.005679707411,3.216544832658,3.127111581189,
2024-02-24T00:00:00Z,,hold,LINKUSDT|AVAXUSDT|ADAUSDT|SOLUSDT,0.095089961834|0.095089961834|0.095089961834|0.095089961834,0.249116059798|0.232099746356|0.229563492063|0.200318389675,64928.513028446279|50675.871207223718|60616.776265755434|222172.265264340473,0.380359847337,0.011657778219,-0.000319025871,0.000000000000,0.011338752348,0.011338752348,3.253016437930,3.162569124972,
2024-02-25T00:00:00Z,,hold,LINKUSDT|AVAXUSDT|ADAUSDT|SOLUSDT,0.095089961834|0.095089961834|0.095089961834|0.095089961834,0.249116059798|0.232099746356|0.229563492063|0.200318389675,64928.513028446279|50675.871207223718|60616.776265755434|222172.265264340473,0.380359847337,0.001501128212,-0.000307622683,0.000000000000,0.001193505530,0.001193505530,3.256898931037,3.166343668710,
2024-02-26T00:00:00Z,2024-02-26T00:00:00Z,active,ETHUSDT|LINKUSDT|BNBUSDT|ADAUSDT,0.164040825217|0.164040825217|0.164040825217|0.164040825217,0.374338250865|0.321277495770|0.285397424438|0.221122112211,748332.491842991323|13444.517376398815|30439.880695787400|16613.967145665578,0.656163300868,0.019801506067,-0.000426939213,0.656163300868,0.018587170892,0.018062240252,3.317435468047,3.223534928773,
2024-02-27T00:00:00Z,,hold,ETHUSDT|LINKUSDT|BNBUSDT|ADAUSDT,0.164040825217|0.164040825217|0.164040825217|0.164040825217,0.374338250865|0.321277495770|0.285397424438|0.221122112211,748332.491842991323|13444.517376398815|30439.880695787400|16613.967145665578,0.656163300868,0.001198341670,-0.000547825819,0.000000000000,0.000650515852,0.000650515852,3.319593512405,3.225631889342,
2024-02-28T00:00:00Z,,hold,ETHUSDT|LINKUSDT|BNBUSDT|ADAUSDT,0.164040825217|0.164040825217|0.164040825217|0.164040825217,0.374338250865|0.321277495770|0.285397424438|0.221122112211,748332.491842991323|13444.517376398815|30439.880695787400|16613.967145665578,0.656163300868,0.020429273780,-0.000424760751,0.000000000000,0.020004513028,0.020004513028,3.386000364073,3.290159084498,
2024-02-29T00:00:00Z,,hold,ETHUSDT|LINKUSDT|BNBUSDT|ADAUSDT,0.164040825217|0.164040825217|0.164040825217|0.164040825217,0.374338250865|0.321277495770|0.285397424438|0.221122112211,748332.491842991323|13444.517376398815|30439.880695787400|16613.967145665578,0.656163300868,-0.002579644918,-0.001263988692,0.000000000000,-0.003843633610,-0.003843633610,3.372985819270,3.277512918458,
2024-03-01T00:00:00Z,,hold,ETHUSDT|LINKUSDT|BNBUSDT|ADAUSDT,0.164040825217|0.164040825217|0.164040825217|0.164040825217,0.374338250865|0.321277495770|0.285397424438|0.221122112211,748332.491842991323|13444.517376398815|30439.880695787400|16613.967145665578,0.656163300868,0.030812428696,-0.000976380834,0.000000000000,0.029836047862,0.029836047862,3.473622385611,3.375300950760,
2024-03-02T00:00:00Z,,hold,ETHUSDT|LINKUSDT|BNBUSDT|ADAUSDT,0.164040825217|0.164040825217|0.164040825217|0.164040825217,0.374338250865|0.321277495770|0.285397424438|0.221122112211,748332.491842991323|13444.517376398815|30439.880695787400|16613.967145665578,0.656163300868,0.016818030379,-0.001389056698,0.000000000000,0.015428973681,0.015428973681,3.527216813976,3.427378380295,
2024-03-03T00:00:00Z,,hold,ETHUSDT|LINKUSDT|BNBUSDT|ADAUSDT,0.164040825217|0.164040825217|0.164040825217|0.164040825217,0.374338250865|0.321277495770|0.285397424438|0.221122112211,748332.491842991323|13444.517376398815|30439.880695787400|16613.967145665578,0.656163300868,-0.005218399658,-0.001076106173,0.000000000000,-0.006294505831,-0.006294505831,3.505014727173,3.405804727095,
2024-03-04T00:00:00Z,2024-03-04T00:00:00Z,active,DOGEUSDT|ETHUSDT|ADAUSDT|DOTUSDT,0.106221673674|0.106221673674|0.106221673674|0.106221673674,0.938801261830|0.512905168567|0.417071748007|0.409647228222,267495.373513461731|687272.226870249957|36076.935941144962|40605.227054717609,0.424886694695,0.030948333611,-0.000707409791,0.656163300868,0.029453527859,0.028928597218,3.608249776085,3.504329880248,
2024-03-05T00:00:00Z,,hold,DOGEUSDT|ETHUSDT|ADAUSDT|DOTUSDT,0.106221673674|0.106221673674|0.106221673674|0.106221673674,0.938801261830|0.512905168567|0.417071748007|0.409647228222,267495.373513461731|687272.226870249957|36076.935941144962|40605.227054717609,0.424886694695,-0.035979374215,-0.001004094361,0.000000000000,-0.036983468577,-0.036983468577,3.474804183875,3.374727606240,
2024-03-06T00:00:00Z,,hold,DOGEUSDT|ETHUSDT|ADAUSDT|DOTUSDT,0.106221673674|0.106221673674|0.106221673674|0.106221673674,0.938801261830|0.512905168567|0.417071748007|0.409647228222,267495.373513461731|687272.226870249957|36076.935941144962|40605.227054717609,0.424886694695,0.032118299316,-0.000302270768,0.000000000000,0.031816028548,0.031816028548,3.585358652989,3.482098036103,
2024-03-07T00:00:00Z,,hold,DOGEUSDT|ETHUSDT|ADAUSDT|DOTUSDT,0.106221673674|0.106221673674|0.106221673674|0.106221673674,0.938801261830|0.512905168567|0.417071748007|0.409647228222,267495.373513461731|687272.226870249957|36076.935941144962|40605.227054717609,0.424886694695,0.001042879429,-0.000468623469,0.000000000000,0.000574255960,0.000574255960,3.587417566563,3.484097651653,
2024-03-08T00:00:00Z,,hold,DOGEUSDT|ETHUSDT|ADAUSDT|DOTUSDT,0.106221673674|0.106221673674|0.106221673674|0.106221673674,0.938801261830|0.512905168567|0.417071748007|0.409647228222,267495.373513461731|687272.226870249957|36076.935941144962|40605.227054717609,0.424886694695,0.004506297955,-0.000630439442,0.000000000000,0.003875858513,0.003875858513,3.601321889477,3.497601521195,
2024-03-09T00:00:00Z,,hold,DOGEUSDT|ETHUSDT|ADAUSDT|DOTUSDT,0.106221673674|0.106221673674|0.106221673674|0.106221673674,0.938801261830|0.512905168567|0.417071748007|0.409647228222,267495.373513461731|687272.226870249957|36076.935941144962|40605.227054717609,0.424886694695,0.011209689869,-0.000623917431,0.000000000000,0.010585772438,0.010585772438,3.639444663473,3.534626334976,
2024-03-10T00:00:00Z,,hold,DOGEUSDT|ETHUSDT|ADAUSDT|DOTUSDT,0.106221673674|0.106221673674|0.106221673674|0.106221673674,0.938801261830|0.512905168567|0.417071748007|0.409647228222,267495.373513461731|687272.226870249957|36076.935941144962|40605.227054717609,0.424886694695,-0.012034143389,-0.000696429657,0.000000000000,-0.012730573045,-0.012730573045,3.593112447340,3.489628516230,
2024-03-11T00:00:00Z,2024-03-11T00:00:00Z,active,DOGEUSDT|BNBUSDT|ETHUSDT|DOTUSDT,0.086407064828|0.086407064828|0.086407064828|0.086407064828,1.084957705039|0.634103403546|0.561708325956|0.427697441602,131521.843531760853|88682.550729264782|1205523.344094964443|37459.386117635840,0.345628259314,0.016138541468,-0.000409548750,0.252072565038,0.015426505641,0.015224847589,3.648541616777,3.542757578531,
2024-03-12T00:00:00Z,,hold,DOGEUSDT|BNBUSDT|ETHUSDT|DOTUSDT,0.086407064828|0.086407064828|0.086407064828|0.086407064828,1.084957705039|0.634103403546|0.561708325956|0.427697441602,131521.843531760853|88682.550729264782|1205523.344094964443|37459.386117635840,0.345628259314,-0.008543249956,-0.000486062205,0.000000000000,-0.009029312162,-0.009029312162,3.615597795584,3.510768914441,
2024-03-13T00:00:00Z,,hold,DOGEUSDT|BNBUSDT|ETHUSDT|DOTUSDT,0.086407064828|0.086407064828|0.086407064828|0.086407064828,1.084957705039|0.634103403546|0.561708325956|0.427697441602,131521.843531760853|88682.550729264782|1205523.344094964443|37459.386117635840,0.345628259314,0.021080182591,-0.000584430600,0.000000000000,0.020495751991,0.020495751991,3.689702191300,3.582724763407,
2024-03-14T00:00:00Z,,hold,DOGEUSDT|BNBUSDT|ETHUSDT|DOTUSDT,0.086407064828|0.086407064828|0.086407064828|0.086407064828,1.084957705039|0.634103403546|0.561708325956|0.427697441602,131521.843531760853|88682.550729264782|1205523.344094964443|37459.386117635840,0.345628259314,-0.000777075411,-0.000501982707,0.000000000000,-0.001279058118,-0.001279058118,3.684982847758,3.578142250213,
2024-03-15T00:00:00Z,,hold,DOGEUSDT|BNBUSDT|ETHUSDT|DOTUSDT,0.086407064828|0.086407064828|0.086407064828|0.086407064828,1.084957705039|0.634103403546|0.561708325956|0.427697441602,131521.843531760853|88682.550729264782|1205523.344094964443|37459.386117635840,0.345628259314,-0.011163588395,-0.000214033756,0.000000000000,-0.011377622151,-0.011377622151,3.643056505283,3.537431499688,
2024-03-16T00:00:00Z,,hold,DOGEUSDT|BNBUSDT|ETHUSDT|DOTUSDT,0.086407064828|0.086407064828|0.086407064828|0.086407064828,1.084957705039|0.634103403546|0.561708325956|0.427697441602,131521.843531760853|88682.550729264782|1205523.344094964443|37459.386117635840,0.345628259314,-0.032909338462,-0.000196882818,0.000000000000,-0.033106221279,-0.033106221279,3.522448670486,3.420320509698,
2024-03-17T00:00:00Z,,hold,DOGEUSDT|BNBUSDT|ETHUSDT|DOTUSDT,0.086407064828|0.086407064828|0.086407064828|0.086407064828,1.084957705039|0.634103403546|0.561708325956|0.427697441602,131521.843531760853|88682.550729264782|1205523.344094964443|37459.386117635840,0.345628259314,0.012856247385,-0.000136584511,0.000000000000,0.012719662874,0.012719662874,3.567253030066,3.463825833503,
2024-03-18T00:00:00Z,2024-03-18T00:00:00Z,active,SOLUSDT|DOGEUSDT|BNBUSDT|AVAXUSDT,0.065769197791|0.065769197791|0.065769197791|0.065769197791,0.829498514385|0.796276905177|0.586398334490|0.452328930380,728058.852573821670|107675.292077961654|204991.901242807653|148828.843520597380,0.263076791166,-0.005828013464,-0.000173024290,0.345628259314,-0.006415791665,-0.006692294273,3.544366277807,3.440644891715,
2024-03-19T00:00:00Z,,hold,SOLUSDT|DOGEUSDT|BNBUSDT|AVAXUSDT,0.065769197791|0.065769197791|0.065769197791|0.065769197791,0.829498514385|0.796276905177|0.586398334490|0.452328930380,728058.852573821670|107675.292077961654|204991.901242807653|148828.843520597380,0.263076791166,-0.028810425547,-0.000141474806,0.000000000000,-0.028951900353,-0.028951900353,3.441750138517,3.341031683659,
2024-03-20T00:00:00Z,,hold,SOLUSDT|DOGEUSDT|BNBUSDT|AVAXUSDT,0.065769197791|0.065769197791|0.065769197791|0.065769197791,0.829498514385|0.796276905177|0.586398334490|0.452328930380,728058.852573821670|107675.292077961654|204991.901242807653|148828.843520597380,0.263076791166,0.030959797691,-0.000131106292,0.000000000000,0.030828691399,0.030828691399,3.547854791409,3.444031318389,
2024-03-21T00:00:00Z,,hold,SOLUSDT|DOGEUSDT|BNBUSDT|AVAXUSDT,0.065769197791|0.065769197791|0.065769197791|0.065769197791,0.829498514385|0.796276905177|0.586398334490|0.452328930380,728058.852573821670|107675.292077961654|204991.901242807653|148828.843520597380,0.263076791166,-0.006871813686,-0.000109142668,0.000000000000,-0.006980956354,-0.006980956354,3.523087371960,3.419988686073,
2024-03-22T00:00:00Z,,hold,SOLUSDT|DOGEUSDT|BNBUSDT|AVAXUSDT,0.065769197791|0.065769197791|0.065769197791|0.065769197791,0.829498514385|0.796276905177|0.586398334490|0.452328930380,728058.852573821670|107675.292077961654|204991.901242807653|148828.843520597380,0.263076791166,-0.003071201280,-0.000117788687,0.000000000000,-0.003188989967,-0.003188989967,3.511852281678,3.409082376466,
2024-03-23T00:00:00Z,,hold,SOLUSDT|DOGEUSDT|BNBUSDT|AVAXUSDT,0.065769197791|0.065769197791|0.065769197791|0.065769197791,0.829498514385|0.796276905177|0.586398334490|0.452328930380,728058.852573821670|107675.292077961654|204991.901242807653|148828.843520597380,0.263076791166,0.002680557258,-0.000110926987,0.000000000000,0.002569630272,0.002569630272,3.520876443610,3.417842457739,
2024-03-24T00:00:00Z,,hold,SOLUSDT|DOGEUSDT|BNBUSDT|AVAXUSDT,0.065769197791|0.065769197791|0.065769197791|0.065769197791,0.829498514385|0.796276905177|0.586398334490|0.452328930380,728058.852573821670|107675.292077961654|204991.901242807653|148828.843520597380,0.263076791166,0.014917125779,-0.000119853182,0.000000000000,0.014797272597,0.014797272597,3.572975812126,3.468417204280,
2024-03-25T00:00:00Z,2024-03-25T00:00:00Z,active,DOGEUSDT|SOLUSDT|AVAXUSDT|BNBUSDT,0.052555152681|0.052555152681|0.052555152681|0.052555152681,1.088210949509|0.840686985486|0.550593996049|0.514455487756,169583.791220741055|596917.281788347405|67128.449239979178|65959.057983587380,0.210220610722,0.004831712342,-0.000136162517,0.052856180443,0.004632122408,0.004589837464,3.589526273450,3.484336675504,
2024-03-26T00:00:00Z,,hold,DOGEUSDT|SOLUSDT|AVAXUSDT|BNBUSDT,0.052555152681|0.052555152681|0.052555152681|0.052555152681,1.088210949509|0.840686985486|0.550593996049|0.514455487756,169583.791220741055|596917.281788347405|67128.449239979178|65959.057983587380,0.210220610722,0.000099640923,-0.000199122539,0.000000000000,-0.000099481616,-0.000099481616,3.589169181576,3.483990048062,
2024-03-27T00:00:00Z,,hold,DOGEUSDT|SOLUSDT|AVAXUSDT|BNBUSDT,0.052555152681|0.052555152681|0.052555152681|0.052555152681,1.088210949509|0.840686985486|0.550593996049|0.514455487756,169583.791220741055|596917.281788347405|67128.449239979178|65959.057983587380,0.210220610722,-0.000872365288,-0.000229676528,0.000000000000,-0.001102041816,-0.001102041816,3.585213767054,3.480150545342,
2024-03-28T00:00:00Z,,hold,DOGEUSDT|SOLUSDT|AVAXUSDT|BNBUSDT,0.052555152681|0.052555152681|0.052555152681|0.052555152681,1.088210949509|0.840686985486|0.550593996049|0.514455487756,169583.791220741055|596917.281788347405|67128.449239979178|65959.057983587380,0.210220610722,0.010439100815,-0.000271088937,0.000000000000,0.010168011877,0.010168011877,3.621668263220,3.515536757423,
2024-03-29T00:00:00Z,,hold,DOGEUSDT|SOLUSDT|AVAXUSDT|BNBUSDT,0.052555152681|0.052555152681|0.052555152681|0.052555152681,1.088210949509|0.840686985486|0.550593996049|0.514455487756,169583.791220741055|596917.281788347405|67128.449239979178|65959.057983587380,0.210220610722,0.000293456851,-0.000266012635,0.000000000000,0.000027444216,0.000027444216,3.621767657064,3.515633238571,
2024-03-30T00:00:00Z,,hold,DOGEUSDT|SOLUSDT|AVAXUSDT|BNBUSDT,0.052555152681|0.052555152681|0.052555152681|0.052555152681,1.088210949509|0.840686985486|0.550593996049|0.514455487756,169583.791220741055|596917.281788347405|67128.449239979178|65959.057983587380,0.210220610722,-0.004277477947,-0.000233860444,0.000000000000,-0.004511338391,-0.004511338391,3.605428637589,3.499773027372,
2024-03-31T00:00:00Z,,hold,DOGEUSDT|SOLUSDT|AVAXUSDT|BNBUSDT,0.052555152681|0.052555152681|0.052555152681|0.052555152681,1.088210949509|0.840686985486|0.550593996049|0.514455487756,169583.791220741055|596917.281788347405|67128.449239979178|65959.057983587380,0.210220610722,0.009427554995,-0.000197418176,0.000000000000,0.009230136819,0.009230136819,3.638707237205,3.532076411251,
2024-04-01T00:00:00Z,2024-04-01T00:00:00Z,active,DOGEUSDT|SOLUSDT|BNBUSDT|AVAXUSDT,0.054375230956|0.054375230956|0.054375230956|0.054375230956,0.578441912134|0.565613026820|0.486642953514|0.266974044515,142616.173063362396|485377.942174435186|29192.227836823575|33932.481829680371,0.217500923824,-0.011869946570,-0.000248034791,0.007280313102,-0.012126717737,-0.012132541987,3.594581661614,3.489223345890,
2024-04-02T00:00:00Z,,hold,DOGEUSDT|SOLUSDT|BNBUSDT|AVAXUSDT,0.054375230956|0.054375230956|0.054375230956|0.054375230956,0.578441912134|0.565613026820|0.486642953514|0.266974044515,142616.173063362396|485377.942174435186|29192.227836823575|33932.481829680371,0.217500923824,-0.016104922998,-0.000106209507,0.000000000000,-0.016211132506,-0.016211132506,3.536309421995,3.432659083888,
2024-04-03T00:00:00Z,,hold,DOGEUSDT|SOLUSDT|BNBUSDT|AVAXUSDT,0.054375230956|0.054375230956|0.054375230956|0.054375230956,0.578441912134|0.565613026820|0.486642953514|0.266974044515,142616.173063362396|485377.942174435186|29192.227836823575|33932.481829680371,0.217500923824,-0.001244724843,-0.000089044334,0.000000000000,-0.001333769178,-0.001333769178,3.531592801485,3.428080709004,
2024-04-04T00:00:00Z,,hold,DOGEUSDT|SOLUSDT|BNBUSDT|AVAXUSDT,0.054375230956|0.054375230956|0.054375230956|0.054375230956,0.578441912134|0.565613026820|0.486642953514|0.266974044515,142616.173063362396|485377.942174435186|29192.227836823575|33932.481829680371,0.217500923824,0.004038076204,-0.000074546267,0.000000000000,0.003963529938,0.003963529938,3.545590375281,3.441668009522,
2024-04-05T00:00:00Z,,hold,DOGEUSDT|SOLUSDT|BNBUSDT|AVAXUSDT,0.054375230956|0.054375230956|0.054375230956|0.054375230956,0.578441912134|0.565613026820|0.486642953514|0.266974044515,142616.173063362396|485377.942174435186|29192.227836823575|33932.481829680371,0.217500923824,-0.005697406431,0.000000864566,0.000000000000,-0.005696541865,-0.005696541865,3.525392771272,3.422062403621,
2024-04-06T00:00:00Z,,hold,DOGEUSDT|SOLUSDT|BNBUSDT|AVAXUSDT,0.054375230956|0.054375230956|0.054375230956|0.054375230956,0.578441912134|0.565613026820|0.486642953514|0.266974044515,142616.173063362396|485377.942174435186|29192.227836823575|33932.481829680371,0.217500923824,0.008097804722,0.000005949194,0.000000000000,0.008103753916,0.008103753916,3.553961686750,3.449793955227,
2024-04-07T00:00:00Z,,hold,DOGEUSDT|SOLUSDT|BNBUSDT|AVAXUSDT,0.054375230956|0.054375230956|0.054375230956|0.054375230956,0.578441912134|0.565613026820|0.486642953514|0.266974044515,142616.173063362396|485377.942174435186|29192.227836823575|33932.481829680371,0.217500923824,0.005245947587,0.000027416535,0.000000000000,0.005273364122,0.005273364122,3.572703020800,3.467985974899,
2024-04-08T00:00:00Z,2024-04-08T00:00:00Z,active,SOLUSDT|DOGEUSDT|BNBUSDT|AVAXUSDT,0.055645780841|0.055645780841|0.055645780841|0.055645780841,0.239758695187|0.208599016214|0.202270807146|0.156588384194,189663.154783673323|158147.803378646029|30245.604375708084|69024.635446696659,0.222583123363,0.002361363455,-0.000050983221,0.005082199539,0.002304281595,0.002300215835,3.580935534615,3.475963091155,
2024-04-09T00:00:00Z,,hold,SOLUSDT|DOGEUSDT|BNBUSDT|AVAXUSDT,0.055645780841|0.055645780841|0.055645780841|0.055645780841,0.239758695187|0.208599016214|0.202270807146|0.156588384194,189663.154783673323|158147.803378646029|30245.604375708084|69024.635446696659,0.222583123363,-0.010606051810,-0.000104234564,0.000000000000,-0.010710286373,-0.010710286373,3.542582689555,3.438734531026,
2024-04-10T00:00:00Z,,hold,SOLUSDT|DOGEUSDT|BNBUSDT|AVAXUSDT,0.055645780841|0.055645780841|0.055645780841|0.055645780841,0.239758695187|0.208599016214|0.202270807146|0.156588384194,189663.154783673323|158147.803378646029|30245.604375708084|69024.635446696659,0.222583123363,0.007209598772,-0.000137224721,0.000000000000,0.007072374051,0.007072374051,3.567637159441,3.463054547890,
2024-04-11T00:00:00Z,,hold,SOLUSDT|DOGEUSDT|BNBUSDT|AVAXUSDT,0.055645780841|0.055645780841|0.055645780841|0.055645780841,0.239758695187|0.208599016214|0.202270807146|0.156588384194,189663.154783673323|158147.803378646029|30245.604375708084|69024.635446696659,0.222583123363,-0.003934039538,-0.000139046564,0.000000000000,-0.004073086103,-0.004073086103,3.553105866108,3.448949228539,
2024-04-12T00:00:00Z,,hold,SOLUSDT|DOGEUSDT|BNBUSDT|AVAXUSDT,0.055645780841|0.055645780841|0.055645780841|0.055645780841,0.239758695187|0.208599016214|0.202270807146|0.156588384194,189663.154783673323|158147.803378646029|30245.604375708084|69024.635446696659,0.222583123363,-0.020956330407,-0.000089594159,0.000000000000,-0.021045924566,-0.021045924566,3.478327468076,3.376362903244,
2024-04-13T00:00:00Z,,hold,SOLUSDT|DOGEUSDT|BNBUSDT|AVAXUSDT,0.055645780841|0.055645780841|0.055645780841|0.055645780841,0.239758695187|0.208599016214|0.202270807146|0.156588384194,189663.154783673323|158147.803378646029|30245.604375708084|69024.635446696659,0.222583123363,-0.023820877862,0.000053211278,0.000000000000,-0.023767666584,-0.023767666584,3.395655740543,3.296114635492,
2024-04-14T00:00:00Z,,hold,SOLUSDT|DOGEUSDT|BNBUSDT|AVAXUSDT,0.055645780841|0.055645780841|0.055645780841|0.055645780841,0.239758695187|0.208599016214|0.202270807146|0.156588384194,189663.154783673323|158147.803378646029|30245.604375708084|69024.635446696659,0.222583123363,0.015327601141,0.000057078660,0.000000000000,0.015384679800,0.015384679800,3.447896816824,3.346824303745,
2024-04-15T00:00:00Z,2024-04-15T00:00:00Z,active,DOGEUSDT|BNBUSDT|LTCUSDT|ETHUSDT,0.054028737871|0.054028737871|0.054028737871|0.054028737871,-0.010568112401|-0.105859307120|-0.113089937667|-0.158034712951,226620.687800767191|87463.582250931795|39838.439653316622|850204.854088025051,0.216114951484,-0.003585726909,0.000032135753,0.222583123363,-0.003820690904,-0.003998757403,3.434723468818,3.333441165285,
2024-04-16T00:00:00Z,,hold,DOGEUSDT|BNBUSDT|LTCUSDT|ETHUSDT,0.054028737871|0.054028737871|0.054028737871|0.054028737871,-0.010568112401|-0.105859307120|-0.113089937667|-0.158034712951,226620.687800767191|87463.582250931795|39838.439653316622|850204.854088025051,0.216114951484,-0.002221704390,0.000098737518,0.000000000000,-0.002122966871,-0.002122966871,3.427431664682,3.326364380124,
2024-04-17T00:00:00Z,,hold,DOGEUSDT|BNBUSDT|LTCUSDT|ETHUSDT,0.054028737871|0.054028737871|0.054028737871|0.054028737871,-0.010568112401|-0.105859307120|-0.113089937667|-0.158034712951,226620.687800767191|87463.582250931795|39838.439653316622|850204.854088025051,0.216114951484,-0.004878641860,-0.000006972409,0.000000000000,-0.004885614269,-0.004885614269,3.410686555637,3.310113046846,
2024-04-18T00:00:00Z,,hold,DOGEUSDT|BNBUSDT|LTCUSDT|ETHUSDT,0.054028737871|0.054028737871|0.054028737871|0.054028737871,-0.010568112401|-0.105859307120|-0.113089937667|-0.158034712951,226620.687800767191|87463.582250931795|39838.439653316622|850204.854088025051,0.216114951484,0.005368430065,-0.000003243885,0.000000000000,0.005365186180,0.005365186180,3.428985524009,3.327872419619,
2024-04-19T00:00:00Z,,hold,DOGEUSDT|BNBUSDT|LTCUSDT|ETHUSDT,0.054028737871|0.054028737871|0.054028737871|0.054028737871,-0.010568112401|-0.105859307120|-0.113089937667|-0.158034712951,226620.687800767191|87463.582250931795|39838.439653316622|850204.854088025051,0.216114951484,0.001571187845,-0.000024027660,0.000000000000,0.001547160185,0.001547160185,3.434290713887,3.333021171327,
2024-04-20T00:00:00Z,,hold,DOGEUSDT|BNBUSDT|LTCUSDT|ETHUSDT,0.054028737871|0.054028737871|0.054028737871|0.054028737871,-0.010568112401|-0.105859307120|-0.113089937667|-0.158034712951,226620.687800767191|87463.582250931795|39838.439653316622|850204.854088025051,0.216114951484,0.008322496548,-0.000021875696,0.000000000000,0.008300620852,0.008300620852,3.462797458999,3.360687316362,
2024-04-21T00:00:00Z,,hold,DOGEUSDT|BNBUSDT|LTCUSDT|ETHUSDT,0.054028737871|0.054028737871|0.054028737871|0.054028737871,-0.010568112401|-0.105859307120|-0.113089937667|-0.158034712951,226620.687800767191|87463.582250931795|39838.439653316622|850204.854088025051,0.216114951484,-0.001302583507,-0.000018579943,0.000000000000,-0.001321163449,-0.001321163449,3.458222537563,3.356247299115,
2024-04-22T00:00:00Z,2024-04-22T00:00:00Z,active,BNBUSDT|DOGEUSDT|LTCUSDT|ETHUSDT,0.071131384065|0.071131384065|0.071131384065|0.071131384065,0.045101116704|0.033389963408|0.007787228945|-0.057882599581,22860.194984936363|40075.139027880025|11907.723982249780|304858.444242089754,0.284525536260,0.006642143156,-0.000021267573,0.068410584776,0.006538782882,0.006484054414,3.480835103895,3.378009389231,
2024-04-23T00:00:00Z,,hold,BNBUSDT|DOGEUSDT|LTCUSDT|ETHUSDT,0.071131384065|0.071131384065|0.071131384065|0.071131384065,0.045101116704|0.033389963408|0.007787228945|-0.057882599581,22860.194984936363|40075.139027880025|11907.723982249780|304858.444242089754,0.284525536260,-0.000330971396,-0.000004407301,0.000000000000,-0.000335378696,-0.000335378696,3.479667705955,3.376876476845,
2024-04-24T00:00:00Z,,hold,BNBUSDT|DOGEUSDT|LTCUSDT|ETHUSDT,0.071131384065|0.071131384065|0.071131384065|0.071131384065,0.045101116704|0.033389963408|0.007787228945|-0.057882599581,22860.194984936363|40075.139027880025|11907.723982249780|304858.444242089754,0.284525536260,-0.006674703972,0.000042081327,0.000000000000,-0.006632622646,-0.006632622646,3.456588383130,3.354478929454,
2024-04-25T00:00:00Z,,hold,BNBUSDT|DOGEUSDT|LTCUSDT|ETHUSDT,0.071131384065|0.071131384065|0.071131384065|0.071131384065,0.045101116704|0.033389963408|0.007787228945|-0.057882599581,22860.194984936363|40075.139027880025|11907.723982249780|304858.444242089754,0.284525536260,0.001262815750,0.000003947081,0.000000000000,0.001266762831,0.001266762831,3.460967060815,3.358728258679,
2024-04-26T00:00:00Z,,hold,BNBUSDT|DOGEUSDT|LTCUSDT|ETHUSDT,0.071131384065|0.071131384065|0.071131384065|0.071131384065,0.045101116704|0.033389963408|0.007787228945|-0.057882599581,22860.194984936363|40075.139027880025|11907.723982249780|304858.444242089754,0.284525536260,-0.000216986725,0.000100732710,0.000000000000,-0.000116254016,-0.000116254016,3.460564709496,3.358337793030,
2024-04-27T00:00:00Z,,hold,BNBUSDT|DOGEUSDT|LTCUSDT|ETHUSDT,0.071131384065|0.071131384065|0.071131384065|0.071131384065,0.045101116704|0.033389963408|0.007787228945|-0.057882599581,22860.194984936363|40075.139027880025|11907.723982249780|304858.444242089754,0.284525536260,-0.000890463782,0.000050417214,0.000000000000,-0.000840046568,-0.000840046568,3.457657673986,3.355516632892,
2024-04-28T00:00:00Z,,hold,BNBUSDT|DOGEUSDT|LTCUSDT|ETHUSDT,0.071131384065|0.071131384065|0.071131384065|0.071131384065,0.045101116704|0.033389963408|0.007787228945|-0.057882599581,22860.194984936363|40075.139027880025|11907.723982249780|304858.444242089754,0.284525536260,0.000221827544,0.000123336841,0.000000000000,0.000345164385,0.000345164385,3.458851134270,3.356674837726,
2024-04-29T00:00:00Z,2024-04-29T00:00:00Z,active,BNBUSDT|ETHUSDT|XRPUSDT|LTCUSDT,0.087826048128|0.087826048128|0.087826048128|0.087826048128,-0.020756103536|-0.071226433895|-0.191661382372|-0.230896096756,62199.061842072959|1561473.034828187898|95327.099049396973|39000.007176764469,0.351304192512,-0.001933932160,0.000175198914,0.209041424382,-0.002009582956,-0.002176816095,3.451900285985,3.349367973913,
2024-04-30T00:00:00Z,,hold,BNBUSDT|ETHUSDT|XRPUSDT|LTCUSDT,0.087826048128|0.087826048128|0.087826048128|0.087826048128,-0.020756103536|-0.071226433895|-0.191661382372|-0.230896096756,62199.061842072959|1561473.034828187898|95327.099049396973|39000.007176764469,0.351304192512,-0.014498903619,0.000055436680,0.000000000000,-0.014443466939,-0.014443466939,3.402042878328,3.300991488316,
2024-05-01T00:00:00Z,,hold,BNBUSDT|ETHUSDT|XRPUSDT|LTCUSDT,0.087826048128|0.087826048128|0.087826048128|0.087826048128,-0.020756103536|-0.071226433895|-0.191661382372|-0.230896096756,62199.061842072959|1561473.034828187898|95327.099049396973|39000.007176764469,0.351304192512,0.000080796787,0.000008623640,0.000000000000,0.000089420426,0.000089420426,3.402347090453,3.301286664382,
2024-05-02T00:00:00Z,,hold,BNBUSDT|ETHUSDT|XRPUSDT|LTCUSDT,0.087826048128|0.087826048128|0.087826048128|0.087826048128,-0.020756103536|-0.071226433895|-0.191661382372|-0.230896096756,62199.061842072959|1561473.034828187898|95327.099049396973|39000.007176764469,0.351304192512,0.000132416584,-0.000019810922,0.000000000000,0.000112605662,0.000112605662,3.402730214001,3.301658407954,
2024-05-03T00:00:00Z,,hold,BNBUSDT|ETHUSDT|XRPUSDT|LTCUSDT,0.087826048128|0.087826048128|0.087826048128|0.087826048128,-0.020756103536|-0.071226433895|-0.191661382372|-0.230896096756,62199.061842072959|1561473.034828187898|95327.099049396973|39000.007176764469,0.351304192512,0.011888219921,-0.000007818275,0.000000000000,0.011880401647,0.011880401647,3.443156015638,3.340883435940,
2024-05-04T00:00:00Z,,hold,BNBUSDT|ETHUSDT|XRPUSDT|LTCUSDT,0.087826048128|0.087826048128|0.087826048128|0.087826048128,-0.020756103536|-0.071226433895|-0.191661382372|-0.230896096756,62199.061842072959|1561473.034828187898|95327.099049396973|39000.007176764469,0.351304192512,-0.000343856179,0.000004238485,0.000000000000,-0.000339617694,-0.000339617694,3.441986658932,3.339748812812,
2024-05-05T00:00:00Z,,hold,BNBUSDT|ETHUSDT|XRPUSDT|LTCUSDT,0.087826048128|0.087826048128|0.087826048128|0.087826048128,-0.020756103536|-0.071226433895|-0.191661382372|-0.230896096756,62199.061842072959|1561473.034828187898|95327.099049396973|39000.007176764469,0.351304192512,0.001142755560,0.000069730369,0.000000000000,0.001212485929,0.001212485929,3.446160019324,3.343798211254,
2024-05-06T00:00:00Z,2024-05-06T00:00:00Z,active,BNBUSDT|ETHUSDT|DOGEUSDT|XRPUSDT,0.079111549471|0.079111549471|0.079111549471|0.079111549471,0.024062597376|-0.055553882024|-0.092708509558|-0.098773841962,20597.639329566609|410817.088533884380|73251.024926969665|16790.526439267596,0.316446197885,-0.002995531458,-0.000026125798,0.193081093569,-0.003253354568,-0.003407819443,3.434948438882,3.332403150696,
2024-05-07T00:00:00Z,,hold,BNBUSDT|ETHUSDT|DOGEUSDT|XRPUSDT,0.079111549471|0.079111549471|0.079111549471|0.079111549471,0.024062597376|-0.055553882024|-0.092708509558|-0.098773841962,20597.639329566609|410817.088533884380|73251.024926969665|16790.526439267596,0.316446197885,-0.008628386079,-0.000036720417,0.000000000000,-0.008665106496,-0.008665106496,3.405184244851,3.303527522508,
2024-05-08T00:00:00Z,,hold,BNBUSDT|ETHUSDT|DOGEUSDT|XRPUSDT,0.079111549471|0.079111549471|0.079111549471|0.079111549471,0.024062597376|-0.055553882024|-0.092708509558|-0.098773841962,20597.639329566609|410817.088533884380|73251.024926969665|16790.526439267596,0.316446197885,-0.003856162903,-0.000063476734,0.000000000000,-0.003919639637,-0.003919639637,3.391837149714,3.290578885088,
2024-05-09T00:00:00Z,,hold,BNBUSDT|ETHUSDT|DOGEUSDT|XRPUSDT,0.079111549471|0.079111549471|0.079111549471|0.079111549471,0.024062597376|-0.055553882024|-0.092708509558|-0.098773841962,20597.639329566609|410817.088533884380|73251.024926969665|16790.526439267596,0.316446197885,0.008290492811,-0.000063660273,0.000000000000,0.008226832538,0.008226832538,3.419741225942,3.317649926530,
2024-05-10T00:00:00Z,,hold,BNBUSDT|ETHUSDT|DOGEUSDT|XRPUSDT,0.079111549471|0.079111549471|0.079111549471|0.079111549471,0.024062597376|-0.055553882024|-0.092708509558|-0.098773841962,20597.639329566609|410817.088533884380|73251.024926969665|16790.526439267596,0.316446197885,-0.011925991751,-0.000016077840,0.000000000000,-0.011942069591,-0.011942069591,3.378902438238,3.278030320229,
2024-05-11T00:00:00Z,,hold,BNBUSDT|ETHUSDT|DOGEUSDT|XRPUSDT,0.079111549471|0.079111549471|0.079111549471|0.079111549471,0.024062597376|-0.055553882024|-0.092708509558|-0.098773841962,20597.639329566609|410817.088533884380|73251.024926969665|16790.526439267596,0.316446197885,0.001132922841,-0.000041937823,0.000000000000,0.001090985018,0.001090985018,3.382588770175,3.281606602196,
2024-05-12T00:00:00Z,,hold,BNBUSDT|ETHUSDT|DOGEUSDT|XRPUSDT,0.079111549471|0.079111549471|0.079111549471|0.079111549471,0.024062597376|-0.055553882024|-0.092708509558|-0.098773841962,20597.639329566609|410817.088533884380|73251.024926969665|16790.526439267596,0.316446197885,-0.001358652986,-0.000045314304,0.000000000000,-0.001403967290,-0.001403967290,3.377839726185,3.276999333867,
2024-05-13T00:00:00Z,2024-05-13T00:00:00Z,active,BNBUSDT|LTCUSDT|SOLUSDT|DOTUSDT,0.086701495559|0.086701495559|0.086701495559|0.086701495559,-0.001596102151|-0.054594029504|-0.063971481177|-0.085844622615,26969.181488338883|5774.301862252612|92962.977481074340|3900.114981737025,0.346805982237,0.001922305006,-0.000008241844,0.505029081179,0.001308028264,0.000904004999,3.382258036018,3.279961757647,
2024-05-14T00:00:00Z,,hold,BNBUSDT|LTCUSDT|SOLUSDT|DOTUSDT,0.086701495559|0.086701495559|0.086701495559|0.086701495559,-0.001596102151|-0.054594029504|-0.063971481177|-0.085844622615,26969.181488338883|5774.301862252612|92962.977481074340|3900.114981737025,0.346805982237,-0.011257174605,0.000092091728,0.000000000000,-0.011165082878,-0.011165082878,3.344494844733,3.243340712787,
2024-05-15T00:00:00Z,,hold,BNBUSDT|LTCUSDT|SOLUSDT|DOTUSDT,0.086701495559|0.086701495559|0.086701495559|0.086701495559,-0.001596102151|-0.054594029504|-0.063971481177|-0.085844622615,26969.181488338883|5774.301862252612|92962.977481074340|3900.114981737025,0.346805982237,0.022645433966,0.000221115691,0.000000000000,0.022866549657,0.022866549657,3.420971902179,3.317504724252,
2024-05-16T00:00:00Z,,hold,BNBUSDT|LTCUSDT|SOLUSDT|DOTUSDT,0.086701495559|0.086701495559|0.086701495559|0.086701495559,-0.001596102151|-0.054594029504|-0.063971481177|-0.085844622615,26969.181488338883|5774.301862252612|92962.977481074340|3900.114981737025,0.346805982237,-0.000581086231,-0.000001439245,0.000000000000,-0.000582525476,-0.000582525476,3.418979098892,3.315572193233,
2024-05-17T00:00:00Z,,hold,BNBUSDT|LTCUSDT|SOLUSDT|DOTUSDT,0.086701495559|0.086701495559|0.086701495559|0.086701495559,-0.001596102151|-0.054594029504|-0.063971481177|-0.085844622615,26969.181488338883|5774.301862252612|92962.977481074340|3900.114981737025,0.346805982237,0.011251534705,-0.000003331938,0.000000000000,0.011248202767,0.011248202767,3.457436469053,3.352866421551,
2024-05-18T00:00:00Z,,hold,BNBUSDT|LTCUSDT|SOLUSDT|DOTUSDT,0.086701495559|0.086701495559|0.086701495559|0.086701495559,-0.001596102151|-0.054594029504|-0.063971481177|-0.085844622615,26969.181488338883|5774.301862252612|92962.977481074340|3900.114981737025,0.346805982237,0.000678188070,-0.000064145234,0.000000000000,0.000614042836,0.000614042836,3.459559483147,3.354925225157,
2024-05-19T00:00:00Z,,hold,BNBUSDT|LTCUSDT|SOLUSDT|DOTUSDT,0.086701495559|0.086701495559|0.086701495559|0.086701495559,-0.001596102151|-0.054594029504|-0.063971481177|-0.085844622615,26969.181488338883|5774.301862252612|92962.977481074340|3900.114981737025,0.346805982237,-0.006370411572,-0.000062163238,0.000000000000,-0.006432574810,-0.006432574810,3.437305607961,3.333344417663,
2024-05-20T00:00:00Z,2024-05-20T00:00:00Z,active,SOLUSDT|LINKUSDT|DOTUSDT|BNBUSDT,0.093061783282|0.093061783282|0.093061783282|0.093061783282,0.192419477128|0.187643513203|0.037436358191|0.037091211153,150451.177050498343|35650.128772545562|5428.117392816968|14022.905968082876,0.372247133128,0.025992311871,-0.000054896215,0.198844142010,0.025698802685,0.025539727372,3.525640246548,3.418477125326,
2024-05-21T00:00:00Z,,hold,SOLUSDT|LINKUSDT|DOTUSDT|BNBUSDT,0.093061783282|0.093061783282|0.093061783282|0.093061783282,0.192419477128|0.187643513203|0.037436358191|0.037091211153,150451.177050498343|35650.128772545562|5428.117392816968|14022.905968082876,0.372247133128,-0.003525803609,-0.000110511798,0.000000000000,-0.003636315407,-0.003636315407,3.512819906601,3.406046464287,
2024-05-22T00:00:00Z,,hold,SOLUSDT|LINKUSDT|DOTUSDT|BNBUSDT,0.093061783282|0.093061783282|0.093061783282|0.093061783282,0.192419477128|0.187643513203|0.037436358191|0.037091211153,150451.177050498343|35650.128772545562|5428.117392816968|14022.905968082876,0.372247133128,-0.005056876079,-0.000128648609,0.000000000000,-0.005185524689,-0.005185524689,3.494604092249,3.388384326256,
2024-05-23T00:00:00Z,,hold,SOLUSDT|LINKUSDT|DOTUSDT|BNBUSDT,0.093061783282|0.093061783282|0.093061783282|0.093061783282,0.192419477128|0.187643513203|0.037436358191|0.037091211153,150451.177050498343|35650.128772545562|5428.117392816968|14022.905968082876,0.372247133128,-0.004734717763,-0.000106721392,0.000000000000,-0.004841439155,-0.004841439155,3.477685179164,3.371979669705,
2024-05-24T00:00:00Z,,hold,SOLUSDT|LINKUSDT|DOTUSDT|BNBUSDT,0.093061783282|0.093061783282|0.093061783282|0.093061783282,0.192419477128|0.187643513203|0.037436358191|0.037091211153,150451.177050498343|35650.128772545562|5428.117392816968|14022.905968082876,0.372247133128,-0.000119476023,-0.000084173452,0.000000000000,-0.000203649475,-0.000203649475,3.476976950402,3.371292967815,
2024-05-25T00:00:00Z,,hold,SOLUSDT|LINKUSDT|DOTUSDT|BNBUSDT,0.093061783282|0.093061783282|0.093061783282|0.093061783282,0.192419477128|0.187643513203|0.037436358191|0.037091211153,150451.177050498343|35650.128772545562|5428.117392816968|14022.905968082876,0.372247133128,0.003961006097,-0.000083755605,0.000000000000,0.003877250492,0.003877250492,3.490458060995,3.384364315134,
2024-05-26T00:00:00Z,,hold,SOLUSDT|LINKUSDT|DOTUSDT|BNBUSDT,0.093061783282|0.093061783282|0.093061783282|0.093061783282,0.192419477128|0.187643513203|0.037436358191|0.037091211153,150451.177050498343|35650.128772545562|5428.117392816968|14022.905968082876,0.372247133128,-0.003391198637,-0.000091901303,0.000000000000,-0.003483099940,-0.003483099940,3.478300446733,3.372576235992,
2024-05-27T00:00:00Z,2024-05-27T00:00:00Z,active,ETHUSDT|LINKUSDT|SOLUSDT|DOGEUSDT,0.073496607018|0.073496607018|0.073496607018|0.073496607018,0.222860848951|0.176966098184|0.174588008793|0.123918334235,861318.577059857431|15258.232498013705|115626.116305659627|36173.227217007938,0.293986428070,0.013217975445,-0.000091765659,0.372247133128,0.012679513227,0.012381715520,3.522403603254,3.414334515516,
2024-05-28T00:00:00Z,,hold,ETHUSDT|LINKUSDT|SOLUSDT|DOGEUSDT,0.073496607018|0.073496607018|0.073496607018|0.073496607018,0.222860848951|0.176966098184|0.174588008793|0.123918334235,861318.577059857431|15258.232498013705|115626.116305659627|36173.227217007938,0.293986428070,-0.004325727672,-0.000111196692,0.000000000000,-0.004436924363,-0.004436924363,3.506774964889,3.399185371520,
2024-05-29T00:00:00Z,,hold,ETHUSDT|LINKUSDT|SOLUSDT|DOGEUSDT,0.073496607018|0.073496607018|0.073496607018|0.073496607018,0.222860848951|0.176966098184|0.174588008793|0.123918334235,861318.577059857431|15258.232498013705|115626.116305659627|36173.227217007938,0.293986428070,-0.002468001568,-0.000131082669,0.000000000000,-0.002599084237,-0.002599084237,3.497660561356,3.390350602403,
2024-05-30T00:00:00Z,,hold,ETHUSDT|LINKUSDT|SOLUSDT|DOGEUSDT,0.073496607018|0.073496607018|0.073496607018|0.073496607018,0.222860848951|0.176966098184|0.174588008793|0.123918334235,861318.577059857431|15258.232498013705|115626.116305659627|36173.227217007938,0.293986428070,-0.005048599526,-0.000109455557,0.000000000000,-0.005158055083,-0.005158055083,3.479619435518,3.372862987244,
2024-05-31T00:00:00Z,,hold,ETHUSDT|LINKUSDT|SOLUSDT|DOGEUSDT,0.073496607018|0.073496607018|0.073496607018|0.073496607018,0.222860848951|0.176966098184|0.174588008793|0.123918334235,861318.577059857431|15258.232498013705|115626.116305659627|36173.227217007938,0.293986428070,0.001465050780,-0.000091181361,0.000000000000,0.001373869419,0.001373869419,3.484399978251,3.377496860558,
2024-06-01T00:00:00Z,,hold,ETHUSDT|LINKUSDT|SOLUSDT|DOGEUSDT,0.073496607018|0.073496607018|0.073496607018|0.073496607018,0.222860848951|0.176966098184|0.174588008793|0.123918334235,861318.577059857431|15258.232498013705|115626.116305659627|36173.227217007938,0.293986428070,0.002026973452,-0.000115431566,0.000000000000,0.001911541886,0.001911541886,3.491060554756,3.383953087276,
2024-06-02T00:00:00Z,,hold,ETHUSDT|LINKUSDT|SOLUSDT|DOGEUSDT,0.073496607018|0.073496607018|0.073496607018|0.073496607018,0.222860848951|0.176966098184|0.174588008793|0.123918334235,861318.577059857431|15258.232498013705|115626.116305659627|36173.227217007938,0.293986428070,-0.004675059612,-0.000119368779,0.000000000000,-0.004794428391,-0.004794428391,3.474322914916,3.367728966519,
2024-06-03T00:00:00Z,2024-06-03T00:00:00Z,active,LINKUSDT|ETHUSDT|SOLUSDT|DOGEUSDT,0.079864579891|0.079864579891|0.079864579891|0.079864579891,0.288909400738|0.220311980986|0.136789989346|0.076796602042,6579.729535661368|434401.165077354701|77455.910308348990|16679.716216877838,0.319458319564,-0.001115219771,-0.000120369499,0.025471891494,-0.001266155540,-0.001286533053,3.469923881710,3.363396271890,
2024-06-04T00:00:00Z,,hold,LINKUSDT|ETHUSDT|SOLUSDT|DOGEUSDT,0.079864579891|0.079864579891|0.079864579891|0.079864579891,0.288909400738|0.220311980986|0.136789989346|0.076796602042,6579.729535661368|434401.165077354701|77455.910308348990|16679.716216877838,0.319458319564,0.006238118100,-0.000111483766,0.000000000000,0.006126634334,0.006126634334,3.491182836500,3.384002570967,
2024-06-05T00:00:00Z,,hold,LINKUSDT|ETHUSDT|SOLUSDT|DOGEUSDT,0.079864579891|0.079864579891|0.079864579891|0.079864579891,0.288909400738|0.220311980986|0.136789989346|0.076796602042,6579.729535661368|434401.165077354701|77455.910308348990|16679.716216877838,0.319458319564,0.003091476180,-0.000161143561,0.000000000000,0.002930332619,0.002930332619,3.501413163444,3.393918824084,
2024-06-06T00:00:00Z,,hold,LINKUSDT|ETHUSDT|SOLUSDT|DOGEUSDT,0.079864579891|0.079864579891|0.079864579891|0.079864579891,0.288909400738|0.220311980986|0.136789989346|0.076796602042,6579.729535661368|434401.165077354701|77455.910308348990|16679.716216877838,0.319458319564,-0.006422440335,-0.000166935341,0.000000000000,-0.006589375675,-0.006589375675,3.478341036715,3.371555017940,
2024-06-07T00:00:00Z,,hold,LINKUSDT|ETHUSDT|SOLUSDT|DOGEUSDT,0.079864579891|0.079864579891|0.079864579891|0.079864579891,0.288909400738|0.220311980986|0.136789989346|0.076796602042,6579.729535661368|434401.165077354701|77455.910308348990|16679.716216877838,0.319458319564,-0.016855055555,-0.000134955966,0.000000000000,-0.016990011521,-0.016990011521,3.419243982429,3.314272259343,
2024-06-08T00:00:00Z,,hold,LINKUSDT|ETHUSDT|SOLUSDT|DOGEUSDT,0.079864579891|0.079864579891|0.079864579891|0.079864579891,0.288909400738|0.220311980986|0.136789989346|0.076796602042,6579.729535661368|434401.165077354701|77455.910308348990|16679.716216877838,0.319458319564,-0.005440218317,-0.000095837496,0.000000000000,-0.005536055813,-0.005536055813,3.400314856906,3.295924263137,
2024-06-09T00:00:00Z,,hold,LINKUSDT|ETHUSDT|SOLUSDT|DOGEUSDT,0.079864579891|0.079864579891|0.079864579891|0.079864579891,0.288909400738|0.220311980986|0.136789989346|0.076796602042,6579.729535661368|434401.165077354701|77455.910308348990|16679.716216877838,0.319458319564,0.005416032870,-0.000095837496,0.000000000000,0.005320195374,0.005320195374,3.418405196276,3.313459224154,
2024-06-10T00:00:00Z,2024-06-10T00:00:00Z,active,ETHUSDT|LINKUSDT|BNBUSDT|SOLUSDT,0.095778018714|0.095778018714|0.095778018714|0.095778018714,0.274617116730|0.207792207792|0.150189659297|0.110642204349,152549.182377222460|9800.504998206190|18840.252964205421|66331.373801735783,0.383112074854,-0.012313657114,-0.000086200217,0.223382915072,-0.012667916829,-0.012846623161,3.375101123563,3.270892462142,
2024-06-11T00:00:00Z,,hold,ETHUSDT|LINKUSDT|BNBUSDT|SOLUSDT,0.095778018714|0.095778018714|0.095778018714|0.095778018714,0.274617116730|0.207792207792|0.150189659297|0.110642204349,152549.182377222460|9800.504998206190|18840.252964205421|66331.373801735783,0.383112074854,-0.019476855850,-0.000086200217,0.000000000000,-0.019563056067,-0.019563056067,3.309073831051,3.206903809516,
2024-06-12T00:00:00Z,,hold,ETHUSDT|LINKUSDT|BNBUSDT|SOLUSDT,0.095778018714|0.095778018714|0.095778018714|0.095778018714,0.274617116730|0.207792207792|0.150189659297|0.110642204349,152549.182377222460|9800.504998206190|18840.252964205421|66331.373801735783,0.383112074854,0.014796077198,-0.000085339172,0.000000000000,0.014710738025,0.014710738025,3.357752749287,3.254079731331,
2024-06-13T00:00:00Z,,hold,ETHUSDT|LINKUSDT|BNBUSDT|SOLUSDT,0.095778018714|0.095778018714|0.095778018714|0.095778018714,0.274617116730|0.207792207792|0.150189659297|0.110642204349,152549.182377222460|9800.504998206190|18840.252964205421|66331.373801735783,0.383112074854,-0.015599480558,-0.000086200217,0.000000000000,-0.015685680775,-0.015685680775,3.305084111540,3.203037275449,
2024-06-14T00:00:00Z,,hold,ETHUSDT|LINKUSDT|BNBUSDT|SOLUSDT,0.095778018714|0.095778018714|0.095778018714|0.095778018714,0.274617116730|0.207792207792|0.150189659297|0.110642204349,152549.182377222460|9800.504998206190|18840.252964205421|66331.373801735783,0.383112074854,-0.004462478632,-0.000084451310,0.000000000000,-0.004546929942,-0.004546929942,3.290056125633,3.188473289356,
2024-06-15T00:00:00Z,,hold,ETHUSDT|LINKUSDT|BNBUSDT|SOLUSDT,0.095778018714|0.095778018714|0.095778018714|0.095778018714,0.274617116730|0.207792207792|0.150189659297|0.110642204349,152549.182377222460|9800.504998206190|18840.252964205421|66331.373801735783,0.383112074854,0.005600995487,-0.000086200217,0.000000000000,0.005514795270,0.005514795270,3.308200111592,3.206057066771,
2024-06-16T00:00:00Z,,hold,ETHUSDT|LINKUSDT|BNBUSDT|SOLUSDT,0.095778018714|0.095778018714|0.095778018714|0.095778018714,0.274617116730|0.207792207792|0.150189659297|0.110642204349,152549.182377222460|9800.504998206190|18840.252964205421|66331.373801735783,0.383112074854,0.007526645122,-0.000058945624,0.000000000000,0.007467699499,0.007467699499,3.332904755907,3.229998937521,
2024-06-17T00:00:00Z,2024-06-17T00:00:00Z,active,ETHUSDT|BNBUSDT|LTCUSDT|XRPUSDT,0.112146612978|0.112146612978|0.112146612978|0.112146612978,0.172296860035|0.051901743265|-0.061452513966|-0.065379468553,516267.472281732305|21213.310023843849|7238.879525356832|10952.787699978904,0.448586451912,-0.004615733347,-0.000096283475,0.448586451912,-0.005250320563,-0.005609189725,3.315405937531,3.211881260669,
2024-06-18T00:00:00Z,,hold,ETHUSDT|BNBUSDT|LTCUSDT|XRPUSDT,0.112146612978|0.112146612978|0.112146612978|0.112146612978,0.172296860035|0.051901743265|-0.061452513966|-0.065379468553,516267.472281732305|21213.310023843849|7238.879525356832|10952.787699978904,0.448586451912,-0.012572825192,-0.000059021641,0.000000000000,-0.012631846833,-0.012631846833,3.273526237538,3.171309268537,
2024-06-19T00:00:00Z,,hold,ETHUSDT|BNBUSDT|LTCUSDT|XRPUSDT,0.112146612978|0.112146612978|0.112146612978|0.112146612978,0.172296860035|0.051901743265|-0.061452513966|-0.065379468553,516267.472281732305|21213.310023843849|7238.879525356832|10952.787699978904,0.448586451912,0.006703195424,-0.000065222227,0.000000000000,0.006637973197,0.006637973197,3.295255816962,3.192360334461,
2024-06-20T00:00:00Z,,hold,ETHUSDT|BNBUSDT|LTCUSDT|XRPUSDT,0.112146612978|0.112146612978|0.112146612978|0.112146612978,0.172296860035|0.051901743265|-0.061452513966|-0.065379468553,516267.472281732305|21213.310023843849|7238.879525356832|10952.787699978904,0.448586451912,-0.003320019337,-0.000068952224,0.000000000000,-0.003388971561,-0.003388971561,3.284088288713,3.181541516076,
2024-06-21T00:00:00Z,,hold,ETHUSDT|BNBUSDT|LTCUSDT|XRPUSDT,0.112146612978|0.112146612978|0.112146612978|0.112146612978,0.172296860035|0.051901743265|-0.061452513966|-0.065379468553,516267.472281732305|21213.310023843849|7238.879525356832|10952.787699978904,0.448586451912,-0.000727817532,-0.000037044269,0.000000000000,-0.000764861801,-0.000764861801,3.281576415030,3.179108076502,
2024-06-22T00:00:00Z,,hold,ETHUSDT|BNBUSDT|LTCUSDT|XRPUSDT,0.112146612978|0.112146612978|0.112146612978|0.112146612978,0.172296860035|0.051901743265|-0.061452513966|-0.065379468553,516267.472281732305|21213.310023843849|7238.879525356832|10952.787699978904,0.448586451912,0.000305962924,-0.000077661529,0.000000000000,0.000228301394,0.000228301394,3.282325603501,3.179833871308,
2024-06-23T00:00:00Z,,hold,ETHUSDT|BNBUSDT|LTCUSDT|XRPUSDT,0.112146612978|0.112146612978|0.112146612978|0.112146612978,0.172296860035|0.051901743265|-0.061452513966|-0.065379468553,516267.472281732305|21213.310023843849|7238.879525356832|10952.787699978904,0.448586451912,-0.008372681108,-0.000070091633,0.000000000000,-0.008442772741,-0.008442772741,3.254613674368,3.152987256578,
2024-06-24T00:00:00Z,2024-06-24T00:00:00Z,active,BNBUSDT|ETHUSDT|XRPUSDT|LTCUSDT,0.158438293134|0.158438293134|0.158438293134|0.158438293134,-0.038547997669|-0.083180278903|-0.105891126025|-0.137566137566,54235.291503616114|732986.411447587889|17805.768489820664|9394.999182610594,0.633753172537,-0.015648091763,-0.000100449878,0.185166720624,-0.015970741706,-0.016118875082,3.202635080023,3.102164648854,
2024-06-25T00:00:00Z,,hold,BNBUSDT|ETHUSDT|XRPUSDT|LTCUSDT,0.158438293134|0.158438293134|0.158438293134|0.158438293134,-0.038547997669|-0.083180278903|-0.105891126025|-0.137566137566,54235.291503616114|732986.411447587889|17805.768489820664|9394.999182610594,0.633753172537,0.009119242579,-0.000119479901,0.000000000000,0.008999762678,0.008999762678,3.231458035688,3.130083394482,
2024-06-26T00:00:00Z,,hold,BNBUSDT|ETHUSDT|XRPUSDT|LTCUSDT,0.158438293134|0.158438293134|0.158438293134|0.158438293134,-0.038547997669|-0.083180278903|-0.105891126025|-0.137566137566,54235.291503616114|732986.411447587889|17805.768489820664|9394.999182610594,0.633753172537,-0.005136064158,-0.000136272776,0.000000000000,-0.005272336934,-0.005272336934,3.214420700135,3.113580540194,
2024-06-27T00:00:00Z,,hold,BNBUSDT|ETHUSDT|XRPUSDT|LTCUSDT,0.158438293134|0.158438293134|0.158438293134|0.158438293134,-0.038547997669|-0.083180278903|-0.105891126025|-0.137566137566,54235.291503616114|732986.411447587889|17805.768489820664|9394.999182610594,0.633753172537,0.013125306014,-0.000136114338,0.000000000000,0.012989191676,0.012989191676,3.256173426736,3.154023434629,
2024-06-28T00:00:00Z,,hold,BNBUSDT|ETHUSDT|XRPUSDT|LTCUSDT,0.158438293134|0.158438293134|0.158438293134|0.158438293134,-0.038547997669|-0.083180278903|-0.105891126025|-0.137566137566,54235.291503616114|732986.411447587889|17805.768489820664|9394.999182610594,0.633753172537,-0.009091688789,-0.000142594464,0.000000000000,-0.009234283253,-0.009234283253,3.226104998992,3.124898288847,
2024-06-29T00:00:00Z,,hold,BNBUSDT|ETHUSDT|XRPUSDT|LTCUSDT,0.158438293134|0.158438293134|0.158438293134|0.158438293134,-0.038547997669|-0.083180278903|-0.105891126025|-0.137566137566,54235.291503616114|732986.411447587889|17805.768489820664|9394.999182610594,0.633753172537,0.005345591358,-0.000135509103,0.000000000000,0.005210082255,0.005210082255,3.242913271400,3.141179265970,
2024-06-30T00:00:00Z,,hold,BNBUSDT|ETHUSDT|XRPUSDT|LTCUSDT,0.158438293134|0.158438293134|0.158438293134|0.158438293134,-0.038547997669|-0.083180278903|-0.105891126025|-0.137566137566,54235.291503616114|732986.411447587889|17805.768489820664|9394.999182610594,0.633753172537,0.008164583394,-0.000098966895,0.000000000000,0.008065616499,0.008065616499,3.269069366186,3.166514813283,
2024-07-01T00:00:00Z,2024-07-01T00:00:00Z,active,BNBUSDT|XRPUSDT|ETHUSDT|LTCUSDT,0.146246231803|0.146246231803|0.146246231803|0.146246231803,-0.019190949952|-0.080903649353|-0.087032289771|-0.095855855856,44919.383411041017|19862.824871793964|597732.502351769363|13764.733755618656,0.584984927212,-0.002744507725,-0.000133889888,0.048768245324,-0.002936919507,-0.002975934103,3.259468372595,3.157091473862,
2024-07-02T00:00:00Z,,hold,BNBUSDT|XRPUSDT|ETHUSDT|LTCUSDT,0.146246231803|0.146246231803|0.146246231803|0.146246231803,-0.019190949952|-0.080903649353|-0.087032289771|-0.095855855856,44919.383411041017|19862.824871793964|597732.502351769363|13764.733755618656,0.584984927212,0.005773941090,-0.000134192617,0.000000000000,0.005639748473,0.005639748473,3.277850954371,3.174896675680,
2024-07-03T00:00:00Z,,hold,BNBUSDT|XRPUSDT|ETHUSDT|LTCUSDT,0.146246231803|0.146246231803|0.146246231803|0.146246231803,-0.019190949952|-0.080903649353|-0.087032289771|-0.095855855856,44919.383411041017|19862.824871793964|597732.502351769363|13764.733755618656,0.584984927212,-0.024384104199,-0.000152039045,0.000000000000,-0.024536143244,-0.024536143244,3.197425133822,3.096996956060,
2024-07-04T00:00:00Z,,hold,BNBUSDT|XRPUSDT|ETHUSDT|LTCUSDT,0.146246231803|0.146246231803|0.146246231803|0.146246231803,-0.019190949952|-0.080903649353|-0.087032289771|-0.095855855856,44919.383411041017|19862.824871793964|597732.502351769363|13764.733755618656,0.584984927212,-0.046219045632,-0.000109594001,0.000000000000,-0.046328639633,-0.046328639633,3.049292777043,2.953517300138,
2024-07-05T00:00:00Z,,hold,BNBUSDT|XRPUSDT|ETHUSDT|LTCUSDT,0.146246231803|0.146246231803|0.146246231803|0.146246231803,-0.019190949952|-0.080903649353|-0.087032289771|-0.095855855856,44919.383411041017|19862.824871793964|597732.502351769363|13764.733755618656,0.584984927212,-0.018920672163,-0.000003590345,0.000000000000,-0.018924262508,-0.018924262508,2.991587160066,2.897624163428,
2024-07-06T00:00:00Z,,hold,BNBUSDT|XRPUSDT|ETHUSDT|LTCUSDT,0.146246231803|0.146246231803|0.146246231803|0.146246231803,-0.019190949952|-0.080903649353|-0.087032289771|-0.095855855856,44919.383411041017|19862.824871793964|597732.502351769363|13764.733755618656,0.584984927212,0.029232733155,-0.000044113713,0.000000000000,0.029188619441,0.029188619441,3.078907459207,2.982201812418,
2024-07-07T00:00:00Z,,hold,BNBUSDT|XRPUSDT|ETHUSDT|LTCUSDT,0.146246231803|0.146246231803|0.146246231803|0.146246231803,-0.019190949952|-0.080903649353|-0.087032289771|-0.095855855856,44919.383411041017|19862.824871793964|597732.502351769363|13764.733755618656,0.584984927212,-0.033338246625,-0.000073048530,0.000000000000,-0.033411295156,-0.033411295156,2.976037173330,2.882562587450,
2024-07-08T00:00:00Z,2024-07-08T00:00:00Z,active,DOTUSDT|XRPUSDT|SOLUSDT|ETHUSDT,0.082208004481|0.082208004481|0.082208004481|0.082208004481,-0.112263300271|-0.159350571257|-0.190279589476|-0.203700180987,17746.306057359187|41394.373521194546|454161.739202149794|1157343.649040694581,0.328832017924,0.010345602407,-0.000045618044,0.584984927212,0.009598002450,0.009130014508,3.004601185412,2.908880425695,
2024-07-09T00:00:00Z,,hold,DOTUSDT|XRPUSDT|SOLUSDT|ETHUSDT,0.082208004481|0.082208004481|0.082208004481|0.082208004481,-0.112263300271|-0.159350571257|-0.190279589476|-0.203700180987,17746.306057359187|41394.373521194546|454161.739202149794|1157343.649040694581,0.328832017924,0.005463875834,-0.000047798200,0.000000000000,0.005416077634,0.005416077634,3.020874338693,2.924635147910,
2024-07-10T00:00:00Z,,hold,DOTUSDT|XRPUSDT|SOLUSDT|ETHUSDT,0.082208004481|0.082208004481|0.082208004481|0.082208004481,-0.112263300271|-0.159350571257|-0.190279589476|-0.203700180987,17746.306057359187|41394.373521194546|454161.739202149794|1157343.649040694581,0.328832017924,0.001488154362,-0.000078332719,0.000000000000,0.001409821642,0.001409821642,3.025133232714,2.928758361837,
2024-07-11T00:00:00Z,,hold,DOTUSDT|XRPUSDT|SOLUSDT|ETHUSDT,0.082208004481|0.082208004481|0.082208004481|0.082208004481,-0.112263300271|-0.159350571257|-0.190279589476|-0.203700180987,17746.306057359187|41394.373521194546|454161.739202149794|1157343.649040694581,0.328832017924,-0.004288964513,-0.000062555359,0.000000000000,-0.004351519872,-0.004351519872,3.011969305336,2.916013811625,
2024-07-12T00:00:00Z,,hold,DOTUSDT|XRPUSDT|SOLUSDT|ETHUSDT,0.082208004481|0.082208004481|0.082208004481|0.082208004481,-0.112263300271|-0.159350571257|-0.190279589476|-0.203700180987,17746.306057359187|41394.373521194546|454161.739202149794|1157343.649040694581,0.328832017924,0.010594899775,-0.000051895447,0.000000000000,0.010543004328,0.010543004328,3.043724510760,2.946757357863,
2024-07-13T00:00:00Z,,hold,DOTUSDT|XRPUSDT|SOLUSDT|ETHUSDT,0.082208004481|0.082208004481|0.082208004481|0.082208004481,-0.112263300271|-0.159350571257|-0.190279589476|-0.203700180987,17746.306057359187|41394.373521194546|454161.739202149794|1157343.649040694581,0.328832017924,0.013172120542,-0.000067045560,0.000000000000,0.013105074982,0.013105074982,3.083612748698,2.985374833992,
2024-07-14T00:00:00Z,,hold,DOTUSDT|XRPUSDT|SOLUSDT|ETHUSDT,0.082208004481|0.082208004481|0.082208004481|0.082208004481,-0.112263300271|-0.159350571257|-0.190279589476|-0.203700180987,17746.306057359187|41394.373521194546|454161.739202149794|1157343.649040694581,0.328832017924,0.005439674401,-0.000075790026,0.000000000000,0.005363884376,0.005363884376,3.100152890941,3.001388039419,
2024-07-15T00:00:00Z,2024-07-15T00:00:00Z,active,XRPUSDT|ADAUSDT|SOLUSDT|DOTUSDT,0.075107508481|0.075107508481|0.075107508481|0.075107508481,0.096311907271|0.047827142510|0.032180676207|0.025324675325,92649.604518367341|20908.542155904877|221222.796289806982|15705.274625089227,0.300430033924,0.012663169478,-0.000036276176,0.178617000962,0.012412552902,0.012269659301,3.138633702703,3.038214048093,
2024-07-16T00:00:00Z,,hold,XRPUSDT|ADAUSDT|SOLUSDT|DOTUSDT,0.075107508481|0.075107508481|0.075107508481|0.075107508481,0.096311907271|0.047827142510|0.032180676207|0.025324675325,92649.604518367341|20908.542155904877|221222.796289806982|15705.274625089227,0.300430033924,0.003581630796,-0.000073215550,0.000000000000,0.003508415246,0.003508415246,3.149645333037,3.048873364580,
2024-07-17T00:00:00Z,,hold,XRPUSDT|ADAUSDT|SOLUSDT|DOTUSDT,0.075107508481|0.075107508481|0.075107508481|0.075107508481,0.096311907271|0.047827142510|0.032180676207|0.025324675325,92649.604518367341|20908.542155904877|221222.796289806982|15705.274625089227,0.300430033924,0.002302911155,-0.000080961388,0.000000000000,0.002221949767,0.002221949767,3.156643686752,3.055647808042,
2024-07-18T00:00:00Z,,hold,XRPUSDT|ADAUSDT|SOLUSDT|DOTUSDT,0.075107508481|0.075107508481|0.075107508481|0.075107508481,0.096311907271|0.047827142510|0.032180676207|0.025324675325,92649.604518367341|20908.542155904877|221222.796289806982|15705.274625089227,0.300430033924,-0.009070423503,-0.000072737116,0.000000000000,-0.009143160618,-0.009143160618,3.127781986509,3.027709529340,
2024-07-19T00:00:00Z,,hold,XRPUSDT|ADAUSDT|SOLUSDT|DOTUSDT,0.075107508481|0.075107508481|0.075107508481|0.075107508481,0.096311907271|0.047827142510|0.032180676207|0.025324675325,92649.604518367341|20908.542155904877|221222.796289806982|15705.274625089227,0.300430033924,0.010971358937,-0.000049908939,0.000000000000,0.010921449998,0.010921449998,3.161941901079,3.060776507572,
2024-07-20T00:00:00Z,,hold,XRPUSDT|ADAUSDT|SOLUSDT|DOTUSDT,0.075107508481|0.075107508481|0.075107508481|0.075107508481,0.096311907271|0.047827142510|0.032180676207|0.025324675325,92649.604518367341|20908.542155904877|221222.796289806982|15705.274625089227,0.300430033924,0.004312116522,-0.000074291090,0.000000000000,0.004237825432,0.004237825432,3.175341658882,3.073747544098,
2024-07-21T00:00:00Z,,hold,XRPUSDT|ADAUSDT|SOLUSDT|DOTUSDT,0.075107508481|0.075107508481|0.075107508481|0.075107508481,0.096311907271|0.047827142510|0.032180676207|0.025324675325,92649.604518367341|20908.542155904877|221222.796289806982|15705.274625089227,0.300430033924,0.008148501351,-0.000073653427,0.000000000000,0.008074847924,0.008074847924,3.200982059882,3.098567588072,
2024-07-22T00:00:00Z,2024-07-22T00:00:00Z,active,SOLUSDT|XRPUSDT|ADAUSDT|AVAXUSDT,0.073542173153|0.073542173153|0.073542173153|0.073542173153,0.371199845392|0.224222585925|0.188664183076|0.187768474700,354145.380596617353|60750.235779341929|34273.491593086357|42415.532939596567,0.294168692610,-0.006252476500,-0.000074846811,0.153345687619,-0.006511338136,-0.006634014687,3.180139383322,3.078011645186,
2024-07-23T00:00:00Z,,hold,SOLUSDT|XRPUSDT|ADAUSDT|AVAXUSDT,0.073542173153|0.073542173153|0.073542173153|0.073542173153,0.371199845392|0.224222585925|0.188664183076|0.187768474700,354145.380596617353|60750.235779341929|34273.491593086357|42415.532939596567,0.294168692610,-0.011244980257,-0.000050043243,0.000000000000,-0.011295023499,-0.011295023499,3.144219634256,3.043245431322,
2024-07-24T00:00:00Z,,hold,SOLUSDT|XRPUSDT|ADAUSDT|AVAXUSDT,0.073542173153|0.073542173153|0.073542173153|0.073542173153,0.371199845392|0.224222585925|0.188664183076|0.187768474700,354145.380596617353|60750.235779341929|34273.491593086357|42415.532939596567,0.294168692610,0.000419442378,-0.000046329363,0.000000000000,0.000373113015,0.000373113015,3.145392783524,3.044380905801,
2024-07-25T00:00:00Z,,hold,SOLUSDT|XRPUSDT|ADAUSDT|AVAXUSDT,0.073542173153|0.073542173153|0.073542173153|0.073542173153,0.371199845392|0.224222585925|0.188664183076|0.187768474700,354145.380596617353|60750.235779341929|34273.491593086357|42415.532939596567,0.294168692610,-0.009729810237,-0.000049524035,0.000000000000,-0.009779334272,-0.009779334272,3.114632936078,3.014608887272,
2024-07-26T00:00:00Z,,hold,SOLUSDT|XRPUSDT|ADAUSDT|AVAXUSDT,0.073542173153|0.073542173153|0.073542173153|0.073542173153,0.371199845392|0.224222585925|0.188664183076|0.187768474700,354145.380596617353|60750.235779341929|34273.491593086357|42415.532939596567,0.294168692610,0.013445138863,0.000009705361,0.000000000000,0.013454844224,0.013454844224,3.156539837047,3.055169980246,
2024-07-27T00:00:00Z,,hold,SOLUSDT|XRPUSDT|ADAUSDT|AVAXUSDT,0.073542173153|0.073542173153|0.073542173153|0.073542173153,0.371199845392|0.224222585925|0.188664183076|0.187768474700,354145.380596617353|60750.235779341929|34273.491593086357|42415.532939596567,0.294168692610,-0.002234248408,-0.000053126130,0.000000000000,-0.002287374538,-0.002287374538,3.149319648194,3.048181662223,
2024-07-28T00:00:00Z,,hold,SOLUSDT|XRPUSDT|ADAUSDT|AVAXUSDT,0.073542173153|0.073542173153|0.073542173153|0.073542173153,0.371199845392|0.224222585925|0.188664183076|0.187768474700,354145.380596617353|60750.235779341929|34273.491593086357|42415.532939596567,0.294168692610,-0.002499843063,-0.000037593288,0.000000000000,-0.002537436351,-0.002537436351,3.141328450038,3.040447095268,
2024-07-29T00:00:00Z,2024-07-29T00:00:00Z,active,SOLUSDT|XRPUSDT|DOGEUSDT|ADAUSDT,0.069712298741|0.069712298741|0.069712298741|0.069712298741,0.320245749393|0.274655355249|0.056499471588|0.055497925311,134020.562776528823|27384.039414777595|20914.332546858444|9758.116355718928,0.278849194964,-0.002318921051,-0.000056661459,0.154744095128,-0.002561275425,-0.002685070701,3.133282642679,3.032283279856,
2024-07-30T00:00:00Z,,hold,SOLUSDT|XRPUSDT|DOGEUSDT|ADAUSDT,0.069712298741|0.069712298741|0.069712298741|0.069712298741,0.320245749393|0.274655355249|0.056499471588|0.055497925311,134020.562776528823|27384.039414777595|20914.332546858444|9758.116355718928,0.278849194964,-0.000260583918,-0.000065318333,0.000000000000,-0.000325902250,-0.000325902250,3.132261498814,3.031295051912,
2024-07-31T00:00:00Z,,hold,SOLUSDT|XRPUSDT|DOGEUSDT|ADAUSDT,0.069712298741|0.069712298741|0.069712298741|0.069712298741,0.320245749393|0.274655355249|0.056499471588|0.055497925311,134020.562776528823|27384.039414777595|20914.332546858444|9758.116355718928,0.278849194964,-0.007657924689,-0.000051087264,0.000000000000,-0.007709011953,-0.007709011953,3.108114857479,3.007926762122,
2024-08-01T00:00:00Z,,hold,SOLUSDT|XRPUSDT|DOGEUSDT|ADAUSDT,0.069712298741|0.069712298741|0.069712298741|0.069712298741,0.320245749393|0.274655355249|0.056499471588|0.055497925311,134020.562776528823|27384.039414777595|20914.332546858444|9758.116355718928,0.278849194964,-0.005620596363,-0.000035132210,0.000000000000,-0.005655728573,-0.005655728573,3.090536203471,2.990914744788,
2024-08-02T00:00:00Z,,hold,SOLUSDT|XRPUSDT|DOGEUSDT|ADAUSDT,0.069712298741|0.069712298741|0.069712298741|0.069712298741,0.320245749393|0.274655355249|0.056499471588|0.055497925311,134020.562776528823|27384.039414777595|20914.332546858444|9758.116355718928,0.278849194964,-0.019749089216,-0.000037609785,0.000000000000,-0.019786699001,-0.019786699001,3.029384693860,2.931734414994,
2024-08-03T00:00:00Z,,hold,SOLUSDT|XRPUSDT|DOGEUSDT|ADAUSDT,0.069712298741|0.069712298741|0.069712298741|0.069712298741,0.320245749393|0.274655355249|0.056499471588|0.055497925311,134020.562776528823|27384.039414777595|20914.332546858444|9758.116355718928,0.278849194964,-0.007238147671,-0.000041782066,0.000000000000,-0.007279929737,-0.007279929737,3.007330986141,2.910391594444,
2024-08-04T00:00:00Z,,hold,SOLUSDT|XRPUSDT|DOGEUSDT|ADAUSDT,0.069712298741|0.069712298741|0.069712298741|0.069712298741,0.320245749393|0.274655355249|0.056499471588|0.055497925311,134020.562776528823|27384.039414777595|20914.332546858444|9758.116355718928,0.278849194964,-0.012899210142,-0.000020477291,0.000000000000,-0.012919687432,-0.012919687432,2.968477209794,2.872790244738,
2024-08-05T00:00:00Z,2024-08-05T00:00:00Z,active,XRPUSDT|SOLUSDT|LTCUSDT|BNBUSDT,0.085359326626|0.085359326626|0.085359326626|0.085359326626,0.230171805131|0.030254041570|0.010032362460|-0.001246130964,65392.151341849763|504850.435083466116|10286.917429059909|60558.384096355439,0.341437306503,-0.025152276037,-0.000017752179,0.341437306503,-0.025579752984,-0.025852902830,2.892544296028,2.798520277691,
2024-08-06T00:00:00Z,,hold,XRPUSDT|SOLUSDT|LTCUSDT|BNBUSDT,0.085359326626|0.085359326626|0.085359326626|0.085359326626,0.230171805131|0.030254041570|0.010032362460|-0.001246130964,65392.151341849763|504850.435083466116|10286.917429059909|60558.384096355439,0.341437306503,0.019643332159,0.000006252571,0.000000000000,0.019649584730,0.019649584730,2.949381590258,2.853510039006,
2024-08-07T00:00:00Z,,hold,XRPUSDT|SOLUSDT|LTCUSDT|BNBUSDT,0.085359326626|0.085359326626|0.085359326626|0.085359326626,0.230171805131|0.030254041570|0.010032362460|-0.001246130964,65392.151341849763|504850.435083466116|10286.917429059909|60558.384096355439,0.341437306503,0.011151610676,-0.000004710981,0.000000000000,0.011146899695,0.011146899695,2.982258051006,2.885317829189,
2024-08-08T00:00:00Z,,hold,XRPUSDT|SOLUSDT|LTCUSDT|BNBUSDT,0.085359326626|0.085359326626|0.085359326626|0.085359326626,0.230171805131|0.030254041570|0.010032362460|-0.001246130964,65392.151341849763|504850.435083466116|10286.917429059909|60558.384096355439,0.341437306503,0.028529946287,-0.000012679274,0.000000000000,0.028517267013,0.028517267013,3.067303900148,2.967599208141,
2024-08-09T00:00:00Z,,hold,XRPUSDT|SOLUSDT|LTCUSDT|BNBUSDT,0.085359326626|0.085359326626|0.085359326626|0.085359326626,0.230171805131|0.030254041570|0.010032362460|-0.001246130964,65392.151341849763|504850.435083466116|10286.917429059909|60558.384096355439,0.341437306503,-0.010591316891,-0.000032678965,0.000000000000,-0.010623995856,-0.010623995856,3.034716876225,2.936071446452,
2024-08-10T00:00:00Z,,hold,XRPUSDT|SOLUSDT|LTCUSDT|BNBUSDT,0.085359326626|0.085359326626|0.085359326626|0.085359326626,0.230171805131|0.030254041570|0.010032362460|-0.001246130964,65392.151341849763|504850.435083466116|10286.917429059909|60558.384096355439,0.341437306503,0.002378044452,-0.000017459397,0.000000000000,0.002360585056,0.002360585056,3.041880583531,2.943002292831,
2024-08-11T00:00:00Z,,hold,XRPUSDT|SOLUSDT|LTCUSDT|BNBUSDT,0.085359326626|0.085359326626|0.085359326626|0.085359326626,0.230171805131|0.030254041570|0.010032362460|-0.001246130964,65392.151341849763|504850.435083466116|10286.917429059909|60558.384096355439,0.341437306503,-0.016673522770,-0.000028155774,0.000000000000,-0.016701678543,-0.016701678543,2.991076071857,2.893849214583,
2024-08-12T00:00:00Z,2024-08-12T00:00:00Z,active,XRPUSDT|SOLUSDT|BNBUSDT|DOGEUSDT,0.067180321801|0.067180321801|0.067180321801|0.067180321801,0.165120202446|0.015160103028|-0.056937969256|-0.065619481364,54885.426781661954|366280.936723130173|26617.481015976209|33126.476349254852,0.268721287205,0.010986885542,-0.000020797012,0.207076662900,0.010717596534,0.010551935204,3.023133218399,2.924384923986,
2024-08-13T00:00:00Z,,hold,XRPUSDT|SOLUSDT|BNBUSDT|DOGEUSDT,0.067180321801|0.067180321801|0.067180321801|0.067180321801,0.165120202446|0.015160103028|-0.056937969256|-0.065619481364,54885.426781661954|366280.936723130173|26617.481015976209|33126.476349254852,0.268721287205,0.000946439206,-0.000024248065,0.000000000000,0.000922191141,0.000922191141,3.025921125071,2.927081765856,
2024-08-14T00:00:00Z,,hold,XRPUSDT|SOLUSDT|BNBUSDT|DOGEUSDT,0.067180321801|0.067180321801|0.067180321801|0.067180321801,0.165120202446|0.015160103028|-0.056937969256|-0.065619481364,54885.426781661954|366280.936723130173|26617.481015976209|33126.476349254852,0.268721287205,-0.004914604708,-0.000007609515,0.000000000000,-0.004922214223,-0.004922214223,3.011026893070,2.912674042355,
2024-08-15T00:00:00Z,,hold,XRPUSDT|SOLUSDT|BNBUSDT|DOGEUSDT,0.067180321801|0.067180321801|0.067180321801|0.067180321801,0.165120202446|0.015160103028|-0.056937969256|-0.065619481364,54885.426781661954|366280.936723130173|26617.481015976209|33126.476349254852,0.268721287205,-0.003463667982,-0.000027785781,0.000000000000,-0.003491453763,-0.003491453763,3.000514031892,2.902504575608,
2024-08-16T00:00:00Z,,hold,XRPUSDT|SOLUSDT|BNBUSDT|DOGEUSDT,0.067180321801|0.067180321801|0.067180321801|0.067180321801,0.165120202446|0.015160103028|-0.056937969256|-0.065619481364,54885.426781661954|366280.936723130173|26617.481015976209|33126.476349254852,0.268721287205,-0.001147374566,0.000010792519,0.000000000000,-0.001136582047,-0.001136582047,2.997103701511,2.899205641015,
2024-08-17T00:00:00Z,,hold,XRPUSDT|SOLUSDT|BNBUSDT|DOGEUSDT,0.067180321801|0.067180321801|0.067180321801|0.067180321801,0.165120202446|0.015160103028|-0.056937969256|-0.065619481364,54885.426781661954|366280.936723130173|26617.481015976209|33126.476349254852,0.268721287205,0.006214642169,-0.000017613337,0.000000000000,0.006197028832,0.006197028832,3.015676839562,2.917172101962,
2024-08-18T00:00:00Z,,hold,XRPUSDT|SOLUSDT|BNBUSDT|DOGEUSDT,0.067180321801|0.067180321801|0.067180321801|0.067180321801,0.165120202446|0.015160103028|-0.056937969256|-0.065619481364,54885.426781661954|366280.936723130173|26617.481015976209|33126.476349254852,0.268721287205,-0.003220837653,-0.000008850336,0.000000000000,-0.003229687989,-0.003229687989,3.005937144295,2.907750546263,
2024-08-19T00:00:00Z,2024-08-19T00:00:00Z,active,XRPUSDT|LTCUSDT|BNBUSDT|SOLUSDT,0.078885183842|0.078885183842|0.078885183842|0.078885183842,-0.017629603770|-0.096101417666|-0.104971444937|-0.157987507689,66032.200985017291|20132.397274194609|51648.341937776902|501020.501226529712,0.315540735370,0.010005417478,-0.000028921675,0.181180091767,0.009759079693,0.009614135619,3.035272324438,2.935706054362,
2024-08-20T00:00:00Z,,hold,XRPUSDT|LTCUSDT|BNBUSDT|SOLUSDT,0.078885183842|0.078885183842|0.078885183842|0.078885183842,-0.017629603770|-0.096101417666|-0.104971444937|-0.157987507689,66032.200985017291|20132.397274194609|51648.341937776902|501020.501226529712,0.315540735370,-0.002471103862,-0.000026323986,0.000000000000,-0.002497427848,-0.002497427848,3.027691950809,2.928374340309,
2024-08-21T00:00:00Z,,hold,XRPUSDT|LTCUSDT|BNBUSDT|SOLUSDT,0.078885183842|0.078885183842|0.078885183842|0.078885183842,-0.017629603770|-0.096101417666|-0.104971444937|-0.157987507689,66032.200985017291|20132.397274194609|51648.341937776902|501020.501226529712,0.315540735370,0.000997301538,-0.000014944009,0.000000000000,0.000982357529,0.000982357529,3.030666226791,2.931251050889,
2024-08-22T00:00:00Z,,hold,XRPUSDT|LTCUSDT|BNBUSDT|SOLUSDT,0.078885183842|0.078885183842|0.078885183842|0.078885183842,-0.017629603770|-0.096101417666|-0.104971444937|-0.157987507689,66032.200985017291|20132.397274194609|51648.341937776902|501020.501226529712,0.315540735370,0.001111041516,-0.000026586674,0.000000000000,0.001084454842,0.001084454842,3.033952847456,2.934429860285,
2024-08-23T00:00:00Z,,hold,XRPUSDT|LTCUSDT|BNBUSDT|SOLUSDT,0.078885183842|0.078885183842|0.078885183842|0.078885183842,-0.017629603770|-0.096101417666|-0.104971444937|-0.157987507689,66032.200985017291|20132.397274194609|51648.341937776902|501020.501226529712,0.315540735370,0.011348241065,0.000028237740,0.000000000000,0.011376478806,0.011376478806,3.068468547723,2.967813339397,
2024-08-24T00:00:00Z,,hold,XRPUSDT|LTCUSDT|BNBUSDT|SOLUSDT,0.078885183842|0.078885183842|0.078885183842|0.078885183842,-0.017629603770|-0.096101417666|-0.104971444937|-0.157987507689,66032.200985017291|20132.397274194609|51648.341937776902|501020.501226529712,0.315540735370,0.003094437725,0.000008290044,0.000000000000,0.003102727769,0.003102727769,3.077989170295,2.977021656260,
2024-08-25T00:00:00Z,,hold,XRPUSDT|LTCUSDT|BNBUSDT|SOLUSDT,0.078885183842|0.078885183842|0.078885183842|0.078885183842,-0.017629603770|-0.096101417666|-0.104971444937|-0.157987507689,66032.200985017291|20132.397274194609|51648.341937776902|501020.501226529712,0.315540735370,-0.005488511319,-0.000001027874,0.000000000000,-0.005489539193,-0.005489539193,3.061092428108,2.960679179198,
2024-08-26T00:00:00Z,2024-08-26T00:00:00Z,active,XRPUSDT|BNBUSDT|AVAXUSDT|ADAUSDT,0.074688603208|0.074688603208|0.074688603208|0.074688603208,-0.005968169761|-0.013011152416|-0.062558812254|-0.077697841727,37265.501065223922|50855.858967391454|37361.204009999448|16317.333979972536,0.298754412832,-0.011179296782,-0.000017801282,0.315540735370,-0.011575746946,-0.011828179534,3.025657996782,2.925659734323,
2024-08-27T00:00:00Z,,hold,XRPUSDT|BNBUSDT|AVAXUSDT|ADAUSDT,0.074688603208|0.074688603208|0.074688603208|0.074688603208,-0.005968169761|-0.013011152416|-0.062558812254|-0.077697841727,37265.501065223922|50855.858967391454|37361.204009999448|16317.333979972536,0.298754412832,-0.013269990827,-0.000015119214,0.000000000000,-0.013285110041,-0.013285110041,2.985461797349,2.886792022811,
2024-08-28T00:00:00Z,,hold,XRPUSDT|BNBUSDT|AVAXUSDT|ADAUSDT,0.074688603208|0.074688603208|0.074688603208|0.074688603208,-0.005968169761|-0.013011152416|-0.062558812254|-0.077697841727,37265.501065223922|50855.858967391454|37361.204009999448|16317.333979972536,0.298754412832,-0.001127962059,0.000023295375,0.000000000000,-0.001104666684,-0.001104666684,2.982163857165,2.883603079839,
2024-08-29T00:00:00Z,,hold,XRPUSDT|BNBUSDT|AVAXUSDT|ADAUSDT,0.074688603208|0.074688603208|0.074688603208|0.074688603208,-0.005968169761|-0.013011152416|-0.062558812254|-0.077697841727,37265.501065223922|50855.858967391454|37361.204009999448|16317.333979972536,0.298754412832,-0.001145298587,0.000008773670,0.000000000000,-0.001136524917,-0.001136524917,2.978774553636,2.880325793090,
2024-08-30T00:00:00Z,,hold,XRPUSDT|BNBUSDT|AVAXUSDT|ADAUSDT,0.074688603208|0.074688603208|0.074688603208|0.074688603208,-0.005968169761|-0.013011152416|-0.062558812254|-0.077697841727,37265.501065223922|50855.858967391454|37361.204009999448|16317.333979972536,0.298754412832,-0.000518773166,-0.000005340982,0.000000000000,-0.000524114148,-0.000524114148,2.977213335749,2.878816173591,
2024-08-31T00:00:00Z,,hold,XRPUSDT|BNBUSDT|AVAXUSDT|ADAUSDT,0.074688603208|0.074688603208|0.074688603208|0.074688603208,-0.005968169761|-0.013011152416|-0.062558812254|-0.077697841727,37265.501065223922|50855.858967391454|37361.204009999448|16317.333979972536,0.298754412832,-0.002344131722,-0.000043056486,0.000000000000,-0.002387188208,-0.002387188208,2.970106167181,2.871943897568,
2024-09-01T00:00:00Z,,hold,XRPUSDT|BNBUSDT|AVAXUSDT|ADAUSDT,0.074688603208|0.074688603208|0.074688603208|0.074688603208,-0.005968169761|-0.013011152416|-0.062558812254|-0.077697841727,37265.501065223922|50855.858967391454|37361.204009999448|16317.333979972536,0.298754412832,-0.013072622167,-0.000003895758,0.000000000000,-0.013076517924,-0.013076517924,2.931267520649,2.834388871714,
2024-09-02T00:00:00Z,2024-09-02T00:00:00Z,active,LTCUSDT|XRPUSDT|BNBUSDT|ADAUSDT,0.085046816350|0.085046816350|0.085046816350|0.085046816350,-0.022762227007|-0.024620874219|-0.057258584185|-0.089958734525,19170.822200409977|80447.672556506688|62217.362490891406|24260.364409609807,0.340187265400,0.009350478882,-0.000007185606,0.190810058984,0.009114321206,0.008961673158,2.957984034372,2.859789738386,
2024-09-03T00:00:00Z,,hold,LTCUSDT|XRPUSDT|BNBUSDT|ADAUSDT,0.085046816350|0.085046816350|0.085046816350|0.085046816350,-0.022762227007|-0.024620874219|-0.057258584185|-0.089958734525,19170.822200409977|80447.672556506688|62217.362490891406|24260.364409609807,0.340187265400,-0.008578153997,-0.000018660122,0.000000000000,-0.008596814119,-0.008596814119,2.932554795462,2.835204657586,
2024-09-04T00:00:00Z,,hold,LTCUSDT|XRPUSDT|BNBUSDT|ADAUSDT,0.085046816350|0.085046816350|0.085046816350|0.085046816350,-0.022762227007|-0.024620874219|-0.057258584185|-0.089958734525,19170.822200409977|80447.672556506688|62217.362490891406|24260.364409609807,0.340187265400,0.000900409595,-0.000025446858,0.000000000000,0.000874962737,0.000874962737,2.935120671633,2.837685356014,
2024-09-05T00:00:00Z,,hold,LTCUSDT|XRPUSDT|BNBUSDT|ADAUSDT,0.085046816350|0.085046816350|0.085046816350|0.085046816350,-0.022762227007|-0.024620874219|-0.057258584185|-0.089958734525,19170.822200409977|80447.672556506688|62217.362490891406|24260.364409609807,0.340187265400,-0.001566362478,-0.000022460014,0.000000000000,-0.001588822492,-0.001588822492,2.930457285893,2.833176777696,
2024-09-06T00:00:00Z,,hold,LTCUSDT|XRPUSDT|BNBUSDT|ADAUSDT,0.085046816350|0.085046816350|0.085046816350|0.085046816350,-0.022762227007|-0.024620874219|-0.057258584185|-0.089958734525,19170.822200409977|80447.672556506688|62217.362490891406|24260.364409609807,0.340187265400,-0.012920643210,-0.000023897305,0.000000000000,-0.012944540515,-0.012944540515,2.892523862827,2.796502606110,
2024-09-07T00:00:00Z,,hold,LTCUSDT|XRPUSDT|BNBUSDT|ADAUSDT,0.085046816350|0.085046816350|0.085046816350|0.085046816350,-0.022762227007|-0.024620874219|-0.057258584185|-0.089958734525,19170.822200409977|80447.672556506688|62217.362490891406|24260.364409609807,0.340187265400,0.003334285292,0.000008819355,0.000000000000,0.003343104647,0.003343104647,2.902193872795,2.805851606968,
2024-09-08T00:00:00Z,,hold,LTCUSDT|XRPUSDT|BNBUSDT|ADAUSDT,0.085046816350|0.085046816350|0.085046816350|0.085046816350,-0.022762227007|-0.024620874219|-0.057258584185|-0.089958734525,19170.822200409977|80447.672556506688|62217.362490891406|24260.364409609807,0.340187265400,0.004434462367,-0.000033003268,0.000000000000,0.004401459099,0.004401459099,2.914967760425,2.818201448055,
2024-09-09T00:00:00Z,2024-09-09T00:00:00Z,active,AVAXUSDT|LTCUSDT|BNBUSDT|LINKUSDT,0.103766504002|0.103766504002|0.103766504002|0.103766504002,0.068829077525|0.003626174386|-0.011476408513|-0.017287234043,24992.310604278944|15229.747876569296|29727.733325039200|9037.770531794595,0.415066016007,0.008664164793,-0.000006138826,0.415066016007,0.008159946748,0.007827893935,2.938753742121,2.840262030077,
2024-09-10T00:00:00Z,,hold,AVAXUSDT|LTCUSDT|BNBUSDT|LINKUSDT,0.103766504002|0.103766504002|0.103766504002|0.103766504002,0.068829077525|0.003626174386|-0.011476408513|-0.017287234043,24992.310604278944|15229.747876569296|29727.733325039200|9037.770531794595,0.415066016007,0.002570090835,0.000016778006,0.000000000000,0.002586868841,0.002586868841,2.946355912606,2.847609415422,
2024-09-11T00:00:00Z,,hold,AVAXUSDT|LTCUSDT|BNBUSDT|LINKUSDT,0.103766504002|0.103766504002|0.103766504002|0.103766504002,0.068829077525|0.003626174386|-0.011476408513|-0.017287234043,24992.310604278944|15229.747876569296|29727.733325039200|9037.770531794595,0.415066016007,-0.002726026412,-0.000024383053,0.000000000000,-0.002750409465,-0.002750409465,2.938252227416,2.839777323532,
2024-09-12T00:00:00Z,,hold,AVAXUSDT|LTCUSDT|BNBUSDT|LINKUSDT,0.103766504002|0.103766504002|0.103766504002|0.103766504002,0.068829077525|0.003626174386|-0.011476408513|-0.017287234043,24992.310604278944|15229.747876569296|29727.733325039200|9037.770531794595,0.415066016007,0.011056383845,0.000035703979,0.000000000000,0.011092087824,0.011092087824,2.970843579171,2.871276383005,
2024-09-13T00:00:00Z,,hold,AVAXUSDT|LTCUSDT|BNBUSDT|LINKUSDT,0.103766504002|0.103766504002|0.103766504002|0.103766504002,0.068829077525|0.003626174386|-0.011476408513|-0.017287234043,24992.310604278944|15229.747876569296|29727.733325039200|9037.770531794595,0.415066016007,0.015855579997,-0.000045625094,0.000000000000,0.015809954903,0.015809954903,3.017812482181,2.916671133133,
2024-09-14T00:00:00Z,,hold,AVAXUSDT|LTCUSDT|BNBUSDT|LINKUSDT,0.103766504002|0.103766504002|0.103766504002|0.103766504002,0.068829077525|0.003626174386|-0.011476408513|-0.017287234043,24992.310604278944|15229.747876569296|29727.733325039200|9037.770531794595,0.415066016007,0.001436195734,-0.000055585641,0.000000000000,0.001380610093,0.001380610093,3.021978904552,2.920697918737,
2024-09-15T00:00:00Z,,hold,AVAXUSDT|LTCUSDT|BNBUSDT|LINKUSDT,0.103766504002|0.103766504002|0.103766504002|0.103766504002,0.068829077525|0.003626174386|-0.011476408513|-0.017287234043,24992.310604278944|15229.747876569296|29727.733325039200|9037.770531794595,0.415066016007,-0.015070614278,-0.000040255178,0.000000000000,-0.015110869456,-0.015110869456,2.976314175827,2.876563633767,
2024-09-16T00:00:00Z,2024-09-16T00:00:00Z,active,AVAXUSDT|LINKUSDT|BNBUSDT|ADAUSDT,0.092701018897|0.092701018897|0.092701018897|0.092701018897,0.167984675082|0.066989427922|0.064777561746|0.025469981807,38192.488502465400|34389.522750015996|141690.506951878691|37069.696463190390,0.370804075590,-0.008916955132,0.000034774933,0.229663978213,-0.009157776973,-0.009341508155,2.949057754404,2.849692191123,
2024-09-17T00:00:00Z,,hold,AVAXUSDT|LINKUSDT|BNBUSDT|ADAUSDT,0.092701018897|0.092701018897|0.092701018897|0.092701018897,0.167984675082|0.066989427922|0.064777561746|0.025469981807,38192.488502465400|34389.522750015996|141690.506951878691|37069.696463190390,0.370804075590,0.004935149210,0.000040263761,0.000000000000,0.004975412971,0.004975412971,2.963730534607,2.863870586613,
2024-09-18T00:00:00Z,,hold,AVAXUSDT|LINKUSDT|BNBUSDT|ADAUSDT,0.092701018897|0.092701018897|0.092701018897|0.092701018897,0.167984675082|0.066989427922|0.064777561746|0.025469981807,38192.488502465400|34389.522750015996|141690.506951878691|37069.696463190390,0.370804075590,0.011234378312,0.000064662669,0.000000000000,0.011299040981,0.011299040981,2.997217847373,2.896229577735,
2024-09-19T00:00:00Z,,hold,AVAXUSDT|LINKUSDT|BNBUSDT|ADAUSDT,0.092701018897|0.092701018897|0.092701018897|0.092701018897,0.167984675082|0.066989427922|0.064777561746|0.025469981807,38192.488502465400|34389.522750015996|141690.506951878691|37069.696463190390,0.370804075590,0.013019223415,-0.000027121537,0.000000000000,0.012992101878,0.012992101878,3.036158006995,2.933857687470,
2024-09-20T00:00:00Z,,hold,AVAXUSDT|LINKUSDT|BNBUSDT|ADAUSDT,0.092701018897|0.092701018897|0.092701018897|0.092701018897,0.167984675082|0.066989427922|0.064777561746|0.025469981807,38192.488502465400|34389.522750015996|141690.506951878691|37069.696463190390,0.370804075590,0.006041977475,-0.000067376955,0.000000000000,0.005974600520,0.005974600520,3.054297838204,2.951386315136,
2024-09-21T00:00:00Z,,hold,AVAXUSDT|LINKUSDT|BNBUSDT|ADAUSDT,0.092701018897|0.092701018897|0.092701018897|0.092701018897,0.167984675082|0.066989427922|0.064777561746|0.025469981807,38192.488502465400|34389.522750015996|141690.506951878691|37069.696463190390,0.370804075590,0.005716578562,-0.000073426623,0.000000000000,0.005643151939,0.005643151939,3.071533704973,2.968041436544,
2024-09-22T00:00:00Z,,hold,AVAXUSDT|LINKUSDT|BNBUSDT|ADAUSDT,0.092701018897|0.092701018897|0.092701018897|0.092701018897,0.167984675082|0.066989427922|0.064777561746|0.025469981807,38192.488502465400|34389.522750015996|141690.506951878691|37069.696463190390,0.370804075590,-0.006294429705,-0.000058029911,0.000000000000,-0.006352459616,-0.006352459616,3.052021911154,2.949187073181,
2024-09-23T00:00:00Z,2024-09-23T00:00:00Z,active,LTCUSDT|AVAXUSDT|BNBUSDT|XRPUSDT,0.120648375474|0.120648375474|0.120648375474|0.120648375474,0.039049492962|0.030359098289|-0.004464814220|-0.038656838657,39589.723979313305|28603.781883398566|43334.516933069914|36786.925991907709,0.482593501898,0.000180259224,-0.000073273378,0.482593501898,-0.000472126357,-0.000858201158,3.050580971169,2.946656077419,
2024-09-24T00:00:00Z,,hold,LTCUSDT|AVAXUSDT|BNBUSDT|XRPUSDT,0.120648375474|0.120648375474|0.120648375474|0.120648375474,0.039049492962|0.030359098289|-0.004464814220|-0.038656838657,39589.723979313305|28603.781883398566|43334.516933069914|36786.925991907709,0.482593501898,0.005842249579,-0.000082943345,0.000000000000,0.005759306233,0.005759306233,3.068150201172,2.963626772134,
2024-09-25T00:00:00Z,,hold,LTCUSDT|AVAXUSDT|BNBUSDT|XRPUSDT,0.120648375474|0.120648375474|0.120648375474|0.120648375474,0.039049492962|0.030359098289|-0.004464814220|-0.038656838657,39589.723979313305|28603.781883398566|43334.516933069914|36786.925991907709,0.482593501898,-0.010648557958,-0.000080096044,0.000000000000,-0.010728654002,-0.010728654002,3.035233079239,2.931831045906,
2024-09-26T00:00:00Z,,hold,LTCUSDT|AVAXUSDT|BNBUSDT|XRPUSDT,0.120648375474|0.120648375474|0.120648375474|0.120648375474,0.039049492962|0.030359098289|-0.004464814220|-0.038656838657,39589.723979313305|28603.781883398566|43334.516933069914|36786.925991907709,0.482593501898,0.015361889533,-0.000088318230,0.000000000000,0.015273571302,0.015273571302,3.081591928094,2.976610576432,
2024-09-27T00:00:00Z,,hold,LTCUSDT|AVAXUSDT|BNBUSDT|XRPUSDT,0.120648375474|0.120648375474|0.120648375474|0.120648375474,0.039049492962|0.030359098289|-0.004464814220|-0.038656838657,39589.723979313305|28603.781883398566|43334.516933069914|36786.925991907709,0.482593501898,0.011657459692,-0.000107412042,0.000000000000,0.011550047649,0.011550047649,3.117184461699,3.010990570423,
2024-09-28T00:00:00Z,,hold,LTCUSDT|AVAXUSDT|BNBUSDT|XRPUSDT,0.120648375474|0.120648375474|0.120648375474|0.120648375474,0.039049492962|0.030359098289|-0.004464814220|-0.038656838657,39589.723979313305|28603.781883398566|43334.516933069914|36786.925991907709,0.482593501898,-0.002621748360,-0.000113508405,0.000000000000,-0.002735256764,-0.002735256764,3.108658161814,3.002754738098,
2024-09-29T00:00:00Z,,hold,LTCUSDT|AVAXUSDT|BNBUSDT|XRPUSDT,0.120648375474|0.120648375474|0.120648375474|0.120648375474,0.039049492962|0.030359098289|-0.004464814220|-0.038656838657,39589.723979313305|28603.781883398566|43334.516933069914|36786.925991907709,0.482593501898,0.002073969196,-0.000086485581,0.000000000000,0.001987483614,0.001987483614,3.114836568974,3.008722663938,
2024-09-30T00:00:00Z,2024-09-30T00:00:00Z,active,AVAXUSDT|DOGEUSDT|SOLUSDT|ADAUSDT,0.088361835995|0.088361835995|0.088361835995|0.088361835995,0.246884935980|0.222113022113|0.148374794266|0.145328719723,20203.074966059314|81035.924057281038|351477.717526187305|11644.772499877979,0.353447343981,-0.019988301733,-0.000078227617,0.659317173888,-0.020857709959,-0.021385163698,3.049868211248,2.944380637247,
2024-10-01T00:00:00Z,,hold,AVAXUSDT|DOGEUSDT|SOLUSDT|ADAUSDT,0.088361835995|0.088361835995|0.088361835995|0.088361835995,0.246884935980|0.222113022113|0.148374794266|0.145328719723,20203.074966059314|81035.924057281038|351477.717526187305|11644.772499877979,0.353447343981,-0.021036081153,-0.000051036913,0.000000000000,-0.021087118066,-0.021087118066,2.985555280193,2.882292135119,
2024-10-02T00:00:00Z,,hold,AVAXUSDT|DOGEUSDT|SOLUSDT|ADAUSDT,0.088361835995|0.088361835995|0.088361835995|0.088361835995,0.246884935980|0.222113022113|0.148374794266|0.145328719723,20203.074966059314|81035.924057281038|351477.717526187305|11644.772499877979,0.353447343981,-0.008758039843,-0.000026968916,0.000000000000,-0.008785008759,-0.008785008759,2.959327150907,2.856971173468,
2024-10-03T00:00:00Z,,hold,AVAXUSDT|DOGEUSDT|SOLUSDT|ADAUSDT,0.088361835995|0.088361835995|0.088361835995|0.088361835995,0.246884935980|0.222113022113|0.148374794266|0.145328719723,20203.074966059314|81035.924057281038|351477.717526187305|11644.772499877979,0.353447343981,-0.003632742802,0.000022616212,0.000000000000,-0.003610126590,-0.003610126590,2.948643605272,2.846657145868,
2024-10-04T00:00:00Z,,hold,AVAXUSDT|DOGEUSDT|SOLUSDT|ADAUSDT,0.088361835995|0.088361835995|0.088361835995|0.088361835995,0.246884935980|0.222113022113|0.148374794266|0.145328719723,20203.074966059314|81035.924057281038|351477.717526187305|11644.772499877979,0.353447343981,0.015138084600,0.000100181115,0.000000000000,0.015238265715,0.015238265715,2.993575820029,2.890035263858,
2024-10-05T00:00:00Z,,hold,AVAXUSDT|DOGEUSDT|SOLUSDT|ADAUSDT,0.088361835995|0.088361835995|0.088361835995|0.088361835995,0.246884935980|0.222113022113|0.148374794266|0.145328719723,20203.074966059314|81035.924057281038|351477.717526187305|11644.772499877979,0.353447343981,-0.002436486004,-0.000034917947,0.000000000000,-0.002471403951,-0.002471403951,2.986177484921,2.882892819289,
2024-10-06T00:00:00Z,,hold,AVAXUSDT|DOGEUSDT|SOLUSDT|ADAUSDT,0.088361835995|0.088361835995|0.088361835995|0.088361835995,0.246884935980|0.222113022113|0.148374794266|0.145328719723,20203.074966059314|81035.924057281038|351477.717526187305|11644.772499877979,0.353447343981,0.010157264457,-0.000052692814,0.000000000000,0.010104571643,0.010104571643,3.016351529257,2.912023216322,
2024-10-07T00:00:00Z,2024-10-07T00:00:00Z,active,AVAXUSDT|DOGEUSDT|LINKUSDT|SOLUSDT,0.082673229920|0.082673229920|0.082673229920|0.082673229920,0.273045452396|0.206512332324|0.178302675585|0.171680311142,23658.859512166149|40947.465957862689|12896.017579549534|280637.706646380364,0.330692919682,-0.005773476336,-0.000058416904,0.188100884140,-0.006057614301,-0.006208095009,2.998079635096,2.893945099527,
2024-10-08T00:00:00Z,,hold,AVAXUSDT|DOGEUSDT|LINKUSDT|SOLUSDT,0.082673229920|0.082673229920|0.082673229920|0.082673229920,0.273045452396|0.206512332324|0.178302675585|0.171680311142,23658.859512166149|40947.465957862689|12896.017579549534|280637.706646380364,0.330692919682,-0.004351773403,-0.000051439284,0.000000000000,-0.004403212686,-0.004403212686,2.984878452812,2.881202443752,
2024-10-09T00:00:00Z,,hold,AVAXUSDT|DOGEUSDT|LINKUSDT|SOLUSDT,0.082673229920|0.082673229920|0.082673229920|0.082673229920,0.273045452396|0.206512332324|0.178302675585|0.171680311142,23658.859512166149|40947.465957862689|12896.017579549534|280637.706646380364,0.330692919682,-0.005835938949,-0.000033268534,0.000000000000,-0.005869207483,-0.005869207483,2.967359581861,2.864292068809,
2024-10-10T00:00:00Z,,hold,AVAXUSDT|DOGEUSDT|LINKUSDT|SOLUSDT,0.082673229920|0.082673229920|0.082673229920|0.082673229920,0.273045452396|0.206512332324|0.178302675585|0.171680311142,23658.859512166149|40947.465957862689|12896.017579549534|280637.706646380364,0.330692919682,-0.001219803252,-0.000039060621,0.000000000000,-0.001258863873,-0.001258863873,2.963624080086,2.860686315002,
2024-10-11T00:00:00Z,,hold,AVAXUSDT|DOGEUSDT|LINKUSDT|SOLUSDT,0.082673229920|0.082673229920|0.082673229920|0.082673229920,0.273045452396|0.206512332324|0.178302675585|0.171680311142,23658.859512166149|40947.465957862689|12896.017579549534|280637.706646380364,0.330692919682,0.015506372059,-0.000008083788,0.000000000000,0.015498288270,0.015498288270,3.009555180403,2.905022056163,
2024-10-12T00:00:00Z,,hold,AVAXUSDT|DOGEUSDT|LINKUSDT|SOLUSDT,0.082673229920|0.082673229920|0.082673229920|0.082673229920,0.273045452396|0.206512332324|0.178302675585|0.171680311142,23658.859512166149|40947.465957862689|12896.017579549534|280637.706646380364,0.330692919682,0.005176148010,-0.000073525437,0.000000000000,0.005102622573,0.005102622573,3.024911804601,2.919845287281,
2024-10-13T00:00:00Z,,hold,AVAXUSDT|DOGEUSDT|LINKUSDT|SOLUSDT,0.082673229920|0.082673229920|0.082673229920|0.082673229920,0.273045452396|0.206512332324|0.178302675585|0.171680311142,23658.859512166149|40947.465957862689|12896.017579549534|280637.706646380364,0.330692919682,0.000098396957,-0.000076411559,0.000000000000,0.000021985398,0.000021985398,3.024978308491,2.919909481242,
2024-10-14T00:00:00Z,2024-10-14T00:00:00Z,active,AVAXUSDT|SOLUSDT|DOGEUSDT|BNBUSDT,0.094959283989|0.094959283989|0.094959283989|0.094959283989,0.166680054623|0.062836534309|0.041721234799|0.029117657638,44387.865011499824|157258.742422966869|20736.469498089617|11660.167095743163,0.379837135956,0.013693064100,-0.000066952942,0.214490676115,0.013368722346,0.013197129805,3.065418403600,2.958443905685,
2024-10-15T00:00:00Z,,hold,AVAXUSDT|SOLUSDT|DOGEUSDT|BNBUSDT,0.094959283989|0.094959283989|0.094959283989|0.094959283989,0.166680054623|0.062836534309|0.041721234799|0.029117657638,44387.865011499824|157258.742422966869|20736.469498089617|11660.167095743163,0.379837135956,-0.002929063770,-0.000056128534,0.000000000000,-0.002985192303,-0.002985192303,3.056267540175,2.949612381708,
2024-10-16T00:00:00Z,,hold,AVAXUSDT|SOLUSDT|DOGEUSDT|BNBUSDT,0.094959283989|0.094959283989|0.094959283989|0.094959283989,0.166680054623|0.062836534309|0.041721234799|0.029117657638,44387.865011499824|157258.742422966869|20736.469498089617|11660.167095743163,0.379837135956,0.006736222527,-0.000030346138,0.000000000000,0.006705876389,0.006705876389,3.076762492511,2.969392117735,
2024-10-17T00:00:00Z,,hold,AVAXUSDT|SOLUSDT|DOGEUSDT|BNBUSDT,0.094959283989|0.094959283989|0.094959283989|0.094959283989,0.166680054623|0.062836534309|0.041721234799|0.029117657638,44387.865011499824|157258.742422966869|20736.469498089617|11660.167095743163,0.379837135956,-0.003123848986,-0.000066108754,0.000000000000,-0.003189957740,-0.003189957740,3.066947750184,2.959919882366,
2024-10-18T00:00:00Z,,hold,AVAXUSDT|SOLUSDT|DOGEUSDT|BNBUSDT,0.094959283989|0.094959283989|0.094959283989|0.094959283989,0.166680054623|0.062836534309|0.041721234799|0.029117657638,44387.865011499824|157258.742422966869|20736.469498089617|11660.167095743163,0.379837135956,0.012073105094,-0.000055868345,0.000000000000,0.012017236749,0.012017236749,3.103803987396,2.995489940352,
2024-10-19T00:00:00Z,,hold,AVAXUSDT|SOLUSDT|DOGEUSDT|BNBUSDT,0.094959283989|0.094959283989|0.094959283989|0.094959283989,0.166680054623|0.062836534309|0.041721234799|0.029117657638,44387.865011499824|157258.742422966869|20736.469498089617|11660.167095743163,0.379837135956,0.007565847193,-0.000064776476,0.000000000000,0.007501070717,0.007501070717,3.127085840598,3.017959322227,
2024-10-20T00:00:00Z,,hold,AVAXUSDT|SOLUSDT|DOGEUSDT|BNBUSDT,0.094959283989|0.094959283989|0.094959283989|0.094959283989,0.166680054623|0.062836534309|0.041721234799|0.029117657638,44387.865011499824|157258.742422966869|20736.469498089617|11660.167095743163,0.379837135956,0.007633714735,-0.000069638391,0.000000000000,0.007564076344,0.007564076344,3.150739356629,3.040787396943,
2024-10-21T00:00:00Z,2024-10-21T00:00:00Z,active,DOGEUSDT|SOLUSDT|LTCUSDT|ETHUSDT,0.107406840991|0.107406840991|0.107406840991|0.107406840991,0.347174819871|0.141808807382|0.137999693674|0.072917521062,98794.919854205829|674034.067064771662|13973.762640016997|743048.736579299788,0.429627363963,-0.007980353391,-0.000128888209,0.429627363963,-0.008624794437,-0.008968496329,3.123564877353,3.013516106337,
2024-10-22T00:00:00Z,,hold,DOGEUSDT|SOLUSDT|LTCUSDT|ETHUSDT,0.107406840991|0.107406840991|0.107406840991|0.107406840991,0.347174819871|0.141808807382|0.137999693674|0.072917521062,98794.919854205829|674034.067064771662|13973.762640016997|743048.736579299788,0.429627363963,-0.004966896422,-0.000128888209,0.000000000000,-0.005095784632,-0.005095784632,3.107647863455,2.998159877275,
2024-10-23T00:00:00Z,,hold,DOGEUSDT|SOLUSDT|LTCUSDT|ETHUSDT,0.107406840991|0.107406840991|0.107406840991|0.107406840991,0.347174819871|0.141808807382|0.137999693674|0.072917521062,98794.919854205829|674034.067064771662|13973.762640016997|743048.736579299788,0.429627363963,-0.001645768228,-0.000125246043,0.000000000000,-0.001771014271,-0.001771014271,3.102144174740,2.992850093346,
2024-10-24T00:00:00Z,,hold,DOGEUSDT|SOLUSDT|LTCUSDT|ETHUSDT,0.107406840991|0.107406840991|0.107406840991|0.107406840991,0.347174819871|0.141808807382|0.137999693674|0.072917521062,98794.919854205829|674034.067064771662|13973.762640016997|743048.736579299788,0.429627363963,0.007623598447,-0.000128888209,0.000000000000,0.007494710238,0.007494710238,3.125393846446,3.015280637582,
2024-10-25T00:00:00Z,,hold,DOGEUSDT|SOLUSDT|LTCUSDT|ETHUSDT,0.107406840991|0.107406840991|0.107406840991|0.107406840991,0.347174819871|0.141808807382|0.137999693674|0.072917521062,98794.919854205829|674034.067064771662|13973.762640016997|743048.736579299788,0.429627363963,-0.022836340082,-0.000113025293,0.000000000000,-0.022949365375,-0.022949365375,3.053668041123,2.946081860522,
2024-10-26T00:00:00Z,,hold,DOGEUSDT|SOLUSDT|LTCUSDT|ETHUSDT,0.107406840991|0.107406840991|0.107406840991|0.107406840991,0.347174819871|0.141808807382|0.137999693674|0.072917521062,98794.919854205829|674034.067064771662|13973.762640016997|743048.736579299788,0.429627363963,0.009946865672,-0.000103273826,0.000000000000,0.009843591846,0.009843591846,3.083727102954,2.975081887902,
2024-10-27T00:00:00Z,,hold,DOGEUSDT|SOLUSDT|LTCUSDT|ETHUSDT,0.107406840991|0.107406840991|0.107406840991|0.107406840991,0.347174819871|0.141808807382|0.137999693674|0.072917521062,98794.919854205829|674034.067064771662|13973.762640016997|743048.736579299788,0.429627363963,0.014184839624,-0.000096783230,0.000000000000,0.014088056394,0.014088056394,3.127170824284,3.016995009316,
2024-10-28T00:00:00Z,2024-10-28T00:00:00Z,active,DOGEUSDT|SOLUSDT|LTCUSDT|BNBUSDT,0.107955419066|0.107955419066|0.107955419066|0.107955419066,0.168205377389|0.120495459766|-0.000703234880|-0.029621457857,271288.521297441330|222391.083643201913|5065.257318178322|18085.300794190829,0.431821676264,0.015653527910,-0.000087430935,0.217007994282,0.015305687382,0.015132080987,3.175034323311,3.062648422133,
2024-10-29T00:00:00Z,,hold,DOGEUSDT|SOLUSDT|LTCUSDT|BNBUSDT,0.107955419066|0.107955419066|0.107955419066|0.107955419066,0.168205377389|0.120495459766|-0.000703234880|-0.029621457857,271288.521297441330|222391.083643201913|5065.257318178322|18085.300794190829,0.431821676264,0.016228376893,-0.000102066451,0.000000000000,0.016126310442,0.016126310442,3.226235912474,3.112037641364,
2024-10-30T00:00:00Z,,hold,DOGEUSDT|SOLUSDT|LTCUSDT|BNBUSDT,0.107955419066|0.107955419066|0.107955419066|0.107955419066,0.168205377389|0.120495459766|-0.000703234880|-0.029621457857,271288.521297441330|222391.083643201913|5065.257318178322|18085.300794190829,0.431821676264,-0.012557758481,-0.000136766561,0.000000000000,-0.012694525043,-0.012694525043,3.185280379889,3.072531801592,
2024-10-31T00:00:00Z,,hold,DOGEUSDT|SOLUSDT|LTCUSDT|BNBUSDT,0.107955419066|0.107955419066|0.107955419066|0.107955419066,0.168205377389|0.120495459766|-0.000703234880|-0.029621457857,271288.521297441330|222391.083643201913|5065.257318178322|18085.300794190829,0.431821676264,-0.015285730692,-0.000109224975,0.000000000000,-0.015394955667,-0.015394955667,3.136243129654,3.025230310722,
2024-11-01T00:00:00Z,,hold,DOGEUSDT|SOLUSDT|LTCUSDT|BNBUSDT,0.107955419066|0.107955419066|0.107955419066|0.107955419066,0.168205377389|0.120495459766|-0.000703234880|-0.029621457857,271288.521297441330|222391.083643201913|5065.257318178322|18085.300794190829,0.431821676264,-0.002557924353,-0.000097159877,0.000000000000,-0.002655084230,-0.002655084230,3.127916139978,3.017198069431,
2024-11-02T00:00:00Z,,hold,DOGEUSDT|SOLUSDT|LTCUSDT|BNBUSDT,0.107955419066|0.107955419066|0.107955419066|0.107955419066,0.168205377389|0.120495459766|-0.000703234880|-0.029621457857,271288.521297441330|222391.083643201913|5065.257318178322|18085.300794190829,0.431821676264,-0.002168929068,-0.000087820654,0.000000000000,-0.002256749721,-0.002256749721,3.120857216101,3.010389008528,
2024-11-03T00:00:00Z,,hold,DOGEUSDT|SOLUSDT|LTCUSDT|BNBUSDT,0.107955419066|0.107955419066|0.107955419066|0.107955419066,0.168205377389|0.120495459766|-0.000703234880|-0.029621457857,271288.521297441330|222391.083643201913|5065.257318178322|18085.300794190829,0.431821676264,-0.013684527835,-0.000081220260,0.000000000000,-0.013765748095,-0.013765748095,3.077896281823,2.968948751768,
2024-11-04T00:00:00Z,2024-11-04T00:00:00Z,active,DOGEUSDT|SOLUSDT|LTCUSDT|ETHUSDT,0.106389428355|0.106389428355|0.106389428355|0.106389428355,0.385693350430|0.134682416055|0.029742641393|0.018194399556,160726.004371417861|258036.108981400350|6539.404223581181|716109.301257003099,0.425557713419,-0.002785384535,-0.000105353195,0.219042819554,-0.003153589113,-0.003328823369,3.068189861617,2.959065645782,
2024-11-05T00:00:00Z,,hold,DOGEUSDT|SOLUSDT|LTCUSDT|ETHUSDT,0.106389428355|0.106389428355|0.106389428355|0.106389428355,0.385693350430|0.134682416055|0.029742641393|0.018194399556,160726.004371417861|258036.108981400350|6539.404223581181|716109.301257003099,0.425557713419,0.014544578142,-0.000098345324,0.000000000000,0.014446232818,0.014446232818,3.112513646687,3.001812997024,
2024-11-06T00:00:00Z,,hold,DOGEUSDT|SOLUSDT|LTCUSDT|ETHUSDT,0.106389428355|0.106389428355|0.106389428355|0.106389428355,0.385693350430|0.134682416055|0.029742641393|0.018194399556,160726.004371417861|258036.108981400350|6539.404223581181|716109.301257003099,0.425557713419,0.051872552267,-0.000114495239,0.000000000000,0.051758057028,0.051758057028,3.273611305512,3.157181005311,
2024-11-07T00:00:00Z,,hold,DOGEUSDT|SOLUSDT|LTCUSDT|ETHUSDT,0.106389428355|0.106389428355|0.106389428355|0.106389428355,0.385693350430|0.134682416055|0.029742641393|0.018194399556,160726.004371417861|258036.108981400350|6539.404223581181|716109.301257003099,0.425557713419,0.011391688288,-0.000134829450,0.000000000000,0.011256858837,0.011256858837,3.310461885866,3.192720946211,
2024-11-08T00:00:00Z,,hold,DOGEUSDT|SOLUSDT|LTCUSDT|ETHUSDT,0.106389428355|0.106389428355|0.106389428355|0.106389428355,0.385693350430|0.134682416055|0.029742641393|0.018194399556,160726.004371417861|258036.108981400350|6539.404223581181|716109.301257003099,0.425557713419,0.011063408901,-0.000127667314,0.000000000000,0.010935741587,0.010935741587,3.346664241584,3.227635717439,
2024-11-09T00:00:00Z,,hold,DOGEUSDT|SOLUSDT|LTCUSDT|ETHUSDT,0.106389428355|0.106389428355|0.106389428355|0.106389428355,0.385693350430|0.134682416055|0.029742641393|0.018194399556,160726.004371417861|258036.108981400350|6539.404223581181|716109.301257003099,0.425557713419,0.016637779426,-0.000127667314,0.000000000000,0.016510112112,0.016510112112,3.401918043413,3.280924344990,
2024-11-10T00:00:00Z,,hold,DOGEUSDT|SOLUSDT|LTCUSDT|ETHUSDT,0.106389428355|0.106389428355|0.106389428355|0.106389428355,0.385693350430|0.134682416055|0.029742641393|0.018194399556,160726.004371417861|258036.108981400350|6539.404223581181|716109.301257003099,0.425557713419,0.039879392359,-0.000254619691,0.000000000000,0.039624772668,0.039624772668,3.536718272519,3.410930226301,
2024-11-11T00:00:00Z,2024-11-11T00:00:00Z,active,DOGEUSDT|ADAUSDT|SOLUSDT|LINKUSDT,0.062017858958|0.062017858958|0.062017858958|0.062017858958,1.509616252822|0.680034129693|0.445590156046|0.309145949913,891712.499172519194|138043.575409331126|389121.560202731111|30513.250121035242,0.248071435832,0.025342231750,-0.000137951905,0.425557713419,0.024693610589,0.024353164418,3.624052616302,3.493997170921,
2024-11-12T00:00:00Z,,hold,DOGEUSDT|ADAUSDT|SOLUSDT|LINKUSDT,0.062017858958|0.062017858958|0.062017858958|0.062017858958,1.509616252822|0.680034129693|0.445590156046|0.309145949913,891712.499172519194|138043.575409331126|389121.560202731111|30513.250121035242,0.248071435832,-0.006261282001,-0.000286262654,0.000000000000,-0.006547544654,-0.006547544654,3.600323969968,3.471120068422,
2024-11-13T00:00:00Z,,hold,DOGEUSDT|ADAUSDT|SOLUSDT|LINKUSDT,0.062017858958|0.062017858958|0.062017858958|0.062017858958,1.509616252822|0.680034129693|0.445590156046|0.309145949913,891712.499172519194|138043.575409331126|389121.560202731111|30513.250121035242,0.248071435832,0.002800156461,-0.000143041091,0.000000000000,0.002657115370,0.002657115370,3.609890446126,3.480343234908,
2024-11-14T00:00:00Z,,hold,DOGEUSDT|ADAUSDT|SOLUSDT|LINKUSDT,0.062017858958|0.062017858958|0.062017858958|0.062017858958,1.509616252822|0.680034129693|0.445590156046|0.309145949913,891712.499172519194|138043.575409331126|389121.560202731111|30513.250121035242,0.248071435832,-0.009447144024,-0.000100635760,0.000000000000,-0.009547779784,-0.009547779784,3.575424007102,3.447113684128,
2024-11-15T00:00:00Z,,hold,DOGEUSDT|ADAUSDT|SOLUSDT|LINKUSDT,0.062017858958|0.062017858958|0.062017858958|0.062017858958,1.509616252822|0.680034129693|0.445590156046|0.309145949913,891712.499172519194|138043.575409331126|389121.560202731111|30513.250121035242,0.248071435832,0.023759587821,-0.000074421431,0.000000000000,0.023685166391,0.023685166391,3.660108519627,3.528759145304,
2024-11-16T00:00:00Z,,hold,DOGEUSDT|ADAUSDT|SOLUSDT|LINKUSDT,0.062017858958|0.062017858958|0.062017858958|0.062017858958,1.509616252822|0.680034129693|0.445590156046|0.309145949913,891712.499172519194|138043.575409331126|389121.560202731111|30513.250121035242,0.248071435832,0.002425997278,-0.000119373835,0.000000000000,0.002306623443,0.002306623443,3.668551011742,3.536898663873,
2024-11-17T00:00:00Z,,hold,DOGEUSDT|ADAUSDT|SOLUSDT|LINKUSDT,0.062017858958|0.062017858958|0.062017858958|0.062017858958,1.509616252822|0.680034129693|0.445590156046|0.309145949913,891712.499172519194|138043.575409331126|389121.560202731111|30513.250121035242,0.248071435832,0.000318212133,-0.000134756125,0.000000000000,0.000183456008,0.000183456008,3.669224029464,3.537547529181,
2024-11-18T00:00:00Z,2024-11-18T00:00:00Z,active,DOGEUSDT|ADAUSDT|XRPUSDT|SOLUSDT,0.057776001690|0.057776001690|0.057776001690|0.057776001690,1.678209521032|1.005134055904|0.930466605672|0.534353609712,409314.353462914296|61443.061284248011|208550.521195909590|514675.575390200131,0.231104006759,0.006983302998,-0.000146828464,0.132519432452,0.006677451215,0.006571435669,3.693725093917,3.560794295194,
2024-11-19T00:00:00Z,,hold,DOGEUSDT|ADAUSDT|XRPUSDT|SOLUSDT,0.057776001690|0.057776001690|0.057776001690|0.057776001690,1.678209521032|1.005134055904|0.930466605672|0.534353609712,409314.353462914296|61443.061284248011|208550.521195909590|514675.575390200131,0.231104006759,0.002192407906,-0.000143672161,0.000000000000,0.002048735745,0.002048735745,3.701292560548,3.568089421746,
2024-11-20T00:00:00Z,,hold,DOGEUSDT|ADAUSDT|XRPUSDT|SOLUSDT,0.057776001690|0.057776001690|0.057776001690|0.057776001690,1.678209521032|1.005134055904|0.930466605672|0.534353609712,409314.353462914296|61443.061284248011|208550.521195909590|514675.575390200131,0.231104006759,0.002526687829,-0.000092186811,0.000000000000,0.002434501019,0.002434501019,3.710303361057,3.576775939078,
2024-11-21T00:00:00Z,,hold,DOGEUSDT|ADAUSDT|XRPUSDT|SOLUSDT,0.057776001690|0.057776001690|0.057776001690|0.057776001690,1.678209521032|1.005134055904|0.930466605672|0.534353609712,409314.353462914296|61443.061284248011|208550.521195909590|514675.575390200131,0.231104006759,0.015681719099,-0.000069331202,0.000000000000,0.015612387897,0.015612387897,3.768230056346,3.632617952461,
2024-11-22T00:00:00Z,,hold,DOGEUSDT|ADAUSDT|XRPUSDT|SOLUSDT,0.057776001690|0.057776001690|0.057776001690|0.057776001690,1.678209521032|1.005134055904|0.930466605672|0.534353609712,409314.353462914296|61443.061284248011|208550.521195909590|514675.575390200131,0.231104006759,0.028170467652,-0.000195968687,0.000000000000,0.027974498965,0.027974498965,3.873644404159,3.734238619613,
2024-11-23T00:00:00Z,,hold,DOGEUSDT|ADAUSDT|XRPUSDT|SOLUSDT,0.057776001690|0.057776001690|0.057776001690|0.057776001690,1.678209521032|1.005134055904|0.930466605672|0.534353609712,409314.353462914296|61443.061284248011|208550.521195909590|514675.575390200131,0.231104006759,0.004597705110,-0.000206078332,0.000000000000,0.004391626779,0.004391626779,3.890656004655,3.750638001933,
2024-11-24T00:00:00Z,,hold,DOGEUSDT|ADAUSDT|XRPUSDT|SOLUSDT,0.057776001690|0.057776001690|0.057776001690|0.057776001690,1.678209521032|1.005134055904|0.930466605672|0.534353609712,409314.353462914296|61443.061284248011|208550.521195909590|514675.575390200131,0.231104006759,-0.004253894306,-0.000147422401,0.000000000000,-0.004401316708,-0.004401316708,3.873531995379,3.734130256232,
2024-11-25T00:00:00Z,2024-11-25T00:00:00Z,active,DOGEUSDT|ADAUSDT|XRPUSDT|DOTUSDT,0.049236200588|0.049236200588|0.049236200588|0.049236200588,2.272464649536|2.141848326681|1.857085907913|1.211119459053,629463.263721294352|131909.998399291100|367355.085825411545|104257.031788767636,0.196944802353,-0.012030615037,-0.000085838392,0.132631605582,-0.012275611356,-0.012381716640,3.825982022029,3.687895313501,
2024-11-26T00:00:00Z,,hold,DOGEUSDT|ADAUSDT|XRPUSDT|DOTUSDT,0.049236200588|0.049236200588|0.049236200588|0.049236200588,2.272464649536|2.141848326681|1.857085907913|1.211119459053,629463.263721294352|131909.998399291100|367355.085825411545|104257.031788767636,0.196944802353,-0.001392029777,-0.000072053733,0.000000000000,-0.001464083510,-0.001464083510,3.820380464841,3.682495926786,
2024-11-27T00:00:00Z,,hold,DOGEUSDT|ADAUSDT|XRPUSDT|DOTUSDT,0.049236200588|0.049236200588|0.049236200588|0.049236200588,2.272464649536|2.141848326681|1.857085907913|1.211119459053,629463.263721294352|131909.998399291100|367355.085825411545|104257.031788767636,0.196944802353,0.009304339627,-0.000067546651,0.000000000000,0.009236792976,0.009236792976,3.855668528283,3.716510379295,
2024-11-28T00:00:00Z,,hold,DOGEUSDT|ADAUSDT|XRPUSDT|DOTUSDT,0.049236200588|0.049236200588|0.049236200588|0.049236200588,2.272464649536|2.141848326681|1.857085907913|1.211119459053,629463.263721294352|131909.998399291100|367355.085825411545|104257.031788767636,0.196944802353,0.004430896543,-0.000091843731,0.000000000000,0.004339052811,0.004339052811,3.872398477650,3.732636514104,
2024-11-29T00:00:00Z,,hold,DOGEUSDT|ADAUSDT|XRPUSDT|DOTUSDT,0.049236200588|0.049236200588|0.049236200588|0.049236200588,2.272464649536|2.141848326681|1.857085907913|1.211119459053,629463.263721294352|131909.998399291100|367355.085825411545|104257.031788767636,0.196944802353,0.015702152626,-0.000132996825,0.000000000000,0.015569155801,0.015569155801,3.932688452874,3.790750513543,
2024-11-30T00:00:00Z,,hold,DOGEUSDT|ADAUSDT|XRPUSDT|DOTUSDT,0.049236200588|0.049236200588|0.049236200588|0.049236200588,2.272464649536|2.141848326681|1.857085907913|1.211119459053,629463.263721294352|131909.998399291100|367355.085825411545|104257.031788767636,0.196944802353,0.003291449535,-0.000105496438,0.000000000000,0.003185953097,0.003185953097,3.945217813829,3.802827666881,
2024-12-01T00:00:00Z,,hold,DOGEUSDT|ADAUSDT|XRPUSDT|DOTUSDT,0.049236200588|0.049236200588|0.049236200588|0.049236200588,2.272464649536|2.141848326681|1.857085907913|1.211119459053,629463.263721294352|131909.998399291100|367355.085825411545|104257.031788767636,0.196944802353,0.015996318779,-0.000102742657,0.000000000000,0.015893576123,0.015893576123,4.007921433473,3.863268197886,
2024-12-02T00:00:00Z,2024-12-02T00:00:00Z,active,XRPUSDT|ADAUSDT|DOGEUSDT|DOTUSDT,0.047646482786|0.047646482786|0.047646482786|0.047646482786,3.472124756335|2.220139860140|1.770816313706|1.379477993859,3035033.598334453069|253485.196749109920|469852.646675155847|48122.363818107049,0.190585931145,0.013084335484,-0.000158634676,0.006358871208,0.012918070162,0.012912983066,4.059696043757,3.913154514702,
2024-12-03T00:00:00Z,,hold,XRPUSDT|ADAUSDT|DOGEUSDT|DOTUSDT,0.047646482786|0.047646482786|0.047646482786|0.047646482786,3.472124756335|2.220139860140|1.770816313706|1.379477993859,3035033.598334453069|253485.196749109920|469852.646675155847|48122.363818107049,0.190585931145,-0.007306741409,-0.000169271277,0.000000000000,-0.007476012686,-0.007476012686,4.029345704631,3.883899721907,
2024-12-04T00:00:00Z,,hold,XRPUSDT|ADAUSDT|DOGEUSDT|DOTUSDT,0.047646482786|0.047646482786|0.047646482786|0.047646482786,3.472124756335|2.220139860140|1.770816313706|1.379477993859,3035033.598334453069|253485.196749109920|469852.646675155847|48122.363818107049,0.190585931145,0.003634688556,-0.000151083662,0.000000000000,0.003483604894,0.003483604894,4.043382353048,3.897429693986,
2024-12-05T00:00:00Z,,hold,XRPUSDT|ADAUSDT|DOGEUSDT|DOTUSDT,0.047646482786|0.047646482786|0.047646482786|0.047646482786,3.472124756335|2.220139860140|1.770816313706|1.379477993859,3035033.598334453069|253485.196749109920|469852.646675155847|48122.363818107049,0.190585931145,-0.004737726198,-0.000266951808,0.000000000000,-0.005004678006,-0.005004678006,4.023146526317,3.877924313318,
2024-12-06T00:00:00Z,,hold,XRPUSDT|ADAUSDT|DOGEUSDT|DOTUSDT,0.047646482786|0.047646482786|0.047646482786|0.047646482786,3.472124756335|2.220139860140|1.770816313706|1.379477993859,3035033.598334453069|253485.196749109920|469852.646675155847|48122.363818107049,0.190585931145,0.008915186752,-0.000165410006,0.000000000000,0.008749776746,0.008749776746,4.058348160240,3.911855285299,
2024-12-07T00:00:00Z,,hold,XRPUSDT|ADAUSDT|DOGEUSDT|DOTUSDT,0.047646482786|0.047646482786|0.047646482786|0.047646482786,3.472124756335|2.220139860140|1.770816313706|1.379477993859,3035033.598334453069|253485.196749109920|469852.646675155847|48122.363818107049,0.190585931145,0.004617874162,-0.000217388507,0.000000000000,0.004400485655,0.004400485655,4.076206863103,3.929069348367,
2024-12-08T00:00:00Z,,hold,XRPUSDT|ADAUSDT|DOGEUSDT|DOTUSDT,0.047646482786|0.047646482786|0.047646482786|0.047646482786,3.472124756335|2.220139860140|1.770816313706|1.379477993859,3035033.598334453069|253485.196749109920|469852.646675155847|48122.363818107049,0.190585931145,-0.000329086154,-0.000165248961,0.000000000000,-0.000494335115,-0.000494335115,4.074191850915,3.927127071419,
2024-12-09T00:00:00Z,2024-12-09T00:00:00Z,active,XRPUSDT|ADAUSDT|DOTUSDT|DOGEUSDT,0.047111091996|0.047111091996|0.047111091996|0.047111091996,3.697888467786|1.685926258993|1.404530744337|1.310201455229,334829.933865384897|61344.054005679536|25090.936859307138|301295.439912815695,0.188444367983,-0.028700900430,-0.000101938510,0.002141563162,-0.028805408816,-0.028807122066,3.956833089056,3.813997842504,
2024-12-10T00:00:00Z,,hold,XRPUSDT|ADAUSDT|DOTUSDT|DOGEUSDT,0.047111091996|0.047111091996|0.047111091996|0.047111091996,3.697888467786|1.685926258993|1.404530744337|1.310201455229,334829.933865384897|61344.054005679536|25090.936859307138|301295.439912815695,0.188444367983,0.001442920978,-0.000056533310,0.000000000000,0.001386387667,0.001386387667,3.962318793652,3.819285522076,
2024-12-11T00:00:00Z,,hold,XRPUSDT|ADAUSDT|DOTUSDT|DOGEUSDT,0.047111091996|0.047111091996|0.047111091996|0.047111091996,3.697888467786|1.685926258993|1.404530744337|1.310201455229,334829.933865384897|61344.054005679536|25090.936859307138|301295.439912815695,0.188444367983,0.009310527311,-0.000041134108,0.000000000000,0.009269393203,0.009269393203,3.999047084546,3.854687981334,
2024-12-12T00:00:00Z,,hold,XRPUSDT|ADAUSDT|DOTUSDT|DOGEUSDT,0.047111091996|0.047111091996|0.047111091996|0.047111091996,3.697888467786|1.685926258993|1.404530744337|1.310201455229,334829.933865384897|61344.054005679536|25090.936859307138|301295.439912815695,0.188444367983,-0.000074788634,-0.000056533310,0.000000000000,-0.000131321945,-0.000131321945,3.998521921905,3.854181776211,
2024-12-13T00:00:00Z,,hold,XRPUSDT|ADAUSDT|DOTUSDT|DOGEUSDT,0.047111091996|0.047111091996|0.047111091996|0.047111091996,3.697888467786|1.685926258993|1.404530744337|1.310201455229,334829.933865384897|61344.054005679536|25090.936859307138|301295.439912815695,0.188444367983,0.002111931127,-0.000056261008,0.000000000000,0.002055670119,0.002055670119,4.006741563939,3.862104702521,
2024-12-14T00:00:00Z,,hold,XRPUSDT|ADAUSDT|DOTUSDT|DOGEUSDT,0.047111091996|0.047111091996|0.047111091996|0.047111091996,3.697888467786|1.685926258993|1.404530744337|1.310201455229,334829.933865384897|61344.054005679536|25090.936859307138|301295.439912815695,0.188444367983,-0.007037878001,-0.000056533310,0.000000000000,-0.007094411311,-0.007094411311,3.978316091267,3.834705343235,
2024-12-15T00:00:00Z,,hold,XRPUSDT|ADAUSDT|DOTUSDT|DOGEUSDT,0.047111091996|0.047111091996|0.047111091996|0.047111091996,3.697888467786|1.685926258993|1.404530744337|1.310201455229,334829.933865384897|61344.054005679536|25090.936859307138|301295.439912815695,0.188444367983,0.006296496667,-0.000048773171,0.000000000000,0.006247723496,0.006247723496,4.003171510184,3.858663521907,
2024-12-16T00:00:00Z,2024-12-16T00:00:00Z,active,XRPUSDT|LINKUSDT|DOTUSDT|ADAUSDT,0.040302353710|0.040302353710|0.040302353710|0.040302353710,1.742380098610|1.112571304787|0.748063516654|0.554126625212,765511.707832530956|229842.936150535999|80429.866757117503|204712.534721077303,0.161209414841,-0.002143208167,-0.000037666177,0.107839660562,-0.002310281936,-0.002396553665,3.993923055356,3.849416027702,
2024-12-17T00:00:00Z,,hold,XRPUSDT|LINKUSDT|DOTUSDT|ADAUSDT,0.040302353710|0.040302353710|0.040302353710|0.040302353710,1.742380098610|1.112571304787|0.748063516654|0.554126625212,765511.707832530956|229842.936150535999|80429.866757117503|204712.534721077303,0.161209414841,-0.002104543791,-0.000046514155,0.000000000000,-0.002151057947,-0.002151057947,3.985331895430,3.841135710766,
2024-12-18T00:00:00Z,,hold,XRPUSDT|LINKUSDT|DOTUSDT|ADAUSDT,0.040302353710|0.040302353710|0.040302353710|0.040302353710,1.742380098610|1.112571304787|0.748063516654|0.554126625212,765511.707832530956|229842.936150535999|80429.866757117503|204712.534721077303,0.161209414841,-0.015430768082,-0.000044686444,0.000000000000,-0.015475454525,-0.015475454525,3.923657072914,3.781692389749,
2024-12-19T00:00:00Z,,hold,XRPUSDT|LINKUSDT|DOTUSDT|ADAUSDT,0.040302353710|0.040302353710|0.040302353710|0.040302353710,1.742380098610|1.112571304787|0.748063516654|0.554126625212,765511.707832530956|229842.936150535999|80429.866757117503|204712.534721077303,0.161209414841,-0.012085722119,-0.000023065843,0.000000000000,-0.012108787962,-0.012108787962,3.876146341381,3.735900678463,
2024-12-20T00:00:00Z,,hold,XRPUSDT|LINKUSDT|DOTUSDT|ADAUSDT,0.040302353710|0.040302353710|0.040302353710|0.040302353710,1.742380098610|1.112571304787|0.748063516654|0.554126625212,765511.707832530956|229842.936150535999|80429.866757117503|204712.534721077303,0.161209414841,0.006934211746,-0.000029656890,0.000000000000,0.006904554856,0.006904554856,3.902909406427,3.761695409635,
2024-12-21T00:00:00Z,,hold,XRPUSDT|LINKUSDT|DOTUSDT|ADAUSDT,0.040302353710|0.040302353710|0.040302353710|0.040302353710,1.742380098610|1.112571304787|0.748063516654|0.554126625212,765511.707832530956|229842.936150535999|80429.866757117503|204712.534721077303,0.161209414841,-0.006539262466,-0.000038448848,0.000000000000,-0.006577711315,-0.006577711315,3.877237195063,3.736952063176,
2024-12-22T00:00:00Z,,hold,XRPUSDT|LINKUSDT|DOTUSDT|ADAUSDT,0.040302353710|0.040302353710|0.040302353710|0.040302353710,1.742380098610|1.112571304787|0.748063516654|0.554126625212,765511.707832530956|229842.936150535999|80429.866757117503|204712.534721077303,0.161209414841,-0.002437634786,-0.000047353654,0.000000000000,-0.002484988440,-0.002484988440,3.867602305455,3.727665780499,
2024-12-23T00:00:00Z,2024-12-23T00:00:00Z,active,XRPUSDT|LINKUSDT|LTCUSDT|DOTUSDT,0.041189051886|0.041189051886|0.041189051886|0.041189051886,0.494334758125|0.331805572307|0.080840918942|0.030901416943,198432.135760001926|35328.385700456711|29212.133785301397|17676.399270310230,0.164756207544,0.011813502884,-0.000041559753,0.084151500124,0.011670961331,0.011603640131,3.912740942406,3.770920272744,
2024-12-24T00:00:00Z,,hold,XRPUSDT|LINKUSDT|LTCUSDT|DOTUSDT,0.041189051886|0.041189051886|0.041189051886|0.041189051886,0.494334758125|0.331805572307|0.080840918942|0.030901416943,198432.135760001926|35328.385700456711|29212.133785301397|17676.399270310230,0.164756207544,0.004140057879,-0.000049426862,0.000000000000,0.004090631017,0.004090631017,3.928746521867,3.786345716175,
2024-12-25T00:00:00Z,,hold,XRPUSDT|LINKUSDT|LTCUSDT|DOTUSDT,0.041189051886|0.041189051886|0.041189051886|0.041189051886,0.494334758125|0.331805572307|0.080840918942|0.030901416943,198432.135760001926|35328.385700456711|29212.133785301397|17676.399270310230,0.164756207544,-0.001748674013,-0.000047497155,0.000000000000,-0.001796171168,-0.001796171168,3.921689820636,3.779544791166,
2024-12-26T00:00:00Z,,hold,XRPUSDT|LINKUSDT|LTCUSDT|DOTUSDT,0.041189051886|0.041189051886|0.041189051886|0.041189051886,0.494334758125|0.331805572307|0.080840918942|0.030901416943,198432.135760001926|35328.385700456711|29212.133785301397|17676.399270310230,0.164756207544,-0.011487614140,-0.000035809350,0.000000000000,-0.011523423489,-0.011523423489,3.876498528039,3.735991495941,
2024-12-27T00:00:00Z,,hold,XRPUSDT|LINKUSDT|LTCUSDT|DOTUSDT,0.041189051886|0.041189051886|0.041189051886|0.041189051886,0.494334758125|0.331805572307|0.080840918942|0.030901416943,198432.135760001926|35328.385700456711|29212.133785301397|17676.399270310230,0.164756207544,-0.003005135625,-0.000036724159,0.000000000000,-0.003041859783,-0.003041859783,3.864706763067,3.724627133658,
2024-12-28T00:00:00Z,,hold,XRPUSDT|LINKUSDT|LTCUSDT|DOTUSDT,0.041189051886|0.041189051886|0.041189051886|0.041189051886,0.494334758125|0.331805572307|0.080840918942|0.030901416943,198432.135760001926|35328.385700456711|29212.133785301397|17676.399270310230,0.164756207544,0.002800063769,-0.000028785793,0.000000000000,0.002771277976,0.002771277976,3.875416939804,3.734949110804,
2024-12-29T00:00:00Z,,hold,XRPUSDT|LINKUSDT|LTCUSDT|DOTUSDT,0.041189051886|0.041189051886|0.041189051886|0.041189051886,0.494334758125|0.331805572307|0.080840918942|0.030901416943,198432.135760001926|35328.385700456711|29212.133785301397|17676.399270310230,0.164756207544,-0.006002231399,-0.000041146627,0.000000000000,-0.006043378027,-0.006043378027,3.851996330226,3.712377401417,
2024-12-30T00:00:00Z,2024-12-30T00:00:00Z,active,XRPUSDT|LINKUSDT|BNBUSDT|LTCUSDT,0.049170600265|0.049170600265|0.049170600265|0.049170600265,0.161329707531|0.147097480832|0.060064414696|-0.060955833254,182619.492498019972|39186.304908744685|50595.915738987060|17462.392689391327,0.196682401059,-0.000515989420,-0.000027776472,0.114304297287,-0.000680931049,-0.000772374486,3.849373386326,3.709510055828,
2024-12-31T00:00:00Z,,hold,XRPUSDT|LINKUSDT|BNBUSDT|LTCUSDT,0.049170600265|0.049170600265|0.049170600265|0.049170600265,0.161329707531|0.147097480832|0.060064414696|-0.060955833254,182619.492498019972|39186.304908744685|50595.915738987060|17462.392689391327,0.196682401059,0.000996078855,-0.000031878775,0.000000000000,0.000964200080,0.000964200080,3.853084952454,3.713086765721,
2025-01-01T00:00:00Z,,hold,XRPUSDT|LINKUSDT|BNBUSDT|LTCUSDT,0.049170600265|0.049170600265|0.049170600265|0.049170600265,0.161329707531|0.147097480832|0.060064414696|-0.060955833254,182619.492498019972|39186.304908744685|50595.915738987060|17462.392689391327,0.196682401059,0.011394496454,-0.000040860277,0.000000000000,0.011353636177,0.011353636177,3.896831477163,3.755243801954,
2025-01-02T00:00:00Z,,hold,XRPUSDT|LINKUSDT|BNBUSDT|LTCUSDT,0.049170600265|0.049170600265|0.049170600265|0.049170600265,0.161329707531|0.147097480832|0.060064414696|-0.060955833254,182619.492498019972|39186.304908744685|50595.915738987060|17462.392689391327,0.196682401059,0.002127326346,-0.000035850285,0.000000000000,0.002091476061,0.002091476061,3.904981606912,3.763097804469,
2025-01-03T00:00:00Z,,hold,XRPUSDT|LINKUSDT|BNBUSDT|LTCUSDT,0.049170600265|0.049170600265|0.049170600265|0.049170600265,0.161329707531|0.147097480832|0.060064414696|-0.060955833254,182619.492498019972|39186.304908744685|50595.915738987060|17462.392689391327,0.196682401059,0.008421094997,-0.000044253540,0.000000000000,0.008376841457,0.008376841457,3.937693018727,3.794620678166,
2025-01-04T00:00:00Z,,hold,XRPUSDT|LINKUSDT|BNBUSDT|LTCUSDT,0.049170600265|0.049170600265|0.049170600265|0.049170600265,0.161329707531|0.147097480832|0.060064414696|-0.060955833254,182619.492498019972|39186.304908744685|50595.915738987060|17462.392689391327,0.196682401059,-0.001247208444,-0.000044253540,0.000000000000,-0.001291461984,-0.001291461984,3.932607637888,3.789720069815,
2025-01-05T00:00:00Z,,hold,XRPUSDT|LINKUSDT|BNBUSDT|LTCUSDT,0.049170600265|0.049170600265|0.049170600265|0.049170600265,0.161329707531|0.147097480832|0.060064414696|-0.060955833254,182619.492498019972|39186.304908744685|50595.915738987060|17462.392689391327,0.196682401059,0.001248047078,-0.000044253540,0.000000000000,0.001203793538,0.001203793538,3.937341685550,3.794282110347,
2025-01-06T00:00:00Z,2025-01-06T00:00:00Z,active,XRPUSDT|BNBUSDT|LINKUSDT|ETHUSDT,0.069616308673|0.069616308673|0.069616308673|0.069616308673,-0.011456358691|-0.029380773178|-0.089560885181|-0.091657399888,147340.317276808695|21833.574896607657|28225.517224488685|387734.815488611173,0.278465234693,0.004300622169,-0.000062654678,0.180124034163,0.004021818650,0.003877719423,3.953176959772,3.808995271781,
2025-01-07T00:00:00Z,,hold,XRPUSDT|BNBUSDT|LINKUSDT|ETHUSDT,0.069616308673|0.069616308673|0.069616308673|0.069616308673,-0.011456358691|-0.029380773178|-0.089560885181|-0.091657399888,147340.317276808695|21833.574896607657|28225.517224488685|387734.815488611173,0.278465234693,-0.020338417978,-0.000063815878,0.000000000000,-0.020402233856,-0.020402233856,3.872523318965,3.731283259489,
2025-01-08T00:00:00Z,,hold,XRPUSDT|BNBUSDT|LINKUSDT|ETHUSDT,0.069616308673|0.069616308673|0.069616308673|0.069616308673,-0.011456358691|-0.029380773178|-0.089560885181|-0.091657399888,147340.317276808695|21833.574896607657|28225.517224488685|387734.815488611173,0.278465234693,-0.001238580041,0.000053879542,0.000000000000,-0.001184700499,-0.001184700499,3.867935538656,3.726862806350,
2025-01-09T00:00:00Z,,hold,XRPUSDT|BNBUSDT|LINKUSDT|ETHUSDT,0.069616308673|0.069616308673|0.069616308673|0.069616308673,-0.011456358691|-0.029380773178|-0.089560885181|-0.091657399888,147340.317276808695|21833.574896607657|28225.517224488685|387734.815488611173,0.278465234693,-0.008966499737,-0.000019857356,0.000000000000,-0.008986357093,-0.008986357093,3.833176888695,3.693371886337,
2025-01-10T00:00:00Z,,hold,XRPUSDT|BNBUSDT|LINKUSDT|ETHUSDT,0.069616308673|0.069616308673|0.069616308673|0.069616308673,-0.011456358691|-0.029380773178|-0.089560885181|-0.091657399888,147340.317276808695|21833.574896607657|28225.517224488685|387734.815488611173,0.278465234693,0.006126124449,0.000009871593,0.000000000000,0.006135996042,0.006135996042,3.856697246912,3.716034401613,
2025-01-11T00:00:00Z,,hold,XRPUSDT|BNBUSDT|LINKUSDT|ETHUSDT,0.069616308673|0.069616308673|0.069616308673|0.069616308673,-0.011456358691|-0.029380773178|-0.089560885181|-0.091657399888,147340.317276808695|21833.574896607657|28225.517224488685|387734.815488611173,0.278465234693,0.007570323838,-0.000055670770,0.000000000000,0.007514653068,0.007514653068,3.885678988711,3.743959110930,
2025-01-12T00:00:00Z,,hold,XRPUSDT|BNBUSDT|LINKUSDT|ETHUSDT,0.069616308673|0.069616308673|0.069616308673|0.069616308673,-0.011456358691|-0.029380773178|-0.089560885181|-0.091657399888,147340.317276808695|21833.574896607657|28225.517224488685|387734.815488611173,0.278465234693,-0.003936841418,-0.000057429278,0.000000000000,-0.003994270695,-0.003994270695,3.870158534994,3.729004724768,
2025-01-13T00:00:00Z,2025-01-13T00:00:00Z,active,XRPUSDT|BNBUSDT|ADAUSDT|SOLUSDT,0.074474716738|0.074474716738|0.074474716738|0.074474716738,0.033484723369|-0.045154534055|-0.137442026400|-0.161452538828,189095.740436098684|16445.671232973589|46405.760013981679|185537.177339710994,0.297898866954,-0.003950184564,0.000029039182,0.297898866954,-0.004278624023,-0.004516943117,3.853599581712,3.712161022544,
2025-01-14T00:00:00Z,,hold,XRPUSDT|BNBUSDT|ADAUSDT|SOLUSDT,0.074474716738|0.074474716738|0.074474716738|0.074474716738,0.033484723369|-0.045154534055|-0.137442026400|-0.161452538828,189095.740436098684|16445.671232973589|46405.760013981679|185537.177339710994,0.297898866954,0.011486436013,-0.000036674330,0.000000000000,0.011449761683,0.011449761683,3.897722378545,3.754664381581,
2025-01-15T00:00:00Z,,hold,XRPUSDT|BNBUSDT|ADAUSDT|SOLUSDT,0.074474716738|0.074474716738|0.074474716738|0.074474716738,0.033484723369|-0.045154534055|-0.137442026400|-0.161452538828,189095.740436098684|16445.671232973589|46405.760013981679|185537.177339710994,0.297898866954,0.028043406166,-0.000041145047,0.000000000000,0.028002261119,0.028002261119,4.006867418358,3.859803474008,
2025-01-16T00:00:00Z,,hold,XRPUSDT|BNBUSDT|ADAUSDT|SOLUSDT,0.074474716738|0.074474716738|0.074474716738|0.074474716738,0.033484723369|-0.045154534055|-0.137442026400|-0.161452538828,189095.740436098684|16445.671232973589|46405.760013981679|185537.177339710994,0.297898866954,0.004605323691,-0.000065097605,0.000000000000,0.004540226086,0.004540226086,4.025059502335,3.877327854428,
2025-01-17T00:00:00Z,,hold,XRPUSDT|BNBUSDT|ADAUSDT|SOLUSDT,0.074474716738|0.074474716738|0.074474716738|0.074474716738,0.033484723369|-0.045154534055|-0.137442026400|-0.161452538828,189095.740436098684|16445.671232973589|46405.760013981679|185537.177339710994,0.297898866954,0.008546351696,-0.000056830167,0.000000000000,0.008489521529,0.008489521529,4.059230331637,3.910244512725,
2025-01-18T00:00:00Z,,hold,XRPUSDT|BNBUSDT|ADAUSDT|SOLUSDT,0.074474716738|0.074474716738|0.074474716738|0.074474716738,0.033484723369|-0.045154534055|-0.137442026400|-0.161452538828,189095.740436098684|16445.671232973589|46405.760013981679|185537.177339710994,0.297898866954,0.010777882612,-0.000049621759,0.000000000000,0.010728260853,0.010728260853,4.102778813498,3.952194635857,
2025-01-19T00:00:00Z,,hold,XRPUSDT|BNBUSDT|ADAUSDT|SOLUSDT,0.074474716738|0.074474716738|0.074474716738|0.074474716738,0.033484723369|-0.045154534055|-0.137442026400|-0.161452538828,189095.740436098684|16445.671232973589|46405.760013981679|185537.177339710994,0.297898866954,-0.020159233826,-0.000071161337,0.000000000000,-0.020230395163,-0.020230395163,4.019777976836,3.872240176614,
2025-01-20T00:00:00Z,2025-01-20T00:00:00Z,active,SOLUSDT|XRPUSDT|LTCUSDT|DOGEUSDT,0.061185349910|0.061185349910|0.061185349910|0.061185349910,0.299773522751|0.297068375318|0.140544808527|0.127222379559,4174223.600950928871|2051703.589127621613|233136.112232082174|1174815.556887141662,0.244741399641,0.001421613598,-0.000005096128,0.297898866954,0.001059038830,0.000820719736,4.024035077800,3.875418200550,
2025-01-21T00:00:00Z,,hold,SOLUSDT|XRPUSDT|LTCUSDT|DOGEUSDT,0.061185349910|0.061185349910|0.061185349910|0.061185349910,0.299773522751|0.297068375318|0.140544808527|0.127222379559,4174223.600950928871|2051703.589127621613|233136.112232082174|1174815.556887141662,0.244741399641,0.006745274995,-0.000027824650,0.000000000000,0.006717450346,0.006717450346,4.051066333624,3.901451129881,
2025-01-22T00:00:00Z,,hold,SOLUSDT|XRPUSDT|LTCUSDT|DOGEUSDT,0.061185349910|0.061185349910|0.061185349910|0.061185349910,0.299773522751|0.297068375318|0.140544808527|0.127222379559,4174223.600950928871|2051703.589127621613|233136.112232082174|1174815.556887141662,0.244741399641,-0.001546200242,-0.000056232396,0.000000000000,-0.001602432638,-0.001602432638,4.044574772712,3.895199317254,
2025-01-23T00:00:00Z,,hold,SOLUSDT|XRPUSDT|LTCUSDT|DOGEUSDT,0.061185349910|0.061185349910|0.061185349910|0.061185349910,0.299773522751|0.297068375318|0.140544808527|0.127222379559,4174223.600950928871|2051703.589127621613|233136.112232082174|1174815.556887141662,0.244741399641,-0.003467728573,-0.000049427361,0.000000000000,-0.003517155934,-0.003517155934,4.030349372548,3.881499293860,
2025-01-24T00:00:00Z,,hold,SOLUSDT|XRPUSDT|LTCUSDT|DOGEUSDT,0.061185349910|0.061185349910|0.061185349910|0.061185349910,0.299773522751|0.297068375318|0.140544808527|0.127222379559,4174223.600950928871|2051703.589127621613|233136.112232082174|1174815.556887141662,0.244741399641,0.000625563698,-0.000052266361,0.000000000000,0.000573297337,0.000573297337,4.032659961109,3.883724547067,
2025-01-25T00:00:00Z,,hold,SOLUSDT|XRPUSDT|LTCUSDT|DOGEUSDT,0.061185349910|0.061185349910|0.061185349910|0.061185349910,0.299773522751|0.297068375318|0.140544808527|0.127222379559,4174223.600950928871|2051703.589127621613|233136.112232082174|1174815.556887141662,0.244741399641,0.004102935006,-0.000011232407,0.000000000000,0.004091702599,0.004091702599,4.049160406354,3.899615592891,
2025-01-26T00:00:00Z,,hold,SOLUSDT|XRPUSDT|LTCUSDT|DOGEUSDT,0.061185349910|0.061185349910|0.061185349910|0.061185349910,0.299773522751|0.297068375318|0.140544808527|0.127222379559,4174223.600950928871|2051703.589127621613|233136.112232082174|1174815.556887141662,0.244741399641,-0.011958199293,-0.000049076157,0.000000000000,-0.012007275450,-0.012007275450,4.000541022013,3.852791834318,
2025-01-27T00:00:00Z,2025-01-27T00:00:00Z,active,XRPUSDT|SOLUSDT|LTCUSDT|LINKUSDT,0.066644683831|0.066644683831|0.066644683831|0.066644683831,0.407569683975|0.304810511456|0.164444886590|0.153492902867,660433.860278900363|1218083.626648458652|118410.820836475992|113492.137832071559,0.266578735324,-0.003748020554,-0.000005070328,0.144208035503,-0.003926140524,-0.004041506952,3.984834335789,3.837220749334,
2025-01-28T00:00:00Z,,hold,XRPUSDT|SOLUSDT|LTCUSDT|LINKUSDT,0.066644683831|0.066644683831|0.066644683831|0.066644683831,0.407569683975|0.304810511456|0.164444886590|0.153492902867,660433.860278900363|1218083.626648458652|118410.820836475992|113492.137832071559,0.266578735324,-0.009584340074,-0.000055246444,0.000000000000,-0.009639586518,-0.009639586518,3.946422180449,3.800231527932,
2025-01-29T00:00:00Z,,hold,XRPUSDT|SOLUSDT|LTCUSDT|LINKUSDT,0.066644683831|0.066644683831|0.066644683831|0.066644683831,0.407569683975|0.304810511456|0.164444886590|0.153492902867,660433.860278900363|1218083.626648458652|118410.820836475992|113492.137832071559,0.266578735324,0.007301734533,-0.000043775561,0.000000000000,0.007257958972,0.007257958972,3.975065150721,3.827813452446,
2025-01-30T00:00:00Z,,hold,XRPUSDT|SOLUSDT|LTCUSDT|LINKUSDT,0.066644683831|0.066644683831|0.066644683831|0.066644683831,0.407569683975|0.304810511456|0.164444886590|0.153492902867,660433.860278900363|1218083.626648458652|118410.820836475992|113492.137832071559,0.266578735324,0.014714636924,-0.000062716646,0.000000000000,0.014651920278,0.014651920278,4.033307488408,3.883898269988,
2025-01-31T00:00:00Z,,hold,XRPUSDT|SOLUSDT|LTCUSDT|LINKUSDT,0.066644683831|0.066644683831|0.066644683831|0.066644683831,0.407569683975|0.304810511456|0.164444886590|0.153492902867,660433.860278900363|1218083.626648458652|118410.820836475992|113492.137832071559,0.266578735324,-0.002947849306,-0.000059842261,0.000000000000,-0.003007691567,-0.003007691567,4.021176543487,3.872216701913,
2025-02-01T00:00:00Z,,hold,XRPUSDT|SOLUSDT|LTCUSDT|LINKUSDT,0.066644683831|0.066644683831|0.066644683831|0.066644683831,0.407569683975|0.304810511456|0.164444886590|0.153492902867,660433.860278900363|1218083.626648458652|118410.820836475992|113492.137832071559,0.266578735324,-0.019864050424,-0.000030589910,0.000000000000,-0.019894640334,-0.019894640334,3.941176682434,3.795180343333,
2025-02-02T00:00:00Z,,hold,XRPUSDT|SOLUSDT|LTCUSDT|LINKUSDT,0.066644683831|0.066644683831|0.066644683831|0.066644683831,0.407569683975|0.304810511456|0.164444886590|0.153492902867,660433.860278900363|1218083.626648458652|118410.820836475992|113492.137832071559,0.266578735324,-0.022221093694,-0.000015905420,0.000000000000,-0.022236999114,-0.022236999114,3.853536740037,3.710786921399,
2025-02-03T00:00:00Z,2025-02-03T00:00:00Z,active,XRPUSDT|LTCUSDT|SOLUSDT|LINKUSDT,0.059946851985|0.059946851985|0.059946851985|0.059946851985,0.050521512386|-0.032647267566|-0.066495342114|-0.129045996593,955882.821111209341|122793.611268602763|1327376.332688265480|172515.284323198575,0.239787407942,0.008824144545,0.000036920067,0.026791327382,0.008828915019,0.008807481957,3.887559288437,3.743469610256,
2025-02-04T00:00:00Z,,hold,XRPUSDT|LTCUSDT|SOLUSDT|LINKUSDT,0.059946851985|0.059946851985|0.059946851985|0.059946851985,0.050521512386|-0.032647267566|-0.066495342114|-0.129045996593,955882.821111209341|122793.611268602763|1327376.332688265480|172515.284323198575,0.239787407942,-0.014428629493,0.000041096564,0.000000000000,-0.014387532929,-0.014387532929,3.831626901162,3.689610317970,
2025-02-05T00:00:00Z,,hold,XRPUSDT|LTCUSDT|SOLUSDT|LINKUSDT,0.059946851985|0.059946851985|0.059946851985|0.059946851985,0.050521512386|-0.032647267566|-0.066495342114|-0.129045996593,955882.821111209341|122793.611268602763|1327376.332688265480|172515.284323198575,0.239787407942,-0.007496802817,0.000006686472,0.000000000000,-0.007490116345,-0.007490116345,3.802927569881,3.661974707420,
2025-02-06T00:00:00Z,,hold,XRPUSDT|LTCUSDT|SOLUSDT|LINKUSDT,0.059946851985|0.059946851985|0.059946851985|0.059946851985,0.050521512386|-0.032647267566|-0.066495342114|-0.129045996593,955882.821111209341|122793.611268602763|1327376.332688265480|172515.284323198575,0.239787407942,-0.006320564224,-0.000019656573,0.000000000000,-0.006340220797,-0.006340220797,3.778816169413,3.638756979222,
2025-02-07T00:00:00Z,,hold,XRPUSDT|LTCUSDT|SOLUSDT|LINKUSDT,0.059946851985|0.059946851985|0.059946851985|0.059946851985,0.050521512386|-0.032647267566|-0.066495342114|-0.129045996593,955882.821111209341|122793.611268602763|1327376.332688265480|172515.284323198575,0.239787407942,0.002789088151,0.000000738545,0.000000000000,0.002789826697,0.002789826697,3.789358411645,3.648908480586,
2025-02-08T00:00:00Z,,hold,XRPUSDT|LTCUSDT|SOLUSDT|LINKUSDT,0.059946851985|0.059946851985|0.059946851985|0.059946851985,0.050521512386|-0.032647267566|-0.066495342114|-0.129045996593,955882.821111209341|122793.611268602763|1327376.332688265480|172515.284323198575,0.239787407942,0.003995229313,-0.000028890786,0.000000000000,0.003966338527,0.003966338527,3.804388289904,3.663381286873,
2025-02-09T00:00:00Z,,hold,XRPUSDT|LTCUSDT|SOLUSDT|LINKUSDT,0.059946851985|0.059946851985|0.059946851985|0.059946851985,0.050521512386|-0.032647267566|-0.066495342114|-0.129045996593,955882.821111209341|122793.611268602763|1327376.332688265480|172515.284323198575,0.239787407942,0.000550414537,0.000005468951,0.000000000000,0.000555883488,0.000555883488,3.806503086538,3.665417700042,
2025-02-10T00:00:00Z,2025-02-10T00:00:00Z,active,SOLUSDT|LTCUSDT|XRPUSDT|LINKUSDT,0.061039005788|0.061039005788|0.061039005788|0.061039005788,0.067860760168|0.031382364266|0.021272051600|-0.097805673619,294957.322018389765|47807.091364900341|184975.711739977996|44304.272145088136,0.244156023153,0.010013669753,-0.000014809284,0.004368615211,0.009993618131,0.009990123239,3.844543824801,3.702035674589,
2025-02-11T00:00:00Z,,hold,SOLUSDT|LTCUSDT|XRPUSDT|LINKUSDT,0.061039005788|0.061039005788|0.061039005788|0.061039005788,0.067860760168|0.031382364266|0.021272051600|-0.097805673619,294957.322018389765|47807.091364900341|184975.711739977996|44304.272145088136,0.244156023153,-0.002026923751,-0.000003149002,0.000000000000,-0.002030072753,-0.002030072753,3.836739121135,3.694520272835,
2025-02-12T00:00:00Z,,hold,SOLUSDT|LTCUSDT|XRPUSDT|LINKUSDT,0.061039005788|0.061039005788|0.061039005788|0.061039005788,0.067860760168|0.031382364266|0.021272051600|-0.097805673619,294957.322018389765|47807.091364900341|184975.711739977996|44304.272145088136,0.244156023153,0.004452733357,0.000006254057,0.000000000000,0.004458987413,0.004458987413,3.853847092584,3.710994092230,
2025-02-13T00:00:00Z,,hold,SOLUSDT|LTCUSDT|XRPUSDT|LINKUSDT,0.061039005788|0.061039005788|0.061039005788|0.061039005788,0.067860760168|0.031382364266|0.021272051600|-0.097805673619,294957.322018389765|47807.091364900341|184975.711739977996|44304.272145088136,0.244156023153,0.001495421385,-0.000022925640,0.000000000000,0.001472495745,0.001472495745,3.859521866029,3.716458515240,
2025-02-14T00:00:00Z,,hold,SOLUSDT|LTCUSDT|XRPUSDT|LINKUSDT,0.061039005788|0.061039005788|0.061039005788|0.061039005788,0.067860760168|0.031382364266|0.021272051600|-0.097805673619,294957.322018389765|47807.091364900341|184975.711739977996|44304.272145088136,0.244156023153,0.007831714713,-0.000046313346,0.000000000000,0.007785401367,0.007785401367,3.889569792840,3.745392636444,
2025-02-15T00:00:00Z,,hold,SOLUSDT|LTCUSDT|XRPUSDT|LINKUSDT,0.061039005788|0.061039005788|0.061039005788|0.061039005788,0.067860760168|0.031382364266|0.021272051600|-0.097805673619,294957.322018389765|47807.091364900341|184975.711739977996|44304.272145088136,0.244156023153,0.002152312964,-0.000035779234,0.000000000000,0.002116533730,0.002116533730,3.897802198501,3.753319886291,
2025-02-16T00:00:00Z,,hold,SOLUSDT|LTCUSDT|XRPUSDT|LINKUSDT,0.061039005788|0.061039005788|0.061039005788|0.061039005788,0.067860760168|0.031382364266|0.021272051600|-0.097805673619,294957.322018389765|47807.091364900341|184975.711739977996|44304.272145088136,0.244156023153,-0.007346848544,0.000006512862,0.000000000000,-0.007340335682,-0.007340335682,3.869191021941,3.725769258402,
2025-02-17T00:00:00Z,2025-02-17T00:00:00Z,active,BNBUSDT|LTCUSDT|SOLUSDT|XRPUSDT,0.084667809752|0.084667809752|0.084667809752|0.084667809752,-0.068467919511|-0.083053568822|-0.142713934202|-0.171340889064,49263.886043129154|57676.276359043695|175232.475061382022|179275.839612882439,0.338671239010,-0.009916396735,0.000038666095,0.216593227433,-0.010137642512,-0.010310917094,3.829966546549,3.687353160467,
2025-02-18T00:00:00Z,,hold,BNBUSDT|LTCUSDT|SOLUSDT|XRPUSDT,0.084667809752|0.084667809752|0.084667809752|0.084667809752,-0.068467919511|-0.083053568822|-0.142713934202|-0.171340889064,49263.886043129154|57676.276359043695|175232.475061382022|179275.839612882439,0.338671239010,-0.004305251976,-0.000018272160,0.000000000000,-0.004323524136,-0.004323524136,3.813407593743,3.671410800078,
2025-02-19T00:00:00Z,,hold,BNBUSDT|LTCUSDT|SOLUSDT|XRPUSDT,0.084667809752|0.084667809752|0.084667809752|0.084667809752,-0.068467919511|-0.083053568822|-0.142713934202|-0.171340889064,49263.886043129154|57676.276359043695|175232.475061382022|179275.839612882439,0.338671239010,0.009597034463,-0.000001264937,0.000000000000,0.009595769526,0.009595769526,3.850000174122,3.706640811951,
2025-02-20T00:00:00Z,,hold,BNBUSDT|LTCUSDT|SOLUSDT|XRPUSDT,0.084667809752|0.084667809752|0.084667809752|0.084667809752,-0.068467919511|-0.083053568822|-0.142713934202|-0.171340889064,49263.886043129154|57676.276359043695|175232.475061382022|179275.839612882439,0.338671239010,-0.000171372097,0.000004106389,0.000000000000,-0.000167265709,-0.000167265709,3.849356201115,3.706020818050,
2025-02-21T00:00:00Z,,hold,BNBUSDT|LTCUSDT|SOLUSDT|XRPUSDT,0.084667809752|0.084667809752|0.084667809752|0.084667809752,-0.068467919511|-0.083053568822|-0.142713934202|-0.171340889064,49263.886043129154|57676.276359043695|175232.475061382022|179275.839612882439,0.338671239010,-0.010024744865,0.000054828334,0.000000000000,-0.009969916531,-0.009969916531,3.810978441092,3.669072099831,
2025-02-22T00:00:00Z,,hold,BNBUSDT|LTCUSDT|SOLUSDT|XRPUSDT,0.084667809752|0.084667809752|0.084667809752|0.084667809752,-0.068467919511|-0.083053568822|-0.142713934202|-0.171340889064,49263.886043129154|57676.276359043695|175232.475061382022|179275.839612882439,0.338671239010,0.003010930976,0.000064041885,0.000000000000,0.003074972860,0.003074972860,3.822697096370,3.680354396961,
2025-02-23T00:00:00Z,,hold,BNBUSDT|LTCUSDT|SOLUSDT|XRPUSDT,0.084667809752|0.084667809752|0.084667809752|0.084667809752,-0.068467919511|-0.083053568822|-0.142713934202|-0.171340889064,49263.886043129154|57676.276359043695|175232.475061382022|179275.839612882439,0.338671239010,-0.000644133003,0.000021707980,0.000000000000,-0.000622425023,-0.000622425023,3.820317754041,3.678063652290,
2025-02-24T00:00:00Z,2025-02-24T00:00:00Z,active,LTCUSDT|BNBUSDT|ETHUSDT|XRPUSDT,0.089504944445|0.089504944445|0.089504944445|0.089504944445,0.094074011633|-0.033521441378|-0.148122177826|-0.169146361142,55232.151878447643|52451.617946194230|2361991.038981157355|123391.711414822581,0.358019777780,-0.036428105670,0.000041684243,0.188684158275,-0.036612842417,-0.036763789744,3.680445062128,3.542844093513,
2025-02-25T00:00:00Z,,hold,LTCUSDT|BNBUSDT|ETHUSDT|XRPUSDT,0.089504944445|0.089504944445|0.089504944445|0.089504944445,0.094074011633|-0.033521441378|-0.148122177826|-0.169146361142,55232.151878447643|52451.617946194230|2361991.038981157355|123391.711414822581,0.358019777780,0.002258669018,0.000017080229,0.000000000000,0.002275749247,0.002275749247,3.688820832207,3.550906718291,
2025-02-26T00:00:00Z,,hold,LTCUSDT|BNBUSDT|ETHUSDT|XRPUSDT,0.089504944445|0.089504944445|0.089504944445|0.089504944445,0.094074011633|-0.033521441378|-0.148122177826|-0.169146361142,55232.151878447643|52451.617946194230|2361991.038981157355|123391.711414822581,0.358019777780,-0.004233834022,0.000059025826,0.000000000000,-0.004174808196,-0.004174808196,3.673420712762,3.536082363819,
2025-02-27T00:00:00Z,,hold,LTCUSDT|BNBUSDT|ETHUSDT|XRPUSDT,0.089504944445|0.089504944445|0.089504944445|0.089504944445,0.094074011633|-0.033521441378|-0.148122177826|-0.169146361142,55232.151878447643|52451.617946194230|2361991.038981157355|123391.711414822581,0.358019777780,-0.000443439599,-0.000059130546,0.000000000000,-0.000502570146,-0.000502570146,3.671574561178,3.534305234389,
2025-02-28T00:00:00Z,,hold,LTCUSDT|BNBUSDT|ETHUSDT|XRPUSDT,0.089504944445|0.089504944445|0.089504944445|0.089504944445,0.094074011633|-0.033521441378|-0.148122177826|-0.169146361142,55232.151878447643|52451.617946194230|2361991.038981157355|123391.711414822581,0.358019777780,-0.006600846554,0.000005859889,0.000000000000,-0.006594986665,-0.006594986665,3.647360575906,3.510996538497,
2025-03-01T00:00:00Z,,hold,LTCUSDT|BNBUSDT|ETHUSDT|XRPUSDT,0.089504944445|0.089504944445|0.089504944445|0.089504944445,0.094074011633|-0.033521441378|-0.148122177826|-0.169146361142,55232.151878447643|52451.617946194230|2361991.038981157355|123391.711414822581,0.358019777780,0.001468366514,0.000016701623,0.000000000000,0.001485068137,0.001485068137,3.652777154881,3.516210607585,
2025-03-02T00:00:00Z,,hold,LTCUSDT|BNBUSDT|ETHUSDT|XRPUSDT,0.089504944445|0.089504944445|0.089504944445|0.089504944445,0.094074011633|-0.033521441378|-0.148122177826|-0.169146361142,55232.151878447643|52451.617946194230|2361991.038981157355|123391.711414822581,0.358019777780,0.047660470826,0.000016979983,0.000000000000,0.047677450809,0.047677450809,3.826932258001,3.683854565864,
2025-03-03T00:00:00Z,2025-03-03T00:00:00Z,active,ADAUSDT|LTCUSDT|XRPUSDT|BNBUSDT,0.042670478491|0.042670478491|0.042670478491|0.042670478491,0.203141583528|-0.001484259042|-0.031732955482|-0.080054294103,977359.278861651896|99702.088928255573|646973.673632249236|61173.692263709396,0.170681913964,-0.027712998847,0.000003351766,0.272678820798,-0.028036861666,-0.028255004722,3.719637087680,3.579767237710,
2025-03-04T00:00:00Z,,hold,ADAUSDT|LTCUSDT|XRPUSDT|BNBUSDT,0.042670478491|0.042670478491|0.042670478491|0.042670478491,0.203141583528|-0.001484259042|-0.031732955482|-0.080054294103,977359.278861651896|99702.088928255573|646973.673632249236|61173.692263709396,0.170681913964,0.003519013140,0.000032524719,0.000000000000,0.003551537859,0.003551537859,3.732847519617,3.592480916580,
2025-03-05T00:00:00Z,,hold,ADAUSDT|LTCUSDT|XRPUSDT|BNBUSDT,0.042670478491|0.042670478491|0.042670478491|0.042670478491,0.203141583528|-0.001484259042|-0.031732955482|-0.080054294103,977359.278861651896|99702.088928255573|646973.673632249236|61173.692263709396,0.170681913964,0.003786060729,0.000022316660,0.000000000000,0.003808377389,0.003808377389,3.747063611707,3.606162439673,
2025-03-06T00:00:00Z,,hold,ADAUSDT|LTCUSDT|XRPUSDT|BNBUSDT,0.042670478491|0.042670478491|0.042670478491|0.042670478491,0.203141583528|-0.001484259042|-0.031732955482|-0.080054294103,977359.278861651896|99702.088928255573|646973.673632249236|61173.692263709396,0.170681913964,-0.001935581405,0.000017829006,0.000000000000,-0.001917752399,-0.001917752399,3.739877671476,3.599246713002,
2025-03-07T00:00:00Z,,hold,ADAUSDT|LTCUSDT|XRPUSDT|BNBUSDT,0.042670478491|0.042670478491|0.042670478491|0.042670478491,0.203141583528|-0.001484259042|-0.031732955482|-0.080054294103,977359.278861651896|99702.088928255573|646973.673632249236|61173.692263709396,0.170681913964,-0.007686944776,0.000039677998,0.000000000000,-0.007647266778,-0.007647266778,3.711277829205,3.571722313188,
2025-03-08T00:00:00Z,,hold,ADAUSDT|LTCUSDT|XRPUSDT|BNBUSDT,0.042670478491|0.042670478491|0.042670478491|0.042670478491,0.203141583528|-0.001484259042|-0.031732955482|-0.080054294103,977359.278861651896|99702.088928255573|646973.673632249236|61173.692263709396,0.170681913964,-0.002397406070,0.000005113630,0.000000000000,-0.002392292440,-0.002392292440,3.702399367312,3.563177708900,
2025-03-09T00:00:00Z,,hold,ADAUSDT|LTCUSDT|XRPUSDT|BNBUSDT,0.042670478491|0.042670478491|0.042670478491|0.042670478491,0.203141583528|-0.001484259042|-0.031732955482|-0.080054294103,977359.278861651896|99702.088928255573|646973.673632249236|61173.692263709396,0.170681913964,-0.013868336804,0.000005757528,0.000000000000,-0.013862579277,-0.013862579277,3.651074562569,3.513782875434,
2025-03-10T00:00:00Z,2025-03-10T00:00:00Z,active,ADAUSDT|BNBUSDT|LTCUSDT|XRPUSDT,0.039179434954|0.039179434954|0.039179434954|0.039179434954,0.020096235494|-0.039866994562|-0.082112006212|-0.107511168636,123505.980935023079|49182.030534498102|46552.060671394705|299677.289820429229,0.156717739815,-0.009459423593,0.000028070498,0.013964174149,-0.009448110104,-0.009459281444,3.616578808102,3.480545014283,
2025-03-11T00:00:00Z,,hold,ADAUSDT|BNBUSDT|LTCUSDT|XRPUSDT,0.039179434954|0.039179434954|0.039179434954|0.039179434954,0.020096235494|-0.039866994562|-0.082112006212|-0.107511168636,123505.980935023079|49182.030534498102|46552.060671394705|299677.289820429229,0.156717739815,0.008803371830,0.000000920717,0.000000000000,0.008804292547,0.008804292547,3.648420225947,3.511188750811,
2025-03-12T00:00:00Z,,hold,ADAUSDT|BNBUSDT|LTCUSDT|XRPUSDT,0.039179434954|0.039179434954|0.039179434954|0.039179434954,0.020096235494|-0.039866994562|-0.082112006212|-0.107511168636,123505.980935023079|49182.030534498102|46552.060671394705|299677.289820429229,0.156717739815,0.003627761496,0.000022800472,0.000000000000,0.003650561969,0.003650561969,3.661739010069,3.524006562929,
2025-03-13T00:00:00Z,,hold,ADAUSDT|BNBUSDT|LTCUSDT|XRPUSDT,0.039179434954|0.039179434954|0.039179434954|0.039179434954,0.020096235494|-0.039866994562|-0.082112006212|-0.107511168636,123505.980935023079|49182.030534498102|46552.060671394705|299677.289820429229,0.156717739815,-0.002327755899,0.000011031362,0.000000000000,-0.002316724537,-0.002316724537,3.653255769456,3.515842410455,
2025-03-14T00:00:00Z,,hold,ADAUSDT|BNBUSDT|LTCUSDT|XRPUSDT,0.039179434954|0.039179434954|0.039179434954|0.039179434954,0.020096235494|-0.039866994562|-0.082112006212|-0.107511168636,123505.980935023079|49182.030534498102|46552.060671394705|299677.289820429229,0.156717739815,0.005734386397,0.000005015359,0.000000000000,0.005739401757,0.005739401757,3.674223272037,3.536021242563,
2025-03-15T00:00:00Z,,hold,ADAUSDT|BNBUSDT|LTCUSDT|XRPUSDT,0.039179434954|0.039179434954|0.039179434954|0.039179434954,0.020096235494|-0.039866994562|-0.082112006212|-0.107511168636,123505.980935023079|49182.030534498102|46552.060671394705|299677.289820429229,0.156717739815,0.003677924610,-0.000010818617,0.000000000000,0.003667105992,0.003667105992,3.687697038215,3.548988207250,
2025-03-16T00:00:00Z,,hold,ADAUSDT|BNBUSDT|LTCUSDT|XRPUSDT,0.039179434954|0.039179434954|0.039179434954|0.039179434954,0.020096235494|-0.039866994562|-0.082112006212|-0.107511168636,123505.980935023079|49182.030534498102|46552.060671394705|299677.289820429229,0.156717739815,-0.005834517107,0.000017427013,0.000000000000,-0.005817090094,-0.005817090094,3.666245372303,3.528343423105,
2025-03-17T00:00:00Z,2025-03-17T00:00:00Z,active,BNBUSDT|ADAUSDT|XRPUSDT|DOTUSDT,0.036527101060|0.036527101060|0.036527101060|0.036527101060,-0.086864214006|-0.118868868869|-0.162355691948|-0.168891468369,34257.080689094866|50359.648258356574|147971.145287049352|9590.905059339608,0.146108404239,0.003760992674,0.000005331861,0.083663537695,0.003665928290,0.003598997460,3.679685564932,3.541041922123,
2025-03-18T00:00:00Z,,hold,BNBUSDT|ADAUSDT|XRPUSDT|DOTUSDT,0.036527101060|0.036527101060|0.036527101060|0.036527101060,-0.086864214006|-0.118868868869|-0.162355691948|-0.168891468369,34257.080689094866|50359.648258356574|147971.145287049352|9590.905059339608,0.146108404239,-0.001222868931,0.000017066557,0.000000000000,-0.001205802373,-0.001205802373,3.675248591345,3.536772125369,
2025-03-19T00:00:00Z,,hold,BNBUSDT|ADAUSDT|XRPUSDT|DOTUSDT,0.036527101060|0.036527101060|0.036527101060|0.036527101060,-0.086864214006|-0.118868868869|-0.162355691948|-0.168891468369,34257.080689094866|50359.648258356574|147971.145287049352|9590.905059339608,0.146108404239,0.006570910508,0.000015735145,0.000000000000,0.006586645653,0.006586645653,3.699456151501,3.560067590113,
2025-03-20T00:00:00Z,,hold,BNBUSDT|ADAUSDT|XRPUSDT|DOTUSDT,0.036527101060|0.036527101060|0.036527101060|0.036527101060,-0.086864214006|-0.118868868869|-0.162355691948|-0.168891468369,34257.080689094866|50359.648258356574|147971.145287049352|9590.905059339608,0.146108404239,-0.003291598964,0.000011832589,0.000000000000,-0.003279766375,-0.003279766375,3.687322799610,3.548391400139,
2025-03-21T00:00:00Z,,hold,BNBUSDT|ADAUSDT|XRPUSDT|DOTUSDT,0.036527101060|0.036527101060|0.036527101060|0.036527101060,-0.086864214006|-0.118868868869|-0.162355691948|-0.168891468369,34257.080689094866|50359.648258356574|147971.145287049352|9590.905059339608,0.146108404239,-0.000375696229,0.000054201469,0.000000000000,-0.000321494760,-0.000321494760,3.686137344653,3.547250610898,
2025-03-22T00:00:00Z,,hold,BNBUSDT|ADAUSDT|XRPUSDT|DOTUSDT,0.036527101060|0.036527101060|0.036527101060|0.036527101060,-0.086864214006|-0.118868868869|-0.162355691948|-0.168891468369,34257.080689094866|50359.648258356574|147971.145287049352|9590.905059339608,0.146108404239,-0.001235420259,0.000055369606,0.000000000000,-0.001180050653,-0.001180050653,3.681787515872,3.543064675498,
2025-03-23T00:00:00Z,,hold,BNBUSDT|ADAUSDT|XRPUSDT|DOTUSDT,0.036527101060|0.036527101060|0.036527101060|0.036527101060,-0.086864214006|-0.118868868869|-0.162355691948|-0.168891468369,34257.080689094866|50359.648258356574|147971.145287049352|9590.905059339608,0.146108404239,0.001832100656,0.000037682453,0.000000000000,0.001869783109,0.001869783109,3.688671659981,3.549689437984,
2025-03-24T00:00:00Z,2025-03-24T00:00:00Z,active,BNBUSDT|XRPUSDT|ADAUSDT|DOTUSDT,0.036547140226|0.036547140226|0.036547140226|0.036547140226,-0.036871629244|-0.051365865048|-0.067113212503|-0.110320284698,25960.924431936121|153569.233489126869|37607.169282370247|5871.265885212875,0.146188560904,0.002996003493,0.000007389832,0.000080156664,0.003003297137,0.003003233012,3.699749837018,3.560349982486,
2025-03-25T00:00:00Z,,hold,BNBUSDT|XRPUSDT|ADAUSDT|DOTUSDT,0.036547140226|0.036547140226|0.036547140226|0.036547140226,-0.036871629244|-0.051365865048|-0.067113212503|-0.110320284698,25960.924431936121|153569.233489126869|37607.169282370247|5871.265885212875,0.146188560904,0.000333740629,-0.000011912906,0.000000000000,0.000321827723,0.000321827723,3.700940519085,3.561495801815,
2025-03-26T00:00:00Z,,hold,BNBUSDT|XRPUSDT|ADAUSDT|DOTUSDT,0.036547140226|0.036547140226|0.036547140226|0.036547140226,-0.036871629244|-0.051365865048|-0.067113212503|-0.110320284698,25960.924431936121|153569.233489126869|37607.169282370247|5871.265885212875,0.146188560904,-0.002514956866,-0.000018635752,0.000000000000,-0.002533592618,-0.002533592618,3.691563843506,3.552472422342,
2025-03-27T00:00:00Z,,hold,BNBUSDT|XRPUSDT|ADAUSDT|DOTUSDT,0.036547140226|0.036547140226|0.036547140226|0.036547140226,-0.036871629244|-0.051365865048|-0.067113212503|-0.110320284698,25960.924431936121|153569.233489126869|37607.169282370247|5871.265885212875,0.146188560904,0.000939692842,0.000011365795,0.000000000000,0.000951058637,0.000951058637,3.695074737185,3.555851031924,
2025-03-28T00:00:00Z,,hold,BNBUSDT|XRPUSDT|ADAUSDT|DOTUSDT,0.036547140226|0.036547140226|0.036547140226|0.036547140226,-0.036871629244|-0.051365865048|-0.067113212503|-0.110320284698,25960.924431936121|153569.233489126869|37607.169282370247|5871.265885212875,0.146188560904,-0.007406762213,0.000028269213,0.000000000000,-0.007378493000,-0.007378493000,3.667810654103,3.529614209977,
2025-03-29T00:00:00Z,,hold,BNBUSDT|XRPUSDT|ADAUSDT|DOTUSDT,0.036547140226|0.036547140226|0.036547140226|0.036547140226,-0.036871629244|-0.051365865048|-0.067113212503|-0.110320284698,25960.924431936121|153569.233489126869|37607.169282370247|5871.265885212875,0.146188560904,-0.005863499169,0.000047338780,0.000000000000,-0.005816160389,-0.005816160389,3.646478079063,3.509085407620,
2025-03-30T00:00:00Z,,hold,BNBUSDT|XRPUSDT|ADAUSDT|DOTUSDT,0.036547140226|0.036547140226|0.036547140226|0.036547140226,-0.036871629244|-0.051365865048|-0.067113212503|-0.110320284698,25960.924431936121|153569.233489126869|37607.169282370247|5871.265885212875,0.146188560904,-0.000715827993,0.000067800427,0.000000000000,-0.000648027565,-0.000648027565,3.644115060751,3.506811423547,
2025-03-31T00:00:00Z,2025-03-31T00:00:00Z,active,ADAUSDT|BNBUSDT|XRPUSDT|LINKUSDT,0.034854217886|0.034854217886|0.034854217886|0.034854217886,0.044419854568|0.024037970807|-0.004243809168|-0.094665766374,45272.524142807364|49303.637781676436|145736.336906362267|24074.093803758682,0.139416871543,-0.000328931642,0.000033406722,0.076480125132,-0.000387301070,-0.000448485170,3.642703691089,3.505238670629,
2025-04-01T00:00:00Z,,hold,ADAUSDT|BNBUSDT|XRPUSDT|LINKUSDT,0.034854217886|0.034854217886|0.034854217886|0.034854217886,0.044419854568|0.024037970807|-0.004243809168|-0.094665766374,45272.524142807364|49303.637781676436|145736.336906362267|24074.093803758682,0.139416871543,0.003377234210,0.000025895290,0.000000000000,0.003403129499,0.003403129499,3.655100283477,3.517167451752,
2025-04-02T00:00:00Z,,hold,ADAUSDT|BNBUSDT|XRPUSDT|LINKUSDT,0.034854217886|0.034854217886|0.034854217886|0.034854217886,0.044419854568|0.024037970807|-0.004243809168|-0.094665766374,45272.524142807364|49303.637781676436|145736.336906362267|24074.093803758682,0.139416871543,-0.007858513842,-0.000005395084,0.000000000000,-0.007863908926,-0.007863908926,3.626356907732,3.489508767233,
2025-04-03T00:00:00Z,,hold,ADAUSDT|BNBUSDT|XRPUSDT|LINKUSDT,0.034854217886|0.034854217886|0.034854217886|0.034854217886,0.044419854568|0.024037970807|-0.004243809168|-0.094665766374,45272.524142807364|49303.637781676436|145736.336906362267|24074.093803758682,0.139416871543,0.001456849617,0.000061972542,0.000000000000,0.001518822160,0.001518822160,3.631864698962,3.494808710474,
2025-04-04T00:00:00Z,,hold,ADAUSDT|BNBUSDT|XRPUSDT|LINKUSDT,0.034854217886|0.034854217886|0.034854217886|0.034854217886,0.044419854568|0.024037970807|-0.004243809168|-0.094665766374,45272.524142807364|49303.637781676436|145736.336906362267|24074.093803758682,0.139416871543,0.002087154486,0.000011824642,0.000000000000,0.002098979128,0.002098979128,3.639487907161,3.502144241014,
2025-04-05T00:00:00Z,,hold,ADAUSDT|BNBUSDT|XRPUSDT|LINKUSDT,0.034854217886|0.034854217886|0.034854217886|0.034854217886,0.044419854568|0.024037970807|-0.004243809168|-0.094665766374,45272.524142807364|49303.637781676436|145736.336906362267|24074.093803758682,0.139416871543,-0.000615921527,-0.000024877198,0.000000000000,-0.000640798725,-0.000640798725,3.637155727952,3.499900071451,
2025-04-06T00:00:00Z,,hold,ADAUSDT|BNBUSDT|XRPUSDT|LINKUSDT,0.034854217886|0.034854217886|0.034854217886|0.034854217886,0.044419854568|0.024037970807|-0.004243809168|-0.094665766374,45272.524142807364|49303.637781676436|145736.336906362267|24074.093803758682,0.139416871543,-0.014405520363,0.000001952533,0.000000000000,-0.014403567830,-0.014403567830,3.584767708718,3.449489023375,
2025-04-07T00:00:00Z,2025-04-07T00:00:00Z,active,BNBUSDT|DOTUSDT|XRPUSDT|AVAXUSDT,0.072074091700|0.072074091700|0.072074091700|0.072074091700,-0.065900795586|-0.165306122449|-0.194327907367|-0.203576751118,149229.952905479120|35974.713777238394|1010486.822732849861|76981.071448204253,0.288296366801,0.000136817566,0.000086725313,0.288296366801,-0.000122412762,-0.000353049855,3.584328887403,3.448271181776,
2025-04-08T00:00:00Z,,hold,BNBUSDT|DOTUSDT|XRPUSDT|AVAXUSDT,0.072074091700|0.072074091700|0.072074091700|0.072074091700,-0.065900795586|-0.165306122449|-0.194327907367|-0.203576751118,149229.952905479120|35974.713777238394|1010486.822732849861|76981.071448204253,0.288296366801,-0.010639453313,0.000104276075,0.000000000000,-0.010535177238,-0.010535177238,3.546567347295,3.411943033711,
2025-04-09T00:00:00Z,,hold,BNBUSDT|DOTUSDT|XRPUSDT|AVAXUSDT,0.072074091700|0.072074091700|0.072074091700|0.072074091700,-0.065900795586|-0.165306122449|-0.194327907367|-0.203576751118,149229.952905479120|35974.713777238394|1010486.822732849861|76981.071448204253,0.288296366801,0.029949771625,0.000037880701,0.000000000000,0.029987652326,0.029987652326,3.652920575856,3.514259195162,
2025-04-10T00:00:00Z,,hold,BNBUSDT|DOTUSDT|XRPUSDT|AVAXUSDT,0.072074091700|0.072074091700|0.072074091700|0.072074091700,-0.065900795586|-0.165306122449|-0.194327907367|-0.203576751118,149229.952905479120|35974.713777238394|1010486.822732849861|76981.071448204253,0.288296366801,-0.007687498081,0.000021431231,0.000000000000,-0.007666066850,-0.007666066850,3.624917042523,3.487318649243,
2025-04-11T00:00:00Z,,hold,BNBUSDT|DOTUSDT|XRPUSDT|AVAXUSDT,0.072074091700|0.072074091700|0.072074091700|0.072074091700,-0.065900795586|-0.165306122449|-0.194327907367|-0.203576751118,149229.952905479120|35974.713777238394|1010486.822732849861|76981.071448204253,0.288296366801,0.008234194274,0.000022230533,0.000000000000,0.008256424807,0.008256424807,3.654845897517,3.516111433449,
2025-04-12T00:00:00Z,,hold,BNBUSDT|DOTUSDT|XRPUSDT|AVAXUSDT,0.072074091700|0.072074091700|0.072074091700|0.072074091700,-0.065900795586|-0.165306122449|-0.194327907367|-0.203576751118,149229.952905479120|35974.713777238394|1010486.822732849861|76981.071448204253,0.288296366801,0.014622607818,0.000030167332,0.000000000000,0.014652775150,0.014652775150,3.708399532662,3.567632223686,
2025-04-13T00:00:00Z,,hold,BNBUSDT|DOTUSDT|XRPUSDT|AVAXUSDT,0.072074091700|0.072074091700|0.072074091700|0.072074091700,-0.065900795586|-0.165306122449|-0.194327907367|-0.203576751118,149229.952905479120|35974.713777238394|1010486.822732849861|76981.071448204253,0.288296366801,-0.007045541554,0.000000849754,0.000000000000,-0.007044691801,-0.007044691801,3.682275000881,3.542499354213,
2025-04-14T00:00:00Z,2025-04-14T00:00:00Z,active,AVAXUSDT|BNBUSDT|SOLUSDT|DOGEUSDT,0.061552361176|0.061552361176|0.061552361176|0.061552361176,0.054804117045|-0.005956838451|-0.038879316803|-0.054291533314,15920.505631975124|19597.153983541077|303610.970480655378|60250.082218776923,0.246209444703,0.000628859029,0.000035102081,0.288296366801,0.000318005469,0.000087368376,3.683445984470,3.542808856627,
2025-04-15T00:00:00Z,,hold,AVAXUSDT|BNBUSDT|SOLUSDT|DOGEUSDT,0.061552361176|0.061552361176|0.061552361176|0.061552361176,0.054804117045|-0.005956838451|-0.038879316803|-0.054291533314,15920.505631975124|19597.153983541077|303610.970480655378|60250.082218776923,0.246209444703,-0.007389532479,0.000065081774,0.000000000000,-0.007324450705,-0.007324450705,3.656466765931,3.516859727798,
2025-04-16T00:00:00Z,,hold,AVAXUSDT|BNBUSDT|SOLUSDT|DOGEUSDT,0.061552361176|0.061552361176|0.061552361176|0.061552361176,0.054804117045|-0.005956838451|-0.038879316803|-0.054291533314,15920.505631975124|19597.153983541077|303610.970480655378|60250.082218776923,0.246209444703,0.002553183379,0.000047983759,0.000000000000,0.002601167138,0.002601167138,3.665977847122,3.526007667750,
2025-04-17T00:00:00Z,,hold,AVAXUSDT|BNBUSDT|SOLUSDT|DOGEUSDT,0.061552361176|0.061552361176|0.061552361176|0.061552361176,0.054804117045|-0.005956838451|-0.038879316803|-0.054291533314,15920.505631975124|19597.153983541077|303610.970480655378|60250.082218776923,0.246209444703,0.003869417851,-0.000019672135,0.000000000000,0.003849745716,0.003849745716,3.680090929634,3.539581900664,
2025-04-18T00:00:00Z,,hold,AVAXUSDT|BNBUSDT|SOLUSDT|DOGEUSDT,0.061552361176|0.061552361176|0.061552361176|0.061552361176,0.054804117045|-0.005956838451|-0.038879316803|-0.054291533314,15920.505631975124|19597.153983541077|303610.970480655378|60250.082218776923,0.246209444703,0.000514932886,0.000025332490,0.000000000000,0.000540265375,0.000540265375,3.682079155342,3.541494214209,
2025-04-19T00:00:00Z,,hold,AVAXUSDT|BNBUSDT|SOLUSDT|DOGEUSDT,0.061552361176|0.061552361176|0.061552361176|0.061552361176,0.054804117045|-0.005956838451|-0.038879316803|-0.054291533314,15920.505631975124|19597.153983541077|303610.970480655378|60250.082218776923,0.246209444703,0.005235501884,0.000029460191,0.000000000000,0.005264962075,0.005264962075,3.701465162454,3.560140046937,
2025-04-20T00:00:00Z,,hold,AVAXUSDT|BNBUSDT|SOLUSDT|DOGEUSDT,0.061552361176|0.061552361176|0.061552361176|0.061552361176,0.054804117045|-0.005956838451|-0.038879316803|-0.054291533314,15920.505631975124|19597.153983541077|303610.970480655378|60250.082218776923,0.246209444703,-0.002817991400,0.000010628246,0.000000000000,-0.002807363154,-0.002807363154,3.691073805542,3.550145440947,
2025-04-21T00:00:00Z,2025-04-21T00:00:00Z,active,SOLUSDT|AVAXUSDT|LINKUSDT|BNBUSDT,0.063225242888|0.063225242888|0.063225242888|0.063225242888,0.073064340240|0.016744913928|-0.048175496451|-0.066525904450,161272.054487832182|10172.713347975196|11808.670226278015|21626.923580921313,0.252900971551,0.000328241466,0.000020713222,0.129796249200,0.000193199189,0.000089362189,3.691786918006,3.550462689716,
2025-04-22T00:00:00Z,,hold,SOLUSDT|AVAXUSDT|LINKUSDT|BNBUSDT,0.063225242888|0.063225242888|0.063225242888|0.063225242888,0.073064340240|0.016744913928|-0.048175496451|-0.066525904450,161272.054487832182|10172.713347975196|11808.670226278015|21626.923580921313,0.252900971551,0.019938419982,0.000011486130,0.000000000000,0.019949906112,0.019949906112,3.765437720407,3.621294087030,
2025-04-23T00:00:00Z,,hold,SOLUSDT|AVAXUSDT|LINKUSDT|BNBUSDT,0.063225242888|0.063225242888|0.063225242888|0.063225242888,0.073064340240|0.016744913928|-0.048175496451|-0.066525904450,161272.054487832182|10172.713347975196|11808.670226278015|21626.923580921313,0.252900971551,0.004261380038,-0.000042957759,0.000000000000,0.004218422279,0.004218422279,3.781321926777,3.636570234686,
2025-04-24T00:00:00Z,,hold,SOLUSDT|AVAXUSDT|LINKUSDT|BNBUSDT,0.063225242888|0.063225242888|0.063225242888|0.063225242888,0.073064340240|0.016744913928|-0.048175496451|-0.066525904450,161272.054487832182|10172.713347975196|11808.670226278015|21626.923580921313,0.252900971551,0.000456850078,-0.000053844514,0.000000000000,0.000403005564,0.000403005564,3.782845820552,3.638035792724,
2025-04-25T00:00:00Z,,hold,SOLUSDT|AVAXUSDT|LINKUSDT|BNBUSDT,0.063225242888|0.063225242888|0.063225242888|0.063225242888,0.073064340240|0.016744913928|-0.048175496451|-0.066525904450,161272.054487832182|10172.713347975196|11808.670226278015|21626.923580921313,0.252900971551,-0.002094669373,-0.000044012356,0.000000000000,-0.002138681730,-0.002138681730,3.774755517310,3.630255192043,
2025-04-26T00:00:00Z,,hold,SOLUSDT|AVAXUSDT|LINKUSDT|BNBUSDT,0.063225242888|0.063225242888|0.063225242888|0.063225242888,0.073064340240|0.016744913928|-0.048175496451|-0.066525904450,161272.054487832182|10172.713347975196|11808.670226278015|21626.923580921313,0.252900971551,0.000600391793,-0.000004955595,0.000000000000,0.000595436199,0.000595436199,3.777003143386,3.632416777394,
2025-04-27T00:00:00Z,,hold,SOLUSDT|AVAXUSDT|LINKUSDT|BNBUSDT,0.063225242888|0.063225242888|0.063225242888|0.063225242888,0.073064340240|0.016744913928|-0.048175496451|-0.066525904450,161272.054487832182|10172.713347975196|11808.670226278015|21626.923580921313,0.252900971551,-0.004191830228,-0.000002094652,0.000000000000,-0.004193924880,-0.004193924880,3.761162675931,3.617182694297,
2025-04-28T00:00:00Z,2025-04-28T00:00:00Z,active,SOLUSDT|AVAXUSDT|LINKUSDT|XRPUSDT,0.056951823006|0.056951823006|0.056951823006|0.056951823006,0.143133163305|0.066237531325|0.021342319573|0.020720924960,121970.716021067521|16847.049276941452|12862.577620370246|100853.367435010165,0.227807292026,0.003215153007,-0.000015636123,0.138997325538,0.003032720093,0.002921522233,3.772569229553,3.627750373959,
2025-04-29T00:00:00Z,,hold,SOLUSDT|AVAXUSDT|LINKUSDT|XRPUSDT,0.056951823006|0.056951823006|0.056951823006|0.056951823006,0.143133163305|0.066237531325|0.021342319573|0.020720924960,121970.716021067521|16847.049276941452|12862.577620370246|100853.367435010165,0.227807292026,-0.004406403246,-0.000014136012,0.000000000000,-0.004420539258,-0.004420539258,3.755892439171,3.611713761013,
2025-04-30T00:00:00Z,,hold,SOLUSDT|AVAXUSDT|LINKUSDT|XRPUSDT,0.056951823006|0.056951823006|0.056951823006|0.056951823006,0.143133163305|0.066237531325|0.021342319573|0.020720924960,121970.716021067521|16847.049276941452|12862.577620370246|100853.367435010165,0.227807292026,-0.003592892368,0.000058638166,0.000000000000,-0.003534254201,-0.003534254201,3.742618160538,3.598949046480,
2025-05-01T00:00:00Z,,hold,SOLUSDT|AVAXUSDT|LINKUSDT|XRPUSDT,0.056951823006|0.056951823006|0.056951823006|0.056951823006,0.143133163305|0.066237531325|0.021342319573|0.020720924960,121970.716021067521|16847.049276941452|12862.577620370246|100853.367435010165,0.227807292026,0.005618880981,-0.000034456992,0.000000000000,0.005584423989,0.005584423989,3.763518527177,3.619047103871,
2025-05-02T00:00:00Z,,hold,SOLUSDT|AVAXUSDT|LINKUSDT|XRPUSDT,0.056951823006|0.056951823006|0.056951823006|0.056951823006,0.143133163305|0.066237531325|0.021342319573|0.020720924960,121970.716021067521|16847.049276941452|12862.577620370246|100853.367435010165,0.227807292026,-0.002493007773,-0.000035042457,0.000000000000,-0.002528050230,-0.002528050230,3.754004163299,3.609897971008,
2025-05-03T00:00:00Z,,hold,SOLUSDT|AVAXUSDT|LINKUSDT|XRPUSDT,0.056951823006|0.056951823006|0.056951823006|0.056951823006,0.143133163305|0.066237531325|0.021342319573|0.020720924960,121970.716021067521|16847.049276941452|12862.577620370246|100853.367435010165,0.227807292026,-0.004638662577,0.000021236765,0.000000000000,-0.004617425811,-0.004617425811,3.736670327580,3.593229534941,
2025-05-04T00:00:00Z,,hold,SOLUSDT|AVAXUSDT|LINKUSDT|XRPUSDT,0.056951823006|0.056951823006|0.056951823006|0.056951823006,0.143133163305|0.066237531325|0.021342319573|0.020720924960,121970.716021067521|16847.049276941452|12862.577620370246|100853.367435010165,0.227807292026,-0.005176027027,0.000031242062,0.000000000000,-0.005144784965,-0.005144784965,3.717445962260,3.574743141654,
2025-05-05T00:00:00Z,2025-05-05T00:00:00Z,active,SOLUSDT|AVAXUSDT|LINKUSDT|ADAUSDT,0.058829598217|0.058829598217|0.058829598217|0.058829598217,0.172343546284|0.093959731544|0.070335445973|0.023481290714,354863.378469490737|31851.896983064205|33751.166078211580|59272.856007049661,0.235318392869,-0.001598755491,0.000042542624,0.121414746856,-0.001701910563,-0.001799042360,3.711119201709,3.568312027315,
2025-05-06T00:00:00Z,,hold,SOLUSDT|AVAXUSDT|LINKUSDT|ADAUSDT,0.058829598217|0.058829598217|0.058829598217|0.058829598217,0.172343546284|0.093959731544|0.070335445973|0.023481290714,354863.378469490737|31851.896983064205|33751.166078211580|59272.856007049661,0.235318392869,0.003338243032,0.000003585664,0.000000000000,0.003341828696,0.003341828696,3.723521126354,3.580236714846,
2025-05-07T00:00:00Z,,hold,SOLUSDT|AVAXUSDT|LINKUSDT|ADAUSDT,0.058829598217|0.058829598217|0.058829598217|0.058829598217,0.172343546284|0.093959731544|0.070335445973|0.023481290714,354863.378469490737|31851.896983064205|33751.166078211580|59272.856007049661,0.235318392869,-0.001852743985,-0.000015926349,0.000000000000,-0.001868670334,-0.001868670334,3.716563092887,3.573546432708,
2025-05-08T00:00:00Z,,hold,SOLUSDT|AVAXUSDT|LINKUSDT|ADAUSDT,0.058829598217|0.058829598217|0.058829598217|0.058829598217,0.172343546284|0.093959731544|0.070335445973|0.023481290714,354863.378469490737|31851.896983064205|33751.166078211580|59272.856007049661,0.235318392869,0.032121583337,-0.000050178706,0.000000000000,0.032071404632,0.032071404632,3.835758491677,3.688155086320,
2025-05-09T00:00:00Z,,hold,SOLUSDT|AVAXUSDT|LINKUSDT|ADAUSDT,0.058829598217|0.058829598217|0.058829598217|0.058829598217,0.172343546284|0.093959731544|0.070335445973|0.023481290714,354863.378469490737|31851.896983064205|33751.166078211580|59272.856007049661,0.235318392869,0.007025844648,-0.000070595518,0.000000000000,0.006955249130,0.006955249130,3.862437147590,3.713807123776,
2025-05-10T00:00:00Z,,hold,SOLUSDT|AVAXUSDT|LINKUSDT|ADAUSDT,0.058829598217|0.058829598217|0.058829598217|0.058829598217,0.172343546284|0.093959731544|0.070335445973|0.023481290714,354863.378469490737|31851.896983064205|33751.166078211580|59272.856007049661,0.235318392869,0.017827834990,-0.000070595518,0.000000000000,0.017757239472,0.017757239472,3.931023368964,3.779754086225,
2025-05-11T00:00:00Z,,hold,SOLUSDT|AVAXUSDT|LINKUSDT|ADAUSDT,0.058829598217|0.058829598217|0.058829598217|0.058829598217,0.172343546284|0.093959731544|0.070335445973|0.023481290714,354863.378469490737|31851.896983064205|33751.166078211580|59272.856007049661,0.235318392869,-0.007189244576,-0.000062894723,0.000000000000,-0.007252139300,-0.007252139300,3.902515039902,3.752342783073,
2025-05-12T00:00:00Z,2025-05-12T00:00:00Z,active,ETHUSDT|DOGEUSDT|DOTUSDT|SOLUSDT,0.061763195361|0.061763195361|0.061763195361|0.061763195361,0.605072926512|0.448612153038|0.433192686357|0.426769966208,700301.911629702430|63820.979489921083|9107.616952039141|164994.662739430263,0.247052781446,-0.000648622495,-0.000059119731,0.364711977880,-0.001145396599,-0.001437166181,3.898045112447,3.746950042924,
2025-05-13T00:00:00Z,,hold,ETHUSDT|DOGEUSDT|DOTUSDT|SOLUSDT,0.061763195361|0.061763195361|0.061763195361|0.061763195361,0.605072926512|0.448612153038|0.433192686357|0.426769966208,700301.911629702430|63820.979489921083|9107.616952039141|164994.662739430263,0.247052781446,0.012071477262,-0.000060512491,0.000000000000,0.012010964772,0.012010964772,3.944864394971,3.791954527891,
2025-05-14T00:00:00Z,,hold,ETHUSDT|DOGEUSDT|DOTUSDT|SOLUSDT,0.061763195361|0.061763195361|0.061763195361|0.061763195361,0.605072926512|0.448612153038|0.433192686357|0.426769966208,700301.911629702430|63820.979489921083|9107.616952039141|164994.662739430263,0.247052781446,-0.008605399456,-0.000057072281,0.000000000000,-0.008662471737,-0.008662471737,3.910692118643,3.759106828965,
2025-05-15T00:00:00Z,,hold,ETHUSDT|DOGEUSDT|DOTUSDT|SOLUSDT,0.061763195361|0.061763195361|0.061763195361|0.061763195361,0.605072926512|0.448612153038|0.433192686357|0.426769966208,700301.911629702430|63820.979489921083|9107.616952039141|164994.662739430263,0.247052781446,-0.010143623666,-0.000033003781,0.000000000000,-0.010176627447,-0.010176627447,3.870894461893,3.720851799234,
2025-05-16T00:00:00Z,,hold,ETHUSDT|DOGEUSDT|DOTUSDT|SOLUSDT,0.061763195361|0.061763195361|0.061763195361|0.061763195361,0.605072926512|0.448612153038|0.433192686357|0.426769966208,700301.911629702430|63820.979489921083|9107.616952039141|164994.662739430263,0.247052781446,-0.000750071276,-0.000035796095,0.000000000000,-0.000785867371,-0.000785867371,3.867852452239,3.717927703213,
2025-05-17T00:00:00Z,,hold,ETHUSDT|DOGEUSDT|DOTUSDT|SOLUSDT,0.061763195361|0.061763195361|0.061763195361|0.061763195361,0.605072926512|0.448612153038|0.433192686357|0.426769966208,700301.911629702430|63820.979489921083|9107.616952039141|164994.662739430263,0.247052781446,-0.005670945945,-0.000010901822,0.000000000000,-0.005681847767,-0.005681847767,3.845875903420,3.696803003994,
2025-05-18T00:00:00Z,,hold,ETHUSDT|DOGEUSDT|DOTUSDT|SOLUSDT,0.061763195361|0.061763195361|0.061763195361|0.061763195361,0.605072926512|0.448612153038|0.433192686357|0.426769966208,700301.911629702430|63820.979489921083|9107.616952039141|164994.662739430263,0.247052781446,0.011048748403,-0.000028220839,0.000000000000,0.011020527564,0.011020527564,3.888259484822,3.737543723400,
2025-05-19T00:00:00Z,2025-05-19T00:00:00Z,active,ETHUSDT|DOGEUSDT|LTCUSDT|DOTUSDT,0.061630105626|0.061630105626|0.061630105626|0.061630105626,0.572494662796|0.478829429315|0.328548854359|0.304383337871,2971118.851340070833|210712.608814851585|28045.116503685011|19139.593072554642,0.246520422506,-0.005702311449,-0.000014765957,0.123792570193,-0.005865628491,-0.005964662547,3.865452399209,3.715250536335,
2025-05-20T00:00:00Z,,hold,ETHUSDT|DOGEUSDT|LTCUSDT|DOTUSDT,0.061630105626|0.061630105626|0.061630105626|0.061630105626,0.572494662796|0.478829429315|0.328548854359|0.304383337871,2971118.851340070833|210712.608814851585|28045.116503685011|19139.593072554642,0.246520422506,-0.000927750233,-0.000024116477,0.000000000000,-0.000951866710,-0.000951866710,3.861773003752,3.711714113032,
2025-05-21T00:00:00Z,,hold,ETHUSDT|DOGEUSDT|LTCUSDT|DOTUSDT,0.061630105626|0.061630105626|0.061630105626|0.061630105626,0.572494662796|0.478829429315|0.328548854359|0.304383337871,2971118.851340070833|210712.608814851585|28045.116503685011|19139.593072554642,0.246520422506,0.005352879607,-0.000049924083,0.000000000000,0.005302955524,0.005302955524,3.882251814234,3.731397167890,
2025-05-22T00:00:00Z,,hold,ETHUSDT|DOGEUSDT|LTCUSDT|DOTUSDT,0.061630105626|0.061630105626|0.061630105626|0.061630105626,0.572494662796|0.478829429315|0.328548854359|0.304383337871,2971118.851340070833|210712.608814851585|28045.116503685011|19139.593072554642,0.246520422506,0.010516223028,-0.000068496316,0.000000000000,0.010447726713,0.010447726713,3.922812520220,3.770381785757,
2025-05-23T00:00:00Z,,hold,ETHUSDT|DOGEUSDT|LTCUSDT|DOTUSDT,0.061630105626|0.061630105626|0.061630105626|0.061630105626,0.572494662796|0.478829429315|0.328548854359|0.304383337871,2971118.851340070833|210712.608814851585|28045.116503685011|19139.593072554642,0.246520422506,-0.016294038038,-0.000062430064,0.000000000000,-0.016356468102,-0.016356468102,3.858649162362,3.708711656345,
2025-05-24T00:00:00Z,,hold,ETHUSDT|DOGEUSDT|LTCUSDT|DOTUSDT,0.061630105626|0.061630105626|0.061630105626|0.061630105626,0.572494662796|0.478829429315|0.328548854359|0.304383337871,2971118.851340070833|210712.608814851585|28045.116503685011|19139.593072554642,0.246520422506,0.000133670445,0.000008373066,0.000000000000,0.000142043511,0.000142043511,3.859197258437,3.709238454770,
2025-05-25T00:00:00Z,,hold,ETHUSDT|DOGEUSDT|LTCUSDT|DOTUSDT,0.061630105626|0.061630105626|0.061630105626|0.061630105626,0.572494662796|0.478829429315|0.328548854359|0.304383337871,2971118.851340070833|210712.608814851585|28045.116503685011|19139.593072554642,0.246520422506,0.000135152056,-0.000005012993,0.000000000000,0.000130139064,0.000130139064,3.859699490754,3.709721171589,
2025-05-26T00:00:00Z,2025-05-26T00:00:00Z,active,ETHUSDT|DOGEUSDT|SOLUSDT|BNBUSDT,0.071710955155|0.071710955155|0.071710955155|0.071710955155,0.429573319430|0.238184422166|0.165096842664|0.116016478476,1004030.183469989104|124871.149403986317|394283.014711026975|22185.045692321055,0.286843820619,0.000861268622,-0.000026288519,0.286843820619,0.000490767518,0.000261292462,3.861593705893,3.710690493766,
2025-05-27T00:00:00Z,,hold,ETHUSDT|DOGEUSDT|SOLUSDT|BNBUSDT,0.071710955155|0.071710955155|0.071710955155|0.071710955155,0.429573319430|0.238184422166|0.165096842664|0.116016478476,1004030.183469989104|124871.149403986317|394283.014711026975|22185.045692321055,0.286843820619,0.004903532618,-0.000034995663,0.000000000000,0.004868536955,0.004868536955,3.880394017555,3.728756127563,
2025-05-28T00:00:00Z,,hold,ETHUSDT|DOGEUSDT|SOLUSDT|BNBUSDT,0.071710955155|0.071710955155|0.071710955155|0.071710955155,0.429573319430|0.238184422166|0.165096842664|0.116016478476,1004030.183469989104|124871.149403986317|394283.014711026975|22185.045692321055,0.286843820619,-0.002916935855,-0.000019711907,0.000000000000,-0.002936647762,-0.002936647762,3.868998667147,3.717806084225,
2025-05-29T00:00:00Z,,hold,ETHUSDT|DOGEUSDT|SOLUSDT|BNBUSDT,0.071710955155|0.071710955155|0.071710955155|0.071710955155,0.429573319430|0.238184422166|0.165096842664|0.116016478476,1004030.183469989104|124871.149403986317|394283.014711026975|22185.045692321055,0.286843820619,-0.006872593038,-0.000034263494,0.000000000000,-0.006906856532,-0.006906856532,3.842276048431,3.692127730988,
2025-05-30T00:00:00Z,,hold,ETHUSDT|DOGEUSDT|SOLUSDT|BNBUSDT,0.071710955155|0.071710955155|0.071710955155|0.071710955155,0.429573319430|0.238184422166|0.165096842664|0.116016478476,1004030.183469989104|124871.149403986317|394283.014711026975|22185.045692321055,0.286843820619,-0.016466692127,-0.000016453362,0.000000000000,-0.016483145489,-0.016483145489,3.778943253316,3.631269852434,
2025-05-31T00:00:00Z,,hold,ETHUSDT|DOGEUSDT|SOLUSDT|BNBUSDT,0.071710955155|0.071710955155|0.071710955155|0.071710955155,0.429573319430|0.238184422166|0.165096842664|0.116016478476,1004030.183469989104|124871.149403986317|394283.014711026975|22185.045692321055,0.286843820619,-0.000030352068,-0.000012796820,0.000000000000,-0.000043148888,-0.000043148888,3.778780196116,3.631113167177,
2025-06-01T00:00:00Z,,hold,ETHUSDT|DOGEUSDT|SOLUSDT|BNBUSDT,0.071710955155|0.071710955155|0.071710955155|0.071710955155,0.429573319430|0.238184422166|0.165096842664|0.116016478476,1004030.183469989104|124871.149403986317|394283.014711026975|22185.045692321055,0.286843820619,0.001587547052,0.000004392296,0.000000000000,0.001591939348,0.001591939348,3.784795784999,3.636893679106,
2025-06-02T00:00:00Z,2025-06-02T00:00:00Z,active,ETHUSDT|BNBUSDT|DOGEUSDT|SOLUSDT,0.068078034236|0.068078034236|0.068078034236|0.068078034236,0.378374121506|0.100000000000|0.066751185095|0.065503954573,758054.690107407747|32331.240637607694|71620.742848054317|195873.440568004706,0.272312136945,0.002526402441,-0.000030086406,0.014531683674,0.002478878014,0.002467252667,3.794177832059,3.645866814737,
2025-06-03T00:00:00Z,,hold,ETHUSDT|BNBUSDT|DOGEUSDT|SOLUSDT,0.068078034236|0.068078034236|0.068078034236|0.068078034236,0.378374121506|0.100000000000|0.066751185095|0.065503954573,758054.690107407747|32331.240637607694|71620.742848054317|195873.440568004706,0.272312136945,-0.002257668845,-0.000027592027,0.000000000000,-0.002285260872,-0.002285260872,3.785507145917,3.637535057960,
2025-06-04T00:00:00Z,,hold,ETHUSDT|BNBUSDT|DOGEUSDT|SOLUSDT,0.068078034236|0.068078034236|0.068078034236|0.068078034236,0.378374121506|0.100000000000|0.066751185095|0.065503954573,758054.690107407747|32331.240637607694|71620.742848054317|195873.440568004706,0.272312136945,-0.002056720397,-0.000027315630,0.000000000000,-0.002084036027,-0.002084036027,3.777618012643,3.629954303849,
2025-06-05T00:00:00Z,,hold,ETHUSDT|BNBUSDT|DOGEUSDT|SOLUSDT,0.068078034236|0.068078034236|0.068078034236|0.068078034236,0.378374121506|0.100000000000|0.066751185095|0.065503954573,758054.690107407747|32331.240637607694|71620.742848054317|195873.440568004706,0.272312136945,-0.018304788181,-0.000027293845,0.000000000000,-0.018332082026,-0.018332082026,3.708366409371,3.563409683798,
2025-06-06T00:00:00Z,,hold,ETHUSDT|BNBUSDT|DOGEUSDT|SOLUSDT,0.068078034236|0.068078034236|0.068078034236|0.068078034236,0.378374121506|0.100000000000|0.066751185095|0.065503954573,758054.690107407747|32331.240637607694|71620.742848054317|195873.440568004706,0.272312136945,0.007537208384,0.000035807004,0.000000000000,0.007573015388,0.007573015388,3.736449925252,3.590395440166,
2025-06-07T00:00:00Z,,hold,ETHUSDT|BNBUSDT|DOGEUSDT|SOLUSDT,0.068078034236|0.068078034236|0.068078034236|0.068078034236,0.378374121506|0.100000000000|0.066751185095|0.065503954573,758054.690107407747|32331.240637607694|71620.742848054317|195873.440568004706,0.272312136945,0.005606034428,-0.000024992127,0.000000000000,0.005581042301,0.005581042301,3.757303210340,3.610433588994,
2025-06-08T00:00:00Z,,hold,ETHUSDT|BNBUSDT|DOGEUSDT|SOLUSDT,0.068078034236|0.068078034236|0.068078034236|0.068078034236,0.378374121506|0.100000000000|0.066751185095|0.065503954573,758054.690107407747|32331.240637607694|71620.742848054317|195873.440568004706,0.272312136945,0.000469686740,-0.000017558006,0.000000000000,0.000452128734,0.000452128734,3.759001995083,3.612065969762,
2025-06-09T00:00:00Z,2025-06-09T00:00:00Z,active,ETHUSDT|BNBUSDT|XRPUSDT|AVAXUSDT,0.091106554459|0.091106554459|0.091106554459|0.091106554459,0.069965448108|-0.022618190545|-0.033112865372|-0.095762056219,771665.875477343914|17150.115679994178|115086.399881802572|31585.088993117912,0.364426217838,0.014249312635,-0.000016748118,0.364426217838,0.013795253056,0.013503712082,3.810858378843,3.660842268638,
2025-06-10T00:00:00Z,,hold,ETHUSDT|BNBUSDT|XRPUSDT|AVAXUSDT,0.091106554459|0.091106554459|0.091106554459|0.091106554459,0.069965448108|-0.022618190545|-0.033112865372|-0.095762056219,771665.875477343914|17150.115679994178|115086.399881802572|31585.088993117912,0.364426217838,0.007814496841,-0.000066779282,0.000000000000,0.007747717559,0.007747717559,3.840383833218,3.689205440562,
2025-06-11T00:00:00Z,,hold,ETHUSDT|BNBUSDT|XRPUSDT|AVAXUSDT,0.091106554459|0.091106554459|0.091106554459|0.091106554459,0.069965448108|-0.022618190545|-0.033112865372|-0.095762056219,771665.875477343914|17150.115679994178|115086.399881802572|31585.088993117912,0.364426217838,-0.007837501581,-0.000081995899,0.000000000000,-0.007919497480,-0.007919497480,3.809969923129,3.659988787372,
2025-06-12T00:00:00Z,,hold,ETHUSDT|BNBUSDT|XRPUSDT|AVAXUSDT,0.091106554459|0.091106554459|0.091106554459|0.091106554459,0.069965448108|-0.022618190545|-0.033112865372|-0.095762056219,771665.875477343914|17150.115679994178|115086.399881802572|31585.088993117912,0.364426217838,-0.014698642090,-0.000039783499,0.000000000000,-0.014738425590,-0.014738425590,3.753816964918,3.606046314971,
2025-06-13T00:00:00Z,,hold,ETHUSDT|BNBUSDT|XRPUSDT|AVAXUSDT,0.091106554459|0.091106554459|0.091106554459|0.091106554459,0.069965448108|-0.022618190545|-0.033112865372|-0.095762056219,771665.875477343914|17150.115679994178|115086.399881802572|31585.088993117912,0.364426217838,-0.007775044436,0.000039708792,0.000000000000,-0.007735335644,-0.007735335644,3.724779930748,3.578152336376,
2025-06-14T00:00:00Z,,hold,ETHUSDT|BNBUSDT|XRPUSDT|AVAXUSDT,0.091106554459|0.091106554459|0.091106554459|0.091106554459,0.069965448108|-0.022618190545|-0.033112865372|-0.095762056219,771665.875477343914|17150.115679994178|115086.399881802572|31585.088993117912,0.364426217838,-0.005666913759,0.000009086057,0.000000000000,-0.005657827702,-0.005657827702,3.703705767671,3.557907766965,
2025-06-15T00:00:00Z,,hold,ETHUSDT|BNBUSDT|XRPUSDT|AVAXUSDT,0.091106554459|0.091106554459|0.091106554459|0.091106554459,0.069965448108|-0.022618190545|-0.033112865372|-0.095762056219,771665.875477343914|17150.115679994178|115086.399881802572|31585.088993117912,0.364426217838,0.002934717482,-0.000008324406,0.000000000000,0.002926393076,0.002926393076,3.714544266587,3.568319603620,
2025-06-16T00:00:00Z,2025-06-16T00:00:00Z,active,ETHUSDT|BNBUSDT|SOLUSDT|XRPUSDT,0.111122130540|0.111122130540|0.111122130540|0.111122130540,0.004180272270|0.002366992064|-0.086296539772|-0.090014715157,590323.300717643113|13898.408258958165|252295.219561094535|48422.323522250030,0.444488522162,0.002473095323,-0.000057088995,0.262275413243,0.002101275832,0.001891455502,3.722349548682,3.575068921366,
2025-06-17T00:00:00Z,,hold,ETHUSDT|BNBUSDT|SOLUSDT|XRPUSDT,0.111122130540|0.111122130540|0.111122130540|0.111122130540,0.004180272270|0.002366992064|-0.086296539772|-0.090014715157,590323.300717643113|13898.408258958165|252295.219561094535|48422.323522250030,0.444488522162,-0.008218794944,-0.000063910782,0.000000000000,-0.008282705726,-0.008282705726,3.691518422759,3.545457677539,
2025-06-18T00:00:00Z,,hold,ETHUSDT|BNBUSDT|SOLUSDT|XRPUSDT,0.111122130540|0.111122130540|0.111122130540|0.111122130540,0.004180272270|0.002366992064|-0.086296539772|-0.090014715157,590323.300717643113|13898.408258958165|252295.219561094535|48422.323522250030,0.444488522162,-0.000318111226,-0.000007497410,0.000000000000,-0.000325608636,-0.000325608636,3.690316432480,3.544303245899,
2025-06-19T00:00:00Z,,hold,ETHUSDT|BNBUSDT|SOLUSDT|XRPUSDT,0.111122130540|0.111122130540|0.111122130540|0.111122130540,0.004180272270|0.002366992064|-0.086296539772|-0.090014715157,590323.300717643113|13898.408258958165|252295.219561094535|48422.323522250030,0.444488522162,0.000113353658,-0.000033915585,0.000000000000,0.000079438072,0.000079438072,3.690609584103,3.544584798517,
2025-06-20T00:00:00Z,,hold,ETHUSDT|BNBUSDT|SOLUSDT|XRPUSDT,0.111122130540|0.111122130540|0.111122130540|0.111122130540,0.004180272270|0.002366992064|-0.086296539772|-0.090014715157,590323.300717643113|13898.408258958165|252295.219561094535|48422.323522250030,0.444488522162,-0.013138769268,-0.000049112648,0.000000000000,-0.013187881916,-0.013187881916,3.641938260711,3.497839232753,
2025-06-21T00:00:00Z,,hold,ETHUSDT|BNBUSDT|SOLUSDT|XRPUSDT,0.111122130540|0.111122130540|0.111122130540|0.111122130540,0.004180272270|0.002366992064|-0.086296539772|-0.090014715157,590323.300717643113|13898.408258958165|252295.219561094535|48422.323522250030,0.444488522162,-0.014050106352,0.000022099969,0.000000000000,-0.014028006383,-0.014028006383,3.590849127543,3.448771521669,
2025-06-22T00:00:00Z,,hold,ETHUSDT|BNBUSDT|SOLUSDT|XRPUSDT,0.111122130540|0.111122130540|0.111122130540|0.111122130540,0.004180272270|0.002366992064|-0.086296539772|-0.090014715157,590323.300717643113|13898.408258958165|252295.219561094535|48422.323522250030,0.444488522162,-0.011106529440,0.000000781189,0.000000000000,-0.011105748251,-0.011105748251,3.550970061124,3.410470333374,
2025-06-23T00:00:00Z,2025-06-23T00:00:00Z,active,BNBUSDT|ETHUSDT|XRPUSDT|LTCUSDT,0.122397334873|0.122397334873|0.122397334873|0.122397334873,-0.062617035853|-0.118421313144|-0.121727007363|-0.157911325909,31795.046711336632|1094993.703600382200|192557.646115337237|23947.144621005336,0.489589339494,0.030712379690,-0.000006079476,0.267345078413,0.030385486120,0.030171610058,3.658868012631,3.513369714386,
2025-06-24T00:00:00Z,,hold,BNBUSDT|ETHUSDT|XRPUSDT|LTCUSDT,0.122397334873|0.122397334873|0.122397334873|0.122397334873,-0.062617035853|-0.118421313144|-0.121727007363|-0.157911325909,31795.046711336632|1094993.703600382200|192557.646115337237|23947.144621005336,0.489589339494,0.004228298478,-0.000015342506,0.000000000000,0.004212955972,0.004212955972,3.674282662476,3.528171386306,
2025-06-25T00:00:00Z,,hold,BNBUSDT|ETHUSDT|XRPUSDT|LTCUSDT,0.122397334873|0.122397334873|0.122397334873|0.122397334873,-0.062617035853|-0.118421313144|-0.121727007363|-0.157911325909,31795.046711336632|1094993.703600382200|192557.646115337237|23947.144621005336,0.489589339494,-0.001464049412,-0.000066027242,0.000000000000,-0.001530076654,-0.001530076654,3.668660728354,3.522773013637,
2025-06-26T00:00:00Z,,hold,BNBUSDT|ETHUSDT|XRPUSDT|LTCUSDT,0.122397334873|0.122397334873|0.122397334873|0.122397334873,-0.062617035853|-0.118421313144|-0.121727007363|-0.157911325909,31795.046711336632|1094993.703600382200|192557.646115337237|23947.144621005336,0.489589339494,-0.005989253636,-0.000048701900,0.000000000000,-0.006037955536,-0.006037955536,3.646509518000,3.501502666818,
2025-06-27T00:00:00Z,,hold,BNBUSDT|ETHUSDT|XRPUSDT|LTCUSDT,0.122397334873|0.122397334873|0.122397334873|0.122397334873,-0.062617035853|-0.118421313144|-0.121727007363|-0.157911325909,31795.046711336632|1094993.703600382200|192557.646115337237|23947.144621005336,0.489589339494,0.003983870055,-0.000003625409,0.000000000000,0.003980244646,0.003980244646,3.661023517985,3.515439504059,
2025-06-28T00:00:00Z,,hold,BNBUSDT|ETHUSDT|XRPUSDT|LTCUSDT,0.122397334873|0.122397334873|0.122397334873|0.122397334873,-0.062617035853|-0.118421313144|-0.121727007363|-0.157911325909,31795.046711336632|1094993.703600382200|192557.646115337237|23947.144621005336,0.489589339494,0.005786355253,-0.000052193896,0.000000000000,0.005734161357,0.005734161357,3.682016417570,3.535597601418,
2025-06-29T00:00:00Z,,hold,BNBUSDT|ETHUSDT|XRPUSDT|LTCUSDT,0.122397334873|0.122397334873|0.122397334873|0.122397334873,-0.062617035853|-0.118421313144|-0.121727007363|-0.157911325909,31795.046711336632|1094993.703600382200|192557.646115337237|23947.144621005336,0.489589339494,0.008035955155,-0.000065794687,0.000000000000,0.007970160468,0.007970160468,3.711362679263,3.563776881651,
2025-06-30T00:00:00Z,2025-06-30T00:00:00Z,active,XRPUSDT|LTCUSDT|BNBUSDT|ETHUSDT,0.114617759031|0.114617759031|0.114617759031|0.114617759031,0.031286536033|0.027703097604|-0.000061068702|-0.012009661492,130076.817964366535|16549.808088168087|27706.298875755820|3104271.902425969020,0.458471036123,-0.001313088085,-0.000062825432,0.031118303370,-0.001413255482,-0.001438150124,3.706117575613,3.558651635486,
2025-07-01T00:00:00Z,,hold,XRPUSDT|LTCUSDT|BNBUSDT|ETHUSDT,0.114617759031|0.114617759031|0.114617759031|0.114617759031,0.031286536033|0.027703097604|-0.000061068702|-0.012009661492,130076.817964366535|16549.808088168087|27706.298875755820|3104271.902425969020,0.458471036123,-0.012679449614,-0.000054646309,0.000000000000,-0.012734095923,-0.012734095923,3.658923518903,3.513335424202,
2025-07-02T00:00:00Z,,hold,XRPUSDT|LTCUSDT|BNBUSDT|ETHUSDT,0.114617759031|0.114617759031|0.114617759031|0.114617759031,0.031286536033|0.027703097604|-0.000061068702|-0.012009661492,130076.817964366535|16549.808088168087|27706.298875755820|3104271.902425969020,0.458471036123,0.019324520080,-0.000012322555,0.000000000000,0.019312197524,0.019312197524,3.729585372626,3.581185651884,
2025-07-03T00:00:00Z,,hold,XRPUSDT|LTCUSDT|BNBUSDT|ETHUSDT,0.114617759031|0.114617759031|0.114617759031|0.114617759031,0.031286536033|0.027703097604|-0.000061068702|-0.012009661492,130076.817964366535|16549.808088168087|27706.298875755820|3104271.902425969020,0.458471036123,0.005096218110,-0.000096528784,0.000000000000,0.004999689326,0.004999689326,3.748232140803,3.599090467561,
2025-07-04T00:00:00Z,,hold,XRPUSDT|LTCUSDT|BNBUSDT|ETHUSDT,0.114617759031|0.114617759031|0.114617759031|0.114617759031,0.031286536033|0.027703097604|-0.000061068702|-0.012009661492,130076.817964366535|16549.808088168087|27706.298875755820|3104271.902425969020,0.458471036123,-0.010271447880,-0.000069835454,0.000000000000,-0.010341283334,-0.010341283334,3.709470610234,3.561871253292,
2025-07-05T00:00:00Z,,hold,XRPUSDT|LTCUSDT|BNBUSDT|ETHUSDT,0.114617759031|0.114617759031|0.114617759031|0.114617759031,0.031286536033|0.027703097604|-0.000061068702|-0.012009661492,130076.817964366535|16549.808088168087|27706.298875755820|3104271.902425969020,0.458471036123,0.001633624030,-0.000016088895,0.000000000000,0.001617535135,0.001617535135,3.715470809277,3.567632705189,
2025-07-06T00:00:00Z,,hold,XRPUSDT|LTCUSDT|BNBUSDT|ETHUSDT,0.114617759031|0.114617759031|0.114617759031|0.114617759031,0.031286536033|0.027703097604|-0.000061068702|-0.012009661492,130076.817964366535|16549.808088168087|27706.298875755820|3104271.902425969020,0.458471036123,0.006227997484,-0.000059574873,0.000000000000,0.006168422611,0.006168422611,3.738389403427,3.589639371436,
2025-07-07T00:00:00Z,2025-07-07T00:00:00Z,active,XRPUSDT|ETHUSDT|BNBUSDT|SOLUSDT,0.105513358299|0.105513358299|0.105513358299|0.105513358299,0.051459008800|0.037877012822|0.032495134293|0.027341635084,87773.231582394859|1168517.267410286004|30408.872819609976|249573.362900725129,0.422053433194,-0.003569514225,-0.000071157154,0.247444319526,-0.003937604562,-0.004135560017,3.723669104258,3.574794202374,
2025-07-08T00:00:00Z,,hold,XRPUSDT|ETHUSDT|BNBUSDT|SOLUSDT,0.105513358299|0.105513358299|0.105513358299|0.105513358299,0.051459008800|0.037877012822|0.032495134293|0.027341635084,87773.231582394859|1168517.267410286004|30408.872819609976|249573.362900725129,0.422053433194,0.006767695249,-0.000025761086,0.000000000000,0.006741934162,0.006741934162,3.748773836201,3.598895229530,
2025-07-09T00:00:00Z,,hold,XRPUSDT|ETHUSDT|BNBUSDT|SOLUSDT,0.105513358299|0.105513358299|0.105513358299|0.105513358299,0.051459008800|0.037877012822|0.032495134293|0.027341635084,87773.231582394859|1168517.267410286004|30408.872819609976|249573.362900725129,0.422053433194,0.015588052415,-0.000053351774,0.000000000000,0.015534700641,0.015534700641,3.807009915518,3.654802989559,
2025-07-10T00:00:00Z,,hold,XRPUSDT|ETHUSDT|BNBUSDT|SOLUSDT,0.105513358299|0.105513358299|0.105513358299|0.105513358299,0.051459008800|0.037877012822|0.032495134293|0.027341635084,87773.231582394859|1168517.267410286004|30408.872819609976|249573.362900725129,0.422053433194,0.020903807588,-0.000062541988,0.000000000000,0.020841265600,0.020841265600,3.886352820309,3.730973709380,
2025-07-11T00:00:00Z,,hold,XRPUSDT|ETHUSDT|BNBUSDT|SOLUSDT,0.105513358299|0.105513358299|0.105513358299|0.105513358299,0.051459008800|0.037877012822|0.032495134293|0.027341635084,87773.231582394859|1168517.267410286004|30408.872819609976|249573.362900725129,0.422053433194,0.007691087328,-0.000088698750,0.000000000000,0.007602388579,0.007602388579,3.915898384602,3.759338021295,
2025-07-12T00:00:00Z,,hold,XRPUSDT|ETHUSDT|BNBUSDT|SOLUSDT,0.105513358299|0.105513358299|0.105513358299|0.105513358299,0.051459008800|0.037877012822|0.032495134293|0.027341635084,87773.231582394859|1168517.267410286004|30408.872819609976|249573.362900725129,0.422053433194,-0.002411494405,-0.000088596402,0.000000000000,-0.002500090806,-0.002500090806,3.906108283052,3.749939334870,
2025-07-13T00:00:00Z,,hold,XRPUSDT|ETHUSDT|BNBUSDT|SOLUSDT,0.105513358299|0.105513358299|0.105513358299|0.105513358299,0.051459008800|0.037877012822|0.032495134293|0.027341635084,87773.231582394859|1168517.267410286004|30408.872819609976|249573.362900725129,0.422053433194,0.005950695739,-0.000077533326,0.000000000000,0.005873162413,0.005873162413,3.929049491402,3.771963337623,
2025-07-14T00:00:00Z,2025-07-14T00:00:00Z,active,XRPUSDT|LINKUSDT|ETHUSDT|ADAUSDT,0.085154419092|0.085154419092|0.085154419092|0.085154419092,0.321110748730|0.165053603335|0.152159156585|0.147397943285,301249.294958610612|23646.435341759639|889845.266899870592|40777.555795269160,0.340617676369,0.005275140458,-0.000094519702,0.422053433194,0.004674156636,0.004336513890,3.947414484156,3.788320509028,
2025-07-15T00:00:00Z,,hold,XRPUSDT|LINKUSDT|ETHUSDT|ADAUSDT,0.085154419092|0.085154419092|0.085154419092|0.085154419092,0.321110748730|0.165053603335|0.152159156585|0.147397943285,301249.294958610612|23646.435341759639|889845.266899870592|40777.555795269160,0.340617676369,0.005714546211,-0.000098893233,0.000000000000,0.005615652978,0.005615652978,3.969581794058,3.809594402375,
2025-07-16T00:00:00Z,,hold,XRPUSDT|LINKUSDT|ETHUSDT|ADAUSDT,0.085154419092|0.085154419092|0.085154419092|0.085154419092,0.321110748730|0.165053603335|0.152159156585|0.147397943285,301249.294958610612|23646.435341759639|889845.266899870592|40777.555795269160,0.340617676369,0.014820102355,-0.000102185303,0.000000000000,0.014717917052,0.014717917052,4.028005769633,3.865663696790,
2025-07-17T00:00:00Z,,hold,XRPUSDT|LINKUSDT|ETHUSDT|ADAUSDT,0.085154419092|0.085154419092|0.085154419092|0.085154419092,0.321110748730|0.165053603335|0.152159156585|0.147397943285,301249.294958610612|23646.435341759639|889845.266899870592|40777.555795269160,0.340617676369,0.028285560707,-0.000102185303,0.000000000000,0.028183375404,0.028183375404,4.141528568369,3.974611147943,
2025-07-18T00:00:00Z,,hold,XRPUSDT|LINKUSDT|ETHUSDT|ADAUSDT,0.085154419092|0.085154419092|0.085154419092|0.085154419092,0.321110748730|0.165053603335|0.152159156585|0.147397943285,301249.294958610612|23646.435341759639|889845.266899870592|40777.555795269160,0.340617676369,-0.001424172445,-0.000139932554,0.000000000000,-0.001564104999,-0.001564104999,4.135050782833,3.968394438778,
2025-07-19T00:00:00Z,,hold,XRPUSDT|LINKUSDT|ETHUSDT|ADAUSDT,0.085154419092|0.085154419092|0.085154419092|0.085154419092,0.321110748730|0.165053603335|0.152159156585|0.147397943285,301249.294958610612|23646.435341759639|889845.266899870592|40777.555795269160,0.340617676369,0.005473034226,-0.000102185303,0.000000000000,0.005370848923,0.005370848923,4.157259515878,3.989708085777,
2025-07-20T00:00:00Z,,hold,XRPUSDT|LINKUSDT|ETHUSDT|ADAUSDT,0.085154419092|0.085154419092|0.085154419092|0.085154419092,0.321110748730|0.165053603335|0.152159156585|0.147397943285,301249.294958610612|23646.435341759639|889845.266899870592|40777.555795269160,0.340617676369,0.011690822698,-0.000102185303,0.000000000000,0.011588637395,0.011588637395,4.205436488963,4.035943366095,
2025-07-21T00:00:00Z,2025-07-21T00:00:00Z,active,DOGEUSDT|XRPUSDT|ETHUSDT|LINKUSDT,0.081649044782|0.081649044782|0.081649044782|0.081649044782,0.687249645652|0.630493273543|0.561336481779|0.542843427474,524073.424471391656|287696.970222827920|1748226.241403919877|40051.776260974344,0.326596179129,0.002583279198,-0.000097978854,0.177319586804,0.002272516840,0.002130661170,4.214993414203,4.044542593910,
2025-07-22T00:00:00Z,,hold,DOGEUSDT|XRPUSDT|ETHUSDT|LINKUSDT,0.081649044782|0.081649044782|0.081649044782|0.081649044782,0.687249645652|0.630493273543|0.561336481779|0.542843427474,524073.424471391656|287696.970222827920|1748226.241403919877|40051.776260974344,0.326596179129,0.000363473701,-0.000097978854,0.000000000000,0.000265494847,0.000265494847,4.216112473235,4.045616399128,
2025-07-23T00:00:00Z,,hold,DOGEUSDT|XRPUSDT|ETHUSDT|LINKUSDT,0.081649044782|0.081649044782|0.081649044782|0.081649044782,0.687249645652|0.630493273543|0.561336481779|0.542843427474,524073.424471391656|287696.970222827920|1748226.241403919877|40051.776260974344,0.326596179129,-0.026409626587,-0.000115433787,0.000000000000,-0.026525060373,-0.026525060373,4.104279835343,3.938306179895,
2025-07-24T00:00:00Z,,hold,DOGEUSDT|XRPUSDT|ETHUSDT|LINKUSDT,0.081649044782|0.081649044782|0.081649044782|0.081649044782,0.687249645652|0.630493273543|0.561336481779|0.542843427474,524073.424471391656|287696.970222827920|1748226.241403919877|40051.776260974344,0.326596179129,-0.003409459131,-0.000097978854,0.000000000000,-0.003507437985,-0.003507437985,4.089884328348,3.924492815204,
2025-07-25T00:00:00Z,,hold,DOGEUSDT|XRPUSDT|ETHUSDT|LINKUSDT,0.081649044782|0.081649044782|0.081649044782|0.081649044782,0.687249645652|0.630493273543|0.561336481779|0.542843427474,524073.424471391656|287696.970222827920|1748226.241403919877|40051.776260974344,0.326596179129,0.003640249371,-0.000088634121,0.000000000000,0.003551615251,0.003551615251,4.104410023902,3.938431103737,
2025-07-26T00:00:00Z,,hold,DOGEUSDT|XRPUSDT|ETHUSDT|LINKUSDT,0.081649044782|0.081649044782|0.081649044782|0.081649044782,0.687249645652|0.630493273543|0.561336481779|0.542843427474,524073.424471391656|287696.970222827920|1748226.241403919877|40051.776260974344,0.326596179129,0.001070814201,-0.000097978854,0.000000000000,0.000972835347,0.000972835347,4.108402939053,3.942262548727,
2025-07-27T00:00:00Z,,hold,DOGEUSDT|XRPUSDT|ETHUSDT|LINKUSDT,0.081649044782|0.081649044782|0.081649044782|0.081649044782,0.687249645652|0.630493273543|0.561336481779|0.542843427474,524073.424471391656|287696.970222827920|1748226.241403919877|40051.776260974344,0.326596179129,0.010226026785,-0.000090680246,0.000000000000,0.010135346540,0.010135346540,4.150043026565,3.982218745809,
2025-07-28T00:00:00Z,2025-07-28T00:00:00Z,active,ETHUSDT|XRPUSDT|DOGEUSDT|ADAUSDT,0.079448761649|0.079448761649|0.079448761649|0.079448761649,0.598420352923|0.512331838565|0.494626327887|0.489434097421,1601233.123637254816|264572.999094278202|185380.302642206429|41965.059349071264,0.317795046596,-0.012901560566,-0.000090290340,0.167698655831,-0.013193089293,-0.013327248217,4.095291138347,3.929146728128,
2025-07-29T00:00:00Z,,hold,ETHUSDT|XRPUSDT|DOGEUSDT|ADAUSDT,0.079448761649|0.079448761649|0.079448761649|0.079448761649,0.598420352923|0.512331838565|0.494626327887|0.489434097421,1601233.123637254816|264572.999094278202|185380.302642206429|41965.059349071264,0.317795046596,-0.001809615264,-0.000050305367,0.000000000000,-0.001859920631,-0.001859920631,4.087674221868,3.921838827066,
2025-07-30T00:00:00Z,,hold,ETHUSDT|XRPUSDT|DOGEUSDT|ADAUSDT,0.079448761649|0.079448761649|0.079448761649|0.079448761649,0.598420352923|0.512331838565|0.494626327887|0.489434097421,1601233.123637254816|264572.999094278202|185380.302642206429|41965.059349071264,0.317795046596,-0.003802830787,-0.000039300919,0.000000000000,-0.003842131706,-0.003842131706,4.071968839136,3.906770605761,
2025-07-31T00:00:00Z,,hold,ETHUSDT|XRPUSDT|DOGEUSDT|ADAUSDT,0.079448761649|0.079448761649|0.079448761649|0.079448761649,0.598420352923|0.512331838565|0.494626327887|0.489434097421,1601233.123637254816|264572.999094278202|185380.302642206429|41965.059349071264,0.317795046596,-0.010489748513,-0.000068967087,0.000000000000,-0.010558715600,-0.010558715600,4.028974078231,3.865520126021,
2025-08-01T00:00:00Z,,hold,ETHUSDT|XRPUSDT|DOGEUSDT|ADAUSDT,0.079448761649|0.079448761649|0.079448761649|0.079448761649,0.598420352923|0.512331838565|0.494626327887|0.489434097421,1601233.123637254816|264572.999094278202|185380.302642206429|41965.059349071264,0.317795046596,-0.012110134839,-0.000031301223,0.000000000000,-0.012141436062,-0.012141436062,3.980056547063,3.818587160563,
2025-08-02T00:00:00Z,,hold,ETHUSDT|XRPUSDT|DOGEUSDT|ADAUSDT,0.079448761649|0.079448761649|0.079448761649|0.079448761649,0.598420352923|0.512331838565|0.494626327887|0.489434097421,1601233.123637254816|264572.999094278202|185380.302642206429|41965.059349071264,0.317795046596,-0.013068375521,-0.000063315896,0.000000000000,-0.013131691417,-0.013131691417,3.927791672666,3.768442652322,
2025-08-03T00:00:00Z,,hold,ETHUSDT|XRPUSDT|DOGEUSDT|ADAUSDT,0.079448761649|0.079448761649|0.079448761649|0.079448761649,0.598420352923|0.512331838565|0.494626327887|0.489434097421,1601233.123637254816|264572.999094278202|185380.302642206429|41965.059349071264,0.317795046596,0.014090948775,-0.000049714268,0.000000000000,0.014041234507,0.014041234507,3.982942716635,3.821356239328,
2025-08-04T00:00:00Z,2025-08-04T00:00:00Z,active,ETHUSDT|XRPUSDT|LTCUSDT|ADAUSDT,0.086035107922|0.086035107922|0.086035107922|0.086035107922,0.394174385486|0.327520951609|0.271491126988|0.270279720280,1297126.306570613291|283931.506873870734|51751.463482874024|26410.949601073011,0.344140431687,0.020898292180,-0.000052005642,0.185242908389,0.020623995048,0.020475800721,4.065086907500,3.899601568170,
2025-08-05T00:00:00Z,,hold,ETHUSDT|XRPUSDT|LTCUSDT|ADAUSDT,0.086035107922|0.086035107922|0.086035107922|0.086035107922,0.394174385486|0.327520951609|0.271491126988|0.270279720280,1297126.306570613291|283931.506873870734|51751.463482874024|26410.949601073011,0.344140431687,-0.009603400088,-0.000070860236,0.000000000000,-0.009674260323,-0.009674260323,4.025760198520,3.861875807442,
2025-08-06T00:00:00Z,,hold,ETHUSDT|XRPUSDT|LTCUSDT|ADAUSDT,0.086035107922|0.086035107922|0.086035107922|0.086035107922,0.394174385486|0.327520951609|0.271491126988|0.270279720280,1297126.306570613291|283931.506873870734|51751.463482874024|26410.949601073011,0.344140431687,0.003616771994,-0.000059353040,0.000000000000,0.003557418954,0.003557418954,4.040081514154,3.875614117638,
2025-08-07T00:00:00Z,,hold,ETHUSDT|XRPUSDT|LTCUSDT|ADAUSDT,0.086035107922|0.086035107922|0.086035107922|0.086035107922,0.394174385486|0.327520951609|0.271491126988|0.270279720280,1297126.306570613291|283931.506873870734|51751.463482874024|26410.949601073011,0.344140431687,0.022780344280,-0.000085654833,0.000000000000,0.022694689447,0.022694689447,4.131769909458,3.963569976453,
2025-08-08T00:00:00Z,,hold,ETHUSDT|XRPUSDT|LTCUSDT|ADAUSDT,0.086035107922|0.086035107922|0.086035107922|0.086035107922,0.394174385486|0.327520951609|0.271491126988|0.270279720280,1297126.306570613291|283931.506873870734|51751.463482874024|26410.949601073011,0.344140431687,0.002390644600,-0.000094884679,0.000000000000,0.002295759921,0.002295759921,4.141255461219,3.972669381550,
2025-08-09T00:00:00Z,,hold,ETHUSDT|XRPUSDT|LTCUSDT|ADAUSDT,0.086035107922|0.086035107922|0.086035107922|0.086035107922,0.394174385486|0.327520951609|0.271491126988|0.270279720280,1297126.306570613291|283931.506873870734|51751.463482874024|26410.949601073011,0.344140431687,0.002556697481,-0.000097867516,0.000000000000,0.002458829965,0.002458829965,4.151438104238,3.982437500065,
2025-08-10T00:00:00Z,,hold,ETHUSDT|XRPUSDT|LTCUSDT|ADAUSDT,0.086035107922|0.086035107922|0.086035107922|0.086035107922,0.394174385486|0.327520951609|0.271491126988|0.270279720280,1297126.306570613291|283931.506873870734|51751.463482874024|26410.949601073011,0.344140431687,0.001150082560,-0.000084310104,0.000000000000,0.001065772456,0.001065772456,4.155862592623,3.986681872260,
2025-08-11T00:00:00Z,2025-08-11T00:00:00Z,active,LINKUSDT|ETHUSDT|LTCUSDT|BNBUSDT,0.094304745438|0.094304745438|0.094304745438|0.094304745438,0.442990776477|0.436885553598|0.312500000000|0.169829084589,41035.368242811812|1185733.034937098855|16481.164744230511|31041.393541499903,0.377218981753,-0.007977085496,-0.000096688769,0.377218981753,-0.008526437044,-0.008828212229,4.120427891865,3.951486598603,
2025-08-12T00:00:00Z,,hold,LINKUSDT|ETHUSDT|LTCUSDT|BNBUSDT,0.094304745438|0.094304745438|0.094304745438|0.094304745438,0.442990776477|0.436885553598|0.312500000000|0.169829084589,41035.368242811812|1185733.034937098855|16481.164744230511|31041.393541499903,0.377218981753,0.031029232594,-0.000065232479,0.000000000000,0.030964000115,0.030964000115,4.248012821585,4.073840430098,
2025-08-13T00:00:00Z,,hold,LINKUSDT|ETHUSDT|LTCUSDT|BNBUSDT,0.094304745438|0.094304745438|0.094304745438|0.094304745438,0.442990776477|0.436885553598|0.312500000000|0.169829084589,41035.368242811812|1185733.034937098855|16481.164744230511|31041.393541499903,0.377218981753,0.006803405363,-0.000119625570,0.000000000000,0.006683779794,0.006683779794,4.276405603844,4.101069082447,
2025-08-14T00:00:00Z,,hold,LINKUSDT|ETHUSDT|LTCUSDT|BNBUSDT,0.094304745438|0.094304745438|0.094304745438|0.094304745438,0.442990776477|0.436885553598|0.312500000000|0.169829084589,41035.368242811812|1185733.034937098855|16481.164744230511|31041.393541499903,0.377218981753,-0.017813962911,-0.000113479729,0.000000000000,-0.017927442640,-0.017927442640,4.199740587674,4.027547401707,
2025-08-15T00:00:00Z,,hold,LINKUSDT|ETHUSDT|LTCUSDT|BNBUSDT,0.094304745438|0.094304745438|0.094304745438|0.094304745438,0.442990776477|0.436885553598|0.312500000000|0.169829084589,41035.368242811812|1185733.034937098855|16481.164744230511|31041.393541499903,0.377218981753,-0.008342870107,-0.000064401654,0.000000000000,-0.008407271761,-0.008407271761,4.164432227228,3.993686716171,
2025-08-16T00:00:00Z,,hold,LINKUSDT|ETHUSDT|LTCUSDT|BNBUSDT,0.094304745438|0.094304745438|0.094304745438|0.094304745438,0.442990776477|0.436885553598|0.312500000000|0.169829084589,41035.368242811812|1185733.034937098855|16481.164744230511|31041.393541499903,0.377218981753,0.006281600398,-0.000057681498,0.000000000000,0.006223918901,0.006223918901,4.190351315678,4.018543098407,
2025-08-17T00:00:00Z,,hold,LINKUSDT|ETHUSDT|LTCUSDT|BNBUSDT,0.094304745438|0.094304745438|0.094304745438|0.094304745438,0.442990776477|0.436885553598|0.312500000000|0.169829084589,41035.368242811812|1185733.034937098855|16481.164744230511|31041.393541499903,0.377218981753,0.015286494428,-0.000032077759,0.000000000000,0.015254416669,0.015254416669,4.254272680635,4.079843629231,
2025-08-18T00:00:00Z,2025-08-18T00:00:00Z,active,LINKUSDT|ETHUSDT|LTCUSDT|ADAUSDT,0.071775871540|0.071775871540|0.071775871540|0.071775871540,0.438131029841|0.260633438230|0.186295713724|0.177617063006,86271.432917999802|2182906.664949598256|13416.033744851062|79099.882727017553,0.287103486161,-0.006782889009,-0.000045958808,0.233667238672,-0.007109248503,-0.007296182294,4.224027998947,4.050076346379,
2025-08-19T00:00:00Z,,hold,LINKUSDT|ETHUSDT|LTCUSDT|ADAUSDT,0.071775871540|0.071775871540|0.071775871540|0.071775871540,0.438131029841|0.260633438230|0.186295713724|0.177617063006,86271.432917999802|2182906.664949598256|13416.033744851062|79099.882727017553,0.287103486161,-0.019215831810,-0.000061842809,0.000000000000,-0.019277674619,-0.019277674619,4.142598561603,3.972000292393,
2025-08-20T00:00:00Z,,hold,LINKUSDT|ETHUSDT|LTCUSDT|ADAUSDT,0.071775871540|0.071775871540|0.071775871540|0.071775871540,0.438131029841|0.260633438230|0.186295713724|0.177617063006,86271.432917999802|2182906.664949598256|13416.033744851062|79099.882727017553,0.287103486161,0.018516530344,-0.000029704444,0.000000000000,0.018486825900,0.018486825900,4.219182059984,4.045429970272,
2025-08-21T00:00:00Z,,hold,LINKUSDT|ETHUSDT|LTCUSDT|ADAUSDT,0.071775871540|0.071775871540|0.071775871540|0.071775871540,0.438131029841|0.260633438230|0.186295713724|0.177617063006,86271.432917999802|2182906.664949598256|13416.033744851062|79099.882727017553,0.287103486161,-0.009491107118,-0.000052920350,0.000000000000,-0.009544027468,-0.009544027468,4.178914070511,4.006820275516,
2025-08-22T00:00:00Z,,hold,LINKUSDT|ETHUSDT|LTCUSDT|ADAUSDT,0.071775871540|0.071775871540|0.071775871540|0.071775871540,0.438131029841|0.260633438230|0.186295713724|0.177617063006,86271.432917999802|2182906.664949598256|13416.033744851062|79099.882727017553,0.287103486161,0.028029387431,-0.000049229635,0.000000000000,0.027980157797,0.027980157797,4.295840745622,4.118931739087,
2025-08-23T00:00:00Z,,hold,LINKUSDT|ETHUSDT|LTCUSDT|ADAUSDT,0.071775871540|0.071775871540|0.071775871540|0.071775871540,0.438131029841|0.260633438230|0.186295713724|0.177617063006,86271.432917999802|2182906.664949598256|13416.033744851062|79099.882727017553,0.287103486161,-0.004423712150,-0.000078255797,0.000000000000,-0.004501967947,-0.004501967947,4.276501008278,4.100388440421,
2025-08-24T00:00:00Z,,hold,LINKUSDT|ETHUSDT|LTCUSDT|ADAUSDT,0.071775871540|0.071775871540|0.071775871540|0.071775871540,0.438131029841|0.260633438230|0.186295713724|0.177617063006,86271.432917999802|2182906.664949598256|13416.033744851062|79099.882727017553,0.287103486161,-0.003613884030,-0.000086131046,0.000000000000,-0.003700015076,-0.003700015076,4.260677890076,4.085216941374,
2025-08-25T00:00:00Z,2025-08-25T00:00:00Z,active,LINKUSDT|ETHUSDT|BNBUSDT|ADAUSDT,0.064498964275|0.064498964275|0.064498964275|0.064498964275,0.411999562459|0.283056358867|0.115677243696|0.113522128233,45126.296160372425|1803322.515085799620|50747.148593804173|63552.807496367335,0.257995857100,-0.019391244150,-0.000034085123,0.158105557611,-0.019615055942,-0.019741540388,4.177104454910,4.004568466131,
2025-08-26T00:00:00Z,,hold,LINKUSDT|ETHUSDT|BNBUSDT|ADAUSDT,0.064498964275|0.064498964275|0.064498964275|0.064498964275,0.411999562459|0.283056358867|0.115677243696|0.113522128233,45126.296160372425|1803322.515085799620|50747.148593804173|63552.807496367335,0.257995857100,0.010203994101,0.000015917699,0.000000000000,0.010219911801,0.010219911801,4.219794094021,4.045494802654,
2025-08-27T00:00:00Z,,hold,LINKUSDT|ETHUSDT|BNBUSDT|ADAUSDT,0.064498964275|0.064498964275|0.064498964275|0.064498964275,0.411999562459|0.283056358867|0.115677243696|0.113522128233,45126.296160372425|1803322.515085799620|50747.148593804173|63552.807496367335,0.257995857100,-0.004673743353,-0.000036931462,0.000000000000,-0.004710674815,-0.004710674815,4.199916016258,4.026437792173,
2025-08-28T00:00:00Z,,hold,LINKUSDT|ETHUSDT|BNBUSDT|ADAUSDT,0.064498964275|0.064498964275|0.064498964275|0.064498964275,0.411999562459|0.283056358867|0.115677243696|0.113522128233,45126.296160372425|1803322.515085799620|50747.148593804173|63552.807496367335,0.257995857100,0.005720950270,-0.000055627777,0.000000000000,0.005665322493,0.005665322493,4.223709894934,4.049248860764,
2025-08-29T00:00:00Z,,hold,LINKUSDT|ETHUSDT|BNBUSDT|ADAUSDT,0.064498964275|0.064498964275|0.064498964275|0.064498964275,0.411999562459|0.283056358867|0.115677243696|0.113522128233,45126.296160372425|1803322.515085799620|50747.148593804173|63552.807496367335,0.257995857100,-0.009771612602,-0.000004818718,0.000000000000,-0.009776431319,-0.009776431319,4.182417085234,4.009661657383,
2025-08-30T00:00:00Z,,hold,LINKUSDT|ETHUSDT|BNBUSDT|ADAUSDT,0.064498964275|0.064498964275|0.064498964275|0.064498964275,0.411999562459|0.283056358867|0.115677243696|0.113522128233,45126.296160372425|1803322.515085799620|50747.148593804173|63552.807496367335,0.257995857100,0.000040264023,-0.000034348923,0.000000000000,0.000005915100,0.000005915100,4.182441824648,4.009685374931,
2025-08-31T00:00:00Z,,hold,LINKUSDT|ETHUSDT|BNBUSDT|ADAUSDT,0.064498964275|0.064498964275|0.064498964275|0.064498964275,0.411999562459|0.283056358867|0.115677243696|0.113522128233,45126.296160372425|1803322.515085799620|50747.148593804173|63552.807496367335,0.257995857100,-0.001788245730,-0.000033496247,0.000000000000,-0.001821741978,-0.001821741978,4.174822494808,4.002380762767,
2025-09-01T00:00:00Z,2025-09-01T00:00:00Z,active,LINKUSDT|ETHUSDT|SOLUSDT|ADAUSDT,0.056363015799|0.056363015799|0.056363015799|0.056363015799,0.444271481943|0.259050831512|0.233441977738|0.135593220339,98266.756153955313|3406087.784825551324|860175.688971453696|76359.837726153695,0.225452063197,-0.004266907976,-0.000032170882,0.145269825501,-0.004473402649,-0.004589618509,4.156146832800,3.984011361936,
2025-09-02T00:00:00Z,,hold,LINKUSDT|ETHUSDT|SOLUSDT|ADAUSDT,0.056363015799|0.056363015799|0.056363015799|0.056363015799,0.444271481943|0.259050831512|0.233441977738|0.135593220339,98266.756153955313|3406087.784825551324|860175.688971453696|76359.837726153695,0.225452063197,0.008524954734,-0.000043076562,0.000000000000,0.008481878172,0.008481878172,4.191398763901,4.017803260944,
2025-09-03T00:00:00Z,,hold,LINKUSDT|ETHUSDT|SOLUSDT|ADAUSDT,0.056363015799|0.056363015799|0.056363015799|0.056363015799,0.444271481943|0.259050831512|0.233441977738|0.135593220339,98266.756153955313|3406087.784825551324|860175.688971453696|76359.837726153695,0.225452063197,0.002483948957,-0.000047525859,0.000000000000,0.002436423099,0.002436423099,4.201610784666,4.027592329616,
2025-09-04T00:00:00Z,,hold,LINKUSDT|ETHUSDT|SOLUSDT|ADAUSDT,0.056363015799|0.056363015799|0.056363015799|0.056363015799,0.444271481943|0.259050831512|0.233441977738|0.135593220339,98266.756153955313|3406087.784825551324|860175.688971453696|76359.837726153695,0.225452063197,-0.009348665620,-0.000025837370,0.000000000000,-0.009374502990,-0.009374502990,4.162222771803,3.989835653280,
2025-09-05T00:00:00Z,,hold,LINKUSDT|ETHUSDT|SOLUSDT|ADAUSDT,0.056363015799|0.056363015799|0.056363015799|0.056363015799,0.444271481943|0.259050831512|0.233441977738|0.135593220339,98266.756153955313|3406087.784825551324|860175.688971453696|76359.837726153695,0.225452063197,0.001887669180,-0.000016699234,0.000000000000,0.001870969946,0.001870969946,4.170010165516,3.997300515876,
2025-09-06T00:00:00Z,,hold,LINKUSDT|ETHUSDT|SOLUSDT|ADAUSDT,0.056363015799|0.056363015799|0.056363015799|0.056363015799,0.444271481943|0.259050831512|0.233441977738|0.135593220339,98266.756153955313|3406087.784825551324|860175.688971453696|76359.837726153695,0.225452063197,-0.002415435589,-0.000048791208,0.000000000000,-0.002464226797,-0.002464226797,4.159734314722,3.987450260829,
2025-09-07T00:00:00Z,,hold,LINKUSDT|ETHUSDT|SOLUSDT|ADAUSDT,0.056363015799|0.056363015799|0.056363015799|0.056363015799,0.444271481943|0.259050831512|0.233441977738|0.135593220339,98266.756153955313|3406087.784825551324|860175.688971453696|76359.837726153695,0.225452063197,0.004001525673,-0.000048956916,0.000000000000,0.003952568758,0.003952568758,4.176175950616,4.003210932153,
2025-09-08T00:00:00Z,2025-09-08T00:00:00Z,active,SOLUSDT|LINKUSDT|BNBUSDT|ETHUSDT,0.064172719601|0.064172719601|0.064172719601|0.064172719601,0.167458970006|0.128978729824|0.109561426718|0.073531135805,678864.294602899579|53423.536590738040|117763.148251319450|1889068.303926663939,0.256690878402,0.003917511619,-0.000052056268,0.143964846804,0.003692697535,0.003577525657,4.191597305253,4.017532521974,
2025-09-09T00:00:00Z,,hold,SOLUSDT|LINKUSDT|BNBUSDT|ETHUSDT,0.064172719601|0.064172719601|0.064172719601|0.064172719601,0.167458970006|0.128978729824|0.109561426718|0.073531135805,678864.294602899579|53423.536590738040|117763.148251319450|1889068.303926663939,0.256690878402,0.001137264726,-0.000065729550,0.000000000000,0.001071535176,0.001071535176,4.196088749209,4.021837449392,
2025-09-10T00:00:00Z,,hold,SOLUSDT|LINKUSDT|BNBUSDT|ETHUSDT,0.064172719601|0.064172719601|0.064172719601|0.064172719601,0.167458970006|0.128978729824|0.109561426718|0.073531135805,678864.294602899579|53423.536590738040|117763.148251319450|1889068.303926663939,0.256690878402,0.005080654782,-0.000054317715,0.000000000000,0.005026337067,0.005026337067,4.217179705627,4.042052560043,
2025-09-11T00:00:00Z,,hold,SOLUSDT|LINKUSDT|BNBUSDT|ETHUSDT,0.064172719601|0.064172719601|0.064172719601|0.064172719601,0.167458970006|0.128978729824|0.109561426718|0.073531135805,678864.294602899579|53423.536590738040|117763.148251319450|1889068.303926663939,0.256690878402,0.006005531374,-0.000032827555,0.000000000000,0.005972703820,0.005972703820,4.242367670963,4.066194542807,
2025-09-12T00:00:00Z,,hold,SOLUSDT|LINKUSDT|BNBUSDT|ETHUSDT,0.064172719601|0.064172719601|0.064172719601|0.064172719601,0.167458970006|0.128978729824|0.109561426718|0.073531135805,678864.294602899579|53423.536590738040|117763.148251319450|1889068.303926663939,0.256690878402,0.010782752687,-0.000042809621,0.000000000000,0.010739943066,0.010739943066,4.287930458212,4.109865240691,
2025-09-13T00:00:00Z,,hold,SOLUSDT|LINKUSDT|BNBUSDT|ETHUSDT,0.064172719601|0.064172719601|0.064172719601|0.064172719601,0.167458970006|0.128978729824|0.109561426718|0.073531135805,678864.294602899579|53423.536590738040|117763.148251319450|1889068.303926663939,0.256690878402,-0.000606415529,-0.000072960532,0.000000000000,-0.000679376061,-0.000679376061,4.285017340907,4.107073096632,
2025-09-14T00:00:00Z,,hold,SOLUSDT|LINKUSDT|BNBUSDT|ETHUSDT,0.064172719601|0.064172719601|0.064172719601|0.064172719601,0.167458970006|0.128978729824|0.109561426718|0.073531135805,678864.294602899579|53423.536590738040|117763.148251319450|1889068.303926663939,0.256690878402,-0.004111207339,-0.000035963034,0.000000000000,-0.004147170373,-0.004147170373,4.267246643943,4.090040364766,
2025-09-15T00:00:00Z,2025-09-15T00:00:00Z,active,SOLUSDT|AVAXUSDT|DOGEUSDT|BNBUSDT,0.072609361544|0.072609361544|0.072609361544|0.072609361544,0.290970800560|0.239147825355|0.214644808743|0.119347826087,573421.933785595582|105218.525185856808|191011.504262220114|45022.580024216077,0.290437446176,-0.003799978130,-0.000024452655,0.290437446176,-0.004172955721,-0.004405305677,4.249439612649,4.072022486725,
2025-09-16T00:00:00Z,,hold,SOLUSDT|AVAXUSDT|DOGEUSDT|BNBUSDT,0.072609361544|0.072609361544|0.072609361544|0.072609361544,0.290970800560|0.239147825355|0.214644808743|0.119347826087,573421.933785595582|105218.525185856808|191011.504262220114|45022.580024216077,0.290437446176,0.004768522840,-0.000046953570,0.000000000000,0.004721569270,0.004721569270,4.269503636140,4.091248822967,
2025-09-17T00:00:00Z,,hold,SOLUSDT|AVAXUSDT|DOGEUSDT|BNBUSDT,0.072609361544|0.072609361544|0.072609361544|0.072609361544,0.290970800560|0.239147825355|0.214644808743|0.119347826087,573421.933785595582|105218.525185856808|191011.504262220114|45022.580024216077,0.290437446176,0.012705021546,-0.000029539667,0.000000000000,0.012675481879,0.012675481879,4.323621652113,4.143107373285,
2025-09-18T00:00:00Z,,hold,SOLUSDT|AVAXUSDT|DOGEUSDT|BNBUSDT,0.072609361544|0.072609361544|0.072609361544|0.072609361544,0.290970800560|0.239147825355|0.214644808743|0.119347826087,573421.933785595582|105218.525185856808|191011.504262220114|45022.580024216077,0.290437446176,0.006753029910,-0.000073008713,0.000000000000,0.006680021197,0.006680021197,4.352503536395,4.170783418359,
2025-09-19T00:00:00Z,,hold,SOLUSDT|AVAXUSDT|DOGEUSDT|BNBUSDT,0.072609361544|0.072609361544|0.072609361544|0.072609361544,0.290970800560|0.239147825355|0.214644808743|0.119347826087,573421.933785595582|105218.525185856808|191011.504262220114|45022.580024216077,0.290437446176,-0.008925548725,-0.000066016432,0.000000000000,-0.008991565157,-0.008991565157,4.313367717253,4.133281547498,
2025-09-20T00:00:00Z,,hold,SOLUSDT|AVAXUSDT|DOGEUSDT|BNBUSDT,0.072609361544|0.072609361544|0.072609361544|0.072609361544,0.290970800560|0.239147825355|0.214644808743|0.119347826087,573421.933785595582|105218.525185856808|191011.504262220114|45022.580024216077,0.290437446176,0.004126160053,0.000001243072,0.000000000000,0.004127403125,0.004127403125,4.331170724649,4.150341266674,
2025-09-21T00:00:00Z,,hold,SOLUSDT|AVAXUSDT|DOGEUSDT|BNBUSDT,0.072609361544|0.072609361544|0.072609361544|0.072609361544,0.290970800560|0.239147825355|0.214644808743|0.119347826087,573421.933785595582|105218.525185856808|191011.504262220114|45022.580024216077,0.290437446176,-0.002883837123,-0.000021446627,0.000000000000,-0.002905283750,-0.002905283750,4.318587444726,4.138283347637,
2025-09-22T00:00:00Z,2025-09-22T00:00:00Z,active,AVAXUSDT|SOLUSDT|BNBUSDT|DOGEUSDT,0.092282539793|0.092282539793|0.092282539793|0.092282539793,0.306946368494|0.176250747459|0.163429522752|0.083575883576,18749.146399450885|249086.409689274413|62785.366231989647|111495.963455717327,0.369130159173,-0.015535185433,-0.000007630843,0.078692712997,-0.015637247532,-0.015700201703,4.251056623863,4.073311464376,
2025-09-23T00:00:00Z,,hold,AVAXUSDT|SOLUSDT|BNBUSDT|DOGEUSDT,0.092282539793|0.092282539793|0.092282539793|0.092282539793,0.306946368494|0.176250747459|0.163429522752|0.083575883576,18749.146399450885|249086.409689274413|62785.366231989647|111495.963455717327,0.369130159173,-0.003134654003,-0.000051258337,0.000000000000,-0.003185912340,-0.003185912340,4.237513130108,4.060334251118,
2025-09-24T00:00:00Z,,hold,AVAXUSDT|SOLUSDT|BNBUSDT|DOGEUSDT,0.092282539793|0.092282539793|0.092282539793|0.092282539793,0.306946368494|0.176250747459|0.163429522752|0.083575883576,18749.146399450885|249086.409689274413|62785.366231989647|111495.963455717327,0.369130159173,-0.002566866696,-0.000034552429,0.000000000000,-0.002601419124,-0.002601419124,4.226489582411,4.049771619945,
2025-09-25T00:00:00Z,,hold,AVAXUSDT|SOLUSDT|BNBUSDT|DOGEUSDT,0.092282539793|0.092282539793|0.092282539793|0.092282539793,0.306946368494|0.176250747459|0.163429522752|0.083575883576,18749.146399450885|249086.409689274413|62785.366231989647|111495.963455717327,0.369130159173,-0.032211407744,-0.000010960397,0.000000000000,-0.032222368141,-0.032222368141,4.090302079143,3.919278387921,
2025-09-26T00:00:00Z,,hold,AVAXUSDT|SOLUSDT|BNBUSDT|DOGEUSDT,0.092282539793|0.092282539793|0.092282539793|0.092282539793,0.306946368494|0.176250747459|0.163429522752|0.083575883576,18749.146399450885|249086.409689274413|62785.366231989647|111495.963455717327,0.369130159173,0.012781455151,-0.000031940833,0.000000000000,0.012749514319,0.012749514319,4.142451444069,3.969247283847,
2025-09-27T00:00:00Z,,hold,AVAXUSDT|SOLUSDT|BNBUSDT|DOGEUSDT,0.092282539793|0.092282539793|0.092282539793|0.092282539793,0.306946368494|0.176250747459|0.163429522752|0.083575883576,18749.146399450885|249086.409689274413|62785.366231989647|111495.963455717327,0.369130159173,-0.001794867716,-0.000029270176,0.000000000000,-0.001824137892,-0.001824137892,4.134895041425,3.962006829475,
2025-09-28T00:00:00Z,,hold,AVAXUSDT|SOLUSDT|BNBUSDT|DOGEUSDT,0.092282539793|0.092282539793|0.092282539793|0.092282539793,0.306946368494|0.176250747459|0.163429522752|0.083575883576,18749.146399450885|249086.409689274413|62785.366231989647|111495.963455717327,0.369130159173,0.012291239855,-0.000038892476,0.000000000000,0.012252347378,0.012252347378,4.185557211846,4.010550713465,
2025-09-29T00:00:00Z,2025-09-29T00:00:00Z,active,AVAXUSDT|BNBUSDT|DOGEUSDT|DOTUSDT,0.095304773664|0.095304773664|0.095304773664|0.095304773664,0.273750849762|0.150954985861|0.109541627689|0.059135507823,128855.909985799299|89853.923596270339|113360.762831210319|13518.393508005443,0.381219094658,0.003445479612,-0.000078805611,0.196654015071,0.003130689182,0.002973365970,4.198660890531,4.022475548478,
2025-09-30T00:00:00Z,,hold,AVAXUSDT|BNBUSDT|DOGEUSDT|DOTUSDT,0.095304773664|0.095304773664|0.095304773664|0.095304773664,0.273750849762|0.150954985861|0.109541627689|0.059135507823,128855.909985799299|89853.923596270339|113360.762831210319|13518.393508005443,0.381219094658,-0.005654858309,-0.000021635137,0.000000000000,-0.005676493445,-0.005676493445,4.174827219506,3.999641992392,
2025-10-01T00:00:00Z,,hold,AVAXUSDT|BNBUSDT|DOGEUSDT|DOTUSDT,0.095304773664|0.095304773664|0.095304773664|0.095304773664,0.273750849762|0.150954985861|0.109541627689|0.059135507823,128855.909985799299|89853.923596270339|113360.762831210319|13518.393508005443,0.381219094658,0.015824531010,-0.000071886485,0.000000000000,0.015752644526,0.015752644526,4.240591788651,4.062646930929,
2025-10-02T00:00:00Z,,hold,AVAXUSDT|BNBUSDT|DOGEUSDT|DOTUSDT,0.095304773664|0.095304773664|0.095304773664|0.095304773664,0.273750849762|0.150954985861|0.109541627689|0.059135507823,128855.909985799299|89853.923596270339|113360.762831210319|13518.393508005443,0.381219094658,0.015919365183,-0.000037894131,0.000000000000,0.015881471052,0.015881471052,4.307938624384,4.127167740556,
2025-10-03T00:00:00Z,,hold,AVAXUSDT|BNBUSDT|DOGEUSDT|DOTUSDT,0.095304773664|0.095304773664|0.095304773664|0.095304773664,0.273750849762|0.150954985861|0.109541627689|0.059135507823,128855.909985799299|89853.923596270339|113360.762831210319|13518.393508005443,0.381219094658,0.008708593007,-0.000096914471,0.000000000000,0.008611678535,0.008611678535,4.345037206967,4.162709582398,
2025-10-04T00:00:00Z,,hold,AVAXUSDT|BNBUSDT|DOGEUSDT|DOTUSDT,0.095304773664|0.095304773664|0.095304773664|0.095304773664,0.273750849762|0.150954985861|0.109541627689|0.059135507823,128855.909985799299|89853.923596270339|113360.762831210319|13518.393508005443,0.381219094658,-0.012516449925,-0.000061038895,0.000000000000,-0.012577488820,-0.012577488820,4.290387550073,4.110353149164,
2025-10-05T00:00:00Z,,hold,AVAXUSDT|BNBUSDT|DOGEUSDT|DOTUSDT,0.095304773664|0.095304773664|0.095304773664|0.095304773664,0.273750849762|0.150954985861|0.109541627689|0.059135507823,128855.909985799299|89853.923596270339|113360.762831210319|13518.393508005443,0.381219094658,0.000717183973,-0.000037444293,0.000000000000,0.000679739681,0.000679739681,4.293303896738,4.113147119302,
2025-10-06T00:00:00Z,2025-10-06T00:00:00Z,active,BNBUSDT|AVAXUSDT|DOGEUSDT|SOLUSDT,0.086839889225|0.086839889225|0.086839889225|0.086839889225,0.373641623936|0.228326180258|0.160253466801|0.123708804722,72875.691529252377|51089.404129221941|95560.261869638023|271798.791406931705,0.347359556901,0.011803484535,-0.000022791997,0.207539316207,0.011531645358,0.011365613905,4.342812754691,4.159895561397,
2025-10-07T00:00:00Z,,hold,BNBUSDT|AVAXUSDT|DOGEUSDT|SOLUSDT,0.086839889225|0.086839889225|0.086839889225|0.086839889225,0.373641623936|0.228326180258|0.160253466801|0.123708804722,72875.691529252377|51089.404129221941|95560.261869638023|271798.791406931705,0.347359556901,-0.012823135899,-0.000024301275,0.000000000000,-0.012847437174,-0.012847437174,4.287018740666,4.106451564521,
2025-10-08T00:00:00Z,,hold,BNBUSDT|AVAXUSDT|DOGEUSDT|SOLUSDT,0.086839889225|0.086839889225|0.086839889225|0.086839889225,0.373641623936|0.228326180258|0.160253466801|0.123708804722,72875.691529252377|51089.404129221941|95560.261869638023|271798.791406931705,0.347359556901,0.009597054629,0.000001075946,0.000000000000,0.009598130576,0.009598130576,4.328166106319,4.145865822839,
2025-10-09T00:00:00Z,,hold,BNBUSDT|AVAXUSDT|DOGEUSDT|SOLUSDT,0.086839889225|0.086839889225|0.086839889225|0.086839889225,0.373641623936|0.228326180258|0.160253466801|0.123708804722,72875.691529252377|51089.404129221941|95560.261869638023|271798.791406931705,0.347359556901,-0.010178297022,-0.000051865124,0.000000000000,-0.010230162146,-0.010230162146,4.283888265257,4.103452943236,
2025-10-10T00:00:00Z,,hold,BNBUSDT|AVAXUSDT|DOGEUSDT|SOLUSDT,0.086839889225|0.086839889225|0.086839889225|0.086839889225,0.373641623936|0.228326180258|0.160253466801|0.123708804722,72875.691529252377|51089.404129221941|95560.261869638023|271798.791406931705,0.347359556901,-0.066715005637,-0.000052476477,0.000000000000,-0.066767482114,-0.066767482114,3.997863832128,3.829475722243,
2025-10-11T00:00:00Z,,hold,BNBUSDT|AVAXUSDT|DOGEUSDT|SOLUSDT,0.086839889225|0.086839889225|0.086839889225|0.086839889225,0.373641623936|0.228326180258|0.160253466801|0.123708804722,72875.691529252377|51089.404129221941|95560.261869638023|271798.791406931705,0.347359556901,-0.002413697021,0.000609847885,0.000000000000,-0.001803849136,-0.001803849136,3.990652288908,3.822567925770,
2025-10-12T00:00:00Z,,hold,BNBUSDT|AVAXUSDT|DOGEUSDT|SOLUSDT,0.086839889225|0.086839889225|0.086839889225|0.086839889225,0.373641623936|0.228326180258|0.160253466801|0.123708804722,72875.691529252377|51089.404129221941|95560.261869638023|271798.791406931705,0.347359556901,0.036949723485,0.000367924979,0.000000000000,0.037317648464,0.037317648464,4.139574048169,3.965217171855,
2025-10-13T00:00:00Z,2025-10-13T00:00:00Z,active,BNBUSDT|ETHUSDT|LTCUSDT|XRPUSDT,0.064494253761|0.064494253761|0.064494253761|0.064494253761,0.407801188547|-0.119053330305|-0.161736034585|-0.186014301359,239067.716423793841|2690510.034693304915|27214.526181196245|193590.922416893329,0.257977015044,0.003250984850,0.000019319899,0.476348064423,0.002698687071,0.002317608619,4.150745463132,3.974406993350,
2025-10-14T00:00:00Z,,hold,BNBUSDT|ETHUSDT|LTCUSDT|XRPUSDT,0.064494253761|0.064494253761|0.064494253761|0.064494253761,0.407801188547|-0.119053330305|-0.161736034585|-0.186014301359,239067.716423793841|2690510.034693304915|27214.526181196245|193590.922416893329,0.257977015044,-0.009958106960,0.000020592370,0.000000000000,-0.009937514590,-0.009937514590,4.109497369534,3.934911265869,
2025-10-15T00:00:00Z,,hold,BNBUSDT|ETHUSDT|LTCUSDT|XRPUSDT,0.064494253761|0.064494253761|0.064494253761|0.064494253761,0.407801188547|-0.119053330305|-0.161736034585|-0.186014301359,239067.716423793841|2690510.034693304915|27214.526181196245|193590.922416893329,0.257977015044,-0.008183334371,0.000006523594,0.000000000000,-0.008176810778,-0.008176810778,4.075894787152,3.902736241021,
2025-10-16T00:00:00Z,,hold,BNBUSDT|ETHUSDT|LTCUSDT|XRPUSDT,0.064494253761|0.064494253761|0.064494253761|0.064494253761,0.407801188547|-0.119053330305|-0.161736034585|-0.186014301359,239067.716423793841|2690510.034693304915|27214.526181196245|193590.922416893329,0.257977015044,-0.007230361825,0.000009465177,0.000000000000,-0.007220896648,-0.007220896648,4.046463172147,3.874554985980,
2025-10-17T00:00:00Z,,hold,BNBUSDT|ETHUSDT|LTCUSDT|XRPUSDT,0.064494253761|0.064494253761|0.064494253761|0.064494253761,0.407801188547|-0.119053330305|-0.161736034585|-0.186014301359,239067.716423793841|2690510.034693304915|27214.526181196245|193590.922416893329,0.257977015044,-0.007325000965,-0.000002370809,0.000000000000,-0.007327371774,-0.007327371774,4.016813232115,3.846164681140,
2025-10-18T00:00:00Z,,hold,BNBUSDT|ETHUSDT|LTCUSDT|XRPUSDT,0.064494253761|0.064494253761|0.064494253761|0.064494253761,0.407801188547|-0.119053330305|-0.161736034585|-0.186014301359,239067.716423793841|2690510.034693304915|27214.526181196245|193590.922416893329,0.257977015044,0.005221326547,0.000022215046,0.000000000000,0.005243541593,0.005243541593,4.037875559369,3.866332205619,
2025-10-19T00:00:00Z,,hold,BNBUSDT|ETHUSDT|LTCUSDT|XRPUSDT,0.064494253761|0.064494253761|0.064494253761|0.064494253761,0.407801188547|-0.119053330305|-0.161736034585|-0.186014301359,239067.716423793841|2690510.034693304915|27214.526181196245|193590.922416893329,0.257977015044,0.004580077579,0.000010985951,0.000000000000,0.004591063530,0.004591063530,4.056413702590,3.884082782405,
2025-10-20T00:00:00Z,2025-10-20T00:00:00Z,active,BNBUSDT|ETHUSDT|LTCUSDT|XRPUSDT,0.062611657251|0.062611657251|0.062611657251|0.062611657251,0.126564277588|-0.108787884894|-0.181483106626|-0.200468462439,92345.392110973073|1274869.605746907881|11962.690140509174|60397.472120427214,0.250446629002,0.002614087228,0.000022203346,0.007530386042,0.002627254111,0.002621229802,4.067070932165,3.894263855947,
2025-10-21T00:00:00Z,,hold,BNBUSDT|ETHUSDT|LTCUSDT|XRPUSDT,0.062611657251|0.062611657251|0.062611657251|0.062611657251,0.126564277588|-0.108787884894|-0.181483106626|-0.200468462439,92345.392110973073|1274869.605746907881|11962.690140509174|60397.472120427214,0.250446629002,-0.006979700386,-0.000015089409,0.000000000000,-0.006994789795,-0.006994789795,4.038622625912,3.867024298867,
2025-10-22T00:00:00Z,,hold,BNBUSDT|ETHUSDT|LTCUSDT|XRPUSDT,0.062611657251|0.062611657251|0.062611657251|0.062611657251,0.126564277588|-0.108787884894|-0.181483106626|-0.200468462439,92345.392110973073|1274869.605746907881|11962.690140509174|60397.472120427214,0.250446629002,-0.002097410103,0.000006502221,0.000000000000,-0.002090907882,-0.002090907882,4.030178238030,3.858938707280,
2025-10-23T00:00:00Z,,hold,BNBUSDT|ETHUSDT|LTCUSDT|XRPUSDT,0.062611657251|0.062611657251|0.062611657251|0.062611657251,0.126564277588|-0.108787884894|-0.181483106626|-0.200468462439,92345.392110973073|1274869.605746907881|11962.690140509174|60397.472120427214,0.250446629002,0.006267060917,-0.000021496460,0.000000000000,0.006245564457,0.006245564457,4.055348975988,3.883039957711,
2025-10-24T00:00:00Z,,hold,BNBUSDT|ETHUSDT|LTCUSDT|XRPUSDT,0.062611657251|0.062611657251|0.062611657251|0.062611657251,0.126564277588|-0.108787884894|-0.181483106626|-0.200468462439,92345.392110973073|1274869.605746907881|11962.690140509174|60397.472120427214,0.250446629002,0.004943988196,0.000005706426,0.000000000000,0.004949694622,0.004949694622,4.075421715007,3.902259819708,
2025-10-25T00:00:00Z,,hold,BNBUSDT|ETHUSDT|LTCUSDT|XRPUSDT,0.062611657251|0.062611657251|0.062611657251|0.062611657251,0.126564277588|-0.108787884894|-0.181483106626|-0.200468462439,92345.392110973073|1274869.605746907881|11962.690140509174|60397.472120427214,0.250446629002,0.003225384261,-0.000008307941,0.000000000000,0.003217076320,0.003217076320,4.088532657699,3.914813687368,
2025-10-26T00:00:00Z,,hold,BNBUSDT|ETHUSDT|LTCUSDT|XRPUSDT,0.062611657251|0.062611657251|0.062611657251|0.062611657251,0.126564277588|-0.108787884894|-0.181483106626|-0.200468462439,92345.392110973073|1274869.605746907881|11962.690140509174|60397.472120427214,0.250446629002,0.007616095261,-0.000034693119,0.000000000000,0.007581402142,0.007581402142,4.119529467946,3.944493464242,
2025-10-27T00:00:00Z,2025-10-27T00:00:00Z,active,BNBUSDT|ETHUSDT|SOLUSDT|LTCUSDT,0.062047358990|0.062047358990|0.062047358990|0.062047358990,0.183702979361|0.031313815546|-0.024779279060|-0.043540669856,93306.084036244341|1595407.648313919781|347968.227300618601|20234.790373802658,0.248189435959,-0.001333080109,-0.000049050299,0.126351911023,-0.001533752701,-0.001634834230,4.113211128497,3.938044871306,
2025-10-28T00:00:00Z,,hold,BNBUSDT|ETHUSDT|SOLUSDT|LTCUSDT,0.062047358990|0.062047358990|0.062047358990|0.062047358990,0.183702979361|0.031313815546|-0.024779279060|-0.043540669856,93306.084036244341|1595407.648313919781|347968.227300618601|20234.790373802658,0.248189435959,-0.007229047999,0.000003068242,0.000000000000,-0.007225979757,-0.007225979757,4.083489148148,3.909588638785,
2025-10-29T00:00:00Z,,hold,BNBUSDT|ETHUSDT|SOLUSDT|LTCUSDT,0.062047358990|0.062047358990|0.062047358990|0.062047358990,0.183702979361|0.031313815546|-0.024779279060|-0.043540669856,93306.084036244341|1595407.648313919781|347968.227300618601|20234.790373802658,0.248189435959,0.000241079314,0.000043820947,0.000000000000,0.000284900261,0.000284900261,4.084652535272,3.910702481609,
2025-10-30T00:00:00Z,,hold,BNBUSDT|ETHUSDT|SOLUSDT|LTCUSDT,0.062047358990|0.062047358990|0.062047358990|0.062047358990,0.183702979361|0.031313815546|-0.024779279060|-0.043540669856,93306.084036244341|1595407.648313919781|347968.227300618601|20234.790373802658,0.248189435959,-0.009406946934,0.000015629109,0.000000000000,-0.009391317824,-0.009391317824,4.046292265112,3.873975831688,
2025-10-31T00:00:00Z,,hold,BNBUSDT|ETHUSDT|SOLUSDT|LTCUSDT,0.062047358990|0.062047358990|0.062047358990|0.062047358990,0.183702979361|0.031313815546|-0.024779279060|-0.043540669856,93306.084036244341|1595407.648313919781|347968.227300618601|20234.790373802658,0.248189435959,0.003472386650,0.000035430283,0.000000000000,0.003507816933,0.003507816933,4.060485917636,3.887565029709,
2025-11-01T00:00:00Z,,hold,BNBUSDT|ETHUSDT|SOLUSDT|LTCUSDT,0.062047358990|0.062047358990|0.062047358990|0.062047358990,0.183702979361|0.031313815546|-0.024779279060|-0.043540669856,93306.084036244341|1595407.648313919781|347968.227300618601|20234.790373802658,0.248189435959,0.004376963098,-0.000010620646,0.000000000000,0.004366342452,0.004366342452,4.078215389672,3.904539469932,
2025-11-02T00:00:00Z,,hold,BNBUSDT|ETHUSDT|SOLUSDT|LTCUSDT,0.062047358990|0.062047358990|0.062047358990|0.062047358990,0.183702979361|0.031313815546|-0.024779279060|-0.043540669856,93306.084036244341|1595407.648313919781|347968.227300618601|20234.790373802658,0.248189435959,-0.000849892534,-0.000021526090,0.000000000000,-0.000871418624,-0.000871418624,4.074661556829,3.901136981519,
2025-11-03T00:00:00Z,2025-11-03T00:00:00Z,active,BNBUSDT|ETHUSDT|XRPUSDT|LTCUSDT,0.067316691579|0.067316691579|0.067316691579|0.067316691579,-0.090230932720|-0.134403727686|-0.169172561277|-0.175572519084,71044.309173325470|1996682.249011702370|179976.499294082256|20968.672414868859,0.269266766317,-0.024734727955,0.000004774100,0.145172048338,-0.024904160313,-0.025020297952,3.973185532196,3.803529371891,
2025-11-04T00:00:00Z,,hold,BNBUSDT|ETHUSDT|XRPUSDT|LTCUSDT,0.067316691579|0.067316691579|0.067316691579|0.067316691579,-0.090230932720|-0.134403727686|-0.169172561277|-0.175572519084,71044.309173325470|1996682.249011702370|179976.499294082256|20968.672414868859,0.269266766317,-0.014449522269,-0.000016907260,0.000000000000,-0.014466429530,-0.014466429530,3.915707723686,3.748505882269,
2025-11-05T00:00:00Z,,hold,BNBUSDT|ETHUSDT|XRPUSDT|LTCUSDT,0.067316691579|0.067316691579|0.067316691579|0.067316691579,-0.090230932720|-0.134403727686|-0.169172561277|-0.175572519084,71044.309173325470|1996682.249011702370|179976.499294082256|20968.672414868859,0.269266766317,0.011908017442,0.000003441902,0.000000000000,0.011911459344,0.011911459344,3.962349517040,3.793156057686,
2025-11-06T00:00:00Z,,hold,BNBUSDT|ETHUSDT|XRPUSDT|LTCUSDT,0.067316691579|0.067316691579|0.067316691579|0.067316691579,-0.090230932720|-0.134403727686|-0.169172561277|-0.175572519084,71044.309173325470|1996682.249011702370|179976.499294082256|20968.672414868859,0.269266766317,-0.008265314461,0.000001928623,0.000000000000,-0.008263385838,-0.008263385838,3.929607094157,3.761811745639,
2025-11-07T00:00:00Z,,hold,BNBUSDT|ETHUSDT|XRPUSDT|LTCUSDT,0.067316691579|0.067316691579|0.067316691579|0.067316691579,-0.090230932720|-0.134403727686|-0.169172561277|-0.175572519084,71044.309173325470|1996682.249011702370|179976.499294082256|20968.672414868859,0.269266766317,0.019985697349,-0.000015607375,0.000000000000,0.019970089974,0.019970089974,4.008081701391,3.836935464666,
2025-11-08T00:00:00Z,,hold,BNBUSDT|ETHUSDT|XRPUSDT|LTCUSDT,0.067316691579|0.067316691579|0.067316691579|0.067316691579,-0.090230932720|-0.134403727686|-0.169172561277|-0.175572519084,71044.309173325470|1996682.249011702370|179976.499294082256|20968.672414868859,0.269266766317,0.001756300385,-0.000051043555,0.000000000000,0.001705256831,0.001705256831,4.014916510091,3.843478425076,
2025-11-09T00:00:00Z,,hold,BNBUSDT|ETHUSDT|XRPUSDT|LTCUSDT,0.067316691579|0.067316691579|0.067316691579|0.067316691579,-0.090230932720|-0.134403727686|-0.169172561277|-0.175572519084,71044.309173325470|1996682.249011702370|179976.499294082256|20968.672414868859,0.269266766317,0.008408297098,-0.000007901633,0.000000000000,0.008400395465,0.008400395465,4.048643396535,3.875765163809,
2025-11-10T00:00:00Z,2025-11-10T00:00:00Z,active,LTCUSDT|DOTUSDT|XRPUSDT|ETHUSDT,0.063798056540|0.063798056540|0.063798056540|0.063798056540,0.138989356205|0.099421178073|-0.000718330094|-0.062481838958,65465.086235096889|15779.169759104860|294963.817575866648|2058140.054564811289,0.255192226160,0.001291186358,-0.000000899553,0.141670653237,0.001120282022,0.001006945499,4.053179018944,3.879667848095,
2025-11-11T00:00:00Z,,hold,LTCUSDT|DOTUSDT|XRPUSDT|ETHUSDT,0.063798056540|0.063798056540|0.063798056540|0.063798056540,0.138989356205|0.099421178073|-0.000718330094|-0.062481838958,65465.086235096889|15779.169759104860|294963.817575866648|2058140.054564811289,0.255192226160,-0.013026669073,-0.000043220631,0.000000000000,-0.013069889704,-0.013069889704,4.000204416214,3.828961017231,
2025-11-12T00:00:00Z,,hold,LTCUSDT|DOTUSDT|XRPUSDT|ETHUSDT,0.063798056540|0.063798056540|0.063798056540|0.063798056540,0.138989356205|0.099421178073|-0.000718330094|-0.062481838958,65465.086235096889|15779.169759104860|294963.817575866648|2058140.054564811289,0.255192226160,-0.004170737587,-0.000021626903,0.000000000000,-0.004192364490,-0.004192364490,3.983434101268,3.812908617030,
2025-11-13T00:00:00Z,,hold,LTCUSDT|DOTUSDT|XRPUSDT|ETHUSDT,0.063798056540|0.063798056540|0.063798056540|0.063798056540,0.138989356205|0.099421178073|-0.000718330094|-0.062481838958,65465.086235096889|15779.169759104860|294963.817575866648|2058140.054564811289,0.255192226160,-0.007480492986,-0.000021274738,0.000000000000,-0.007501767724,-0.007501767724,3.953551303897,3.784305062233,
2025-11-14T00:00:00Z,,hold,LTCUSDT|DOTUSDT|XRPUSDT|ETHUSDT,0.063798056540|0.063798056540|0.063798056540|0.063798056540,0.138989356205|0.099421178073|-0.000718330094|-0.062481838958,65465.086235096889|15779.169759104860|294963.817575866648|2058140.054564811289,0.255192226160,-0.004614517019,-0.000017804124,0.000000000000,-0.004632321143,-0.004632321143,3.935237184602,3.766774945882,
2025-11-15T00:00:00Z,,hold,LTCUSDT|DOTUSDT|XRPUSDT|ETHUSDT,0.063798056540|0.063798056540|0.063798056540|0.063798056540,0.138989356205|0.099421178073|-0.000718330094|-0.062481838958,65465.086235096889|15779.169759104860|294963.817575866648|2058140.054564811289,0.255192226160,0.003975972319,-0.000013560915,0.000000000000,0.003962411404,0.003962411404,3.950830213301,3.781700457884,
2025-11-16T00:00:00Z,,hold,LTCUSDT|DOTUSDT|XRPUSDT|ETHUSDT,0.063798056540|0.063798056540|0.063798056540|0.063798056540,0.138989356205|0.099421178073|-0.000718330094|-0.062481838958,65465.086235096889|15779.169759104860|294963.817575866648|2058140.054564811289,0.255192226160,-0.006872336826,-0.000017853886,0.000000000000,-0.006890190713,-0.006890190713,3.923608239658,3.755643820512,
2025-11-17T00:00:00Z,2025-11-17T00:00:00Z,active,LTCUSDT|XRPUSDT|DOTUSDT|BNBUSDT,0.069490684570|0.069490684570|0.069490684570|0.069490684570,0.062833037300|-0.034372955289|-0.036690896504|-0.133747547417,63986.901404249278|267749.939437826222|15873.522030177988|144132.693577553902,0.277962738281,-0.009366432421,-0.000019522713,0.150366625201,-0.009566395084,-0.009686688384,3.886073453084,3.719264069142,
2025-11-18T00:00:00Z,,hold,LTCUSDT|XRPUSDT|DOTUSDT|BNBUSDT,0.069490684570|0.069490684570|0.069490684570|0.069490684570,0.062833037300|-0.034372955289|-0.036690896504|-0.133747547417,63986.901404249278|267749.939437826222|15873.522030177988|144132.693577553902,0.277962738281,0.009410843048,-0.000018564436,0.000000000000,0.009392278612,0.009392278612,3.922572537662,3.754196433511,
2025-11-19T00:00:00Z,,hold,LTCUSDT|XRPUSDT|DOTUSDT|BNBUSDT,0.069490684570|0.069490684570|0.069490684570|0.069490684570,0.062833037300|-0.034372955289|-0.036690896504|-0.133747547417,63986.901404249278|267749.939437826222|15873.522030177988|144132.693577553902,0.277962738281,-0.009622509435,-0.000019608881,0.000000000000,-0.009642118316,-0.009642118316,3.884750629151,3.717998027318,
2025-11-20T00:00:00Z,,hold,LTCUSDT|XRPUSDT|DOTUSDT|BNBUSDT,0.069490684570|0.069490684570|0.069490684570|0.069490684570,0.062833037300|-0.034372955289|-0.036690896504|-0.133747547417,63986.901404249278|267749.939437826222|15873.522030177988|144132.693577553902,0.277962738281,-0.014062292084,-0.000043205138,0.000000000000,-0.014105497223,-0.014105497223,3.829954289941,3.665553816469,
2025-11-21T00:00:00Z,,hold,LTCUSDT|XRPUSDT|DOTUSDT|BNBUSDT,0.069490684570|0.069490684570|0.069490684570|0.069490684570,0.062833037300|-0.034372955289|-0.036690896504|-0.133747547417,63986.901404249278|267749.939437826222|15873.522030177988|144132.693577553902,0.277962738281,-0.013605826694,0.000034529226,0.000000000000,-0.013571297468,-0.013571297468,3.777976840983,3.615807495241,
2025-11-22T00:00:00Z,,hold,LTCUSDT|XRPUSDT|DOTUSDT|BNBUSDT,0.069490684570|0.069490684570|0.069490684570|0.069490684570,0.062833037300|-0.034372955289|-0.036690896504|-0.133747547417,63986.901404249278|267749.939437826222|15873.522030177988|144132.693577553902,0.277962738281,-0.001306866672,0.000013252568,0.000000000000,-0.001293614103,-0.001293614103,3.773089596860,3.611130035670,
2025-11-23T00:00:00Z,,hold,LTCUSDT|XRPUSDT|DOTUSDT|BNBUSDT,0.069490684570|0.069490684570|0.069490684570|0.069490684570,0.062833037300|-0.034372955289|-0.036690896504|-0.133747547417,63986.901404249278|267749.939437826222|15873.522030177988|144132.693577553902,0.277962738281,0.003603926674,0.000034382601,0.000000000000,0.003638309275,0.003638309275,3.786817263735,3.624268443572,
2025-11-24T00:00:00Z,2025-11-24T00:00:00Z,active,LTCUSDT|XRPUSDT|BNBUSDT|DOTUSDT,0.066390331994|0.066390331994|0.066390331994|0.066390331994,-0.138692946058|-0.183955684852|-0.238332009818|-0.266254876463,15878.298768291113|161115.568593744101|72106.169461347381|23953.513578192618,0.265561327977,0.011774213017,0.000010161704,0.012401410303,0.011769493029,0.011759571901,3.831386183122,3.666888288921,
2025-11-25T00:00:00Z,,hold,LTCUSDT|XRPUSDT|BNBUSDT|DOTUSDT,0.066390331994|0.066390331994|0.066390331994|0.066390331994,-0.138692946058|-0.183955684852|-0.238332009818|-0.266254876463,15878.298768291113|161115.568593744101|72106.169461347381|23953.513578192618,0.265561327977,-0.002332367080,0.000031799641,0.000000000000,-0.002300567439,-0.002300567439,3.822571820823,3.658452365121,
2025-11-26T00:00:00Z,,hold,LTCUSDT|XRPUSDT|BNBUSDT|DOTUSDT,0.066390331994|0.066390331994|0.066390331994|0.066390331994,-0.138692946058|-0.183955684852|-0.238332009818|-0.266254876463,15878.298768291113|161115.568593744101|72106.169461347381|23953.513578192618,0.265561327977,0.005458120183,0.000020203906,0.000000000000,0.005478324088,0.005478324088,3.843513108108,3.678494552839,
2025-11-27T00:00:00Z,,hold,LTCUSDT|XRPUSDT|BNBUSDT|DOTUSDT,0.066390331994|0.066390331994|0.066390331994|0.066390331994,-0.138692946058|-0.183955684852|-0.238332009818|-0.266254876463,15878.298768291113|161115.568593744101|72106.169461347381|23953.513578192618,0.265561327977,-0.000792263432,-0.000004230392,0.000000000000,-0.000796493824,-0.000796493824,3.840451773656,3.675564654648,
2025-11-28T00:00:00Z,,hold,LTCUSDT|XRPUSDT|BNBUSDT|DOTUSDT,0.066390331994|0.066390331994|0.066390331994|0.066390331994,-0.138692946058|-0.183955684852|-0.238332009818|-0.266254876463,15878.298768291113|161115.568593744101|72106.169461347381|23953.513578192618,0.265561327977,-0.004539980824,0.000018720082,0.000000000000,-0.004521260742,-0.004521260742,3.823088089819,3.658946468468,
2025-11-29T00:00:00Z,,hold,LTCUSDT|XRPUSDT|BNBUSDT|DOTUSDT,0.066390331994|0.066390331994|0.066390331994|0.066390331994,-0.138692946058|-0.183955684852|-0.238332009818|-0.266254876463,15878.298768291113|161115.568593744101|72106.169461347381|23953.513578192618,0.265561327977,-0.001386729338,0.000031460387,0.000000000000,-0.001355268952,-0.001355268952,3.817906777232,3.653987611924,
2025-11-30T00:00:00Z,,hold,LTCUSDT|XRPUSDT|BNBUSDT|DOTUSDT,0.066390331994|0.066390331994|0.066390331994|0.066390331994,-0.138692946058|-0.183955684852|-0.238332009818|-0.266254876463,15878.298768291113|161115.568593744101|72106.169461347381|23953.513578192618,0.265561327977,-0.003994256487,0.000026108662,0.000000000000,-0.003968147825,-0.003968147825,3.802756758756,3.639488048928,
2025-12-01T00:00:00Z,2025-12-01T00:00:00Z,active,LTCUSDT|XRPUSDT|BNBUSDT|DOGEUSDT,0.072733592075|0.072733592075|0.072733592075|0.072733592075,-0.136563876652|-0.141302180934|-0.195675149109|-0.217064663268,32429.471230636449|226513.307323391578|89712.379976562981|194208.312709727819,0.290934368301,-0.017794658841,0.000036652639,0.158153704312,-0.017947790647,-0.018074313610,3.734505676569,3.573706800550,
2025-12-02T00:00:00Z,,hold,LTCUSDT|XRPUSDT|BNBUSDT|DOGEUSDT,0.072733592075|0.072733592075|0.072733592075|0.072733592075,-0.136563876652|-0.141302180934|-0.195675149109|-0.217064663268,32429.471230636449|226513.307323391578|89712.379976562981|194208.312709727819,0.290934368301,0.019389991635,0.000031316903,0.000000000000,0.019421308538,0.019421308538,3.807034663549,3.643112862947,
2025-12-03T00:00:00Z,,hold,LTCUSDT|XRPUSDT|BNBUSDT|DOGEUSDT,0.072733592075|0.072733592075|0.072733592075|0.072733592075,-0.136563876652|-0.141302180934|-0.195675149109|-0.217064663268,32429.471230636449|226513.307323391578|89712.379976562981|194208.312709727819,0.290934368301,0.010758479054,-0.000037363974,0.000000000000,0.010721115081,0.010721115081,3.847850320293,3.682171095202,
2025-12-04T00:00:00Z,,hold,LTCUSDT|XRPUSDT|BNBUSDT|DOGEUSDT,0.072733592075|0.072733592075|0.072733592075|0.072733592075,-0.136563876652|-0.141302180934|-0.195675149109|-0.217064663268,32429.471230636449|226513.307323391578|89712.379976562981|194208.312709727819,0.290934368301,-0.008989290401,-0.000064421597,0.000000000000,-0.009053711998,-0.009053711998,3.813012991681,3.648833778578,
2025-12-05T00:00:00Z,,hold,LTCUSDT|XRPUSDT|BNBUSDT|DOGEUSDT,0.072733592075|0.072733592075|0.072733592075|0.072733592075,-0.136563876652|-0.141302180934|-0.195675149109|-0.217064663268,32429.471230636449|226513.307323391578|89712.379976562981|194208.312709727819,0.290934368301,-0.010104787809,-0.000026480119,0.000000000000,-0.010131267928,-0.010131267928,3.774382335450,3.611866465943,
2025-12-06T00:00:00Z,,hold,LTCUSDT|XRPUSDT|BNBUSDT|DOGEUSDT,0.072733592075|0.072733592075|0.072733592075|0.072733592075,-0.136563876652|-0.141302180934|-0.195675149109|-0.217064663268,32429.471230636449|226513.307323391578|89712.379976562981|194208.312709727819,0.290934368301,0.001712371231,0.000031758396,0.000000000000,0.001744129626,0.001744129626,3.780965347502,3.618166029253,
2025-12-07T00:00:00Z,,hold,LTCUSDT|XRPUSDT|BNBUSDT|DOGEUSDT,0.072733592075|0.072733592075|0.072733592075|0.072733592075,-0.136563876652|-0.141302180934|-0.195675149109|-0.217064663268,32429.471230636449|226513.307323391578|89712.379976562981|194208.312709727819,0.290934368301,0.000020186858,0.000013889207,0.000000000000,0.000034076065,0.000034076065,3.781094187924,3.618289322114,
2025-12-08T00:00:00Z,2025-12-08T00:00:00Z,active,BNBUSDT|ETHUSDT|XRPUSDT|LINKUSDT,0.080636900030|0.080636900030|0.080636900030|0.080636900030,-0.097264958990|-0.109545883367|-0.117629271243|-0.136098796707,37588.405394112400|1111019.628952950705|85435.789833600080|21889.023425504020,0.322547600119,0.003731057160,-0.000024323315,0.322547600119,0.003319676726,0.003061638645,3.793646198297,3.629367216533,
2025-12-09T00:00:00Z,,hold,BNBUSDT|ETHUSDT|XRPUSDT|LINKUSDT,0.080636900030|0.080636900030|0.080636900030|0.080636900030,-0.097264958990|-0.109545883367|-0.117629271243|-0.136098796707,37588.405394112400|1111019.628952950705|85435.789833600080|21889.023425504020,0.322547600119,0.010112905819,-0.000021888887,0.000000000000,0.010091016933,0.010091016933,3.831927946320,3.665991222571,
2025-12-10T00:00:00Z,,hold,BNBUSDT|ETHUSDT|XRPUSDT|LINKUSDT,0.080636900030|0.080636900030|0.080636900030|0.080636900030,-0.097264958990|-0.109545883367|-0.117629271243|-0.136098796707,37588.405394112400|1111019.628952950705|85435.789833600080|21889.023425504020,0.322547600119,-0.004391447454,-0.000006556586,0.000000000000,-0.004398004041,-0.004398004041,3.815075111730,3.649868178361,
2025-12-11T00:00:00Z,,hold,BNBUSDT|ETHUSDT|XRPUSDT|LINKUSDT,0.080636900030|0.080636900030|0.080636900030|0.080636900030,-0.097264958990|-0.109545883367|-0.117629271243|-0.136098796707,37588.405394112400|1111019.628952950705|85435.789833600080|21889.023425504020,0.322547600119,-0.003262787774,-0.000003467387,0.000000000000,-0.003266255160,-0.003266255160,3.802614102959,3.637946777589,
2025-12-12T00:00:00Z,,hold,BNBUSDT|ETHUSDT|XRPUSDT|LINKUSDT,0.080636900030|0.080636900030|0.080636900030|0.080636900030,-0.097264958990|-0.109545883367|-0.117629271243|-0.136098796707,37588.405394112400|1111019.628952950705|85435.789833600080|21889.023425504020,0.322547600119,-0.007733851529,-0.000021205086,0.000000000000,-0.007755056615,-0.007755056615,3.773124615307,3.609734294368,
2025-12-13T00:00:00Z,,hold,BNBUSDT|ETHUSDT|XRPUSDT|LINKUSDT,0.080636900030|0.080636900030|0.080636900030|0.080636900030,-0.097264958990|-0.109545883367|-0.117629271243|-0.136098796707,37588.405394112400|1111019.628952950705|85435.789833600080|21889.023425504020,0.322547600119,0.003386707979,-0.000021517957,0.000000000000,0.003365190022,0.003365190022,3.785821896615,3.621881736198,
2025-12-14T00:00:00Z,,hold,BNBUSDT|ETHUSDT|XRPUSDT|LINKUSDT,0.080636900030|0.080636900030|0.080636900030|0.080636900030,-0.097264958990|-0.109545883367|-0.117629271243|-0.136098796707,37588.405394112400|1111019.628952950705|85435.789833600080|21889.023425504020,0.322547600119,-0.007565900048,-0.000034525495,0.000000000000,-0.007600425543,-0.007600425543,3.757048039172,3.594353893738,
2025-12-15T00:00:00Z,2025-12-15T00:00:00Z,active,ETHUSDT|LINKUSDT|BNBUSDT|SOLUSDT,0.081835375921|0.081835375921|0.081835375921|0.081835375921,-0.015807405503|-0.038762498189|-0.041586126309|-0.068573074984,2286018.357361760922|27086.421819997766|68081.690792378722|511803.677263581136,0.327341503685,-0.007998035985,-0.000017426843,0.166067703626,-0.008214744073,-0.008347598235,3.726184851062,3.564349671517,
2025-12-16T00:00:00Z,,hold,ETHUSDT|LINKUSDT|BNBUSDT|SOLUSDT,0.081835375921|0.081835375921|0.081835375921|0.081835375921,-0.015807405503|-0.038762498189|-0.041586126309|-0.068573074984,2286018.357361760922|27086.421819997766|68081.690792378722|511803.677263581136,0.327341503685,0.002938916948,0.000002972261,0.000000000000,0.002941889209,0.002941889209,3.737146874065,3.574835593352,
2025-12-17T00:00:00Z,,hold,ETHUSDT|LINKUSDT|BNBUSDT|SOLUSDT,0.081835375921|0.081835375921|0.081835375921|0.081835375921,-0.015807405503|-0.038762498189|-0.041586126309|-0.068573074984,2286018.357361760922|27086.421819997766|68081.690792378722|511803.677263581136,0.327341503685,-0.014585030741,-0.000029959931,0.000000000000,-0.014614990672,-0.014614990672,3.682528507359,3.522589404500,
2025-12-18T00:00:00Z,,hold,ETHUSDT|LINKUSDT|BNBUSDT|SOLUSDT,0.081835375921|0.081835375921|0.081835375921|0.081835375921,-0.015807405503|-0.038762498189|-0.041586126309|-0.068573074984,2286018.357361760922|27086.421819997766|68081.690792378722|511803.677263581136,0.327341503685,-0.005987077133,0.000014896493,0.000000000000,-0.005972180640,-0.005972180640,3.660535781902,3.501551864257,
2025-12-19T00:00:00Z,,hold,ETHUSDT|LINKUSDT|BNBUSDT|SOLUSDT,0.081835375921|0.081835375921|0.081835375921|0.081835375921,-0.015807405503|-0.038762498189|-0.041586126309|-0.068573074984,2286018.357361760922|27086.421819997766|68081.690792378722|511803.677263581136,0.327341503685,0.015678395448,-0.000040494599,0.000000000000,0.015637900849,0.015637900849,3.717778877513,3.556308785127,
2025-12-20T00:00:00Z,,hold,ETHUSDT|LINKUSDT|BNBUSDT|SOLUSDT,0.081835375921|0.081835375921|0.081835375921|0.081835375921,-0.015807405503|-0.038762498189|-0.041586126309|-0.068573074984,2286018.357361760922|27086.421819997766|68081.690792378722|511803.677263581136,0.327341503685,-0.000465619587,-0.000058660416,0.000000000000,-0.000524280002,-0.000524280002,3.715829720395,3.554444283548,
2025-12-21T00:00:00Z,,hold,ETHUSDT|LINKUSDT|BNBUSDT|SOLUSDT,0.081835375921|0.081835375921|0.081835375921|0.081835375921,-0.015807405503|-0.038762498189|-0.041586126309|-0.068573074984,2286018.357361760922|27086.421819997766|68081.690792378722|511803.677263581136,0.327341503685,0.000480152232,-0.000026651327,0.000000000000,0.000453500905,0.000453500905,3.717514852534,3.556056227247,
2025-12-22T00:00:00Z,2025-12-22T00:00:00Z,active,ETHUSDT|BNBUSDT|LINKUSDT|XRPUSDT,0.087719528731|0.087719528731|0.087719528731|0.087719528731,0.085336873212|0.033651763800|0.026424442609|-0.014820512821,879522.824415224255|31740.714208999052|14427.963315394807|68882.516939490393,0.350878114925,0.000460303751,-0.000019176366,0.187207363083,0.000216478549,0.000066712659,3.718319614756,3.556293461212,
2025-12-23T00:00:00Z,,hold,ETHUSDT|BNBUSDT|LINKUSDT|XRPUSDT,0.087719528731|0.087719528731|0.087719528731|0.087719528731,0.085336873212|0.033651763800|0.026424442609|-0.014820512821,879522.824415224255|31740.714208999052|14427.963315394807|68882.516939490393,0.350878114925,-0.005561763407,-0.000005115803,0.000000000000,-0.005566879210,-0.005566879210,3.697620178596,3.536496005078,
2025-12-24T00:00:00Z,,hold,ETHUSDT|BNBUSDT|LINKUSDT|XRPUSDT,0.087719528731|0.087719528731|0.087719528731|0.087719528731,0.085336873212|0.033651763800|0.026424442609|-0.014820512821,879522.824415224255|31740.714208999052|14427.963315394807|68882.516939490393,0.350878114925,-0.001597453889,-0.000015960568,0.000000000000,-0.001613414457,-0.001613414457,3.691654384742,3.530790171294,
2025-12-25T00:00:00Z,,hold,ETHUSDT|BNBUSDT|LINKUSDT|XRPUSDT,0.087719528731|0.087719528731|0.087719528731|0.087719528731,0.085336873212|0.033651763800|0.026424442609|-0.014820512821,879522.824415224255|31740.714208999052|14427.963315394807|68882.516939490393,0.350878114925,-0.006082217965,-0.000043840466,0.000000000000,-0.006126058431,-0.006126058431,3.669039094275,3.509160344398,
2025-12-26T00:00:00Z,,hold,ETHUSDT|BNBUSDT|LINKUSDT|XRPUSDT,0.087719528731|0.087719528731|0.087719528731|0.087719528731,0.085336873212|0.033651763800|0.026424442609|-0.014820512821,879522.824415224255|31740.714208999052|14427.963315394807|68882.516939490393,0.350878114925,0.002772338744,-0.000029900956,0.000000000000,0.002742437788,0.002742437788,3.679101205734,3.518783998332,
2025-12-27T00:00:00Z,,hold,ETHUSDT|BNBUSDT|LINKUSDT|XRPUSDT,0.087719528731|0.087719528731|0.087719528731|0.087719528731,0.085336873212|0.033651763800|0.026424442609|-0.014820512821,879522.824415224255|31740.714208999052|14427.963315394807|68882.516939490393,0.350878114925,0.005602692727,-0.000032627279,0.000000000000,0.005570065449,0.005570065449,3.699594040242,3.538383855503,
2025-12-28T00:00:00Z,,hold,ETHUSDT|BNBUSDT|LINKUSDT|XRPUSDT,0.087719528731|0.087719528731|0.087719528731|0.087719528731,0.085336873212|0.033651763800|0.026424442609|-0.014820512821,879522.824415224255|31740.714208999052|14427.963315394807|68882.516939490393,0.350878114925,0.000977206116,-0.000080266878,0.000000000000,0.000896939238,0.000896939238,3.702912351303,3.541557570823,
2025-12-29T00:00:00Z,2025-12-29T00:00:00Z,active,ETHUSDT|BNBUSDT|LINKUSDT|LTCUSDT,0.091715016563|0.091715016563|0.091715016563|0.091715016563,-0.026470394085|-0.031119724181|-0.047582736007|-0.065336184367,496847.652440436417|21595.114693673455|10296.668313142065|7860.880377079493,0.366860066253,-0.003042108187,-0.000052841607,0.191421008790,-0.003324655004,-0.003477791811,3.690601445223,3.529240770903,
2025-12-30T00:00:00Z,,hold,ETHUSDT|BNBUSDT|LINKUSDT|LTCUSDT,0.091715016563|0.091715016563|0.091715016563|0.091715016563,-0.026470394085|-0.031119724181|-0.047582736007|-0.065336184367,496847.652440436417|21595.114693673455|10296.668313142065|7860.880377079493,0.366860066253,0.003603740980,-0.000042960231,0.000000000000,0.003560780749,0.003560780749,3.703742867800,3.541807623498,
